2026-05-28 05:56:55.124 pid=26376 [app] Application created
2026-05-28 05:56:55.125 pid=26376 [app-start] Application onCreate
  javaUsed=32.1MB javaTotal=256.0MB javaMax=256.0MB nativeHeap=6.7MB nativeHeapFree=1.8MB nativeHeapSize=13.1MB
  pssTotal=12.5MB privateDirty=6.5MB sharedDirty=53.0MB nativePss=2.1MB dalvikPss=840.0KB otherPss=9.2MB
  systemAvail=13.5GB systemThreshold=216.0MB lowMemory=false trimLevel=0 importance=100 fdCount=113
  procStatus VmRSS=122736 kB VmHWM=122736 kB VmSize=16938416 kB VmSwap=7480 kB Threads=13 FDSize=128
2026-05-28 05:57:15.570 pid=26376 [model-load] Loading configuration: Qwen3.5 2B MTP
2026-05-28 05:57:15.571 pid=26376 [runtime-memory] Before model load model=Qwen3.5-2B-Q8_0.gguf
  javaUsed=4.2MB javaTotal=27.6MB javaMax=256.0MB nativeHeap=18.8MB nativeHeapFree=4.8MB nativeHeapSize=26.8MB
  pssTotal=33.3MB privateDirty=26.4MB sharedDirty=51.9MB nativePss=17.4MB dalvikPss=2.7MB otherPss=13.3MB
  systemAvail=13.9GB systemThreshold=216.0MB lowMemory=false trimLevel=0 importance=125 fdCount=156
  procStatus VmRSS=189368 kB VmHWM=194900 kB VmSize=17043480 kB VmSwap=2308 kB Threads=32 FDSize=512
2026-05-28 05:57:15.626 pid=26376 [runtime-memory] After model load cleanup model=Qwen3.5-2B-Q8_0.gguf
  javaUsed=3.5MB javaTotal=11.4MB javaMax=256.0MB nativeHeap=18.6MB nativeHeapFree=5.1MB nativeHeapSize=27.1MB
  pssTotal=33.3MB privateDirty=26.3MB sharedDirty=51.9MB nativePss=17.4MB dalvikPss=4.2MB otherPss=11.7MB
  systemAvail=14.0GB systemThreshold=216.0MB lowMemory=false trimLevel=0 importance=125 fdCount=156
  procStatus VmRSS=189456 kB VmHWM=194900 kB VmSize=17043480 kB VmSwap=2308 kB Threads=32 FDSize=512
2026-05-28 05:57:17.332 pid=26376 [model-load-complete] config=Qwen3.5 2B MTP model=Qwen3.5-2B-Q8_0.gguf mmproj=mmproj-F16.gguf
  javaUsed=3.6MB javaTotal=11.4MB javaMax=256.0MB nativeHeap=1.9GB nativeHeapFree=7.2MB nativeHeapSize=1.9GB
  pssTotal=3.0GB privateDirty=1.1GB sharedDirty=51.9MB nativePss=1.1GB dalvikPss=4.3MB otherPss=1.9GB
  systemAvail=12.9GB systemThreshold=216.0MB lowMemory=false trimLevel=0 importance=125 fdCount=156
  procStatus VmRSS=3320000 kB VmHWM=3343360 kB VmSize=21001444 kB VmSwap=2308 kB Threads=33 FDSize=512
2026-05-28 05:57:17.438 pid=26376 [generation-start] id=1 config=Qwen3.5 2B MTP model=Qwen3.5-2B-Q8_0.gguf promptLen=1045 mediaCount=0
  javaUsed=3.8MB javaTotal=11.4MB javaMax=256.0MB nativeHeap=1.9GB nativeHeapFree=7.2MB nativeHeapSize=1.9GB
  pssTotal=3.0GB privateDirty=1.1GB sharedDirty=51.9MB nativePss=1.1GB dalvikPss=4.4MB otherPss=1.9GB
  systemAvail=12.9GB systemThreshold=216.0MB lowMemory=false trimLevel=0 importance=125 fdCount=156
  procStatus VmRSS=3320000 kB VmHWM=3343360 kB VmSize=21001444 kB VmSwap=2308 kB Threads=33 FDSize=512
2026-05-28 05:57:45.676 pid=26376 [generation-end] id=1 resultLen=66
  javaUsed=3.9MB javaTotal=11.4MB javaMax=256.0MB nativeHeap=1.9GB nativeHeapFree=7.3MB nativeHeapSize=1.9GB
  pssTotal=3.0GB privateDirty=1.1GB sharedDirty=51.9MB nativePss=1.1GB dalvikPss=4.4MB otherPss=1.9GB
  systemAvail=12.9GB systemThreshold=216.0MB lowMemory=false trimLevel=0 importance=125 fdCount=156
  procStatus VmRSS=3314404 kB VmHWM=3343360 kB VmSize=21005528 kB VmSwap=2308 kB Threads=33 FDSize=512
2026-05-28 05:57:45.771 pid=26376 [model-load] Loading configuration: Qwen3.5 2B MTP
2026-05-28 05:57:45.772 pid=26376 [model-load-skip] config=Qwen3.5 2B MTP model already loaded
  javaUsed=4.2MB javaTotal=11.4MB javaMax=256.0MB nativeHeap=1.9GB nativeHeapFree=7.3MB nativeHeapSize=1.9GB
  pssTotal=3.0GB privateDirty=1.1GB sharedDirty=51.9MB nativePss=1.1GB dalvikPss=4.4MB otherPss=1.9GB
  systemAvail=12.9GB systemThreshold=216.0MB lowMemory=false trimLevel=0 importance=125 fdCount=156
  procStatus VmRSS=3314404 kB VmHWM=3343360 kB VmSize=21005528 kB VmSwap=2308 kB Threads=33 FDSize=512
2026-05-28 05:57:45.871 pid=26376 [generation-start] id=2 config=Qwen3.5 2B MTP model=Qwen3.5-2B-Q8_0.gguf promptLen=1045 mediaCount=0
  javaUsed=4.4MB javaTotal=11.4MB javaMax=256.0MB nativeHeap=1.9GB nativeHeapFree=7.2MB nativeHeapSize=1.9GB
  pssTotal=3.0GB privateDirty=1.1GB sharedDirty=51.9MB nativePss=1.1GB dalvikPss=4.4MB otherPss=1.9GB
  systemAvail=12.9GB systemThreshold=216.0MB lowMemory=false trimLevel=0 importance=125 fdCount=156
  procStatus VmRSS=3314404 kB VmHWM=3343360 kB VmSize=21005528 kB VmSwap=2308 kB Threads=33 FDSize=512
2026-05-28 05:58:20.446 pid=26376 [generation-end] id=2 resultLen=89
  javaUsed=4.5MB javaTotal=11.4MB javaMax=256.0MB nativeHeap=1.9GB nativeHeapFree=7.3MB nativeHeapSize=1.9GB
  pssTotal=3.0GB privateDirty=1.1GB sharedDirty=51.9MB nativePss=1.1GB dalvikPss=4.4MB otherPss=1.9GB
  systemAvail=12.9GB systemThreshold=216.0MB lowMemory=false trimLevel=0 importance=125 fdCount=156
  procStatus VmRSS=3314520 kB VmHWM=3343360 kB VmSize=20987976 kB VmSwap=2308 kB Threads=32 FDSize=512
2026-05-28 05:58:21.059 pid=26376 [model-load] Loading configuration: Qwen3.5 2B MTP
2026-05-28 05:58:21.060 pid=26376 [model-load-skip] config=Qwen3.5 2B MTP model already loaded
  javaUsed=4.7MB javaTotal=11.4MB javaMax=256.0MB nativeHeap=1.9GB nativeHeapFree=7.2MB nativeHeapSize=1.9GB
  pssTotal=3.0GB privateDirty=1.1GB sharedDirty=51.9MB nativePss=1.1GB dalvikPss=4.5MB otherPss=1.9GB
  systemAvail=12.9GB systemThreshold=216.0MB lowMemory=false trimLevel=0 importance=125 fdCount=156
  procStatus VmRSS=3314520 kB VmHWM=3343360 kB VmSize=20987976 kB VmSwap=2308 kB Threads=32 FDSize=512
2026-05-28 05:58:21.190 pid=26376 [generation-start] id=3 config=Qwen3.5 2B MTP model=Qwen3.5-2B-Q8_0.gguf promptLen=1042 mediaCount=0
  javaUsed=4.9MB javaTotal=11.4MB javaMax=256.0MB nativeHeap=1.9GB nativeHeapFree=7.2MB nativeHeapSize=1.9GB
  pssTotal=3.0GB privateDirty=1.1GB sharedDirty=51.8MB nativePss=1.1GB dalvikPss=4.5MB otherPss=1.9GB
  systemAvail=12.9GB systemThreshold=216.0MB lowMemory=false trimLevel=0 importance=125 fdCount=156
  procStatus VmRSS=3314520 kB VmHWM=3343360 kB VmSize=20987976 kB VmSwap=2308 kB Threads=32 FDSize=512
2026-05-28 05:58:56.375 pid=26376 [generation-end] id=3 resultLen=100
  javaUsed=3.5MB javaTotal=11.4MB javaMax=256.0MB nativeHeap=1.9GB nativeHeapFree=7.3MB nativeHeapSize=1.9GB
  pssTotal=3.0GB privateDirty=1.1GB sharedDirty=51.8MB nativePss=1.1GB dalvikPss=2.3MB otherPss=1.9GB
  systemAvail=12.9GB systemThreshold=216.0MB lowMemory=false trimLevel=0 importance=125 fdCount=156
  procStatus VmRSS=3312436 kB VmHWM=3343360 kB VmSize=20987976 kB VmSwap=2308 kB Threads=32 FDSize=512
2026-05-28 05:58:56.980 pid=26376 [model-load] Loading configuration: Qwen3.5 2B MTP
2026-05-28 05:58:56.980 pid=26376 [model-load-skip] config=Qwen3.5 2B MTP model already loaded
  javaUsed=3.8MB javaTotal=11.4MB javaMax=256.0MB nativeHeap=1.9GB nativeHeapFree=7.3MB nativeHeapSize=1.9GB
  pssTotal=3.0GB privateDirty=1.1GB sharedDirty=51.8MB nativePss=1.1GB dalvikPss=2.5MB otherPss=1.9GB
  systemAvail=12.9GB systemThreshold=216.0MB lowMemory=false trimLevel=0 importance=125 fdCount=156
  procStatus VmRSS=3312564 kB VmHWM=3343360 kB VmSize=20987976 kB VmSwap=2308 kB Threads=32 FDSize=512
2026-05-28 05:58:57.111 pid=26376 [generation-start] id=4 config=Qwen3.5 2B MTP model=Qwen3.5-2B-Q8_0.gguf promptLen=1045 mediaCount=0
  javaUsed=4.0MB javaTotal=11.4MB javaMax=256.0MB nativeHeap=1.9GB nativeHeapFree=7.3MB nativeHeapSize=1.9GB
  pssTotal=3.0GB privateDirty=1.1GB sharedDirty=51.8MB nativePss=1.1GB dalvikPss=2.6MB otherPss=1.9GB
  systemAvail=12.9GB systemThreshold=216.0MB lowMemory=false trimLevel=0 importance=125 fdCount=156
  procStatus VmRSS=3312692 kB VmHWM=3343360 kB VmSize=20987976 kB VmSwap=2308 kB Threads=32 FDSize=512
2026-05-28 05:59:34.820 pid=26376 [generation-end] id=4 resultLen=141
  javaUsed=4.1MB javaTotal=11.4MB javaMax=256.0MB nativeHeap=1.9GB nativeHeapFree=7.3MB nativeHeapSize=1.9GB
  pssTotal=3.0GB privateDirty=1.1GB sharedDirty=51.8MB nativePss=1.1GB dalvikPss=2.7MB otherPss=1.9GB
  systemAvail=12.9GB systemThreshold=216.0MB lowMemory=false trimLevel=0 importance=125 fdCount=156
  procStatus VmRSS=3312812 kB VmHWM=3343360 kB VmSize=20987976 kB VmSwap=2308 kB Threads=32 FDSize=512
2026-05-28 05:59:35.448 pid=26376 [model-load] Loading configuration: Qwen3.5 2B MTP
2026-05-28 05:59:35.449 pid=26376 [model-load-skip] config=Qwen3.5 2B MTP model already loaded
  javaUsed=4.3MB javaTotal=11.4MB javaMax=256.0MB nativeHeap=1.9GB nativeHeapFree=7.3MB nativeHeapSize=1.9GB
  pssTotal=3.0GB privateDirty=1.1GB sharedDirty=51.8MB nativePss=1.1GB dalvikPss=2.9MB otherPss=1.9GB
  systemAvail=12.9GB systemThreshold=216.0MB lowMemory=false trimLevel=0 importance=125 fdCount=156
  procStatus VmRSS=3312812 kB VmHWM=3343360 kB VmSize=20987976 kB VmSwap=2308 kB Threads=32 FDSize=512
2026-05-28 05:59:35.584 pid=26376 [generation-start] id=5 config=Qwen3.5 2B MTP model=Qwen3.5-2B-Q8_0.gguf promptLen=1051 mediaCount=0
  javaUsed=4.5MB javaTotal=11.4MB javaMax=256.0MB nativeHeap=1.9GB nativeHeapFree=7.3MB nativeHeapSize=1.9GB
  pssTotal=3.0GB privateDirty=1.1GB sharedDirty=51.8MB nativePss=1.1GB dalvikPss=3.0MB otherPss=1.9GB
  systemAvail=12.9GB systemThreshold=216.0MB lowMemory=false trimLevel=0 importance=125 fdCount=156
  procStatus VmRSS=3312940 kB VmHWM=3343360 kB VmSize=20987976 kB VmSwap=2308 kB Threads=32 FDSize=512
2026-05-28 06:00:16.608 pid=26376 [generation-end] id=5 resultLen=203
  javaUsed=4.6MB javaTotal=11.4MB javaMax=256.0MB nativeHeap=1.9GB nativeHeapFree=7.3MB nativeHeapSize=1.9GB
  pssTotal=3.0GB privateDirty=1.1GB sharedDirty=51.8MB nativePss=1.1GB dalvikPss=3.1MB otherPss=1.9GB
  systemAvail=13.0GB systemThreshold=216.0MB lowMemory=false trimLevel=0 importance=125 fdCount=156
  procStatus VmRSS=3313192 kB VmHWM=3343360 kB VmSize=20987976 kB VmSwap=2308 kB Threads=32 FDSize=512
2026-05-28 06:00:17.220 pid=26376 [model-load] Loading configuration: Qwen3.5 2B MTP
2026-05-28 06:00:17.220 pid=26376 [model-load-skip] config=Qwen3.5 2B MTP model already loaded
  javaUsed=4.8MB javaTotal=11.4MB javaMax=256.0MB nativeHeap=1.9GB nativeHeapFree=7.2MB nativeHeapSize=1.9GB
  pssTotal=3.0GB privateDirty=1.1GB sharedDirty=51.8MB nativePss=1.1GB dalvikPss=3.3MB otherPss=1.9GB
  systemAvail=13.0GB systemThreshold=216.0MB lowMemory=false trimLevel=0 importance=125 fdCount=156
  procStatus VmRSS=3313320 kB VmHWM=3343360 kB VmSize=20987976 kB VmSwap=2308 kB Threads=32 FDSize=512
2026-05-28 06:00:17.355 pid=26376 [generation-start] id=6 config=Qwen3.5 2B MTP model=Qwen3.5-2B-Q8_0.gguf promptLen=1042 mediaCount=0
  javaUsed=5.0MB javaTotal=11.4MB javaMax=256.0MB nativeHeap=1.9GB nativeHeapFree=7.2MB nativeHeapSize=1.9GB
  pssTotal=3.0GB privateDirty=1.1GB sharedDirty=51.8MB nativePss=1.1GB dalvikPss=3.4MB otherPss=1.9GB
  systemAvail=13.0GB systemThreshold=216.0MB lowMemory=false trimLevel=0 importance=125 fdCount=156
  procStatus VmRSS=3313448 kB VmHWM=3343360 kB VmSize=20987976 kB VmSwap=2308 kB Threads=32 FDSize=512
2026-05-28 06:00:51.075 pid=26376 [generation-end] id=6 resultLen=64
  javaUsed=5.1MB javaTotal=11.4MB javaMax=256.0MB nativeHeap=1.9GB nativeHeapFree=7.2MB nativeHeapSize=1.9GB
  pssTotal=3.0GB privateDirty=1.1GB sharedDirty=51.8MB nativePss=1.1GB dalvikPss=3.5MB otherPss=1.9GB
  systemAvail=13.0GB systemThreshold=216.0MB lowMemory=false trimLevel=0 importance=125 fdCount=156
  procStatus VmRSS=3313700 kB VmHWM=3343360 kB VmSize=20987976 kB VmSwap=2308 kB Threads=32 FDSize=512
2026-05-28 06:00:51.688 pid=26376 [model-load] Loading configuration: Qwen3.5 2B MTP
2026-05-28 06:00:51.689 pid=26376 [model-load-skip] config=Qwen3.5 2B MTP model already loaded
  javaUsed=5.4MB javaTotal=11.4MB javaMax=256.0MB nativeHeap=1.9GB nativeHeapFree=7.2MB nativeHeapSize=1.9GB
  pssTotal=3.0GB privateDirty=1.1GB sharedDirty=51.8MB nativePss=1.1GB dalvikPss=3.7MB otherPss=1.9GB
  systemAvail=13.0GB systemThreshold=216.0MB lowMemory=false trimLevel=0 importance=125 fdCount=156
  procStatus VmRSS=3313828 kB VmHWM=3343360 kB VmSize=20987976 kB VmSwap=2308 kB Threads=32 FDSize=512
2026-05-28 06:00:51.818 pid=26376 [generation-start] id=7 config=Qwen3.5 2B MTP model=Qwen3.5-2B-Q8_0.gguf promptLen=1051 mediaCount=0
  javaUsed=5.6MB javaTotal=11.4MB javaMax=256.0MB nativeHeap=1.9GB nativeHeapFree=7.2MB nativeHeapSize=1.9GB
  pssTotal=3.0GB privateDirty=1.1GB sharedDirty=51.8MB nativePss=1.1GB dalvikPss=3.9MB otherPss=1.9GB
  systemAvail=13.0GB systemThreshold=216.0MB lowMemory=false trimLevel=0 importance=125 fdCount=156
  procStatus VmRSS=3313956 kB VmHWM=3343360 kB VmSize=20987976 kB VmSwap=2308 kB Threads=32 FDSize=512
2026-05-28 06:01:23.127 pid=26376 [generation-end] id=7 resultLen=6
  javaUsed=5.6MB javaTotal=11.4MB javaMax=256.0MB nativeHeap=1.9GB nativeHeapFree=7.2MB nativeHeapSize=1.9GB
  pssTotal=3.0GB privateDirty=1.1GB sharedDirty=51.8MB nativePss=1.1GB dalvikPss=3.9MB otherPss=1.9GB
  systemAvail=13.0GB systemThreshold=216.0MB lowMemory=false trimLevel=0 importance=125 fdCount=156
  procStatus VmRSS=3314076 kB VmHWM=3343360 kB VmSize=20987976 kB VmSwap=2308 kB Threads=32 FDSize=512
2026-05-28 06:01:23.744 pid=26376 [model-load] Loading configuration: Qwen3.5 2B MTP
2026-05-28 06:01:23.745 pid=26376 [model-load-skip] config=Qwen3.5 2B MTP model already loaded
  javaUsed=5.9MB javaTotal=11.4MB javaMax=256.0MB nativeHeap=1.9GB nativeHeapFree=7.2MB nativeHeapSize=1.9GB
  pssTotal=3.0GB privateDirty=1.1GB sharedDirty=51.8MB nativePss=1.1GB dalvikPss=4.1MB otherPss=1.9GB
  systemAvail=13.0GB systemThreshold=216.0MB lowMemory=false trimLevel=0 importance=125 fdCount=156
  procStatus VmRSS=3314204 kB VmHWM=3343360 kB VmSize=20987976 kB VmSwap=2308 kB Threads=32 FDSize=512
2026-05-28 06:01:23.877 pid=26376 [generation-start] id=8 config=Qwen3.5 2B MTP model=Qwen3.5-2B-Q8_0.gguf promptLen=1060 mediaCount=0
  javaUsed=6.1MB javaTotal=11.4MB javaMax=256.0MB nativeHeap=1.9GB nativeHeapFree=7.2MB nativeHeapSize=1.9GB
  pssTotal=3.0GB privateDirty=1.1GB sharedDirty=51.8MB nativePss=1.1GB dalvikPss=4.3MB otherPss=1.9GB
  systemAvail=13.0GB systemThreshold=216.0MB lowMemory=false trimLevel=0 importance=125 fdCount=156
  procStatus VmRSS=3314332 kB VmHWM=3343360 kB VmSize=20987976 kB VmSwap=2308 kB Threads=32 FDSize=512
2026-05-28 06:02:02.407 pid=26376 [generation-end] id=8 resultLen=132
  javaUsed=6.1MB javaTotal=11.4MB javaMax=256.0MB nativeHeap=1.9GB nativeHeapFree=7.2MB nativeHeapSize=1.9GB
  pssTotal=3.0GB privateDirty=1.1GB sharedDirty=51.8MB nativePss=1.1GB dalvikPss=4.4MB otherPss=1.9GB
  systemAvail=12.9GB systemThreshold=216.0MB lowMemory=false trimLevel=0 importance=125 fdCount=156
  procStatus VmRSS=3314580 kB VmHWM=3343360 kB VmSize=20987976 kB VmSwap=2308 kB Threads=32 FDSize=512
2026-05-28 06:02:02.532 pid=26376 [model-load] Loading configuration: Qwen3.5 2B MTP
2026-05-28 06:02:02.533 pid=26376 [model-load-skip] config=Qwen3.5 2B MTP model already loaded
  javaUsed=6.4MB javaTotal=11.4MB javaMax=256.0MB nativeHeap=1.9GB nativeHeapFree=7.2MB nativeHeapSize=1.9GB
  pssTotal=3.0GB privateDirty=1.1GB sharedDirty=51.8MB nativePss=1.1GB dalvikPss=4.5MB otherPss=1.9GB
  systemAvail=12.9GB systemThreshold=216.0MB lowMemory=false trimLevel=0 importance=125 fdCount=156
  procStatus VmRSS=3314708 kB VmHWM=3343360 kB VmSize=20987976 kB VmSwap=2308 kB Threads=32 FDSize=512
2026-05-28 06:02:02.660 pid=26376 [generation-start] id=9 config=Qwen3.5 2B MTP model=Qwen3.5-2B-Q8_0.gguf promptLen=1060 mediaCount=0
  javaUsed=6.6MB javaTotal=11.4MB javaMax=256.0MB nativeHeap=1.9GB nativeHeapFree=7.2MB nativeHeapSize=1.9GB
  pssTotal=3.0GB privateDirty=1.1GB sharedDirty=51.8MB nativePss=1.1GB dalvikPss=4.7MB otherPss=1.9GB
  systemAvail=12.9GB systemThreshold=216.0MB lowMemory=false trimLevel=0 importance=125 fdCount=156
  procStatus VmRSS=3314836 kB VmHWM=3343360 kB VmSize=20987976 kB VmSwap=2308 kB Threads=32 FDSize=512
2026-05-28 06:02:33.275 pid=26376 [generation-end] id=9 resultLen=124
  javaUsed=6.7MB javaTotal=11.4MB javaMax=256.0MB nativeHeap=1.9GB nativeHeapFree=7.2MB nativeHeapSize=1.9GB
  pssTotal=3.0GB privateDirty=1.1GB sharedDirty=51.8MB nativePss=1.1GB dalvikPss=4.8MB otherPss=1.9GB
  systemAvail=12.8GB systemThreshold=216.0MB lowMemory=false trimLevel=0 importance=125 fdCount=156
  procStatus VmRSS=3314936 kB VmHWM=3343360 kB VmSize=20987976 kB VmSwap=2308 kB Threads=32 FDSize=512
2026-05-28 06:02:34.101 pid=26376 [model-load] Loading configuration: Qwen3.5 2B MTP
2026-05-28 06:02:34.101 pid=26376 [model-load-skip] config=Qwen3.5 2B MTP model already loaded
  javaUsed=6.9MB javaTotal=11.4MB javaMax=256.0MB nativeHeap=1.9GB nativeHeapFree=7.2MB nativeHeapSize=1.9GB
  pssTotal=3.0GB privateDirty=1.1GB sharedDirty=51.8MB nativePss=1.1GB dalvikPss=5.0MB otherPss=1.9GB
  systemAvail=12.8GB systemThreshold=216.0MB lowMemory=false trimLevel=0 importance=125 fdCount=156
  procStatus VmRSS=3314936 kB VmHWM=3343360 kB VmSize=20987976 kB VmSwap=2308 kB Threads=32 FDSize=512
2026-05-28 06:02:34.228 pid=26376 [generation-start] id=10 config=Qwen3.5 2B MTP model=Qwen3.5-2B-Q8_0.gguf promptLen=1048 mediaCount=0
  javaUsed=7.1MB javaTotal=11.4MB javaMax=256.0MB nativeHeap=1.9GB nativeHeapFree=7.2MB nativeHeapSize=1.9GB
  pssTotal=3.0GB privateDirty=1.1GB sharedDirty=51.8MB nativePss=1.1GB dalvikPss=5.1MB otherPss=1.9GB
  systemAvail=12.8GB systemThreshold=216.0MB lowMemory=false trimLevel=0 importance=125 fdCount=156
  procStatus VmRSS=3315192 kB VmHWM=3343360 kB VmSize=20987976 kB VmSwap=2308 kB Threads=32 FDSize=512
2026-05-28 06:03:12.503 pid=26376 [generation-end] id=10 resultLen=156
  javaUsed=7.3MB javaTotal=11.4MB javaMax=256.0MB nativeHeap=1.9GB nativeHeapFree=7.2MB nativeHeapSize=1.9GB
  pssTotal=3.0GB privateDirty=1.1GB sharedDirty=51.8MB nativePss=1.1GB dalvikPss=5.2MB otherPss=1.9GB
  systemAvail=12.8GB systemThreshold=216.0MB lowMemory=false trimLevel=0 importance=125 fdCount=156
  procStatus VmRSS=3315568 kB VmHWM=3343360 kB VmSize=20987976 kB VmSwap=2308 kB Threads=32 FDSize=512
2026-05-28 06:03:13.248 pid=26376 [model-load] Loading configuration: Qwen3.5 2B MTP
2026-05-28 06:03:13.249 pid=26376 [model-load-skip] config=Qwen3.5 2B MTP model already loaded
  javaUsed=7.5MB javaTotal=11.4MB javaMax=256.0MB nativeHeap=1.9GB nativeHeapFree=7.2MB nativeHeapSize=1.9GB
  pssTotal=3.0GB privateDirty=1.1GB sharedDirty=51.8MB nativePss=1.1GB dalvikPss=5.4MB otherPss=1.9GB
  systemAvail=12.8GB systemThreshold=216.0MB lowMemory=false trimLevel=0 importance=125 fdCount=156
  procStatus VmRSS=3315696 kB VmHWM=3343360 kB VmSize=20987976 kB VmSwap=2308 kB Threads=32 FDSize=512
2026-05-28 06:03:13.377 pid=26376 [generation-start] id=11 config=Qwen3.5 2B MTP model=Qwen3.5-2B-Q8_0.gguf promptLen=1051 mediaCount=0
  javaUsed=7.7MB javaTotal=11.4MB javaMax=256.0MB nativeHeap=1.9GB nativeHeapFree=7.2MB nativeHeapSize=1.9GB
  pssTotal=3.0GB privateDirty=1.1GB sharedDirty=51.8MB nativePss=1.1GB dalvikPss=5.5MB otherPss=1.9GB
  systemAvail=12.8GB systemThreshold=216.0MB lowMemory=false trimLevel=0 importance=125 fdCount=156
  procStatus VmRSS=3315824 kB VmHWM=3343360 kB VmSize=20987976 kB VmSwap=2308 kB Threads=32 FDSize=512
2026-05-28 06:03:48.564 pid=26376 [generation-end] id=11 resultLen=92
  javaUsed=7.8MB javaTotal=11.4MB javaMax=256.0MB nativeHeap=1.9GB nativeHeapFree=7.2MB nativeHeapSize=1.9GB
  pssTotal=3.0GB privateDirty=1.1GB sharedDirty=51.8MB nativePss=1.1GB dalvikPss=5.6MB otherPss=1.9GB
  systemAvail=12.8GB systemThreshold=216.0MB lowMemory=false trimLevel=0 importance=125 fdCount=156
  procStatus VmRSS=3315948 kB VmHWM=3343360 kB VmSize=20987976 kB VmSwap=2308 kB Threads=32 FDSize=512
2026-05-28 06:03:48.689 pid=26376 [model-load] Loading configuration: Qwen3.5 2B MTP
2026-05-28 06:03:48.690 pid=26376 [model-load-skip] config=Qwen3.5 2B MTP model already loaded
  javaUsed=8.0MB javaTotal=11.4MB javaMax=256.0MB nativeHeap=1.9GB nativeHeapFree=7.2MB nativeHeapSize=1.9GB
  pssTotal=3.0GB privateDirty=1.1GB sharedDirty=51.8MB nativePss=1.1GB dalvikPss=5.8MB otherPss=1.9GB
  systemAvail=12.8GB systemThreshold=216.0MB lowMemory=false trimLevel=0 importance=125 fdCount=156
  procStatus VmRSS=3315948 kB VmHWM=3343360 kB VmSize=20987976 kB VmSwap=2308 kB Threads=32 FDSize=512
2026-05-28 06:03:48.820 pid=26376 [generation-start] id=12 config=Qwen3.5 2B MTP model=Qwen3.5-2B-Q8_0.gguf promptLen=1051 mediaCount=0
  javaUsed=8.2MB javaTotal=11.4MB javaMax=256.0MB nativeHeap=1.9GB nativeHeapFree=7.2MB nativeHeapSize=1.9GB
  pssTotal=3.0GB privateDirty=1.1GB sharedDirty=51.8MB nativePss=1.1GB dalvikPss=6.0MB otherPss=1.9GB
  systemAvail=12.8GB systemThreshold=216.0MB lowMemory=false trimLevel=0 importance=125 fdCount=156
  procStatus VmRSS=3316204 kB VmHWM=3343360 kB VmSize=20987976 kB VmSwap=2308 kB Threads=32 FDSize=512
2026-05-28 06:04:23.420 pid=26376 [generation-end] id=12 resultLen=85
  javaUsed=8.3MB javaTotal=11.4MB javaMax=256.0MB nativeHeap=1.9GB nativeHeapFree=7.2MB nativeHeapSize=1.9GB
  pssTotal=3.0GB privateDirty=1.1GB sharedDirty=51.8MB nativePss=1.1GB dalvikPss=6.0MB otherPss=1.9GB
  systemAvail=12.7GB systemThreshold=216.0MB lowMemory=false trimLevel=0 importance=125 fdCount=156
  procStatus VmRSS=3316192 kB VmHWM=3343360 kB VmSize=20987976 kB VmSwap=2308 kB Threads=32 FDSize=512
2026-05-28 06:04:24.030 pid=26376 [model-load] Loading configuration: Qwen3.5 2B MTP
2026-05-28 06:04:24.031 pid=26376 [model-load-skip] config=Qwen3.5 2B MTP model already loaded
  javaUsed=8.5MB javaTotal=11.4MB javaMax=256.0MB nativeHeap=1.9GB nativeHeapFree=7.2MB nativeHeapSize=1.9GB
  pssTotal=3.0GB privateDirty=1.1GB sharedDirty=51.8MB nativePss=1.1GB dalvikPss=6.2MB otherPss=1.9GB
  systemAvail=12.7GB systemThreshold=216.0MB lowMemory=false trimLevel=0 importance=125 fdCount=156
  procStatus VmRSS=3316192 kB VmHWM=3343360 kB VmSize=20987976 kB VmSwap=2308 kB Threads=32 FDSize=512
2026-05-28 06:04:24.159 pid=26376 [generation-start] id=13 config=Qwen3.5 2B MTP model=Qwen3.5-2B-Q8_0.gguf promptLen=1054 mediaCount=0
  javaUsed=8.7MB javaTotal=11.4MB javaMax=256.0MB nativeHeap=1.9GB nativeHeapFree=7.2MB nativeHeapSize=1.9GB
  pssTotal=3.0GB privateDirty=1.1GB sharedDirty=51.8MB nativePss=1.1GB dalvikPss=6.4MB otherPss=1.9GB
  systemAvail=12.7GB systemThreshold=216.0MB lowMemory=false trimLevel=0 importance=125 fdCount=156
  procStatus VmRSS=3316320 kB VmHWM=3343360 kB VmSize=20987976 kB VmSwap=2308 kB Threads=32 FDSize=512
2026-05-28 06:05:08.493 pid=26376 [generation-end] id=13 resultLen=293
  javaUsed=8.8MB javaTotal=11.4MB javaMax=256.0MB nativeHeap=1.9GB nativeHeapFree=7.2MB nativeHeapSize=1.9GB
  pssTotal=3.0GB privateDirty=1.1GB sharedDirty=51.8MB nativePss=1.1GB dalvikPss=6.5MB otherPss=1.9GB
  systemAvail=12.7GB systemThreshold=216.0MB lowMemory=false trimLevel=0 importance=125 fdCount=156
  procStatus VmRSS=3316688 kB VmHWM=3343360 kB VmSize=20987976 kB VmSwap=2308 kB Threads=32 FDSize=512
2026-05-28 06:05:09.110 pid=26376 [model-load] Loading configuration: Qwen3.5 2B MTP
2026-05-28 06:05:09.111 pid=26376 [model-load-skip] config=Qwen3.5 2B MTP model already loaded
  javaUsed=9.0MB javaTotal=11.4MB javaMax=256.0MB nativeHeap=1.9GB nativeHeapFree=7.2MB nativeHeapSize=1.9GB
  pssTotal=3.0GB privateDirty=1.1GB sharedDirty=51.8MB nativePss=1.1GB dalvikPss=6.6MB otherPss=1.9GB
  systemAvail=12.7GB systemThreshold=216.0MB lowMemory=false trimLevel=0 importance=125 fdCount=156
  procStatus VmRSS=3316816 kB VmHWM=3343360 kB VmSize=20987976 kB VmSwap=2308 kB Threads=32 FDSize=512
2026-05-28 06:05:09.216 pid=26376 [generation-start] id=14 config=Qwen3.5 2B MTP model=Qwen3.5-2B-Q8_0.gguf promptLen=1051 mediaCount=0
  javaUsed=9.2MB javaTotal=11.4MB javaMax=256.0MB nativeHeap=1.9GB nativeHeapFree=7.2MB nativeHeapSize=1.9GB
  pssTotal=3.0GB privateDirty=1.1GB sharedDirty=51.8MB nativePss=1.1GB dalvikPss=6.8MB otherPss=1.9GB
  systemAvail=12.7GB systemThreshold=216.0MB lowMemory=false trimLevel=0 importance=125 fdCount=156
  procStatus VmRSS=3316944 kB VmHWM=3343360 kB VmSize=20987976 kB VmSwap=2308 kB Threads=32 FDSize=512
2026-05-28 06:05:46.247 pid=26376 [generation-end] id=14 resultLen=87
  javaUsed=9.3MB javaTotal=11.4MB javaMax=256.0MB nativeHeap=1.9GB nativeHeapFree=7.2MB nativeHeapSize=1.9GB
  pssTotal=3.0GB privateDirty=1.1GB sharedDirty=51.8MB nativePss=1.1GB dalvikPss=6.9MB otherPss=1.9GB
  systemAvail=12.8GB systemThreshold=216.0MB lowMemory=false trimLevel=0 importance=125 fdCount=156
  procStatus VmRSS=3317180 kB VmHWM=3343360 kB VmSize=20987976 kB VmSwap=2308 kB Threads=32 FDSize=512
2026-05-28 06:05:46.880 pid=26376 [model-load] Loading configuration: Qwen3.5 2B MTP
2026-05-28 06:05:46.880 pid=26376 [model-load-skip] config=Qwen3.5 2B MTP model already loaded
  javaUsed=9.5MB javaTotal=11.4MB javaMax=256.0MB nativeHeap=1.9GB nativeHeapFree=7.2MB nativeHeapSize=1.9GB
  pssTotal=3.0GB privateDirty=1.1GB sharedDirty=51.8MB nativePss=1.1GB dalvikPss=7.1MB otherPss=1.9GB
  systemAvail=12.8GB systemThreshold=216.0MB lowMemory=false trimLevel=0 importance=125 fdCount=156
  procStatus VmRSS=3317308 kB VmHWM=3343360 kB VmSize=20987976 kB VmSwap=2308 kB Threads=32 FDSize=512
2026-05-28 06:05:46.971 pid=26376 [generation-start] id=15 config=Qwen3.5 2B MTP model=Qwen3.5-2B-Q8_0.gguf promptLen=1051 mediaCount=0
  javaUsed=9.7MB javaTotal=11.4MB javaMax=256.0MB nativeHeap=1.9GB nativeHeapFree=7.1MB nativeHeapSize=1.9GB
  pssTotal=3.0GB privateDirty=1.1GB sharedDirty=51.8MB nativePss=1.1GB dalvikPss=7.2MB otherPss=1.9GB
  systemAvail=12.8GB systemThreshold=216.0MB lowMemory=false trimLevel=0 importance=125 fdCount=156
  procStatus VmRSS=3317436 kB VmHWM=3343360 kB VmSize=20987976 kB VmSwap=2308 kB Threads=32 FDSize=512
2026-05-28 06:06:25.183 pid=26376 [generation-end] id=15 resultLen=102
  javaUsed=9.9MB javaTotal=11.4MB javaMax=256.0MB nativeHeap=1.9GB nativeHeapFree=7.1MB nativeHeapSize=1.9GB
  pssTotal=3.0GB privateDirty=1.1GB sharedDirty=51.8MB nativePss=1.1GB dalvikPss=7.3MB otherPss=1.9GB
  systemAvail=12.8GB systemThreshold=216.0MB lowMemory=false trimLevel=0 importance=125 fdCount=156
  procStatus VmRSS=3317564 kB VmHWM=3343360 kB VmSize=20987976 kB VmSwap=2308 kB Threads=32 FDSize=512
2026-05-28 06:06:25.817 pid=26376 [model-load] Loading configuration: Qwen3.5 2B MTP
2026-05-28 06:06:25.818 pid=26376 [model-load-skip] config=Qwen3.5 2B MTP model already loaded
  javaUsed=10.1MB javaTotal=11.4MB javaMax=256.0MB nativeHeap=1.9GB nativeHeapFree=7.1MB nativeHeapSize=1.9GB
  pssTotal=3.0GB privateDirty=1.1GB sharedDirty=51.8MB nativePss=1.1GB dalvikPss=7.5MB otherPss=1.9GB
  systemAvail=12.8GB systemThreshold=216.0MB lowMemory=false trimLevel=0 importance=125 fdCount=156
  procStatus VmRSS=3317692 kB VmHWM=3343360 kB VmSize=20987976 kB VmSwap=2308 kB Threads=32 FDSize=512
2026-05-28 06:06:25.913 pid=26376 [generation-start] id=16 config=Qwen3.5 2B MTP model=Qwen3.5-2B-Q8_0.gguf promptLen=1048 mediaCount=0
  javaUsed=10.3MB javaTotal=11.4MB javaMax=256.0MB nativeHeap=1.9GB nativeHeapFree=7.1MB nativeHeapSize=1.9GB
  pssTotal=3.0GB privateDirty=1.1GB sharedDirty=51.8MB nativePss=1.1GB dalvikPss=7.6MB otherPss=1.9GB
  systemAvail=12.8GB systemThreshold=216.0MB lowMemory=false trimLevel=0 importance=125 fdCount=156
  procStatus VmRSS=3317820 kB VmHWM=3343360 kB VmSize=20987976 kB VmSwap=2308 kB Threads=32 FDSize=512
2026-05-28 06:07:00.161 pid=26376 [generation-end] id=16 resultLen=42
  javaUsed=10.4MB javaTotal=11.4MB javaMax=256.0MB nativeHeap=1.9GB nativeHeapFree=7.1MB nativeHeapSize=1.9GB
  pssTotal=3.0GB privateDirty=1.1GB sharedDirty=51.8MB nativePss=1.1GB dalvikPss=7.7MB otherPss=1.9GB
  systemAvail=12.8GB systemThreshold=216.0MB lowMemory=false trimLevel=0 importance=125 fdCount=156
  procStatus VmRSS=3318200 kB VmHWM=3343360 kB VmSize=20987976 kB VmSwap=2308 kB Threads=32 FDSize=512
2026-05-28 06:07:00.790 pid=26376 [model-load] Loading configuration: Qwen3.5 2B MTP
2026-05-28 06:07:00.791 pid=26376 [model-load-skip] config=Qwen3.5 2B MTP model already loaded
  javaUsed=10.6MB javaTotal=11.4MB javaMax=256.0MB nativeHeap=1.9GB nativeHeapFree=7.1MB nativeHeapSize=1.9GB
  pssTotal=3.0GB privateDirty=1.1GB sharedDirty=51.8MB nativePss=1.1GB dalvikPss=7.9MB otherPss=1.9GB
  systemAvail=12.8GB systemThreshold=216.0MB lowMemory=false trimLevel=0 importance=125 fdCount=156
  procStatus VmRSS=3318200 kB VmHWM=3343360 kB VmSize=20987976 kB VmSwap=2308 kB Threads=32 FDSize=512
2026-05-28 06:07:00.888 pid=26376 [generation-start] id=17 config=Qwen3.5 2B MTP model=Qwen3.5-2B-Q8_0.gguf promptLen=1057 mediaCount=0
  javaUsed=10.8MB javaTotal=11.4MB javaMax=256.0MB nativeHeap=1.9GB nativeHeapFree=7.1MB nativeHeapSize=1.9GB
  pssTotal=3.0GB privateDirty=1.1GB sharedDirty=51.8MB nativePss=1.1GB dalvikPss=8.0MB otherPss=1.9GB
  systemAvail=12.8GB systemThreshold=216.0MB lowMemory=false trimLevel=0 importance=125 fdCount=156
  procStatus VmRSS=3318404 kB VmHWM=3343360 kB VmSize=20987976 kB VmSwap=2308 kB Threads=32 FDSize=512
2026-05-28 06:07:38.126 pid=26376 [generation-end] id=17 resultLen=87
  javaUsed=10.9MB javaTotal=11.4MB javaMax=256.0MB nativeHeap=1.9GB nativeHeapFree=7.1MB nativeHeapSize=1.9GB
  pssTotal=3.0GB privateDirty=1.1GB sharedDirty=51.8MB nativePss=1.1GB dalvikPss=8.1MB otherPss=1.9GB
  systemAvail=12.8GB systemThreshold=216.0MB lowMemory=false trimLevel=0 importance=125 fdCount=156
  procStatus VmRSS=3318524 kB VmHWM=3343360 kB VmSize=20987976 kB VmSwap=2308 kB Threads=32 FDSize=512
2026-05-28 06:07:38.254 pid=26376 [model-load] Loading configuration: Qwen3.5 2B MTP
2026-05-28 06:07:38.255 pid=26376 [model-load-skip] config=Qwen3.5 2B MTP model already loaded
  javaUsed=11.1MB javaTotal=11.4MB javaMax=256.0MB nativeHeap=1.9GB nativeHeapFree=7.1MB nativeHeapSize=1.9GB
  pssTotal=3.0GB privateDirty=1.1GB sharedDirty=51.8MB nativePss=1.1GB dalvikPss=8.3MB otherPss=1.9GB
  systemAvail=12.8GB systemThreshold=216.0MB lowMemory=false trimLevel=0 importance=125 fdCount=156
  procStatus VmRSS=3318524 kB VmHWM=3343360 kB VmSize=20987976 kB VmSwap=2308 kB Threads=32 FDSize=512
2026-05-28 06:07:38.385 pid=26376 [generation-start] id=18 config=Qwen3.5 2B MTP model=Qwen3.5-2B-Q8_0.gguf promptLen=1057 mediaCount=0
  javaUsed=11.3MB javaTotal=11.4MB javaMax=256.0MB nativeHeap=1.9GB nativeHeapFree=7.1MB nativeHeapSize=1.9GB
  pssTotal=3.0GB privateDirty=1.1GB sharedDirty=51.8MB nativePss=1.1GB dalvikPss=8.5MB otherPss=1.9GB
  systemAvail=12.8GB systemThreshold=216.0MB lowMemory=false trimLevel=0 importance=125 fdCount=156
  procStatus VmRSS=3318652 kB VmHWM=3343360 kB VmSize=20987976 kB VmSwap=2308 kB Threads=32 FDSize=512
2026-05-28 06:08:16.867 pid=26376 [generation-end] id=18 resultLen=103
  javaUsed=11.4MB javaTotal=11.4MB javaMax=256.0MB nativeHeap=1.9GB nativeHeapFree=7.1MB nativeHeapSize=1.9GB
  pssTotal=3.0GB privateDirty=1.1GB sharedDirty=51.8MB nativePss=1.1GB dalvikPss=8.5MB otherPss=1.9GB
  systemAvail=13.1GB systemThreshold=216.0MB lowMemory=false trimLevel=0 importance=125 fdCount=156
  procStatus VmRSS=3319016 kB VmHWM=3343360 kB VmSize=20987976 kB VmSwap=2308 kB Threads=32 FDSize=512
2026-05-28 06:08:16.994 pid=26376 [model-load] Loading configuration: Qwen3.5 2B MTP
2026-05-28 06:08:16.996 pid=26376 [model-load-skip] config=Qwen3.5 2B MTP model already loaded
  javaUsed=3.6MB javaTotal=11.4MB javaMax=256.0MB nativeHeap=1.9GB nativeHeapFree=7.1MB nativeHeapSize=1.9GB
  pssTotal=3.0GB privateDirty=1.1GB sharedDirty=51.8MB nativePss=1.1GB dalvikPss=2.4MB otherPss=1.9GB
  systemAvail=13.1GB systemThreshold=216.0MB lowMemory=false trimLevel=0 importance=125 fdCount=156
  procStatus VmRSS=3312680 kB VmHWM=3343360 kB VmSize=20987976 kB VmSwap=2308 kB Threads=32 FDSize=512
2026-05-28 06:08:17.131 pid=26376 [generation-start] id=19 config=Qwen3.5 2B MTP model=Qwen3.5-2B-Q8_0.gguf promptLen=1057 mediaCount=0
  javaUsed=3.8MB javaTotal=11.4MB javaMax=256.0MB nativeHeap=1.9GB nativeHeapFree=7.3MB nativeHeapSize=1.9GB
  pssTotal=3.0GB privateDirty=1.1GB sharedDirty=51.8MB nativePss=1.1GB dalvikPss=2.6MB otherPss=1.9GB
  systemAvail=13.1GB systemThreshold=216.0MB lowMemory=false trimLevel=0 importance=125 fdCount=156
  procStatus VmRSS=3312808 kB VmHWM=3343360 kB VmSize=20987976 kB VmSwap=2308 kB Threads=32 FDSize=512
2026-05-28 06:08:56.043 pid=26376 [generation-end] id=19 resultLen=107
  javaUsed=4.0MB javaTotal=11.4MB javaMax=256.0MB nativeHeap=1.9GB nativeHeapFree=7.3MB nativeHeapSize=1.9GB
  pssTotal=3.0GB privateDirty=1.1GB sharedDirty=51.8MB nativePss=1.1GB dalvikPss=2.6MB otherPss=1.9GB
  systemAvail=13.0GB systemThreshold=216.0MB lowMemory=false trimLevel=0 importance=125 fdCount=156
  procStatus VmRSS=3312932 kB VmHWM=3343360 kB VmSize=20987976 kB VmSwap=2308 kB Threads=32 FDSize=512
2026-05-28 06:08:56.876 pid=26376 [model-load] Loading configuration: Qwen3.5 2B MTP
2026-05-28 06:08:56.876 pid=26376 [model-load-skip] config=Qwen3.5 2B MTP model already loaded
  javaUsed=4.2MB javaTotal=11.4MB javaMax=256.0MB nativeHeap=1.9GB nativeHeapFree=7.3MB nativeHeapSize=1.9GB
  pssTotal=3.0GB privateDirty=1.1GB sharedDirty=51.8MB nativePss=1.1GB dalvikPss=2.8MB otherPss=1.9GB
  systemAvail=13.0GB systemThreshold=216.0MB lowMemory=false trimLevel=0 importance=125 fdCount=156
  procStatus VmRSS=3313060 kB VmHWM=3343360 kB VmSize=20987976 kB VmSwap=2308 kB Threads=32 FDSize=512
2026-05-28 06:08:56.970 pid=26376 [generation-start] id=20 config=Qwen3.5 2B MTP model=Qwen3.5-2B-Q8_0.gguf promptLen=1042 mediaCount=0
  javaUsed=4.4MB javaTotal=11.4MB javaMax=256.0MB nativeHeap=1.9GB nativeHeapFree=7.3MB nativeHeapSize=1.9GB
  pssTotal=3.0GB privateDirty=1.1GB sharedDirty=51.8MB nativePss=1.1GB dalvikPss=3.0MB otherPss=1.9GB
  systemAvail=13.0GB systemThreshold=216.0MB lowMemory=false trimLevel=0 importance=125 fdCount=156
  procStatus VmRSS=3313188 kB VmHWM=3343360 kB VmSize=20987976 kB VmSwap=2308 kB Threads=32 FDSize=512
2026-05-28 06:09:30.643 pid=26376 [generation-end] id=20 resultLen=32
  javaUsed=4.5MB javaTotal=11.4MB javaMax=256.0MB nativeHeap=1.9GB nativeHeapFree=7.3MB nativeHeapSize=1.9GB
  pssTotal=3.0GB privateDirty=1.1GB sharedDirty=51.8MB nativePss=1.1GB dalvikPss=3.1MB otherPss=1.9GB
  systemAvail=13.0GB systemThreshold=216.0MB lowMemory=false trimLevel=0 importance=125 fdCount=156
  procStatus VmRSS=3313436 kB VmHWM=3343360 kB VmSize=20987976 kB VmSwap=2308 kB Threads=32 FDSize=512
2026-05-28 06:09:30.775 pid=26376 [model-load] Loading configuration: Qwen3.5 2B MTP
2026-05-28 06:09:30.776 pid=26376 [model-load-skip] config=Qwen3.5 2B MTP model already loaded
  javaUsed=4.7MB javaTotal=11.4MB javaMax=256.0MB nativeHeap=1.9GB nativeHeapFree=7.3MB nativeHeapSize=1.9GB
  pssTotal=3.0GB privateDirty=1.1GB sharedDirty=51.8MB nativePss=1.1GB dalvikPss=3.2MB otherPss=1.9GB
  systemAvail=13.0GB systemThreshold=216.0MB lowMemory=false trimLevel=0 importance=125 fdCount=156
  procStatus VmRSS=3313564 kB VmHWM=3343360 kB VmSize=20987976 kB VmSwap=2308 kB Threads=32 FDSize=512
2026-05-28 06:09:30.910 pid=26376 [generation-start] id=21 config=Qwen3.5 2B MTP model=Qwen3.5-2B-Q8_0.gguf promptLen=1042 mediaCount=0
  javaUsed=4.9MB javaTotal=11.4MB javaMax=256.0MB nativeHeap=1.9GB nativeHeapFree=7.3MB nativeHeapSize=1.9GB
  pssTotal=3.0GB privateDirty=1.1GB sharedDirty=51.8MB nativePss=1.1GB dalvikPss=3.4MB otherPss=1.9GB
  systemAvail=13.0GB systemThreshold=216.0MB lowMemory=false trimLevel=0 importance=125 fdCount=156
  procStatus VmRSS=3313692 kB VmHWM=3343360 kB VmSize=20987976 kB VmSwap=2308 kB Threads=32 FDSize=512
2026-05-28 06:10:10.385 pid=26376 [generation-end] id=21 resultLen=122
  javaUsed=5.0MB javaTotal=11.4MB javaMax=256.0MB nativeHeap=1.9GB nativeHeapFree=7.3MB nativeHeapSize=1.9GB
  pssTotal=3.0GB privateDirty=1.1GB sharedDirty=51.8MB nativePss=1.1GB dalvikPss=3.5MB otherPss=1.9GB
  systemAvail=13.0GB systemThreshold=216.0MB lowMemory=false trimLevel=0 importance=125 fdCount=156
  procStatus VmRSS=3313932 kB VmHWM=3343360 kB VmSize=20987976 kB VmSwap=2308 kB Threads=32 FDSize=512
2026-05-28 06:10:11.132 pid=26376 [model-load] Loading configuration: Qwen3.5 2B MTP
2026-05-28 06:10:11.132 pid=26376 [model-load-skip] config=Qwen3.5 2B MTP model already loaded
  javaUsed=5.3MB javaTotal=11.4MB javaMax=256.0MB nativeHeap=1.9GB nativeHeapFree=7.3MB nativeHeapSize=1.9GB
  pssTotal=3.0GB privateDirty=1.1GB sharedDirty=51.8MB nativePss=1.1GB dalvikPss=3.6MB otherPss=1.9GB
  systemAvail=13.0GB systemThreshold=216.0MB lowMemory=false trimLevel=0 importance=125 fdCount=156
  procStatus VmRSS=3314188 kB VmHWM=3343360 kB VmSize=20987976 kB VmSwap=2308 kB Threads=32 FDSize=512
2026-05-28 06:10:11.230 pid=26376 [generation-start] id=22 config=Qwen3.5 2B MTP model=Qwen3.5-2B-Q8_0.gguf promptLen=1060 mediaCount=0
  javaUsed=5.5MB javaTotal=11.4MB javaMax=256.0MB nativeHeap=1.9GB nativeHeapFree=7.3MB nativeHeapSize=1.9GB
  pssTotal=3.0GB privateDirty=1.1GB sharedDirty=51.8MB nativePss=1.1GB dalvikPss=3.8MB otherPss=1.9GB
  systemAvail=13.0GB systemThreshold=216.0MB lowMemory=false trimLevel=0 importance=125 fdCount=156
  procStatus VmRSS=3314316 kB VmHWM=3343360 kB VmSize=20987976 kB VmSwap=2308 kB Threads=32 FDSize=512
2026-05-28 06:10:48.312 pid=26376 [generation-end] id=22 resultLen=87
  javaUsed=5.5MB javaTotal=11.4MB javaMax=256.0MB nativeHeap=1.9GB nativeHeapFree=7.3MB nativeHeapSize=1.9GB
  pssTotal=3.0GB privateDirty=1.1GB sharedDirty=51.8MB nativePss=1.1GB dalvikPss=3.9MB otherPss=1.9GB
  systemAvail=13.0GB systemThreshold=216.0MB lowMemory=false trimLevel=0 importance=125 fdCount=156
  procStatus VmRSS=3314176 kB VmHWM=3343360 kB VmSize=20987976 kB VmSwap=2308 kB Threads=32 FDSize=512
2026-05-28 06:10:48.936 pid=26376 [model-load] Loading configuration: Qwen3.5 2B MTP
2026-05-28 06:10:48.938 pid=26376 [model-load-skip] config=Qwen3.5 2B MTP model already loaded
  javaUsed=5.8MB javaTotal=11.4MB javaMax=256.0MB nativeHeap=1.9GB nativeHeapFree=7.2MB nativeHeapSize=1.9GB
  pssTotal=3.0GB privateDirty=1.1GB sharedDirty=51.8MB nativePss=1.1GB dalvikPss=4.1MB otherPss=1.9GB
  systemAvail=13.0GB systemThreshold=216.0MB lowMemory=false trimLevel=0 importance=125 fdCount=156
  procStatus VmRSS=3314176 kB VmHWM=3343360 kB VmSize=20987976 kB VmSwap=2308 kB Threads=32 FDSize=512
2026-05-28 06:10:49.034 pid=26376 [generation-start] id=23 config=Qwen3.5 2B MTP model=Qwen3.5-2B-Q8_0.gguf promptLen=1045 mediaCount=0
  javaUsed=6.0MB javaTotal=11.4MB javaMax=256.0MB nativeHeap=1.9GB nativeHeapFree=7.2MB nativeHeapSize=1.9GB
  pssTotal=3.0GB privateDirty=1.1GB sharedDirty=51.8MB nativePss=1.1GB dalvikPss=4.2MB otherPss=1.9GB
  systemAvail=13.0GB systemThreshold=216.0MB lowMemory=false trimLevel=0 importance=125 fdCount=156
  procStatus VmRSS=3314304 kB VmHWM=3343360 kB VmSize=20987976 kB VmSwap=2308 kB Threads=32 FDSize=512
2026-05-28 06:11:24.531 pid=26376 [generation-end] id=23 resultLen=68
  javaUsed=6.1MB javaTotal=11.4MB javaMax=256.0MB nativeHeap=1.9GB nativeHeapFree=7.2MB nativeHeapSize=1.9GB
  pssTotal=3.0GB privateDirty=1.1GB sharedDirty=51.8MB nativePss=1.1GB dalvikPss=4.3MB otherPss=1.9GB
  systemAvail=13.0GB systemThreshold=216.0MB lowMemory=false trimLevel=0 importance=125 fdCount=156
  procStatus VmRSS=3314552 kB VmHWM=3343360 kB VmSize=20987976 kB VmSwap=2308 kB Threads=32 FDSize=512
2026-05-28 06:11:25.372 pid=26376 [model-load] Loading configuration: Qwen3.5 2B MTP
2026-05-28 06:11:25.372 pid=26376 [model-load-skip] config=Qwen3.5 2B MTP model already loaded
  javaUsed=6.3MB javaTotal=11.4MB javaMax=256.0MB nativeHeap=1.9GB nativeHeapFree=7.2MB nativeHeapSize=1.9GB
  pssTotal=3.0GB privateDirty=1.1GB sharedDirty=51.8MB nativePss=1.1GB dalvikPss=4.5MB otherPss=1.9GB
  systemAvail=13.0GB systemThreshold=216.0MB lowMemory=false trimLevel=0 importance=125 fdCount=156
  procStatus VmRSS=3314680 kB VmHWM=3343360 kB VmSize=20987976 kB VmSwap=2308 kB Threads=32 FDSize=512
2026-05-28 06:11:25.466 pid=26376 [generation-start] id=24 config=Qwen3.5 2B MTP model=Qwen3.5-2B-Q8_0.gguf promptLen=1054 mediaCount=0
  javaUsed=6.5MB javaTotal=11.4MB javaMax=256.0MB nativeHeap=1.9GB nativeHeapFree=7.2MB nativeHeapSize=1.9GB
  pssTotal=3.0GB privateDirty=1.1GB sharedDirty=51.8MB nativePss=1.1GB dalvikPss=4.6MB otherPss=1.9GB
  systemAvail=13.0GB systemThreshold=216.0MB lowMemory=false trimLevel=0 importance=125 fdCount=156
  procStatus VmRSS=3314808 kB VmHWM=3343360 kB VmSize=20987976 kB VmSwap=2308 kB Threads=32 FDSize=512
2026-05-28 06:12:00.960 pid=26376 [generation-end] id=24 resultLen=54
  javaUsed=6.6MB javaTotal=11.4MB javaMax=256.0MB nativeHeap=1.9GB nativeHeapFree=7.2MB nativeHeapSize=1.9GB
  pssTotal=3.0GB privateDirty=1.1GB sharedDirty=51.8MB nativePss=1.1GB dalvikPss=4.7MB otherPss=1.9GB
  systemAvail=13.0GB systemThreshold=216.0MB lowMemory=false trimLevel=0 importance=125 fdCount=156
  procStatus VmRSS=3314796 kB VmHWM=3343360 kB VmSize=20987976 kB VmSwap=2308 kB Threads=32 FDSize=512
2026-05-28 06:12:01.587 pid=26376 [model-load] Loading configuration: Qwen3.5 2B MTP
2026-05-28 06:12:01.588 pid=26376 [model-load-skip] config=Qwen3.5 2B MTP model already loaded
  javaUsed=6.8MB javaTotal=11.4MB javaMax=256.0MB nativeHeap=1.9GB nativeHeapFree=7.2MB nativeHeapSize=1.9GB
  pssTotal=3.0GB privateDirty=1.1GB sharedDirty=51.8MB nativePss=1.1GB dalvikPss=4.9MB otherPss=1.9GB
  systemAvail=13.0GB systemThreshold=216.0MB lowMemory=false trimLevel=0 importance=125 fdCount=156
  procStatus VmRSS=3314924 kB VmHWM=3343360 kB VmSize=20987976 kB VmSwap=2308 kB Threads=32 FDSize=512
2026-05-28 06:12:01.692 pid=26376 [generation-start] id=25 config=Qwen3.5 2B MTP model=Qwen3.5-2B-Q8_0.gguf promptLen=1048 mediaCount=0
  javaUsed=7.0MB javaTotal=11.4MB javaMax=256.0MB nativeHeap=1.9GB nativeHeapFree=7.2MB nativeHeapSize=1.9GB
  pssTotal=3.0GB privateDirty=1.1GB sharedDirty=51.8MB nativePss=1.1GB dalvikPss=5.1MB otherPss=1.9GB
  systemAvail=13.0GB systemThreshold=216.0MB lowMemory=false trimLevel=0 importance=125 fdCount=156
  procStatus VmRSS=3315052 kB VmHWM=3343360 kB VmSize=20987976 kB VmSwap=2308 kB Threads=32 FDSize=512
2026-05-28 06:12:55.321 pid=26376 [generation-end] id=25 resultLen=43
  javaUsed=7.2MB javaTotal=11.4MB javaMax=256.0MB nativeHeap=1.9GB nativeHeapFree=7.2MB nativeHeapSize=1.9GB
  pssTotal=3.0GB privateDirty=1.1GB sharedDirty=51.8MB nativePss=1.1GB dalvikPss=5.2MB otherPss=1.9GB
  systemAvail=13.3GB systemThreshold=216.0MB lowMemory=false trimLevel=0 importance=125 fdCount=156
  procStatus VmRSS=3315620 kB VmHWM=3343360 kB VmSize=20987976 kB VmSwap=2308 kB Threads=32 FDSize=512
2026-05-28 06:34:34.613 pid=26376 [model-load] Loading configuration: Qwen3.5 2B MTP
2026-05-28 06:34:34.614 pid=26376 [model-load-skip] config=Qwen3.5 2B MTP model already loaded
  javaUsed=7.5MB javaTotal=11.4MB javaMax=256.0MB nativeHeap=1.9GB nativeHeapFree=7.2MB nativeHeapSize=1.9GB
  pssTotal=3.0GB privateDirty=1.1GB sharedDirty=51.8MB nativePss=1.1GB dalvikPss=5.3MB otherPss=1.9GB
  systemAvail=13.4GB systemThreshold=216.0MB lowMemory=false trimLevel=0 importance=125 fdCount=156
  procStatus VmRSS=3315748 kB VmHWM=3315748 kB VmSize=20987976 kB VmSwap=2308 kB Threads=32 FDSize=512
2026-05-28 06:34:34.682 pid=26376 [generation-start] id=26 config=Qwen3.5 2B MTP model=Qwen3.5-2B-Q8_0.gguf promptLen=1054 mediaCount=0
  javaUsed=7.7MB javaTotal=11.4MB javaMax=256.0MB nativeHeap=1.9GB nativeHeapFree=7.2MB nativeHeapSize=1.9GB
  pssTotal=3.0GB privateDirty=1.1GB sharedDirty=51.8MB nativePss=1.1GB dalvikPss=5.5MB otherPss=1.9GB
  systemAvail=13.3GB systemThreshold=216.0MB lowMemory=false trimLevel=0 importance=125 fdCount=156
  procStatus VmRSS=3315876 kB VmHWM=3315876 kB VmSize=20987976 kB VmSwap=2308 kB Threads=32 FDSize=512
2026-05-28 06:35:15.138 pid=26376 [generation-end] id=26 resultLen=253
  javaUsed=7.8MB javaTotal=11.4MB javaMax=256.0MB nativeHeap=1.9GB nativeHeapFree=7.3MB nativeHeapSize=1.9GB
  pssTotal=3.0GB privateDirty=1.1GB sharedDirty=51.8MB nativePss=1.1GB dalvikPss=5.6MB otherPss=1.9GB
  systemAvail=13.6GB systemThreshold=216.0MB lowMemory=false trimLevel=0 importance=125 fdCount=156
  procStatus VmRSS=3316108 kB VmHWM=3316256 kB VmSize=20987976 kB VmSwap=2308 kB Threads=32 FDSize=512
2026-05-28 06:35:15.764 pid=26376 [model-load] Loading configuration: Qwen3.5 2B MTP
2026-05-28 06:35:15.765 pid=26376 [model-load-skip] config=Qwen3.5 2B MTP model already loaded
  javaUsed=8.0MB javaTotal=11.4MB javaMax=256.0MB nativeHeap=1.9GB nativeHeapFree=7.2MB nativeHeapSize=1.9GB
  pssTotal=3.0GB privateDirty=1.1GB sharedDirty=51.8MB nativePss=1.1GB dalvikPss=5.8MB otherPss=1.9GB
  systemAvail=13.6GB systemThreshold=216.0MB lowMemory=false trimLevel=0 importance=125 fdCount=156
  procStatus VmRSS=3316108 kB VmHWM=3316256 kB VmSize=20987976 kB VmSwap=2308 kB Threads=32 FDSize=512
2026-05-28 06:35:15.851 pid=26376 [generation-start] id=27 config=Qwen3.5 2B MTP model=Qwen3.5-2B-Q8_0.gguf promptLen=1045 mediaCount=0
  javaUsed=8.2MB javaTotal=11.4MB javaMax=256.0MB nativeHeap=1.9GB nativeHeapFree=7.2MB nativeHeapSize=1.9GB
  pssTotal=3.0GB privateDirty=1.1GB sharedDirty=51.8MB nativePss=1.1GB dalvikPss=5.9MB otherPss=1.9GB
  systemAvail=13.6GB systemThreshold=216.0MB lowMemory=false trimLevel=0 importance=125 fdCount=156
  procStatus VmRSS=3316236 kB VmHWM=3316256 kB VmSize=20987976 kB VmSwap=2308 kB Threads=32 FDSize=512
2026-05-28 06:35:53.152 pid=26376 [generation-end] id=27 resultLen=102
  javaUsed=8.3MB javaTotal=11.4MB javaMax=256.0MB nativeHeap=1.9GB nativeHeapFree=7.2MB nativeHeapSize=1.9GB
  pssTotal=3.0GB privateDirty=1.1GB sharedDirty=51.8MB nativePss=1.1GB dalvikPss=6.0MB otherPss=1.9GB
  systemAvail=13.5GB systemThreshold=216.0MB lowMemory=false trimLevel=0 importance=125 fdCount=156
  procStatus VmRSS=3316488 kB VmHWM=3316492 kB VmSize=20987976 kB VmSwap=2308 kB Threads=32 FDSize=512
2026-05-28 06:35:53.785 pid=26376 [model-load] Loading configuration: Qwen3.5 2B MTP
2026-05-28 06:35:53.786 pid=26376 [model-load-skip] config=Qwen3.5 2B MTP model already loaded
  javaUsed=8.5MB javaTotal=11.4MB javaMax=256.0MB nativeHeap=1.9GB nativeHeapFree=7.2MB nativeHeapSize=1.9GB
  pssTotal=3.0GB privateDirty=1.1GB sharedDirty=51.8MB nativePss=1.1GB dalvikPss=6.2MB otherPss=1.9GB
  systemAvail=13.5GB systemThreshold=216.0MB lowMemory=false trimLevel=0 importance=125 fdCount=156
  procStatus VmRSS=3316616 kB VmHWM=3316616 kB VmSize=20987976 kB VmSwap=2308 kB Threads=32 FDSize=512
2026-05-28 06:35:53.875 pid=26376 [generation-start] id=28 config=Qwen3.5 2B MTP model=Qwen3.5-2B-Q8_0.gguf promptLen=1057 mediaCount=0
  javaUsed=8.7MB javaTotal=11.4MB javaMax=256.0MB nativeHeap=1.9GB nativeHeapFree=7.2MB nativeHeapSize=1.9GB
  pssTotal=3.0GB privateDirty=1.1GB sharedDirty=51.8MB nativePss=1.1GB dalvikPss=6.3MB otherPss=1.9GB
  systemAvail=13.5GB systemThreshold=216.0MB lowMemory=false trimLevel=0 importance=125 fdCount=156
  procStatus VmRSS=3316744 kB VmHWM=3316744 kB VmSize=20987976 kB VmSwap=2308 kB Threads=32 FDSize=512
2026-05-28 06:36:35.064 pid=26376 [generation-end] id=28 resultLen=162
  javaUsed=8.9MB javaTotal=11.4MB javaMax=256.0MB nativeHeap=1.9GB nativeHeapFree=7.2MB nativeHeapSize=1.9GB
  pssTotal=3.0GB privateDirty=1.1GB sharedDirty=51.8MB nativePss=1.1GB dalvikPss=6.4MB otherPss=1.9GB
  systemAvail=13.5GB systemThreshold=216.0MB lowMemory=false trimLevel=0 importance=125 fdCount=156
  procStatus VmRSS=3316860 kB VmHWM=3317116 kB VmSize=20987976 kB VmSwap=2308 kB Threads=32 FDSize=512
2026-05-28 06:36:36.010 pid=26376 [model-load] Loading configuration: Qwen3.5 2B MTP
2026-05-28 06:36:36.011 pid=26376 [model-load-skip] config=Qwen3.5 2B MTP model already loaded
  javaUsed=9.1MB javaTotal=11.4MB javaMax=256.0MB nativeHeap=1.9GB nativeHeapFree=7.2MB nativeHeapSize=1.9GB
  pssTotal=3.0GB privateDirty=1.1GB sharedDirty=51.8MB nativePss=1.1GB dalvikPss=6.6MB otherPss=1.9GB
  systemAvail=13.5GB systemThreshold=216.0MB lowMemory=false trimLevel=0 importance=125 fdCount=156
  procStatus VmRSS=3316860 kB VmHWM=3317116 kB VmSize=20987976 kB VmSwap=2308 kB Threads=32 FDSize=512
2026-05-28 06:36:36.099 pid=26376 [generation-start] id=29 config=Qwen3.5 2B MTP model=Qwen3.5-2B-Q8_0.gguf promptLen=1054 mediaCount=0
  javaUsed=9.3MB javaTotal=11.4MB javaMax=256.0MB nativeHeap=1.9GB nativeHeapFree=7.2MB nativeHeapSize=1.9GB
  pssTotal=3.0GB privateDirty=1.1GB sharedDirty=51.8MB nativePss=1.1GB dalvikPss=6.8MB otherPss=1.9GB
  systemAvail=13.5GB systemThreshold=216.0MB lowMemory=false trimLevel=0 importance=125 fdCount=156
  procStatus VmRSS=3316988 kB VmHWM=3317116 kB VmSize=20987976 kB VmSwap=2308 kB Threads=32 FDSize=512
2026-05-28 06:37:10.139 pid=26376 [generation-end] id=29 resultLen=44
  javaUsed=9.4MB javaTotal=11.4MB javaMax=256.0MB nativeHeap=1.9GB nativeHeapFree=7.2MB nativeHeapSize=1.9GB
  pssTotal=3.0GB privateDirty=1.1GB sharedDirty=51.8MB nativePss=1.1GB dalvikPss=6.8MB otherPss=1.9GB
  systemAvail=13.5GB systemThreshold=216.0MB lowMemory=false trimLevel=0 importance=125 fdCount=156
  procStatus VmRSS=3317500 kB VmHWM=3317500 kB VmSize=20987976 kB VmSwap=2308 kB Threads=32 FDSize=512
2026-05-28 06:37:10.764 pid=26376 [model-load] Loading configuration: Qwen3.5 2B MTP
2026-05-28 06:37:10.764 pid=26376 [model-load-skip] config=Qwen3.5 2B MTP model already loaded
  javaUsed=9.6MB javaTotal=11.4MB javaMax=256.0MB nativeHeap=1.9GB nativeHeapFree=7.2MB nativeHeapSize=1.9GB
  pssTotal=3.0GB privateDirty=1.1GB sharedDirty=51.8MB nativePss=1.1GB dalvikPss=7.0MB otherPss=1.9GB
  systemAvail=13.5GB systemThreshold=216.0MB lowMemory=false trimLevel=0 importance=125 fdCount=156
  procStatus VmRSS=3317500 kB VmHWM=3317500 kB VmSize=20987976 kB VmSwap=2308 kB Threads=32 FDSize=512
2026-05-28 06:37:10.851 pid=26376 [generation-start] id=30 config=Qwen3.5 2B MTP model=Qwen3.5-2B-Q8_0.gguf promptLen=1060 mediaCount=0
  javaUsed=9.8MB javaTotal=11.4MB javaMax=256.0MB nativeHeap=1.9GB nativeHeapFree=7.2MB nativeHeapSize=1.9GB
  pssTotal=3.0GB privateDirty=1.1GB sharedDirty=51.8MB nativePss=1.1GB dalvikPss=7.2MB otherPss=1.9GB
  systemAvail=13.5GB systemThreshold=216.0MB lowMemory=false trimLevel=0 importance=125 fdCount=156
  procStatus VmRSS=3317628 kB VmHWM=3317628 kB VmSize=20987976 kB VmSwap=2308 kB Threads=32 FDSize=512
2026-05-28 06:37:48.502 pid=26376 [generation-end] id=30 resultLen=98
  javaUsed=9.9MB javaTotal=11.4MB javaMax=256.0MB nativeHeap=1.9GB nativeHeapFree=7.2MB nativeHeapSize=1.9GB
  pssTotal=3.0GB privateDirty=1.1GB sharedDirty=51.8MB nativePss=1.1GB dalvikPss=7.3MB otherPss=1.9GB
  systemAvail=13.6GB systemThreshold=216.0MB lowMemory=false trimLevel=0 importance=125 fdCount=156
  procStatus VmRSS=3317872 kB VmHWM=3318012 kB VmSize=20987976 kB VmSwap=2308 kB Threads=32 FDSize=512
2026-05-28 06:37:48.632 pid=26376 [model-load] Loading configuration: Qwen3.5 2B MTP
2026-05-28 06:37:48.632 pid=26376 [model-load-skip] config=Qwen3.5 2B MTP model already loaded
  javaUsed=10.1MB javaTotal=11.4MB javaMax=256.0MB nativeHeap=1.9GB nativeHeapFree=7.2MB nativeHeapSize=1.9GB
  pssTotal=3.0GB privateDirty=1.1GB sharedDirty=51.8MB nativePss=1.1GB dalvikPss=7.4MB otherPss=1.9GB
  systemAvail=13.6GB systemThreshold=216.0MB lowMemory=false trimLevel=0 importance=125 fdCount=156
  procStatus VmRSS=3318000 kB VmHWM=3318012 kB VmSize=20987976 kB VmSwap=2308 kB Threads=32 FDSize=512
2026-05-28 06:37:48.770 pid=26376 [generation-start] id=31 config=Qwen3.5 2B MTP model=Qwen3.5-2B-Q8_0.gguf promptLen=1060 mediaCount=0
  javaUsed=10.3MB javaTotal=11.4MB javaMax=256.0MB nativeHeap=1.9GB nativeHeapFree=7.2MB nativeHeapSize=1.9GB
  pssTotal=3.0GB privateDirty=1.1GB sharedDirty=51.8MB nativePss=1.1GB dalvikPss=7.6MB otherPss=1.9GB
  systemAvail=13.6GB systemThreshold=216.0MB lowMemory=false trimLevel=0 importance=125 fdCount=156
  procStatus VmRSS=3318128 kB VmHWM=3318128 kB VmSize=20987976 kB VmSwap=2308 kB Threads=32 FDSize=512
2026-05-28 06:38:29.180 pid=26376 [generation-end] id=31 resultLen=126
  javaUsed=10.4MB javaTotal=11.4MB javaMax=256.0MB nativeHeap=1.9GB nativeHeapFree=7.2MB nativeHeapSize=1.9GB
  pssTotal=3.0GB privateDirty=1.1GB sharedDirty=51.8MB nativePss=1.1GB dalvikPss=7.7MB otherPss=1.9GB
  systemAvail=13.5GB systemThreshold=216.0MB lowMemory=false trimLevel=0 importance=125 fdCount=156
  procStatus VmRSS=3318244 kB VmHWM=3318384 kB VmSize=20987976 kB VmSwap=2308 kB Threads=32 FDSize=512
2026-05-28 06:38:29.928 pid=26376 [model-load] Loading configuration: Qwen3.5 2B MTP
2026-05-28 06:38:29.928 pid=26376 [model-load-skip] config=Qwen3.5 2B MTP model already loaded
  javaUsed=10.6MB javaTotal=11.4MB javaMax=256.0MB nativeHeap=1.9GB nativeHeapFree=7.2MB nativeHeapSize=1.9GB
  pssTotal=3.0GB privateDirty=1.1GB sharedDirty=51.8MB nativePss=1.1GB dalvikPss=7.9MB otherPss=1.9GB
  systemAvail=13.6GB systemThreshold=216.0MB lowMemory=false trimLevel=0 importance=125 fdCount=156
  procStatus VmRSS=3318372 kB VmHWM=3318384 kB VmSize=20987976 kB VmSwap=2308 kB Threads=32 FDSize=512
2026-05-28 06:38:30.017 pid=26376 [generation-start] id=32 config=Qwen3.5 2B MTP model=Qwen3.5-2B-Q8_0.gguf promptLen=1054 mediaCount=0
  javaUsed=10.8MB javaTotal=11.4MB javaMax=256.0MB nativeHeap=1.9GB nativeHeapFree=7.2MB nativeHeapSize=1.9GB
  pssTotal=3.0GB privateDirty=1.1GB sharedDirty=51.8MB nativePss=1.1GB dalvikPss=8.0MB otherPss=1.9GB
  systemAvail=13.6GB systemThreshold=216.0MB lowMemory=false trimLevel=0 importance=125 fdCount=156
  procStatus VmRSS=3318500 kB VmHWM=3318500 kB VmSize=20987976 kB VmSwap=2308 kB Threads=32 FDSize=512
2026-05-28 06:39:04.972 pid=26376 [generation-end] id=32 resultLen=50
  javaUsed=11.0MB javaTotal=11.4MB javaMax=256.0MB nativeHeap=1.9GB nativeHeapFree=7.2MB nativeHeapSize=1.9GB
  pssTotal=3.0GB privateDirty=1.1GB sharedDirty=51.8MB nativePss=1.1GB dalvikPss=8.1MB otherPss=1.9GB
  systemAvail=13.5GB systemThreshold=216.0MB lowMemory=false trimLevel=0 importance=125 fdCount=156
  procStatus VmRSS=3318484 kB VmHWM=3318756 kB VmSize=20987976 kB VmSwap=2308 kB Threads=32 FDSize=512
2026-05-28 06:39:05.550 pid=26376 [model-load] Loading configuration: Qwen3.5 2B MTP
2026-05-28 06:39:05.551 pid=26376 [model-load-skip] config=Qwen3.5 2B MTP model already loaded
  javaUsed=11.2MB javaTotal=11.4MB javaMax=256.0MB nativeHeap=1.9GB nativeHeapFree=7.2MB nativeHeapSize=1.9GB
  pssTotal=3.0GB privateDirty=1.1GB sharedDirty=51.8MB nativePss=1.1GB dalvikPss=8.3MB otherPss=1.9GB
  systemAvail=13.4GB systemThreshold=216.0MB lowMemory=false trimLevel=0 importance=125 fdCount=156
  procStatus VmRSS=3312352 kB VmHWM=3320404 kB VmSize=20987976 kB VmSwap=2308 kB Threads=32 FDSize=512
2026-05-28 06:39:05.678 pid=26376 [generation-start] id=33 config=Qwen3.5 2B MTP model=Qwen3.5-2B-Q8_0.gguf promptLen=1060 mediaCount=0
  javaUsed=3.8MB javaTotal=11.5MB javaMax=256.0MB nativeHeap=1.9GB nativeHeapFree=7.4MB nativeHeapSize=1.9GB
  pssTotal=3.0GB privateDirty=1.1GB sharedDirty=51.9MB nativePss=1.1GB dalvikPss=2.5MB otherPss=1.9GB
  systemAvail=13.4GB systemThreshold=216.0MB lowMemory=false trimLevel=0 importance=125 fdCount=156
  procStatus VmRSS=3312480 kB VmHWM=3320404 kB VmSize=20987976 kB VmSwap=2308 kB Threads=32 FDSize=512
2026-05-28 06:39:47.685 pid=26376 [generation-end] id=33 resultLen=160
  javaUsed=3.9MB javaTotal=11.5MB javaMax=256.0MB nativeHeap=1.9GB nativeHeapFree=7.4MB nativeHeapSize=1.9GB
  pssTotal=3.0GB privateDirty=1.1GB sharedDirty=51.9MB nativePss=1.1GB dalvikPss=2.6MB otherPss=1.9GB
  systemAvail=13.3GB systemThreshold=216.0MB lowMemory=false trimLevel=0 importance=125 fdCount=156
  procStatus VmRSS=3312856 kB VmHWM=3320404 kB VmSize=20987976 kB VmSwap=2308 kB Threads=32 FDSize=512
2026-05-28 06:39:47.825 pid=26376 [model-load] Loading configuration: Qwen3.5 2B MTP
2026-05-28 06:39:47.826 pid=26376 [model-load-skip] config=Qwen3.5 2B MTP model already loaded
  javaUsed=4.1MB javaTotal=11.5MB javaMax=256.0MB nativeHeap=1.9GB nativeHeapFree=7.4MB nativeHeapSize=1.9GB
  pssTotal=3.0GB privateDirty=1.1GB sharedDirty=51.9MB nativePss=1.1GB dalvikPss=2.7MB otherPss=1.9GB
  systemAvail=13.3GB systemThreshold=216.0MB lowMemory=false trimLevel=0 importance=125 fdCount=156
  procStatus VmRSS=3312856 kB VmHWM=3320404 kB VmSize=20987976 kB VmSwap=2308 kB Threads=32 FDSize=512
2026-05-28 06:39:47.956 pid=26376 [generation-start] id=34 config=Qwen3.5 2B MTP model=Qwen3.5-2B-Q8_0.gguf promptLen=1060 mediaCount=0
  javaUsed=4.3MB javaTotal=11.5MB javaMax=256.0MB nativeHeap=1.9GB nativeHeapFree=7.4MB nativeHeapSize=1.9GB
  pssTotal=3.0GB privateDirty=1.1GB sharedDirty=51.9MB nativePss=1.1GB dalvikPss=2.9MB otherPss=1.9GB
  systemAvail=13.3GB systemThreshold=216.0MB lowMemory=false trimLevel=0 importance=125 fdCount=156
  procStatus VmRSS=3313112 kB VmHWM=3320404 kB VmSize=20987976 kB VmSwap=2308 kB Threads=32 FDSize=512
2026-05-28 06:40:27.578 pid=26376 [generation-end] id=34 resultLen=104
  javaUsed=4.5MB javaTotal=11.5MB javaMax=256.0MB nativeHeap=1.9GB nativeHeapFree=7.4MB nativeHeapSize=1.9GB
  pssTotal=3.0GB privateDirty=1.1GB sharedDirty=51.9MB nativePss=1.1GB dalvikPss=3.0MB otherPss=1.9GB
  systemAvail=13.3GB systemThreshold=216.0MB lowMemory=false trimLevel=0 importance=125 fdCount=156
  procStatus VmRSS=3313224 kB VmHWM=3320404 kB VmSize=20987976 kB VmSwap=2308 kB Threads=32 FDSize=512
2026-05-28 06:40:28.215 pid=26376 [model-load] Loading configuration: Qwen3.5 2B MTP
2026-05-28 06:40:28.216 pid=26376 [model-load-skip] config=Qwen3.5 2B MTP model already loaded
  javaUsed=4.7MB javaTotal=11.5MB javaMax=256.0MB nativeHeap=1.9GB nativeHeapFree=7.4MB nativeHeapSize=1.9GB
  pssTotal=3.0GB privateDirty=1.1GB sharedDirty=51.9MB nativePss=1.1GB dalvikPss=3.2MB otherPss=1.9GB
  systemAvail=13.3GB systemThreshold=216.0MB lowMemory=false trimLevel=0 importance=125 fdCount=156
  procStatus VmRSS=3313352 kB VmHWM=3320404 kB VmSize=20987976 kB VmSwap=2308 kB Threads=32 FDSize=512
2026-05-28 06:40:28.366 pid=26376 [generation-start] id=35 config=Qwen3.5 2B MTP model=Qwen3.5-2B-Q8_0.gguf promptLen=1054 mediaCount=0
  javaUsed=4.9MB javaTotal=11.5MB javaMax=256.0MB nativeHeap=1.9GB nativeHeapFree=7.3MB nativeHeapSize=1.9GB
  pssTotal=3.0GB privateDirty=1.1GB sharedDirty=51.9MB nativePss=1.1GB dalvikPss=3.3MB otherPss=1.9GB
  systemAvail=13.3GB systemThreshold=216.0MB lowMemory=false trimLevel=0 importance=125 fdCount=156
  procStatus VmRSS=3313480 kB VmHWM=3320404 kB VmSize=20987976 kB VmSwap=2308 kB Threads=32 FDSize=512
2026-05-28 06:41:05.361 pid=26376 [generation-end] id=35 resultLen=70
  javaUsed=5.0MB javaTotal=11.5MB javaMax=256.0MB nativeHeap=1.9GB nativeHeapFree=7.3MB nativeHeapSize=1.9GB
  pssTotal=3.0GB privateDirty=1.1GB sharedDirty=51.9MB nativePss=1.1GB dalvikPss=3.4MB otherPss=1.9GB
  systemAvail=13.4GB systemThreshold=216.0MB lowMemory=false trimLevel=0 importance=125 fdCount=156
  procStatus VmRSS=3313600 kB VmHWM=3320404 kB VmSize=20987976 kB VmSwap=2308 kB Threads=32 FDSize=512
2026-05-28 06:41:06.016 pid=26376 [model-load] Loading configuration: Qwen3.5 2B MTP
2026-05-28 06:41:06.017 pid=26376 [model-load-skip] config=Qwen3.5 2B MTP model already loaded
  javaUsed=5.2MB javaTotal=11.5MB javaMax=256.0MB nativeHeap=1.9GB nativeHeapFree=7.3MB nativeHeapSize=1.9GB
  pssTotal=3.0GB privateDirty=1.1GB sharedDirty=51.9MB nativePss=1.1GB dalvikPss=3.6MB otherPss=1.9GB
  systemAvail=13.4GB systemThreshold=216.0MB lowMemory=false trimLevel=0 importance=125 fdCount=156
  procStatus VmRSS=3313728 kB VmHWM=3320404 kB VmSize=20987976 kB VmSwap=2308 kB Threads=32 FDSize=512
2026-05-28 06:41:06.164 pid=26376 [generation-start] id=36 config=Qwen3.5 2B MTP model=Qwen3.5-2B-Q8_0.gguf promptLen=1063 mediaCount=0
  javaUsed=5.4MB javaTotal=11.5MB javaMax=256.0MB nativeHeap=1.9GB nativeHeapFree=7.3MB nativeHeapSize=1.9GB
  pssTotal=3.0GB privateDirty=1.1GB sharedDirty=51.9MB nativePss=1.1GB dalvikPss=3.7MB otherPss=1.9GB
  systemAvail=13.4GB systemThreshold=216.0MB lowMemory=false trimLevel=0 importance=125 fdCount=156
  procStatus VmRSS=3313984 kB VmHWM=3320404 kB VmSize=20987976 kB VmSwap=2308 kB Threads=32 FDSize=512
2026-05-28 06:41:43.962 pid=26376 [generation-end] id=36 resultLen=67
  javaUsed=5.5MB javaTotal=11.5MB javaMax=256.0MB nativeHeap=1.9GB nativeHeapFree=7.3MB nativeHeapSize=1.9GB
  pssTotal=3.0GB privateDirty=1.1GB sharedDirty=51.9MB nativePss=1.1GB dalvikPss=3.8MB otherPss=1.9GB
  systemAvail=13.4GB systemThreshold=216.0MB lowMemory=false trimLevel=0 importance=125 fdCount=156
  procStatus VmRSS=3314232 kB VmHWM=3320404 kB VmSize=20987976 kB VmSwap=2308 kB Threads=32 FDSize=512
2026-05-28 06:41:44.823 pid=26376 [model-load] Loading configuration: Qwen3.5 2B MTP
2026-05-28 06:41:44.824 pid=26376 [model-load-skip] config=Qwen3.5 2B MTP model already loaded
  javaUsed=5.7MB javaTotal=11.5MB javaMax=256.0MB nativeHeap=1.9GB nativeHeapFree=7.3MB nativeHeapSize=1.9GB
  pssTotal=3.0GB privateDirty=1.1GB sharedDirty=51.9MB nativePss=1.1GB dalvikPss=4.0MB otherPss=1.9GB
  systemAvail=13.4GB systemThreshold=216.0MB lowMemory=false trimLevel=0 importance=125 fdCount=156
  procStatus VmRSS=3314232 kB VmHWM=3320404 kB VmSize=20987976 kB VmSwap=2308 kB Threads=32 FDSize=512
2026-05-28 06:41:44.967 pid=26376 [generation-start] id=37 config=Qwen3.5 2B MTP model=Qwen3.5-2B-Q8_0.gguf promptLen=1060 mediaCount=0
  javaUsed=5.9MB javaTotal=11.5MB javaMax=256.0MB nativeHeap=1.9GB nativeHeapFree=7.3MB nativeHeapSize=1.9GB
  pssTotal=3.0GB privateDirty=1.1GB sharedDirty=51.9MB nativePss=1.1GB dalvikPss=4.1MB otherPss=1.9GB
  systemAvail=13.4GB systemThreshold=216.0MB lowMemory=false trimLevel=0 importance=125 fdCount=156
  procStatus VmRSS=3314360 kB VmHWM=3320404 kB VmSize=20987976 kB VmSwap=2308 kB Threads=32 FDSize=512
2026-05-28 06:42:20.332 pid=26376 [generation-end] id=37 resultLen=33
  javaUsed=6.0MB javaTotal=11.5MB javaMax=256.0MB nativeHeap=1.9GB nativeHeapFree=7.3MB nativeHeapSize=1.9GB
  pssTotal=3.0GB privateDirty=1.1GB sharedDirty=51.9MB nativePss=1.1GB dalvikPss=4.2MB otherPss=1.9GB
  systemAvail=13.4GB systemThreshold=216.0MB lowMemory=false trimLevel=0 importance=125 fdCount=156
  procStatus VmRSS=3314616 kB VmHWM=3320404 kB VmSize=20987976 kB VmSwap=2308 kB Threads=32 FDSize=512
2026-05-28 06:42:21.096 pid=26376 [model-load] Loading configuration: Qwen3.5 2B MTP
2026-05-28 06:42:21.097 pid=26376 [model-load-skip] config=Qwen3.5 2B MTP model already loaded
  javaUsed=6.2MB javaTotal=11.5MB javaMax=256.0MB nativeHeap=1.9GB nativeHeapFree=7.3MB nativeHeapSize=1.9GB
  pssTotal=3.0GB privateDirty=1.1GB sharedDirty=51.9MB nativePss=1.1GB dalvikPss=4.4MB otherPss=1.9GB
  systemAvail=13.4GB systemThreshold=216.0MB lowMemory=false trimLevel=0 importance=125 fdCount=156
  procStatus VmRSS=3314616 kB VmHWM=3320404 kB VmSize=20987976 kB VmSwap=2308 kB Threads=32 FDSize=512
2026-05-28 06:42:21.236 pid=26376 [generation-start] id=38 config=Qwen3.5 2B MTP model=Qwen3.5-2B-Q8_0.gguf promptLen=1066 mediaCount=0
  javaUsed=6.4MB javaTotal=11.5MB javaMax=256.0MB nativeHeap=1.9GB nativeHeapFree=7.3MB nativeHeapSize=1.9GB
  pssTotal=3.0GB privateDirty=1.1GB sharedDirty=51.9MB nativePss=1.1GB dalvikPss=4.6MB otherPss=1.9GB
  systemAvail=13.4GB systemThreshold=216.0MB lowMemory=false trimLevel=0 importance=125 fdCount=156
  procStatus VmRSS=3314744 kB VmHWM=3320404 kB VmSize=20987976 kB VmSwap=2308 kB Threads=32 FDSize=512
2026-05-28 06:42:54.836 pid=26376 [generation-end] id=38 resultLen=25
  javaUsed=6.6MB javaTotal=11.5MB javaMax=256.0MB nativeHeap=1.9GB nativeHeapFree=7.3MB nativeHeapSize=1.9GB
  pssTotal=3.0GB privateDirty=1.1GB sharedDirty=51.9MB nativePss=1.1GB dalvikPss=4.6MB otherPss=1.9GB
  systemAvail=13.4GB systemThreshold=216.0MB lowMemory=false trimLevel=0 importance=125 fdCount=156
  procStatus VmRSS=3314868 kB VmHWM=3320404 kB VmSize=20987976 kB VmSwap=2308 kB Threads=32 FDSize=512
2026-05-28 06:42:55.587 pid=26376 [model-load] Loading configuration: Qwen3.5 2B MTP
2026-05-28 06:42:55.587 pid=26376 [model-load-skip] config=Qwen3.5 2B MTP model already loaded
  javaUsed=6.7MB javaTotal=11.5MB javaMax=256.0MB nativeHeap=1.9GB nativeHeapFree=7.3MB nativeHeapSize=1.9GB
  pssTotal=3.0GB privateDirty=1.1GB sharedDirty=51.9MB nativePss=1.1GB dalvikPss=4.8MB otherPss=1.9GB
  systemAvail=13.4GB systemThreshold=216.0MB lowMemory=false trimLevel=0 importance=125 fdCount=156
  procStatus VmRSS=3314868 kB VmHWM=3320404 kB VmSize=20987976 kB VmSwap=2308 kB Threads=32 FDSize=512
2026-05-28 06:42:55.719 pid=26376 [generation-start] id=39 config=Qwen3.5 2B MTP model=Qwen3.5-2B-Q8_0.gguf promptLen=1051 mediaCount=0
  javaUsed=7.0MB javaTotal=11.5MB javaMax=256.0MB nativeHeap=1.9GB nativeHeapFree=7.3MB nativeHeapSize=1.9GB
  pssTotal=3.0GB privateDirty=1.1GB sharedDirty=51.9MB nativePss=1.1GB dalvikPss=5.0MB otherPss=1.9GB
  systemAvail=13.4GB systemThreshold=216.0MB lowMemory=false trimLevel=0 importance=125 fdCount=156
  procStatus VmRSS=3314996 kB VmHWM=3320404 kB VmSize=20987976 kB VmSwap=2308 kB Threads=32 FDSize=512
2026-05-28 06:43:30.216 pid=26376 [generation-end] id=39 resultLen=59
  javaUsed=7.1MB javaTotal=11.5MB javaMax=256.0MB nativeHeap=1.9GB nativeHeapFree=7.3MB nativeHeapSize=1.9GB
  pssTotal=3.0GB privateDirty=1.1GB sharedDirty=51.9MB nativePss=1.1GB dalvikPss=5.1MB otherPss=1.9GB
  systemAvail=13.4GB systemThreshold=216.0MB lowMemory=false trimLevel=0 importance=125 fdCount=156
  procStatus VmRSS=3315368 kB VmHWM=3320404 kB VmSize=20987976 kB VmSwap=2308 kB Threads=32 FDSize=512
2026-05-28 06:43:30.848 pid=26376 [model-load] Loading configuration: Qwen3.5 2B MTP
2026-05-28 06:43:30.848 pid=26376 [model-load-skip] config=Qwen3.5 2B MTP model already loaded
  javaUsed=7.3MB javaTotal=11.5MB javaMax=256.0MB nativeHeap=1.9GB nativeHeapFree=7.3MB nativeHeapSize=1.9GB
  pssTotal=3.0GB privateDirty=1.1GB sharedDirty=51.9MB nativePss=1.1GB dalvikPss=5.2MB otherPss=1.9GB
  systemAvail=13.4GB systemThreshold=216.0MB lowMemory=false trimLevel=0 importance=125 fdCount=156
  procStatus VmRSS=3315496 kB VmHWM=3320404 kB VmSize=20987976 kB VmSwap=2308 kB Threads=32 FDSize=512
2026-05-28 06:43:30.992 pid=26376 [generation-start] id=40 config=Qwen3.5 2B MTP model=Qwen3.5-2B-Q8_0.gguf promptLen=1063 mediaCount=0
  javaUsed=7.5MB javaTotal=11.5MB javaMax=256.0MB nativeHeap=1.9GB nativeHeapFree=7.3MB nativeHeapSize=1.9GB
  pssTotal=3.0GB privateDirty=1.1GB sharedDirty=51.9MB nativePss=1.1GB dalvikPss=5.4MB otherPss=1.9GB
  systemAvail=13.4GB systemThreshold=216.0MB lowMemory=false trimLevel=0 importance=125 fdCount=156
  procStatus VmRSS=3315624 kB VmHWM=3320404 kB VmSize=20987976 kB VmSwap=2308 kB Threads=32 FDSize=512
2026-05-28 06:44:07.446 pid=26376 [generation-end] id=40 resultLen=118
  javaUsed=7.6MB javaTotal=11.5MB javaMax=256.0MB nativeHeap=1.9GB nativeHeapFree=7.3MB nativeHeapSize=1.9GB
  pssTotal=3.0GB privateDirty=1.1GB sharedDirty=51.9MB nativePss=1.1GB dalvikPss=5.5MB otherPss=1.9GB
  systemAvail=13.5GB systemThreshold=216.0MB lowMemory=false trimLevel=0 importance=125 fdCount=156
  procStatus VmRSS=3315996 kB VmHWM=3320404 kB VmSize=20987976 kB VmSwap=2308 kB Threads=32 FDSize=512
2026-05-28 06:44:08.070 pid=26376 [model-load] Loading configuration: Qwen3.5 2B MTP
2026-05-28 06:44:08.071 pid=26376 [model-load-skip] config=Qwen3.5 2B MTP model already loaded
  javaUsed=7.8MB javaTotal=11.5MB javaMax=256.0MB nativeHeap=1.9GB nativeHeapFree=7.3MB nativeHeapSize=1.9GB
  pssTotal=3.0GB privateDirty=1.1GB sharedDirty=51.9MB nativePss=1.1GB dalvikPss=5.7MB otherPss=1.9GB
  systemAvail=13.5GB systemThreshold=216.0MB lowMemory=false trimLevel=0 importance=125 fdCount=156
  procStatus VmRSS=3316124 kB VmHWM=3320404 kB VmSize=20987976 kB VmSwap=2308 kB Threads=32 FDSize=512
2026-05-28 06:44:08.158 pid=26376 [generation-start] id=41 config=Qwen3.5 2B MTP model=Qwen3.5-2B-Q8_0.gguf promptLen=1048 mediaCount=0
  javaUsed=8.0MB javaTotal=11.5MB javaMax=256.0MB nativeHeap=1.9GB nativeHeapFree=7.3MB nativeHeapSize=1.9GB
  pssTotal=3.0GB privateDirty=1.1GB sharedDirty=51.9MB nativePss=1.1GB dalvikPss=5.8MB otherPss=1.9GB
  systemAvail=13.5GB systemThreshold=216.0MB lowMemory=false trimLevel=0 importance=125 fdCount=156
  procStatus VmRSS=3316124 kB VmHWM=3320404 kB VmSize=20987976 kB VmSwap=2308 kB Threads=32 FDSize=512
2026-05-28 06:44:40.239 pid=26376 [generation-end] id=41 resultLen=65
  javaUsed=8.1MB javaTotal=11.5MB javaMax=256.0MB nativeHeap=1.9GB nativeHeapFree=7.3MB nativeHeapSize=1.9GB
  pssTotal=3.0GB privateDirty=1.1GB sharedDirty=51.9MB nativePss=1.1GB dalvikPss=5.9MB otherPss=1.9GB
  systemAvail=13.4GB systemThreshold=216.0MB lowMemory=false trimLevel=0 importance=125 fdCount=156
  procStatus VmRSS=3316228 kB VmHWM=3320404 kB VmSize=20987976 kB VmSwap=2308 kB Threads=32 FDSize=512
2026-05-28 06:44:40.810 pid=26376 [model-load] Loading configuration: Qwen3.5 2B MTP
2026-05-28 06:44:40.811 pid=26376 [model-load-skip] config=Qwen3.5 2B MTP model already loaded
  javaUsed=8.3MB javaTotal=11.5MB javaMax=256.0MB nativeHeap=1.9GB nativeHeapFree=7.3MB nativeHeapSize=1.9GB
  pssTotal=3.0GB privateDirty=1.1GB sharedDirty=51.9MB nativePss=1.1GB dalvikPss=6.1MB otherPss=1.9GB
  systemAvail=13.4GB systemThreshold=216.0MB lowMemory=false trimLevel=0 importance=125 fdCount=156
  procStatus VmRSS=3316228 kB VmHWM=3320404 kB VmSize=20987976 kB VmSwap=2308 kB Threads=32 FDSize=512
2026-05-28 06:44:40.950 pid=26376 [generation-start] id=42 config=Qwen3.5 2B MTP model=Qwen3.5-2B-Q8_0.gguf promptLen=1057 mediaCount=0
  javaUsed=8.5MB javaTotal=11.5MB javaMax=256.0MB nativeHeap=1.9GB nativeHeapFree=7.3MB nativeHeapSize=1.9GB
  pssTotal=3.0GB privateDirty=1.1GB sharedDirty=51.9MB nativePss=1.1GB dalvikPss=6.2MB otherPss=1.9GB
  systemAvail=13.4GB systemThreshold=216.0MB lowMemory=false trimLevel=0 importance=125 fdCount=156
  procStatus VmRSS=3316484 kB VmHWM=3320404 kB VmSize=20987976 kB VmSwap=2308 kB Threads=32 FDSize=512
2026-05-28 06:45:14.542 pid=26376 [generation-end] id=42 resultLen=35
  javaUsed=8.6MB javaTotal=11.5MB javaMax=256.0MB nativeHeap=1.9GB nativeHeapFree=7.3MB nativeHeapSize=1.9GB
  pssTotal=3.0GB privateDirty=1.1GB sharedDirty=51.9MB nativePss=1.1GB dalvikPss=6.3MB otherPss=1.9GB
  systemAvail=13.4GB systemThreshold=216.0MB lowMemory=false trimLevel=0 importance=125 fdCount=156
  procStatus VmRSS=3316740 kB VmHWM=3320404 kB VmSize=20987976 kB VmSwap=2308 kB Threads=32 FDSize=512
2026-05-28 06:45:15.390 pid=26376 [model-load] Loading configuration: Qwen3.5 2B MTP
2026-05-28 06:45:15.391 pid=26376 [model-load-skip] config=Qwen3.5 2B MTP model already loaded
  javaUsed=8.8MB javaTotal=11.5MB javaMax=256.0MB nativeHeap=1.9GB nativeHeapFree=7.2MB nativeHeapSize=1.9GB
  pssTotal=3.0GB privateDirty=1.1GB sharedDirty=51.9MB nativePss=1.1GB dalvikPss=6.5MB otherPss=1.9GB
  systemAvail=13.4GB systemThreshold=216.0MB lowMemory=false trimLevel=0 importance=125 fdCount=156
  procStatus VmRSS=3316868 kB VmHWM=3320404 kB VmSize=20987976 kB VmSwap=2308 kB Threads=32 FDSize=512
2026-05-28 06:45:15.479 pid=26376 [generation-start] id=43 config=Qwen3.5 2B MTP model=Qwen3.5-2B-Q8_0.gguf promptLen=1042 mediaCount=0
  javaUsed=9.1MB javaTotal=11.5MB javaMax=256.0MB nativeHeap=1.9GB nativeHeapFree=7.2MB nativeHeapSize=1.9GB
  pssTotal=3.0GB privateDirty=1.1GB sharedDirty=51.9MB nativePss=1.1GB dalvikPss=6.7MB otherPss=1.9GB
  systemAvail=13.4GB systemThreshold=216.0MB lowMemory=false trimLevel=0 importance=125 fdCount=156
  procStatus VmRSS=3316996 kB VmHWM=3320404 kB VmSize=20987976 kB VmSwap=2308 kB Threads=32 FDSize=512
2026-05-28 06:45:51.286 pid=26376 [generation-end] id=43 resultLen=72
  javaUsed=9.1MB javaTotal=11.5MB javaMax=256.0MB nativeHeap=1.9GB nativeHeapFree=7.2MB nativeHeapSize=1.9GB
  pssTotal=3.0GB privateDirty=1.1GB sharedDirty=51.9MB nativePss=1.1GB dalvikPss=6.7MB otherPss=1.9GB
  systemAvail=13.3GB systemThreshold=216.0MB lowMemory=false trimLevel=0 importance=125 fdCount=156
  procStatus VmRSS=3317244 kB VmHWM=3320404 kB VmSize=20987976 kB VmSwap=2308 kB Threads=32 FDSize=512
2026-05-28 06:45:52.038 pid=26376 [model-load] Loading configuration: Qwen3.5 2B MTP
2026-05-28 06:45:52.039 pid=26376 [model-load-skip] config=Qwen3.5 2B MTP model already loaded
  javaUsed=9.4MB javaTotal=11.5MB javaMax=256.0MB nativeHeap=1.9GB nativeHeapFree=7.2MB nativeHeapSize=1.9GB
  pssTotal=3.0GB privateDirty=1.1GB sharedDirty=51.9MB nativePss=1.1GB dalvikPss=6.9MB otherPss=1.9GB
  systemAvail=13.3GB systemThreshold=216.0MB lowMemory=false trimLevel=0 importance=125 fdCount=156
  procStatus VmRSS=3317244 kB VmHWM=3320404 kB VmSize=20987976 kB VmSwap=2308 kB Threads=32 FDSize=512
2026-05-28 06:45:52.130 pid=26376 [generation-start] id=44 config=Qwen3.5 2B MTP model=Qwen3.5-2B-Q8_0.gguf promptLen=1054 mediaCount=0
  javaUsed=9.6MB javaTotal=11.5MB javaMax=256.0MB nativeHeap=1.9GB nativeHeapFree=7.2MB nativeHeapSize=1.9GB
  pssTotal=3.0GB privateDirty=1.1GB sharedDirty=51.9MB nativePss=1.1GB dalvikPss=7.1MB otherPss=1.9GB
  systemAvail=13.3GB systemThreshold=216.0MB lowMemory=false trimLevel=0 importance=125 fdCount=156
  procStatus VmRSS=3317372 kB VmHWM=3320404 kB VmSize=20987976 kB VmSwap=2308 kB Threads=32 FDSize=512
2026-05-28 06:46:29.126 pid=26376 [generation-end] id=44 resultLen=83
  javaUsed=9.7MB javaTotal=11.5MB javaMax=256.0MB nativeHeap=1.9GB nativeHeapFree=7.2MB nativeHeapSize=1.9GB
  pssTotal=3.0GB privateDirty=1.1GB sharedDirty=51.9MB nativePss=1.1GB dalvikPss=7.2MB otherPss=1.9GB
  systemAvail=13.4GB systemThreshold=216.0MB lowMemory=false trimLevel=0 importance=125 fdCount=156
  procStatus VmRSS=3317752 kB VmHWM=3320404 kB VmSize=20987976 kB VmSwap=2308 kB Threads=32 FDSize=512
2026-05-28 06:46:29.758 pid=26376 [model-load] Loading configuration: Qwen3.5 2B MTP
2026-05-28 06:46:29.759 pid=26376 [model-load-skip] config=Qwen3.5 2B MTP model already loaded
  javaUsed=9.9MB javaTotal=11.5MB javaMax=256.0MB nativeHeap=1.9GB nativeHeapFree=7.2MB nativeHeapSize=1.9GB
  pssTotal=3.0GB privateDirty=1.1GB sharedDirty=51.9MB nativePss=1.1GB dalvikPss=7.3MB otherPss=1.9GB
  systemAvail=13.4GB systemThreshold=216.0MB lowMemory=false trimLevel=0 importance=125 fdCount=156
  procStatus VmRSS=3317880 kB VmHWM=3320404 kB VmSize=20987976 kB VmSwap=2308 kB Threads=32 FDSize=512
2026-05-28 06:46:29.845 pid=26376 [generation-start] id=45 config=Qwen3.5 2B MTP model=Qwen3.5-2B-Q8_0.gguf promptLen=1039 mediaCount=0
  javaUsed=10.1MB javaTotal=11.5MB javaMax=256.0MB nativeHeap=1.9GB nativeHeapFree=7.2MB nativeHeapSize=1.9GB
  pssTotal=3.0GB privateDirty=1.1GB sharedDirty=51.9MB nativePss=1.1GB dalvikPss=7.5MB otherPss=1.9GB
  systemAvail=13.4GB systemThreshold=216.0MB lowMemory=false trimLevel=0 importance=125 fdCount=156
  procStatus VmRSS=3318008 kB VmHWM=3320404 kB VmSize=20987976 kB VmSwap=2308 kB Threads=32 FDSize=512
2026-05-28 06:47:04.522 pid=26376 [generation-end] id=45 resultLen=62
  javaUsed=10.2MB javaTotal=11.5MB javaMax=256.0MB nativeHeap=1.9GB nativeHeapFree=7.2MB nativeHeapSize=1.9GB
  pssTotal=3.0GB privateDirty=1.1GB sharedDirty=51.9MB nativePss=1.1GB dalvikPss=7.6MB otherPss=1.9GB
  systemAvail=13.4GB systemThreshold=216.0MB lowMemory=false trimLevel=0 importance=125 fdCount=156
  procStatus VmRSS=3318004 kB VmHWM=3320404 kB VmSize=20987976 kB VmSwap=2308 kB Threads=32 FDSize=512
2026-05-28 06:47:05.376 pid=26376 [model-load] Loading configuration: Qwen3.5 2B MTP
2026-05-28 06:47:05.377 pid=26376 [model-load-skip] config=Qwen3.5 2B MTP model already loaded
  javaUsed=10.4MB javaTotal=11.5MB javaMax=256.0MB nativeHeap=1.9GB nativeHeapFree=7.2MB nativeHeapSize=1.9GB
  pssTotal=3.0GB privateDirty=1.1GB sharedDirty=51.9MB nativePss=1.1GB dalvikPss=7.8MB otherPss=1.9GB
  systemAvail=13.4GB systemThreshold=216.0MB lowMemory=false trimLevel=0 importance=125 fdCount=156
  procStatus VmRSS=3318260 kB VmHWM=3320404 kB VmSize=20987976 kB VmSwap=2308 kB Threads=32 FDSize=512
2026-05-28 06:47:05.466 pid=26376 [generation-start] id=46 config=Qwen3.5 2B MTP model=Qwen3.5-2B-Q8_0.gguf promptLen=1057 mediaCount=0
  javaUsed=10.6MB javaTotal=11.5MB javaMax=256.0MB nativeHeap=1.9GB nativeHeapFree=7.2MB nativeHeapSize=1.9GB
  pssTotal=3.0GB privateDirty=1.1GB sharedDirty=51.9MB nativePss=1.1GB dalvikPss=7.9MB otherPss=1.9GB
  systemAvail=13.4GB systemThreshold=216.0MB lowMemory=false trimLevel=0 importance=125 fdCount=156
  procStatus VmRSS=3318388 kB VmHWM=3320404 kB VmSize=20987976 kB VmSwap=2308 kB Threads=32 FDSize=512
2026-05-28 06:47:41.894 pid=26376 [generation-end] id=46 resultLen=74
  javaUsed=10.7MB javaTotal=11.5MB javaMax=256.0MB nativeHeap=1.9GB nativeHeapFree=7.2MB nativeHeapSize=1.9GB
  pssTotal=3.0GB privateDirty=1.1GB sharedDirty=51.9MB nativePss=1.1GB dalvikPss=8.0MB otherPss=1.9GB
  systemAvail=13.4GB systemThreshold=216.0MB lowMemory=false trimLevel=0 importance=125 fdCount=156
  procStatus VmRSS=3318512 kB VmHWM=3320404 kB VmSize=20987976 kB VmSwap=2308 kB Threads=32 FDSize=512
2026-05-28 06:47:42.024 pid=26376 [model-load] Loading configuration: Qwen3.5 2B MTP
2026-05-28 06:47:42.024 pid=26376 [model-load-skip] config=Qwen3.5 2B MTP model already loaded
  javaUsed=10.9MB javaTotal=11.5MB javaMax=256.0MB nativeHeap=1.9GB nativeHeapFree=7.2MB nativeHeapSize=1.9GB
  pssTotal=3.0GB privateDirty=1.1GB sharedDirty=51.9MB nativePss=1.1GB dalvikPss=8.2MB otherPss=1.9GB
  systemAvail=13.4GB systemThreshold=216.0MB lowMemory=false trimLevel=0 importance=125 fdCount=156
  procStatus VmRSS=3318512 kB VmHWM=3320404 kB VmSize=20987976 kB VmSwap=2308 kB Threads=32 FDSize=512
2026-05-28 06:47:42.159 pid=26376 [generation-start] id=47 config=Qwen3.5 2B MTP model=Qwen3.5-2B-Q8_0.gguf promptLen=1057 mediaCount=0
  javaUsed=11.1MB javaTotal=11.5MB javaMax=256.0MB nativeHeap=1.9GB nativeHeapFree=7.2MB nativeHeapSize=1.9GB
  pssTotal=3.0GB privateDirty=1.1GB sharedDirty=51.9MB nativePss=1.1GB dalvikPss=8.3MB otherPss=1.9GB
  systemAvail=13.4GB systemThreshold=216.0MB lowMemory=false trimLevel=0 importance=125 fdCount=156
  procStatus VmRSS=3318640 kB VmHWM=3320404 kB VmSize=20987976 kB VmSwap=2308 kB Threads=32 FDSize=512
2026-05-28 06:48:20.923 pid=26376 [generation-end] id=47 resultLen=116
  javaUsed=11.2MB javaTotal=11.5MB javaMax=256.0MB nativeHeap=1.9GB nativeHeapFree=7.2MB nativeHeapSize=1.9GB
  pssTotal=3.0GB privateDirty=1.1GB sharedDirty=51.9MB nativePss=1.1GB dalvikPss=8.4MB otherPss=1.9GB
  systemAvail=13.4GB systemThreshold=216.0MB lowMemory=false trimLevel=0 importance=125 fdCount=156
  procStatus VmRSS=3318880 kB VmHWM=3320404 kB VmSize=20987976 kB VmSwap=2308 kB Threads=32 FDSize=512
2026-05-28 06:48:21.772 pid=26376 [model-load] Loading configuration: Qwen3.5 2B MTP
2026-05-28 06:48:21.773 pid=26376 [model-load-skip] config=Qwen3.5 2B MTP model already loaded
  javaUsed=11.4MB javaTotal=11.5MB javaMax=256.0MB nativeHeap=1.9GB nativeHeapFree=7.2MB nativeHeapSize=1.9GB
  pssTotal=3.0GB privateDirty=1.1GB sharedDirty=51.9MB nativePss=1.1GB dalvikPss=8.6MB otherPss=1.9GB
  systemAvail=13.4GB systemThreshold=216.0MB lowMemory=false trimLevel=0 importance=125 fdCount=156
  procStatus VmRSS=3319008 kB VmHWM=3320404 kB VmSize=20987976 kB VmSwap=2308 kB Threads=32 FDSize=512
2026-05-28 06:48:21.862 pid=26376 [generation-start] id=48 config=Qwen3.5 2B MTP model=Qwen3.5-2B-Q8_0.gguf promptLen=1054 mediaCount=0
  javaUsed=11.6MB javaTotal=11.6MB javaMax=256.0MB nativeHeap=1.9GB nativeHeapFree=7.2MB nativeHeapSize=1.9GB
  pssTotal=3.0GB privateDirty=1.1GB sharedDirty=51.9MB nativePss=1.1GB dalvikPss=8.8MB otherPss=1.9GB
  systemAvail=13.4GB systemThreshold=216.0MB lowMemory=false trimLevel=0 importance=125 fdCount=156
  procStatus VmRSS=3312820 kB VmHWM=3321044 kB VmSize=20987976 kB VmSwap=2308 kB Threads=32 FDSize=512
2026-05-28 06:48:56.905 pid=26376 [generation-end] id=48 resultLen=95
  javaUsed=3.7MB javaTotal=11.5MB javaMax=256.0MB nativeHeap=1.9GB nativeHeapFree=7.4MB nativeHeapSize=1.9GB
  pssTotal=3.0GB privateDirty=1.1GB sharedDirty=51.9MB nativePss=1.1GB dalvikPss=2.4MB otherPss=1.9GB
  systemAvail=13.4GB systemThreshold=216.0MB lowMemory=false trimLevel=0 importance=125 fdCount=156
  procStatus VmRSS=3312936 kB VmHWM=3321044 kB VmSize=20987976 kB VmSwap=2308 kB Threads=32 FDSize=512
2026-05-28 06:48:57.536 pid=26376 [model-load] Loading configuration: Qwen3.5 2B MTP
2026-05-28 06:48:57.537 pid=26376 [model-load-skip] config=Qwen3.5 2B MTP model already loaded
  javaUsed=3.9MB javaTotal=11.5MB javaMax=256.0MB nativeHeap=1.9GB nativeHeapFree=7.4MB nativeHeapSize=1.9GB
  pssTotal=3.0GB privateDirty=1.1GB sharedDirty=51.9MB nativePss=1.1GB dalvikPss=2.6MB otherPss=1.9GB
  systemAvail=13.4GB systemThreshold=216.0MB lowMemory=false trimLevel=0 importance=125 fdCount=156
  procStatus VmRSS=3312936 kB VmHWM=3321044 kB VmSize=20987976 kB VmSwap=2308 kB Threads=32 FDSize=512
2026-05-28 06:48:57.625 pid=26376 [generation-start] id=49 config=Qwen3.5 2B MTP model=Qwen3.5-2B-Q8_0.gguf promptLen=1057 mediaCount=0
  javaUsed=4.1MB javaTotal=11.5MB javaMax=256.0MB nativeHeap=1.9GB nativeHeapFree=7.4MB nativeHeapSize=1.9GB
  pssTotal=3.0GB privateDirty=1.1GB sharedDirty=51.9MB nativePss=1.1GB dalvikPss=2.7MB otherPss=1.9GB
  systemAvail=13.4GB systemThreshold=216.0MB lowMemory=false trimLevel=0 importance=125 fdCount=156
  procStatus VmRSS=3313064 kB VmHWM=3321044 kB VmSize=20987976 kB VmSwap=2308 kB Threads=32 FDSize=512
2026-05-28 06:49:32.458 pid=26376 [generation-end] id=49 resultLen=92
  javaUsed=4.2MB javaTotal=11.5MB javaMax=256.0MB nativeHeap=1.9GB nativeHeapFree=7.4MB nativeHeapSize=1.9GB
  pssTotal=3.0GB privateDirty=1.1GB sharedDirty=51.9MB nativePss=1.1GB dalvikPss=2.8MB otherPss=1.9GB
  systemAvail=13.4GB systemThreshold=216.0MB lowMemory=false trimLevel=0 importance=125 fdCount=156
  procStatus VmRSS=3313312 kB VmHWM=3321044 kB VmSize=20987976 kB VmSwap=2308 kB Threads=32 FDSize=512
2026-05-28 06:49:32.587 pid=26376 [model-load] Loading configuration: Qwen3.5 2B MTP
2026-05-28 06:49:32.588 pid=26376 [model-load-skip] config=Qwen3.5 2B MTP model already loaded
  javaUsed=4.5MB javaTotal=11.5MB javaMax=256.0MB nativeHeap=1.9GB nativeHeapFree=7.4MB nativeHeapSize=1.9GB
  pssTotal=3.0GB privateDirty=1.1GB sharedDirty=51.9MB nativePss=1.1GB dalvikPss=3.0MB otherPss=1.9GB
  systemAvail=13.4GB systemThreshold=216.0MB lowMemory=false trimLevel=0 importance=125 fdCount=156
  procStatus VmRSS=3313440 kB VmHWM=3321044 kB VmSize=20987976 kB VmSwap=2308 kB Threads=32 FDSize=512
2026-05-28 06:49:32.719 pid=26376 [generation-start] id=50 config=Qwen3.5 2B MTP model=Qwen3.5-2B-Q8_0.gguf promptLen=1057 mediaCount=0
  javaUsed=4.7MB javaTotal=11.5MB javaMax=256.0MB nativeHeap=1.9GB nativeHeapFree=7.4MB nativeHeapSize=1.9GB
  pssTotal=3.0GB privateDirty=1.1GB sharedDirty=51.9MB nativePss=1.1GB dalvikPss=3.2MB otherPss=1.9GB
  systemAvail=13.4GB systemThreshold=216.0MB lowMemory=false trimLevel=0 importance=125 fdCount=156
  procStatus VmRSS=3313440 kB VmHWM=3321044 kB VmSize=20987976 kB VmSwap=2308 kB Threads=32 FDSize=512
2026-05-28 06:50:12.783 pid=26376 [generation-end] id=50 resultLen=180
  javaUsed=4.7MB javaTotal=11.5MB javaMax=256.0MB nativeHeap=1.9GB nativeHeapFree=7.4MB nativeHeapSize=1.9GB
  pssTotal=3.0GB privateDirty=1.1GB sharedDirty=51.9MB nativePss=1.1GB dalvikPss=3.2MB otherPss=1.9GB
  systemAvail=13.4GB systemThreshold=216.0MB lowMemory=false trimLevel=0 importance=125 fdCount=156
  procStatus VmRSS=3313812 kB VmHWM=3321044 kB VmSize=20987976 kB VmSwap=2308 kB Threads=32 FDSize=512
2026-05-28 06:50:13.530 pid=26376 [model-load] Loading configuration: Qwen3.5 2B MTP
2026-05-28 06:50:13.531 pid=26376 [model-load-skip] config=Qwen3.5 2B MTP model already loaded
  javaUsed=5.0MB javaTotal=11.5MB javaMax=256.0MB nativeHeap=1.9GB nativeHeapFree=7.3MB nativeHeapSize=1.9GB
  pssTotal=3.0GB privateDirty=1.1GB sharedDirty=51.9MB nativePss=1.1GB dalvikPss=3.4MB otherPss=1.9GB
  systemAvail=13.4GB systemThreshold=216.0MB lowMemory=false trimLevel=0 importance=125 fdCount=156
  procStatus VmRSS=3313812 kB VmHWM=3321044 kB VmSize=20987976 kB VmSwap=2308 kB Threads=32 FDSize=512
2026-05-28 06:50:13.619 pid=26376 [generation-start] id=51 config=Qwen3.5 2B MTP model=Qwen3.5-2B-Q8_0.gguf promptLen=1051 mediaCount=0
  javaUsed=5.2MB javaTotal=11.5MB javaMax=256.0MB nativeHeap=1.9GB nativeHeapFree=7.3MB nativeHeapSize=1.9GB
  pssTotal=3.0GB privateDirty=1.1GB sharedDirty=51.9MB nativePss=1.1GB dalvikPss=3.6MB otherPss=1.9GB
  systemAvail=13.4GB systemThreshold=216.0MB lowMemory=false trimLevel=0 importance=125 fdCount=156
  procStatus VmRSS=3313940 kB VmHWM=3321044 kB VmSize=20987976 kB VmSwap=2308 kB Threads=32 FDSize=512
2026-05-28 08:11:11.268 pid=7968 [app] Application created
2026-05-28 08:11:11.268 pid=7968 [app-start] Application onCreate
  javaUsed=32.1MB javaTotal=256.0MB javaMax=256.0MB nativeHeap=6.7MB nativeHeapFree=1.8MB nativeHeapSize=12.8MB
  pssTotal=10.9MB privateDirty=4.6MB sharedDirty=53.0MB nativePss=2.1MB dalvikPss=845.0KB otherPss=7.2MB
  systemAvail=14.0GB systemThreshold=216.0MB lowMemory=false trimLevel=0 importance=100 fdCount=113
  procStatus VmRSS=120916 kB VmHWM=120916 kB VmSize=16971068 kB VmSwap=7512 kB Threads=13 FDSize=128
2026-05-28 08:11:23.137 pid=7968 [model-load] Loading configuration: Qwen3.5 2B MTP
2026-05-28 08:11:23.138 pid=7968 [runtime-memory] Before model load model=Qwen3.5-2B-Q8_0.gguf
  javaUsed=2.8MB javaTotal=10.5MB javaMax=256.0MB nativeHeap=12.3MB nativeHeapFree=4.0MB nativeHeapSize=19.9MB
  pssTotal=22.8MB privateDirty=16.2MB sharedDirty=51.9MB nativePss=10.7MB dalvikPss=1.4MB otherPss=10.7MB
  systemAvail=14.0GB systemThreshold=216.0MB lowMemory=false trimLevel=0 importance=125 fdCount=151
  procStatus VmRSS=174304 kB VmHWM=176408 kB VmSize=17032064 kB VmSwap=2416 kB Threads=30 FDSize=256
2026-05-28 08:11:23.184 pid=7968 [runtime-memory] After model load cleanup model=Qwen3.5-2B-Q8_0.gguf
  javaUsed=2.5MB javaTotal=10.5MB javaMax=256.0MB nativeHeap=12.3MB nativeHeapFree=4.0MB nativeHeapSize=19.9MB
  pssTotal=22.5MB privateDirty=15.9MB sharedDirty=51.9MB nativePss=10.5MB dalvikPss=1.3MB otherPss=10.7MB
  systemAvail=14.0GB systemThreshold=216.0MB lowMemory=false trimLevel=0 importance=125 fdCount=151
  procStatus VmRSS=174224 kB VmHWM=176408 kB VmSize=17032064 kB VmSwap=2416 kB Threads=30 FDSize=256
2026-05-28 08:11:25.440 pid=7968 [model-load-complete] config=Qwen3.5 2B MTP model=Qwen3.5-2B-Q8_0.gguf mmproj=mmproj-F16.gguf
  javaUsed=2.6MB javaTotal=10.5MB javaMax=256.0MB nativeHeap=1.9GB nativeHeapFree=6.4MB nativeHeapSize=1.9GB
  pssTotal=3.0GB privateDirty=1.1GB sharedDirty=51.9MB nativePss=1.1GB dalvikPss=1.3MB otherPss=1.9GB
  systemAvail=13.0GB systemThreshold=216.0MB lowMemory=false trimLevel=0 importance=125 fdCount=151
  procStatus VmRSS=3293240 kB VmHWM=3328540 kB VmSize=20972332 kB VmSwap=2416 kB Threads=30 FDSize=256
2026-05-28 08:11:25.548 pid=7968 [generation-start] id=1 config=Qwen3.5 2B MTP model=Qwen3.5-2B-Q8_0.gguf promptLen=1045 mediaCount=0
  javaUsed=2.9MB javaTotal=10.5MB javaMax=256.0MB nativeHeap=1.9GB nativeHeapFree=6.4MB nativeHeapSize=1.9GB
  pssTotal=3.0GB privateDirty=1.1GB sharedDirty=51.9MB nativePss=1.1GB dalvikPss=1.5MB otherPss=1.9GB
  systemAvail=13.1GB systemThreshold=216.0MB lowMemory=false trimLevel=0 importance=125 fdCount=151
  procStatus VmRSS=3293368 kB VmHWM=3328540 kB VmSize=20972332 kB VmSwap=2416 kB Threads=30 FDSize=256
2026-05-28 08:11:25.647 pid=7968 [generation-stage] id=1 stage=native-call-start
2026-05-28 08:11:50.672 pid=7968 [generation-stage] id=1 stage=native-call-end resultLen=68
2026-05-28 08:11:50.672 pid=7968 [generation-end] id=1 resultLen=68
  javaUsed=3.0MB javaTotal=10.5MB javaMax=256.0MB nativeHeap=1.9GB nativeHeapFree=6.3MB nativeHeapSize=1.9GB
  pssTotal=3.0GB privateDirty=1.1GB sharedDirty=51.9MB nativePss=1.1GB dalvikPss=1.6MB otherPss=1.9GB
  systemAvail=13.0GB systemThreshold=216.0MB lowMemory=false trimLevel=0 importance=125 fdCount=151
  procStatus VmRSS=3299424 kB VmHWM=3328540 kB VmSize=20976416 kB VmSwap=2416 kB Threads=30 FDSize=256
2026-05-28 08:11:51.236 pid=7968 [model-load] Loading configuration: Qwen3.5 2B MTP
2026-05-28 08:11:51.237 pid=7968 [model-load-skip] config=Qwen3.5 2B MTP model already loaded
  javaUsed=3.3MB javaTotal=10.5MB javaMax=256.0MB nativeHeap=1.9GB nativeHeapFree=6.3MB nativeHeapSize=1.9GB
  pssTotal=3.0GB privateDirty=1.1GB sharedDirty=51.9MB nativePss=1.1GB dalvikPss=1.8MB otherPss=1.9GB
  systemAvail=12.9GB systemThreshold=216.0MB lowMemory=false trimLevel=0 importance=125 fdCount=151
  procStatus VmRSS=3299552 kB VmHWM=3328540 kB VmSize=20976416 kB VmSwap=2416 kB Threads=30 FDSize=256
2026-05-28 08:11:51.316 pid=7968 [generation-start] id=2 config=Qwen3.5 2B MTP model=Qwen3.5-2B-Q8_0.gguf promptLen=1042 mediaCount=0
  javaUsed=3.5MB javaTotal=10.5MB javaMax=256.0MB nativeHeap=1.9GB nativeHeapFree=6.3MB nativeHeapSize=1.9GB
  pssTotal=3.0GB privateDirty=1.1GB sharedDirty=51.9MB nativePss=1.1GB dalvikPss=2.0MB otherPss=1.9GB
  systemAvail=12.9GB systemThreshold=216.0MB lowMemory=false trimLevel=0 importance=125 fdCount=151
  procStatus VmRSS=3299680 kB VmHWM=3328540 kB VmSize=20976416 kB VmSwap=2416 kB Threads=30 FDSize=256
2026-05-28 08:11:51.387 pid=7968 [generation-stage] id=2 stage=native-call-start
2026-05-28 08:12:13.175 pid=7968 [generation-stage] id=2 stage=native-call-end resultLen=155
2026-05-28 08:12:13.176 pid=7968 [generation-end] id=2 resultLen=155
  javaUsed=2.6MB javaTotal=10.5MB javaMax=256.0MB nativeHeap=1.9GB nativeHeapFree=6.4MB nativeHeapSize=1.9GB
  pssTotal=3.0GB privateDirty=1.1GB sharedDirty=51.9MB nativePss=1.1GB dalvikPss=1.3MB otherPss=1.9GB
  systemAvail=12.9GB systemThreshold=216.0MB lowMemory=false trimLevel=0 importance=125 fdCount=151
  procStatus VmRSS=3299076 kB VmHWM=3328540 kB VmSize=20958864 kB VmSwap=2416 kB Threads=29 FDSize=256
2026-05-28 08:12:13.727 pid=7968 [model-load] Loading configuration: Qwen3.5 2B MTP
2026-05-28 08:12:13.728 pid=7968 [model-load-skip] config=Qwen3.5 2B MTP model already loaded
  javaUsed=2.9MB javaTotal=10.5MB javaMax=256.0MB nativeHeap=1.9GB nativeHeapFree=6.4MB nativeHeapSize=1.9GB
  pssTotal=3.0GB privateDirty=1.1GB sharedDirty=51.9MB nativePss=1.1GB dalvikPss=1.5MB otherPss=1.9GB
  systemAvail=12.9GB systemThreshold=216.0MB lowMemory=false trimLevel=0 importance=125 fdCount=151
  procStatus VmRSS=3299204 kB VmHWM=3328540 kB VmSize=20958864 kB VmSwap=2416 kB Threads=29 FDSize=256
2026-05-28 08:12:13.823 pid=7968 [generation-start] id=3 config=Qwen3.5 2B MTP model=Qwen3.5-2B-Q8_0.gguf promptLen=1048 mediaCount=0
  javaUsed=3.1MB javaTotal=10.5MB javaMax=256.0MB nativeHeap=1.9GB nativeHeapFree=6.4MB nativeHeapSize=1.9GB
  pssTotal=3.0GB privateDirty=1.1GB sharedDirty=51.9MB nativePss=1.1GB dalvikPss=1.7MB otherPss=1.9GB
  systemAvail=12.9GB systemThreshold=216.0MB lowMemory=false trimLevel=0 importance=125 fdCount=151
  procStatus VmRSS=3299332 kB VmHWM=3328540 kB VmSize=20958864 kB VmSwap=2416 kB Threads=29 FDSize=256
2026-05-28 08:12:13.892 pid=7968 [generation-stage] id=3 stage=native-call-start
2026-05-28 08:12:36.882 pid=7968 [generation-stage] id=3 stage=native-call-end resultLen=71
2026-05-28 08:12:36.882 pid=7968 [generation-end] id=3 resultLen=71
  javaUsed=3.2MB javaTotal=10.5MB javaMax=256.0MB nativeHeap=1.9GB nativeHeapFree=6.4MB nativeHeapSize=1.9GB
  pssTotal=3.0GB privateDirty=1.1GB sharedDirty=51.9MB nativePss=1.1GB dalvikPss=1.8MB otherPss=1.9GB
  systemAvail=12.9GB systemThreshold=216.0MB lowMemory=false trimLevel=0 importance=125 fdCount=151
  procStatus VmRSS=3299708 kB VmHWM=3328540 kB VmSize=20958864 kB VmSwap=2416 kB Threads=29 FDSize=256
2026-05-28 08:12:37.492 pid=7968 [model-load] Loading configuration: Qwen3.5 2B MTP
2026-05-28 08:12:37.493 pid=7968 [model-load-skip] config=Qwen3.5 2B MTP model already loaded
  javaUsed=3.5MB javaTotal=10.5MB javaMax=256.0MB nativeHeap=1.9GB nativeHeapFree=6.4MB nativeHeapSize=1.9GB
  pssTotal=3.0GB privateDirty=1.1GB sharedDirty=51.9MB nativePss=1.1GB dalvikPss=1.9MB otherPss=1.9GB
  systemAvail=12.9GB systemThreshold=216.0MB lowMemory=false trimLevel=0 importance=125 fdCount=151
  procStatus VmRSS=3299836 kB VmHWM=3328540 kB VmSize=20958864 kB VmSwap=2416 kB Threads=29 FDSize=256
2026-05-28 08:12:37.595 pid=7968 [generation-start] id=4 config=Qwen3.5 2B MTP model=Qwen3.5-2B-Q8_0.gguf promptLen=1048 mediaCount=0
  javaUsed=3.7MB javaTotal=10.5MB javaMax=256.0MB nativeHeap=1.9GB nativeHeapFree=6.4MB nativeHeapSize=1.9GB
  pssTotal=3.0GB privateDirty=1.1GB sharedDirty=51.9MB nativePss=1.1GB dalvikPss=2.1MB otherPss=1.9GB
  systemAvail=12.9GB systemThreshold=216.0MB lowMemory=false trimLevel=0 importance=125 fdCount=151
  procStatus VmRSS=3299964 kB VmHWM=3328540 kB VmSize=20958864 kB VmSwap=2416 kB Threads=29 FDSize=256
2026-05-28 08:12:37.690 pid=7968 [generation-stage] id=4 stage=native-call-start
2026-05-28 08:13:04.480 pid=7968 [generation-stage] id=4 stage=native-call-end resultLen=52
2026-05-28 08:13:04.481 pid=7968 [generation-end] id=4 resultLen=52
  javaUsed=3.8MB javaTotal=10.5MB javaMax=256.0MB nativeHeap=1.9GB nativeHeapFree=6.4MB nativeHeapSize=1.9GB
  pssTotal=3.0GB privateDirty=1.1GB sharedDirty=51.9MB nativePss=1.1GB dalvikPss=2.2MB otherPss=1.9GB
  systemAvail=12.8GB systemThreshold=216.0MB lowMemory=false trimLevel=0 importance=125 fdCount=151
  procStatus VmRSS=3300212 kB VmHWM=3300348 kB VmSize=20958864 kB VmSwap=2416 kB Threads=29 FDSize=256
2026-05-28 08:13:05.183 pid=7968 [model-load] Loading configuration: Qwen3.5 2B MTP
2026-05-28 08:13:05.184 pid=7968 [model-load-skip] config=Qwen3.5 2B MTP model already loaded
  javaUsed=4.0MB javaTotal=10.5MB javaMax=256.0MB nativeHeap=1.9GB nativeHeapFree=6.4MB nativeHeapSize=1.9GB
  pssTotal=3.0GB privateDirty=1.1GB sharedDirty=51.9MB nativePss=1.1GB dalvikPss=2.4MB otherPss=1.9GB
  systemAvail=12.8GB systemThreshold=216.0MB lowMemory=false trimLevel=0 importance=125 fdCount=151
  procStatus VmRSS=3300212 kB VmHWM=3300348 kB VmSize=20958864 kB VmSwap=2416 kB Threads=29 FDSize=256
2026-05-28 08:13:05.312 pid=7968 [generation-start] id=5 config=Qwen3.5 2B MTP model=Qwen3.5-2B-Q8_0.gguf promptLen=1051 mediaCount=0
  javaUsed=4.2MB javaTotal=10.5MB javaMax=256.0MB nativeHeap=1.9GB nativeHeapFree=6.4MB nativeHeapSize=1.9GB
  pssTotal=3.0GB privateDirty=1.1GB sharedDirty=51.9MB nativePss=1.1GB dalvikPss=2.6MB otherPss=1.9GB
  systemAvail=12.8GB systemThreshold=216.0MB lowMemory=false trimLevel=0 importance=125 fdCount=151
  procStatus VmRSS=3300468 kB VmHWM=3300468 kB VmSize=20958864 kB VmSwap=2416 kB Threads=29 FDSize=256
2026-05-28 08:13:05.434 pid=7968 [generation-stage] id=5 stage=native-call-start
2026-05-28 08:13:31.397 pid=7968 [generation-stage] id=5 stage=native-call-end resultLen=33
2026-05-28 08:13:31.398 pid=7968 [generation-end] id=5 resultLen=33
  javaUsed=4.4MB javaTotal=10.5MB javaMax=256.0MB nativeHeap=1.9GB nativeHeapFree=6.4MB nativeHeapSize=1.9GB
  pssTotal=3.0GB privateDirty=1.1GB sharedDirty=51.9MB nativePss=1.1GB dalvikPss=2.7MB otherPss=1.9GB
  systemAvail=12.8GB systemThreshold=216.0MB lowMemory=false trimLevel=0 importance=125 fdCount=151
  procStatus VmRSS=3300724 kB VmHWM=3300724 kB VmSize=20958864 kB VmSwap=2416 kB Threads=29 FDSize=256
2026-05-28 08:13:31.954 pid=7968 [model-load] Loading configuration: Qwen3.5 2B MTP
2026-05-28 08:13:31.955 pid=7968 [model-load-skip] config=Qwen3.5 2B MTP model already loaded
  javaUsed=4.6MB javaTotal=10.5MB javaMax=256.0MB nativeHeap=1.9GB nativeHeapFree=6.4MB nativeHeapSize=1.9GB
  pssTotal=3.0GB privateDirty=1.1GB sharedDirty=51.9MB nativePss=1.1GB dalvikPss=2.9MB otherPss=1.9GB
  systemAvail=12.8GB systemThreshold=216.0MB lowMemory=false trimLevel=0 importance=125 fdCount=151
  procStatus VmRSS=3300852 kB VmHWM=3300852 kB VmSize=20958864 kB VmSwap=2416 kB Threads=29 FDSize=256
2026-05-28 08:13:32.085 pid=7968 [generation-start] id=6 config=Qwen3.5 2B MTP model=Qwen3.5-2B-Q8_0.gguf promptLen=1051 mediaCount=0
  javaUsed=4.8MB javaTotal=10.5MB javaMax=256.0MB nativeHeap=1.9GB nativeHeapFree=6.3MB nativeHeapSize=1.9GB
  pssTotal=3.0GB privateDirty=1.1GB sharedDirty=51.9MB nativePss=1.1GB dalvikPss=3.0MB otherPss=1.9GB
  systemAvail=12.8GB systemThreshold=216.0MB lowMemory=false trimLevel=0 importance=125 fdCount=151
  procStatus VmRSS=3300980 kB VmHWM=3300980 kB VmSize=20958864 kB VmSwap=2416 kB Threads=29 FDSize=256
2026-05-28 08:13:32.213 pid=7968 [generation-stage] id=6 stage=native-call-start
2026-05-28 08:13:57.807 pid=7968 [generation-stage] id=6 stage=native-call-end resultLen=186
2026-05-28 08:13:57.808 pid=7968 [generation-end] id=6 resultLen=186
  javaUsed=4.9MB javaTotal=10.5MB javaMax=256.0MB nativeHeap=1.9GB nativeHeapFree=6.3MB nativeHeapSize=1.9GB
  pssTotal=3.0GB privateDirty=1.1GB sharedDirty=51.9MB nativePss=1.1GB dalvikPss=3.2MB otherPss=1.9GB
  systemAvail=12.8GB systemThreshold=216.0MB lowMemory=false trimLevel=0 importance=125 fdCount=151
  procStatus VmRSS=3301204 kB VmHWM=3301344 kB VmSize=20958864 kB VmSwap=2416 kB Threads=29 FDSize=256
2026-05-28 08:13:58.530 pid=7968 [model-load] Loading configuration: Qwen3.5 2B MTP
2026-05-28 08:13:58.532 pid=7968 [model-load-skip] config=Qwen3.5 2B MTP model already loaded
  javaUsed=5.2MB javaTotal=10.5MB javaMax=256.0MB nativeHeap=1.9GB nativeHeapFree=6.3MB nativeHeapSize=1.9GB
  pssTotal=3.0GB privateDirty=1.1GB sharedDirty=51.9MB nativePss=1.1GB dalvikPss=3.3MB otherPss=1.9GB
  systemAvail=12.8GB systemThreshold=216.0MB lowMemory=false trimLevel=0 importance=125 fdCount=151
  procStatus VmRSS=3301332 kB VmHWM=3301344 kB VmSize=20958864 kB VmSwap=2416 kB Threads=29 FDSize=256
2026-05-28 08:13:58.663 pid=7968 [generation-start] id=7 config=Qwen3.5 2B MTP model=Qwen3.5-2B-Q8_0.gguf promptLen=1054 mediaCount=0
  javaUsed=5.4MB javaTotal=10.5MB javaMax=256.0MB nativeHeap=1.9GB nativeHeapFree=6.3MB nativeHeapSize=1.9GB
  pssTotal=3.0GB privateDirty=1.1GB sharedDirty=51.9MB nativePss=1.1GB dalvikPss=3.5MB otherPss=1.9GB
  systemAvail=12.8GB systemThreshold=216.0MB lowMemory=false trimLevel=0 importance=125 fdCount=151
  procStatus VmRSS=3301460 kB VmHWM=3301460 kB VmSize=20958864 kB VmSwap=2416 kB Threads=29 FDSize=256
2026-05-28 08:13:58.787 pid=7968 [generation-stage] id=7 stage=native-call-start
2026-05-28 08:14:37.305 pid=7968 [generation-stage] id=7 stage=native-call-end resultLen=161
2026-05-28 08:14:37.306 pid=7968 [generation-end] id=7 resultLen=161
  javaUsed=5.5MB javaTotal=10.5MB javaMax=256.0MB nativeHeap=1.9GB nativeHeapFree=6.3MB nativeHeapSize=1.9GB
  pssTotal=3.0GB privateDirty=1.1GB sharedDirty=51.9MB nativePss=1.1GB dalvikPss=3.6MB otherPss=1.9GB
  systemAvail=12.7GB systemThreshold=216.0MB lowMemory=false trimLevel=0 importance=125 fdCount=151
  procStatus VmRSS=3301836 kB VmHWM=3301964 kB VmSize=20958864 kB VmSwap=2416 kB Threads=29 FDSize=256
2026-05-28 08:14:38.040 pid=7968 [model-load] Loading configuration: Qwen3.5 2B MTP
2026-05-28 08:14:38.042 pid=7968 [model-load-skip] config=Qwen3.5 2B MTP model already loaded
  javaUsed=5.7MB javaTotal=10.5MB javaMax=256.0MB nativeHeap=1.9GB nativeHeapFree=6.3MB nativeHeapSize=1.9GB
  pssTotal=3.0GB privateDirty=1.1GB sharedDirty=51.9MB nativePss=1.1GB dalvikPss=3.8MB otherPss=1.9GB
  systemAvail=12.7GB systemThreshold=216.0MB lowMemory=false trimLevel=0 importance=125 fdCount=151
  procStatus VmRSS=3301964 kB VmHWM=3301964 kB VmSize=20958864 kB VmSwap=2416 kB Threads=29 FDSize=256
2026-05-28 08:14:38.170 pid=7968 [generation-start] id=8 config=Qwen3.5 2B MTP model=Qwen3.5-2B-Q8_0.gguf promptLen=1060 mediaCount=0
  javaUsed=5.9MB javaTotal=10.5MB javaMax=256.0MB nativeHeap=1.9GB nativeHeapFree=6.3MB nativeHeapSize=1.9GB
  pssTotal=3.0GB privateDirty=1.1GB sharedDirty=51.9MB nativePss=1.1GB dalvikPss=3.9MB otherPss=1.9GB
  systemAvail=12.7GB systemThreshold=216.0MB lowMemory=false trimLevel=0 importance=125 fdCount=151
  procStatus VmRSS=3302092 kB VmHWM=3302092 kB VmSize=20958864 kB VmSwap=2416 kB Threads=29 FDSize=256
2026-05-28 08:14:38.293 pid=7968 [generation-stage] id=8 stage=native-call-start
2026-05-28 08:15:10.338 pid=7968 [generation-stage] id=8 stage=native-call-end resultLen=59
2026-05-28 08:15:10.338 pid=7968 [generation-end] id=8 resultLen=59
  javaUsed=6.1MB javaTotal=10.5MB javaMax=256.0MB nativeHeap=1.9GB nativeHeapFree=6.3MB nativeHeapSize=1.9GB
  pssTotal=3.0GB privateDirty=1.1GB sharedDirty=51.9MB nativePss=1.1GB dalvikPss=4.1MB otherPss=1.9GB
  systemAvail=12.7GB systemThreshold=216.0MB lowMemory=false trimLevel=0 importance=125 fdCount=151
  procStatus VmRSS=3302464 kB VmHWM=3302464 kB VmSize=20958864 kB VmSwap=2416 kB Threads=29 FDSize=256
2026-05-28 08:15:10.960 pid=7968 [model-load] Loading configuration: Qwen3.5 2B MTP
2026-05-28 08:15:10.961 pid=7968 [model-load-skip] config=Qwen3.5 2B MTP model already loaded
  javaUsed=6.3MB javaTotal=10.5MB javaMax=256.0MB nativeHeap=1.9GB nativeHeapFree=6.3MB nativeHeapSize=1.9GB
  pssTotal=3.0GB privateDirty=1.1GB sharedDirty=51.9MB nativePss=1.1GB dalvikPss=4.3MB otherPss=1.9GB
  systemAvail=12.7GB systemThreshold=216.0MB lowMemory=false trimLevel=0 importance=125 fdCount=151
  procStatus VmRSS=3302464 kB VmHWM=3302464 kB VmSize=20958864 kB VmSwap=2416 kB Threads=29 FDSize=256
2026-05-28 08:15:11.097 pid=7968 [generation-start] id=9 config=Qwen3.5 2B MTP model=Qwen3.5-2B-Q8_0.gguf promptLen=1063 mediaCount=0
  javaUsed=6.5MB javaTotal=10.5MB javaMax=256.0MB nativeHeap=1.9GB nativeHeapFree=6.3MB nativeHeapSize=1.9GB
  pssTotal=3.0GB privateDirty=1.1GB sharedDirty=51.9MB nativePss=1.1GB dalvikPss=4.4MB otherPss=1.9GB
  systemAvail=12.7GB systemThreshold=216.0MB lowMemory=false trimLevel=0 importance=125 fdCount=151
  procStatus VmRSS=3302592 kB VmHWM=3302592 kB VmSize=20958864 kB VmSwap=2416 kB Threads=29 FDSize=256
2026-05-28 08:15:11.227 pid=7968 [generation-stage] id=9 stage=native-call-start
2026-05-28 08:15:40.155 pid=7968 [generation-stage] id=9 stage=native-call-end resultLen=125
2026-05-28 08:15:40.156 pid=7968 [generation-end] id=9 resultLen=125
  javaUsed=6.7MB javaTotal=10.5MB javaMax=256.0MB nativeHeap=1.9GB nativeHeapFree=6.3MB nativeHeapSize=1.9GB
  pssTotal=3.0GB privateDirty=1.1GB sharedDirty=51.9MB nativePss=1.1GB dalvikPss=4.5MB otherPss=1.9GB
  systemAvail=12.5GB systemThreshold=216.0MB lowMemory=false trimLevel=0 importance=125 fdCount=151
  procStatus VmRSS=3302580 kB VmHWM=3302720 kB VmSize=20958864 kB VmSwap=2416 kB Threads=29 FDSize=256
2026-05-28 08:15:40.224 pid=7968 [model-load] Loading configuration: Qwen3.5 2B MTP
2026-05-28 08:15:40.224 pid=7968 [model-load-skip] config=Qwen3.5 2B MTP model already loaded
  javaUsed=6.9MB javaTotal=10.5MB javaMax=256.0MB nativeHeap=1.9GB nativeHeapFree=6.3MB nativeHeapSize=1.9GB
  pssTotal=3.0GB privateDirty=1.1GB sharedDirty=51.9MB nativePss=1.1GB dalvikPss=4.7MB otherPss=1.9GB
  systemAvail=12.5GB systemThreshold=216.0MB lowMemory=false trimLevel=0 importance=125 fdCount=151
  procStatus VmRSS=3302708 kB VmHWM=3302720 kB VmSize=20958864 kB VmSwap=2416 kB Threads=29 FDSize=256
2026-05-28 08:15:40.297 pid=7968 [generation-start] id=10 config=Qwen3.5 2B MTP model=Qwen3.5-2B-Q8_0.gguf promptLen=1063 mediaCount=0
  javaUsed=7.1MB javaTotal=10.5MB javaMax=256.0MB nativeHeap=1.9GB nativeHeapFree=6.3MB nativeHeapSize=1.9GB
  pssTotal=3.0GB privateDirty=1.1GB sharedDirty=51.9MB nativePss=1.1GB dalvikPss=4.9MB otherPss=1.9GB
  systemAvail=12.5GB systemThreshold=216.0MB lowMemory=false trimLevel=0 importance=125 fdCount=151
  procStatus VmRSS=3302964 kB VmHWM=3302964 kB VmSize=20958864 kB VmSwap=2416 kB Threads=29 FDSize=256
2026-05-28 08:15:40.367 pid=7968 [generation-stage] id=10 stage=native-call-start
2026-05-28 08:16:17.705 pid=7968 [generation-stage] id=10 stage=native-call-end resultLen=144
2026-05-28 08:16:17.706 pid=7968 [generation-end] id=10 resultLen=144
  javaUsed=7.2MB javaTotal=10.5MB javaMax=256.0MB nativeHeap=1.9GB nativeHeapFree=6.3MB nativeHeapSize=1.9GB
  pssTotal=3.0GB privateDirty=1.1GB sharedDirty=51.9MB nativePss=1.1GB dalvikPss=5.0MB otherPss=1.9GB
  systemAvail=12.6GB systemThreshold=216.0MB lowMemory=false trimLevel=0 importance=125 fdCount=151
  procStatus VmRSS=3303076 kB VmHWM=3303092 kB VmSize=20958864 kB VmSwap=2416 kB Threads=29 FDSize=256
2026-05-28 08:16:18.328 pid=7968 [model-load] Loading configuration: Qwen3.5 2B MTP
2026-05-28 08:16:18.330 pid=7968 [model-load-skip] config=Qwen3.5 2B MTP model already loaded
  javaUsed=7.4MB javaTotal=10.5MB javaMax=256.0MB nativeHeap=1.9GB nativeHeapFree=6.3MB nativeHeapSize=1.9GB
  pssTotal=3.0GB privateDirty=1.1GB sharedDirty=51.9MB nativePss=1.1GB dalvikPss=5.2MB otherPss=1.9GB
  systemAvail=12.6GB systemThreshold=216.0MB lowMemory=false trimLevel=0 importance=125 fdCount=151
  procStatus VmRSS=3303204 kB VmHWM=3303204 kB VmSize=20958864 kB VmSwap=2416 kB Threads=29 FDSize=256
2026-05-28 08:16:18.457 pid=7968 [generation-start] id=11 config=Qwen3.5 2B MTP model=Qwen3.5-2B-Q8_0.gguf promptLen=1057 mediaCount=0
  javaUsed=7.6MB javaTotal=10.5MB javaMax=256.0MB nativeHeap=1.9GB nativeHeapFree=6.3MB nativeHeapSize=1.9GB
  pssTotal=3.0GB privateDirty=1.1GB sharedDirty=51.9MB nativePss=1.1GB dalvikPss=5.4MB otherPss=1.9GB
  systemAvail=12.6GB systemThreshold=216.0MB lowMemory=false trimLevel=0 importance=125 fdCount=151
  procStatus VmRSS=3303332 kB VmHWM=3303332 kB VmSize=20958864 kB VmSwap=2416 kB Threads=29 FDSize=256
2026-05-28 08:16:18.580 pid=7968 [generation-stage] id=11 stage=native-call-start
2026-05-28 08:16:52.807 pid=7968 [generation-stage] id=11 stage=native-call-end resultLen=74
2026-05-28 08:16:52.808 pid=7968 [generation-end] id=11 resultLen=74
  javaUsed=7.8MB javaTotal=10.5MB javaMax=256.0MB nativeHeap=1.9GB nativeHeapFree=6.3MB nativeHeapSize=1.9GB
  pssTotal=3.0GB privateDirty=1.1GB sharedDirty=51.9MB nativePss=1.1GB dalvikPss=5.5MB otherPss=1.9GB
  systemAvail=12.6GB systemThreshold=216.0MB lowMemory=false trimLevel=0 importance=125 fdCount=151
  procStatus VmRSS=3303452 kB VmHWM=3303716 kB VmSize=20958864 kB VmSwap=2416 kB Threads=29 FDSize=256
2026-05-28 08:16:53.541 pid=7968 [model-load] Loading configuration: Qwen3.5 2B MTP
2026-05-28 08:16:53.542 pid=7968 [model-load-skip] config=Qwen3.5 2B MTP model already loaded
  javaUsed=8.0MB javaTotal=10.5MB javaMax=256.0MB nativeHeap=1.9GB nativeHeapFree=6.3MB nativeHeapSize=1.9GB
  pssTotal=3.0GB privateDirty=1.1GB sharedDirty=51.9MB nativePss=1.1GB dalvikPss=5.7MB otherPss=1.9GB
  systemAvail=12.6GB systemThreshold=216.0MB lowMemory=false trimLevel=0 importance=125 fdCount=151
  procStatus VmRSS=3303580 kB VmHWM=3303716 kB VmSize=20958864 kB VmSwap=2416 kB Threads=29 FDSize=256
2026-05-28 08:16:53.671 pid=7968 [generation-start] id=12 config=Qwen3.5 2B MTP model=Qwen3.5-2B-Q8_0.gguf promptLen=1060 mediaCount=0
  javaUsed=8.2MB javaTotal=10.5MB javaMax=256.0MB nativeHeap=1.9GB nativeHeapFree=6.3MB nativeHeapSize=1.9GB
  pssTotal=3.0GB privateDirty=1.1GB sharedDirty=51.9MB nativePss=1.1GB dalvikPss=5.8MB otherPss=1.9GB
  systemAvail=12.6GB systemThreshold=216.0MB lowMemory=false trimLevel=0 importance=125 fdCount=151
  procStatus VmRSS=3303708 kB VmHWM=3303716 kB VmSize=20958864 kB VmSwap=2416 kB Threads=29 FDSize=256
2026-05-28 08:16:53.796 pid=7968 [generation-stage] id=12 stage=native-call-start
2026-05-28 08:17:34.516 pid=7968 [generation-stage] id=12 stage=native-call-end resultLen=206
2026-05-28 08:17:34.517 pid=7968 [generation-end] id=12 resultLen=206
  javaUsed=8.4MB javaTotal=10.5MB javaMax=256.0MB nativeHeap=1.9GB nativeHeapFree=6.3MB nativeHeapSize=1.9GB
  pssTotal=3.0GB privateDirty=1.1GB sharedDirty=51.9MB nativePss=1.1GB dalvikPss=5.9MB otherPss=1.9GB
  systemAvail=12.6GB systemThreshold=216.0MB lowMemory=false trimLevel=0 importance=125 fdCount=151
  procStatus VmRSS=3304068 kB VmHWM=3304348 kB VmSize=20958864 kB VmSwap=2416 kB Threads=29 FDSize=256
2026-05-28 08:17:35.130 pid=7968 [model-load] Loading configuration: Qwen3.5 2B MTP
2026-05-28 08:17:35.131 pid=7968 [model-load-skip] config=Qwen3.5 2B MTP model already loaded
  javaUsed=8.6MB javaTotal=10.5MB javaMax=256.0MB nativeHeap=1.9GB nativeHeapFree=6.3MB nativeHeapSize=1.9GB
  pssTotal=3.0GB privateDirty=1.1GB sharedDirty=51.9MB nativePss=1.1GB dalvikPss=6.1MB otherPss=1.9GB
  systemAvail=12.6GB systemThreshold=216.0MB lowMemory=false trimLevel=0 importance=125 fdCount=151
  procStatus VmRSS=3304068 kB VmHWM=3304348 kB VmSize=20958864 kB VmSwap=2416 kB Threads=29 FDSize=256
2026-05-28 08:17:35.263 pid=7968 [generation-start] id=13 config=Qwen3.5 2B MTP model=Qwen3.5-2B-Q8_0.gguf promptLen=1069 mediaCount=0
  javaUsed=8.8MB javaTotal=10.5MB javaMax=256.0MB nativeHeap=1.9GB nativeHeapFree=6.3MB nativeHeapSize=1.9GB
  pssTotal=3.0GB privateDirty=1.1GB sharedDirty=51.9MB nativePss=1.1GB dalvikPss=6.3MB otherPss=1.9GB
  systemAvail=12.6GB systemThreshold=216.0MB lowMemory=false trimLevel=0 importance=125 fdCount=151
  procStatus VmRSS=3304196 kB VmHWM=3304348 kB VmSize=20958864 kB VmSwap=2416 kB Threads=29 FDSize=256
2026-05-28 08:17:35.389 pid=7968 [generation-stage] id=13 stage=native-call-start
2026-05-28 08:18:08.882 pid=7968 [generation-stage] id=13 stage=native-call-end resultLen=36
2026-05-28 08:18:08.883 pid=7968 [generation-end] id=13 resultLen=36
  javaUsed=8.9MB javaTotal=10.5MB javaMax=256.0MB nativeHeap=1.9GB nativeHeapFree=6.3MB nativeHeapSize=1.9GB
  pssTotal=3.0GB privateDirty=1.1GB sharedDirty=51.9MB nativePss=1.1GB dalvikPss=6.4MB otherPss=1.9GB
  systemAvail=12.5GB systemThreshold=216.0MB lowMemory=false trimLevel=0 importance=125 fdCount=151
  procStatus VmRSS=3304448 kB VmHWM=3304580 kB VmSize=20958864 kB VmSwap=2416 kB Threads=29 FDSize=256
2026-05-28 08:18:09.505 pid=7968 [model-load] Loading configuration: Qwen3.5 2B MTP
2026-05-28 08:18:09.505 pid=7968 [model-load-skip] config=Qwen3.5 2B MTP model already loaded
  javaUsed=9.2MB javaTotal=10.5MB javaMax=256.0MB nativeHeap=1.9GB nativeHeapFree=6.3MB nativeHeapSize=1.9GB
  pssTotal=3.0GB privateDirty=1.1GB sharedDirty=51.9MB nativePss=1.1GB dalvikPss=6.6MB otherPss=1.9GB
  systemAvail=12.5GB systemThreshold=216.0MB lowMemory=false trimLevel=0 importance=125 fdCount=151
  procStatus VmRSS=3304704 kB VmHWM=3304704 kB VmSize=20958864 kB VmSwap=2416 kB Threads=29 FDSize=256
2026-05-28 08:18:09.643 pid=7968 [generation-start] id=14 config=Qwen3.5 2B MTP model=Qwen3.5-2B-Q8_0.gguf promptLen=1066 mediaCount=0
  javaUsed=9.3MB javaTotal=10.5MB javaMax=256.0MB nativeHeap=1.9GB nativeHeapFree=6.3MB nativeHeapSize=1.9GB
  pssTotal=3.0GB privateDirty=1.1GB sharedDirty=51.9MB nativePss=1.1GB dalvikPss=6.8MB otherPss=1.9GB
  systemAvail=12.5GB systemThreshold=216.0MB lowMemory=false trimLevel=0 importance=125 fdCount=151
  procStatus VmRSS=3304832 kB VmHWM=3304832 kB VmSize=20958864 kB VmSwap=2416 kB Threads=29 FDSize=256
2026-05-28 08:18:09.766 pid=7968 [generation-stage] id=14 stage=native-call-start
2026-05-28 08:18:34.926 pid=7968 [generation-stage] id=14 stage=native-call-end resultLen=30
2026-05-28 08:18:34.927 pid=7968 [generation-end] id=14 resultLen=30
  javaUsed=9.5MB javaTotal=10.5MB javaMax=256.0MB nativeHeap=1.9GB nativeHeapFree=6.3MB nativeHeapSize=1.9GB
  pssTotal=3.0GB privateDirty=1.1GB sharedDirty=51.9MB nativePss=1.1GB dalvikPss=6.9MB otherPss=1.9GB
  systemAvail=12.6GB systemThreshold=216.0MB lowMemory=false trimLevel=0 importance=125 fdCount=151
  procStatus VmRSS=3305336 kB VmHWM=3305336 kB VmSize=20958864 kB VmSwap=2416 kB Threads=29 FDSize=256
2026-05-28 08:18:35.542 pid=7968 [model-load] Loading configuration: Qwen3.5 2B MTP
2026-05-28 08:18:35.543 pid=7968 [model-load-skip] config=Qwen3.5 2B MTP model already loaded
  javaUsed=9.7MB javaTotal=10.5MB javaMax=256.0MB nativeHeap=1.9GB nativeHeapFree=6.2MB nativeHeapSize=1.9GB
  pssTotal=3.0GB privateDirty=1.1GB sharedDirty=51.9MB nativePss=1.1GB dalvikPss=7.1MB otherPss=1.9GB
  systemAvail=12.6GB systemThreshold=216.0MB lowMemory=false trimLevel=0 importance=125 fdCount=151
  procStatus VmRSS=3305336 kB VmHWM=3305336 kB VmSize=20958864 kB VmSwap=2416 kB Threads=29 FDSize=256
2026-05-28 08:18:35.672 pid=7968 [generation-start] id=15 config=Qwen3.5 2B MTP model=Qwen3.5-2B-Q8_0.gguf promptLen=1066 mediaCount=0
  javaUsed=9.9MB javaTotal=10.5MB javaMax=256.0MB nativeHeap=1.9GB nativeHeapFree=6.2MB nativeHeapSize=1.9GB
  pssTotal=3.0GB privateDirty=1.1GB sharedDirty=51.9MB nativePss=1.1GB dalvikPss=7.2MB otherPss=1.9GB
  systemAvail=12.6GB systemThreshold=216.0MB lowMemory=false trimLevel=0 importance=125 fdCount=151
  procStatus VmRSS=3305464 kB VmHWM=3305464 kB VmSize=20958864 kB VmSwap=2416 kB Threads=29 FDSize=256
2026-05-28 08:18:35.797 pid=7968 [generation-stage] id=15 stage=native-call-start
2026-05-28 08:19:01.701 pid=7968 [generation-stage] id=15 stage=native-call-end resultLen=52
2026-05-28 08:19:01.702 pid=7968 [generation-end] id=15 resultLen=52
  javaUsed=10.1MB javaTotal=10.5MB javaMax=256.0MB nativeHeap=1.9GB nativeHeapFree=6.2MB nativeHeapSize=1.9GB
  pssTotal=3.0GB privateDirty=1.1GB sharedDirty=51.9MB nativePss=1.1GB dalvikPss=7.3MB otherPss=1.9GB
  systemAvail=12.6GB systemThreshold=216.0MB lowMemory=false trimLevel=0 importance=125 fdCount=151
  procStatus VmRSS=3305464 kB VmHWM=3305592 kB VmSize=20958864 kB VmSwap=2416 kB Threads=29 FDSize=256
2026-05-28 08:19:01.829 pid=7968 [model-load] Loading configuration: Qwen3.5 2B MTP
2026-05-28 08:19:01.830 pid=7968 [model-load-skip] config=Qwen3.5 2B MTP model already loaded
  javaUsed=10.3MB javaTotal=10.5MB javaMax=256.0MB nativeHeap=1.9GB nativeHeapFree=6.2MB nativeHeapSize=1.9GB
  pssTotal=3.0GB privateDirty=1.1GB sharedDirty=51.9MB nativePss=1.1GB dalvikPss=7.5MB otherPss=1.9GB
  systemAvail=12.6GB systemThreshold=216.0MB lowMemory=false trimLevel=0 importance=125 fdCount=151
  procStatus VmRSS=3305464 kB VmHWM=3305592 kB VmSize=20958864 kB VmSwap=2416 kB Threads=29 FDSize=256
2026-05-28 08:19:01.957 pid=7968 [generation-start] id=16 config=Qwen3.5 2B MTP model=Qwen3.5-2B-Q8_0.gguf promptLen=1066 mediaCount=0
  javaUsed=10.5MB javaTotal=10.5MB javaMax=256.0MB nativeHeap=1.9GB nativeHeapFree=6.2MB nativeHeapSize=1.9GB
  pssTotal=3.0GB privateDirty=1.1GB sharedDirty=51.9MB nativePss=1.1GB dalvikPss=7.7MB otherPss=1.9GB
  systemAvail=12.6GB systemThreshold=216.0MB lowMemory=false trimLevel=0 importance=125 fdCount=151
  procStatus VmRSS=3299696 kB VmHWM=3306864 kB VmSize=20958864 kB VmSwap=2416 kB Threads=29 FDSize=256
2026-05-28 08:19:02.080 pid=7968 [generation-stage] id=16 stage=native-call-start
2026-05-28 08:19:35.658 pid=7968 [generation-stage] id=16 stage=native-call-end resultLen=47
2026-05-28 08:19:35.659 pid=7968 [generation-end] id=16 resultLen=47
  javaUsed=2.7MB javaTotal=10.5MB javaMax=256.0MB nativeHeap=1.9GB nativeHeapFree=6.4MB nativeHeapSize=1.9GB
  pssTotal=3.0GB privateDirty=1.1GB sharedDirty=51.9MB nativePss=1.1GB dalvikPss=1.4MB otherPss=1.9GB
  systemAvail=12.7GB systemThreshold=216.0MB lowMemory=false trimLevel=0 importance=125 fdCount=151
  procStatus VmRSS=3299820 kB VmHWM=3306864 kB VmSize=20958864 kB VmSwap=2416 kB Threads=29 FDSize=256
2026-05-28 08:19:36.391 pid=7968 [model-load] Loading configuration: Qwen3.5 2B MTP
2026-05-28 08:19:36.392 pid=7968 [model-load-skip] config=Qwen3.5 2B MTP model already loaded
  javaUsed=3.0MB javaTotal=10.5MB javaMax=256.0MB nativeHeap=1.9GB nativeHeapFree=6.4MB nativeHeapSize=1.9GB
  pssTotal=3.0GB privateDirty=1.1GB sharedDirty=51.9MB nativePss=1.1GB dalvikPss=1.6MB otherPss=1.9GB
  systemAvail=12.7GB systemThreshold=216.0MB lowMemory=false trimLevel=0 importance=125 fdCount=151
  procStatus VmRSS=3300640 kB VmHWM=3306864 kB VmSize=20959248 kB VmSwap=2416 kB Threads=29 FDSize=256
2026-05-28 08:19:36.523 pid=7968 [generation-start] id=17 config=Qwen3.5 2B MTP model=Qwen3.5-2B-Q8_0.gguf promptLen=1069 mediaCount=0
  javaUsed=3.2MB javaTotal=10.5MB javaMax=256.0MB nativeHeap=1.9GB nativeHeapFree=6.4MB nativeHeapSize=1.9GB
  pssTotal=3.0GB privateDirty=1.1GB sharedDirty=52.0MB nativePss=1.1GB dalvikPss=1.8MB otherPss=1.9GB
  systemAvail=12.7GB systemThreshold=216.0MB lowMemory=false trimLevel=0 importance=125 fdCount=151
  procStatus VmRSS=3300768 kB VmHWM=3306864 kB VmSize=20959248 kB VmSwap=2416 kB Threads=29 FDSize=256
2026-05-28 08:19:36.650 pid=7968 [generation-stage] id=17 stage=native-call-start
2026-05-28 08:20:15.953 pid=7968 [generation-stage] id=17 stage=native-call-end resultLen=172
2026-05-28 08:20:15.954 pid=7968 [generation-end] id=17 resultLen=172
  javaUsed=3.3MB javaTotal=10.5MB javaMax=256.0MB nativeHeap=1.9GB nativeHeapFree=6.6MB nativeHeapSize=1.9GB
  pssTotal=3.0GB privateDirty=1.1GB sharedDirty=52.0MB nativePss=1.1GB dalvikPss=1.9MB otherPss=1.9GB
  systemAvail=12.7GB systemThreshold=216.0MB lowMemory=false trimLevel=0 importance=125 fdCount=151
  procStatus VmRSS=3301272 kB VmHWM=3306864 kB VmSize=20959248 kB VmSwap=2416 kB Threads=29 FDSize=256
2026-05-28 08:20:16.576 pid=7968 [model-load] Loading configuration: Qwen3.5 2B MTP
2026-05-28 08:20:16.577 pid=7968 [model-load-skip] config=Qwen3.5 2B MTP model already loaded
  javaUsed=3.5MB javaTotal=10.5MB javaMax=256.0MB nativeHeap=1.9GB nativeHeapFree=6.6MB nativeHeapSize=1.9GB
  pssTotal=3.0GB privateDirty=1.1GB sharedDirty=52.0MB nativePss=1.1GB dalvikPss=2.1MB otherPss=1.9GB
  systemAvail=12.7GB systemThreshold=216.0MB lowMemory=false trimLevel=0 importance=125 fdCount=151
  procStatus VmRSS=3301400 kB VmHWM=3306864 kB VmSize=20959248 kB VmSwap=2416 kB Threads=29 FDSize=256
2026-05-28 08:20:16.705 pid=7968 [generation-start] id=18 config=Qwen3.5 2B MTP model=Qwen3.5-2B-Q8_0.gguf promptLen=1069 mediaCount=0
  javaUsed=3.7MB javaTotal=10.5MB javaMax=256.0MB nativeHeap=1.9GB nativeHeapFree=6.6MB nativeHeapSize=1.9GB
  pssTotal=3.0GB privateDirty=1.1GB sharedDirty=52.0MB nativePss=1.1GB dalvikPss=2.2MB otherPss=1.9GB
  systemAvail=12.7GB systemThreshold=216.0MB lowMemory=false trimLevel=0 importance=125 fdCount=151
  procStatus VmRSS=3301400 kB VmHWM=3306864 kB VmSize=20959248 kB VmSwap=2416 kB Threads=29 FDSize=256
2026-05-28 08:20:16.831 pid=7968 [generation-stage] id=18 stage=native-call-start
2026-05-28 08:20:56.527 pid=7968 [generation-stage] id=18 stage=native-call-end resultLen=186
2026-05-28 08:20:56.527 pid=7968 [generation-end] id=18 resultLen=186
  javaUsed=3.9MB javaTotal=10.5MB javaMax=256.0MB nativeHeap=1.9GB nativeHeapFree=6.6MB nativeHeapSize=1.9GB
  pssTotal=3.0GB privateDirty=1.1GB sharedDirty=52.0MB nativePss=1.1GB dalvikPss=2.4MB otherPss=1.9GB
  systemAvail=12.7GB systemThreshold=216.0MB lowMemory=false trimLevel=0 importance=125 fdCount=151
  procStatus VmRSS=3301656 kB VmHWM=3306864 kB VmSize=20959248 kB VmSwap=2416 kB Threads=29 FDSize=256
2026-05-28 08:20:57.214 pid=7968 [model-load] Loading configuration: Qwen3.5 2B MTP
2026-05-28 08:20:57.215 pid=7968 [model-load-skip] config=Qwen3.5 2B MTP model already loaded
  javaUsed=4.1MB javaTotal=10.5MB javaMax=256.0MB nativeHeap=1.9GB nativeHeapFree=6.6MB nativeHeapSize=1.9GB
  pssTotal=3.0GB privateDirty=1.1GB sharedDirty=52.0MB nativePss=1.1GB dalvikPss=2.5MB otherPss=1.9GB
  systemAvail=12.7GB systemThreshold=216.0MB lowMemory=false trimLevel=0 importance=125 fdCount=151
  procStatus VmRSS=3301656 kB VmHWM=3306864 kB VmSize=20959248 kB VmSwap=2416 kB Threads=29 FDSize=256
2026-05-28 08:20:57.346 pid=7968 [generation-start] id=19 config=Qwen3.5 2B MTP model=Qwen3.5-2B-Q8_0.gguf promptLen=1066 mediaCount=0
  javaUsed=4.3MB javaTotal=10.5MB javaMax=256.0MB nativeHeap=1.9GB nativeHeapFree=6.6MB nativeHeapSize=1.9GB
  pssTotal=3.0GB privateDirty=1.1GB sharedDirty=52.0MB nativePss=1.1GB dalvikPss=2.7MB otherPss=1.9GB
  systemAvail=12.7GB systemThreshold=216.0MB lowMemory=false trimLevel=0 importance=125 fdCount=151
  procStatus VmRSS=3301784 kB VmHWM=3306864 kB VmSize=20959248 kB VmSwap=2416 kB Threads=29 FDSize=256
2026-05-28 08:20:57.472 pid=7968 [generation-stage] id=19 stage=native-call-start
2026-05-28 08:21:30.649 pid=7968 [generation-stage] id=19 stage=native-call-end resultLen=49
2026-05-28 08:21:30.649 pid=7968 [generation-end] id=19 resultLen=49
  javaUsed=4.4MB javaTotal=10.5MB javaMax=256.0MB nativeHeap=1.9GB nativeHeapFree=6.6MB nativeHeapSize=1.9GB
  pssTotal=3.0GB privateDirty=1.1GB sharedDirty=52.0MB nativePss=1.1GB dalvikPss=2.8MB otherPss=1.9GB
  systemAvail=12.7GB systemThreshold=216.0MB lowMemory=false trimLevel=0 importance=125 fdCount=151
  procStatus VmRSS=3302032 kB VmHWM=3306864 kB VmSize=20959248 kB VmSwap=2416 kB Threads=29 FDSize=256
2026-05-28 08:21:31.263 pid=7968 [model-load] Loading configuration: Qwen3.5 2B MTP
2026-05-28 08:21:31.264 pid=7968 [model-load-skip] config=Qwen3.5 2B MTP model already loaded
  javaUsed=4.7MB javaTotal=10.5MB javaMax=256.0MB nativeHeap=1.9GB nativeHeapFree=6.6MB nativeHeapSize=1.9GB
  pssTotal=3.0GB privateDirty=1.1GB sharedDirty=52.0MB nativePss=1.1GB dalvikPss=3.0MB otherPss=1.9GB
  systemAvail=12.8GB systemThreshold=216.0MB lowMemory=false trimLevel=0 importance=125 fdCount=151
  procStatus VmRSS=3302160 kB VmHWM=3306864 kB VmSize=20959248 kB VmSwap=2416 kB Threads=29 FDSize=256
2026-05-28 08:21:31.392 pid=7968 [generation-start] id=20 config=Qwen3.5 2B MTP model=Qwen3.5-2B-Q8_0.gguf promptLen=1066 mediaCount=0
  javaUsed=4.9MB javaTotal=10.5MB javaMax=256.0MB nativeHeap=1.9GB nativeHeapFree=6.6MB nativeHeapSize=1.9GB
  pssTotal=3.0GB privateDirty=1.1GB sharedDirty=52.0MB nativePss=1.1GB dalvikPss=3.1MB otherPss=1.9GB
  systemAvail=12.8GB systemThreshold=216.0MB lowMemory=false trimLevel=0 importance=125 fdCount=151
  procStatus VmRSS=3302288 kB VmHWM=3306864 kB VmSize=20959248 kB VmSwap=2416 kB Threads=29 FDSize=256
2026-05-28 08:21:31.516 pid=7968 [generation-stage] id=20 stage=native-call-start
2026-05-28 08:22:08.308 pid=7968 [generation-stage] id=20 stage=native-call-end resultLen=121
2026-05-28 08:22:08.309 pid=7968 [generation-end] id=20 resultLen=121
  javaUsed=5.0MB javaTotal=10.5MB javaMax=256.0MB nativeHeap=1.9GB nativeHeapFree=6.6MB nativeHeapSize=1.9GB
  pssTotal=3.0GB privateDirty=1.1GB sharedDirty=52.0MB nativePss=1.1GB dalvikPss=3.3MB otherPss=1.9GB
  systemAvail=12.7GB systemThreshold=216.0MB lowMemory=false trimLevel=0 importance=125 fdCount=151
  procStatus VmRSS=3302524 kB VmHWM=3306864 kB VmSize=20959248 kB VmSwap=2416 kB Threads=29 FDSize=256
2026-05-28 08:22:08.925 pid=7968 [model-load] Loading configuration: Qwen3.5 2B MTP
2026-05-28 08:22:08.926 pid=7968 [model-load-skip] config=Qwen3.5 2B MTP model already loaded
  javaUsed=5.3MB javaTotal=10.5MB javaMax=256.0MB nativeHeap=1.9GB nativeHeapFree=6.5MB nativeHeapSize=1.9GB
  pssTotal=3.0GB privateDirty=1.1GB sharedDirty=52.0MB nativePss=1.1GB dalvikPss=3.4MB otherPss=1.9GB
  systemAvail=12.7GB systemThreshold=216.0MB lowMemory=false trimLevel=0 importance=125 fdCount=151
  procStatus VmRSS=3302780 kB VmHWM=3306864 kB VmSize=20959248 kB VmSwap=2416 kB Threads=29 FDSize=256
2026-05-28 08:22:09.065 pid=7968 [generation-start] id=21 config=Qwen3.5 2B MTP model=Qwen3.5-2B-Q8_0.gguf promptLen=1057 mediaCount=0
  javaUsed=5.5MB javaTotal=10.5MB javaMax=256.0MB nativeHeap=1.9GB nativeHeapFree=6.5MB nativeHeapSize=1.9GB
  pssTotal=3.0GB privateDirty=1.1GB sharedDirty=52.0MB nativePss=1.1GB dalvikPss=3.6MB otherPss=1.9GB
  systemAvail=12.7GB systemThreshold=216.0MB lowMemory=false trimLevel=0 importance=125 fdCount=151
  procStatus VmRSS=3302908 kB VmHWM=3306864 kB VmSize=20959248 kB VmSwap=2416 kB Threads=29 FDSize=256
2026-05-28 08:22:09.194 pid=7968 [generation-stage] id=21 stage=native-call-start
2026-05-28 08:22:44.801 pid=7968 [generation-stage] id=21 stage=native-call-end resultLen=110
2026-05-28 08:22:44.802 pid=7968 [generation-end] id=21 resultLen=110
  javaUsed=5.6MB javaTotal=10.5MB javaMax=256.0MB nativeHeap=1.9GB nativeHeapFree=6.5MB nativeHeapSize=1.9GB
  pssTotal=3.0GB privateDirty=1.1GB sharedDirty=52.0MB nativePss=1.1GB dalvikPss=3.7MB otherPss=1.9GB
  systemAvail=12.6GB systemThreshold=216.0MB lowMemory=false trimLevel=0 importance=125 fdCount=151
  procStatus VmRSS=3302880 kB VmHWM=3306864 kB VmSize=20959248 kB VmSwap=2416 kB Threads=29 FDSize=256
2026-05-28 08:22:45.588 pid=7968 [model-load] Loading configuration: Qwen3.5 2B MTP
2026-05-28 08:22:45.588 pid=7968 [model-load-skip] config=Qwen3.5 2B MTP model already loaded
  javaUsed=5.8MB javaTotal=10.5MB javaMax=256.0MB nativeHeap=1.9GB nativeHeapFree=6.5MB nativeHeapSize=1.9GB
  pssTotal=3.0GB privateDirty=1.1GB sharedDirty=52.0MB nativePss=1.1GB dalvikPss=3.9MB otherPss=1.9GB
  systemAvail=12.7GB systemThreshold=216.0MB lowMemory=false trimLevel=0 importance=125 fdCount=151
  procStatus VmRSS=3303008 kB VmHWM=3306864 kB VmSize=20959248 kB VmSwap=2416 kB Threads=29 FDSize=256
2026-05-28 08:22:45.672 pid=7968 [generation-start] id=22 config=Qwen3.5 2B MTP model=Qwen3.5-2B-Q8_0.gguf promptLen=1057 mediaCount=0
  javaUsed=6.0MB javaTotal=10.5MB javaMax=256.0MB nativeHeap=1.9GB nativeHeapFree=6.5MB nativeHeapSize=1.9GB
  pssTotal=3.0GB privateDirty=1.1GB sharedDirty=52.0MB nativePss=1.1GB dalvikPss=4.1MB otherPss=1.9GB
  systemAvail=12.7GB systemThreshold=216.0MB lowMemory=false trimLevel=0 importance=125 fdCount=151
  procStatus VmRSS=3303136 kB VmHWM=3306864 kB VmSize=20959248 kB VmSwap=2416 kB Threads=29 FDSize=256
2026-05-28 08:22:45.743 pid=7968 [generation-stage] id=22 stage=native-call-start
2026-05-28 08:23:22.892 pid=7968 [generation-stage] id=22 stage=native-call-end resultLen=192
2026-05-28 08:23:22.893 pid=7968 [generation-end] id=22 resultLen=192
  javaUsed=6.1MB javaTotal=10.5MB javaMax=256.0MB nativeHeap=1.9GB nativeHeapFree=6.5MB nativeHeapSize=1.9GB
  pssTotal=3.0GB privateDirty=1.1GB sharedDirty=52.0MB nativePss=1.1GB dalvikPss=4.2MB otherPss=1.9GB
  systemAvail=12.8GB systemThreshold=216.0MB lowMemory=false trimLevel=0 importance=125 fdCount=151
  procStatus VmRSS=3303380 kB VmHWM=3306864 kB VmSize=20959248 kB VmSwap=2416 kB Threads=29 FDSize=256
2026-05-28 08:23:23.638 pid=7968 [model-load] Loading configuration: Qwen3.5 2B MTP
2026-05-28 08:23:23.639 pid=7968 [model-load-skip] config=Qwen3.5 2B MTP model already loaded
  javaUsed=6.4MB javaTotal=10.5MB javaMax=256.0MB nativeHeap=1.9GB nativeHeapFree=6.5MB nativeHeapSize=1.9GB
  pssTotal=3.0GB privateDirty=1.1GB sharedDirty=52.0MB nativePss=1.1GB dalvikPss=4.4MB otherPss=1.9GB
  systemAvail=12.8GB systemThreshold=216.0MB lowMemory=false trimLevel=0 importance=125 fdCount=151
  procStatus VmRSS=3303508 kB VmHWM=3306864 kB VmSize=20959248 kB VmSwap=2416 kB Threads=29 FDSize=256
2026-05-28 08:23:23.772 pid=7968 [generation-start] id=23 config=Qwen3.5 2B MTP model=Qwen3.5-2B-Q8_0.gguf promptLen=1057 mediaCount=0
  javaUsed=6.6MB javaTotal=10.5MB javaMax=256.0MB nativeHeap=1.9GB nativeHeapFree=6.5MB nativeHeapSize=1.9GB
  pssTotal=3.0GB privateDirty=1.1GB sharedDirty=52.0MB nativePss=1.1GB dalvikPss=4.5MB otherPss=1.9GB
  systemAvail=12.8GB systemThreshold=216.0MB lowMemory=false trimLevel=0 importance=125 fdCount=151
  procStatus VmRSS=3303764 kB VmHWM=3306864 kB VmSize=20959248 kB VmSwap=2416 kB Threads=29 FDSize=256
2026-05-28 08:23:23.896 pid=7968 [generation-stage] id=23 stage=native-call-start
2026-05-28 08:24:13.750 pid=7968 [generation-stage] id=23 stage=native-call-end resultLen=131
2026-05-28 08:24:13.751 pid=7968 [generation-end] id=23 resultLen=131
  javaUsed=6.8MB javaTotal=10.5MB javaMax=256.0MB nativeHeap=1.9GB nativeHeapFree=6.5MB nativeHeapSize=1.9GB
  pssTotal=3.0GB privateDirty=1.1GB sharedDirty=51.9MB nativePss=1.1GB dalvikPss=4.6MB otherPss=1.9GB
  systemAvail=13.1GB systemThreshold=216.0MB lowMemory=false trimLevel=0 importance=125 fdCount=151
  procStatus VmRSS=3304052 kB VmHWM=3306864 kB VmSize=20959248 kB VmSwap=2416 kB Threads=29 FDSize=256
2026-05-28 08:28:23.500 pid=7968 [model-load] Loading configuration: Qwen3.5 2B MTP
2026-05-28 08:28:23.503 pid=7968 [model-load-skip] config=Qwen3.5 2B MTP model already loaded
  javaUsed=7.1MB javaTotal=10.5MB javaMax=256.0MB nativeHeap=1.9GB nativeHeapFree=6.5MB nativeHeapSize=1.9GB
  pssTotal=3.0GB privateDirty=1.1GB sharedDirty=51.9MB nativePss=1.1GB dalvikPss=4.8MB otherPss=1.9GB
  systemAvail=13.0GB systemThreshold=216.0MB lowMemory=false trimLevel=0 importance=125 fdCount=151
  procStatus VmRSS=3304308 kB VmHWM=3306864 kB VmSize=20959248 kB VmSwap=2416 kB Threads=29 FDSize=256
2026-05-28 08:28:23.607 pid=7968 [generation-start] id=24 config=Qwen3.5 2B MTP model=Qwen3.5-2B-Q8_0.gguf promptLen=1066 mediaCount=0
  javaUsed=7.3MB javaTotal=10.5MB javaMax=256.0MB nativeHeap=1.9GB nativeHeapFree=6.5MB nativeHeapSize=1.9GB
  pssTotal=3.0GB privateDirty=1.1GB sharedDirty=51.9MB nativePss=1.1GB dalvikPss=5.0MB otherPss=1.9GB
  systemAvail=13.0GB systemThreshold=216.0MB lowMemory=false trimLevel=0 importance=125 fdCount=151
  procStatus VmRSS=3304564 kB VmHWM=3306864 kB VmSize=20959248 kB VmSwap=2416 kB Threads=29 FDSize=256
2026-05-28 08:28:23.676 pid=7968 [generation-stage] id=24 stage=native-call-start
2026-05-28 08:28:51.758 pid=7968 [generation-stage] id=24 stage=native-call-end resultLen=57
2026-05-28 08:28:51.759 pid=7968 [generation-end] id=24 resultLen=57
  javaUsed=7.4MB javaTotal=10.5MB javaMax=256.0MB nativeHeap=1.9GB nativeHeapFree=6.5MB nativeHeapSize=1.9GB
  pssTotal=3.0GB privateDirty=1.1GB sharedDirty=51.9MB nativePss=1.1GB dalvikPss=5.1MB otherPss=1.9GB
  systemAvail=13.3GB systemThreshold=216.0MB lowMemory=false trimLevel=0 importance=125 fdCount=151
  procStatus VmRSS=3304556 kB VmHWM=3306864 kB VmSize=20959248 kB VmSwap=2416 kB Threads=29 FDSize=256
2026-05-28 08:28:52.387 pid=7968 [model-load] Loading configuration: Qwen3.5 2B MTP
2026-05-28 08:28:52.388 pid=7968 [model-load-skip] config=Qwen3.5 2B MTP model already loaded
  javaUsed=7.6MB javaTotal=10.5MB javaMax=256.0MB nativeHeap=1.9GB nativeHeapFree=6.5MB nativeHeapSize=1.9GB
  pssTotal=3.0GB privateDirty=1.1GB sharedDirty=51.9MB nativePss=1.1GB dalvikPss=5.3MB otherPss=1.9GB
  systemAvail=13.3GB systemThreshold=216.0MB lowMemory=false trimLevel=0 importance=125 fdCount=151
  procStatus VmRSS=3304684 kB VmHWM=3306864 kB VmSize=20959248 kB VmSwap=2416 kB Threads=29 FDSize=256
2026-05-28 08:28:52.530 pid=7968 [generation-start] id=25 config=Qwen3.5 2B MTP model=Qwen3.5-2B-Q8_0.gguf promptLen=1054 mediaCount=0
  javaUsed=7.8MB javaTotal=10.5MB javaMax=256.0MB nativeHeap=1.9GB nativeHeapFree=6.5MB nativeHeapSize=1.9GB
  pssTotal=3.0GB privateDirty=1.1GB sharedDirty=51.9MB nativePss=1.1GB dalvikPss=5.4MB otherPss=1.9GB
  systemAvail=13.3GB systemThreshold=216.0MB lowMemory=false trimLevel=0 importance=125 fdCount=151
  procStatus VmRSS=3304812 kB VmHWM=3306864 kB VmSize=20959248 kB VmSwap=2416 kB Threads=29 FDSize=256
2026-05-28 08:28:52.657 pid=7968 [generation-stage] id=25 stage=native-call-start
2026-05-28 08:29:24.352 pid=7968 [generation-stage] id=25 stage=native-call-end resultLen=38
2026-05-28 08:29:24.353 pid=7968 [generation-end] id=25 resultLen=38
  javaUsed=7.9MB javaTotal=10.5MB javaMax=256.0MB nativeHeap=1.9GB nativeHeapFree=6.5MB nativeHeapSize=1.9GB
  pssTotal=3.0GB privateDirty=1.1GB sharedDirty=51.9MB nativePss=1.1GB dalvikPss=5.6MB otherPss=1.9GB
  systemAvail=13.2GB systemThreshold=216.0MB lowMemory=false trimLevel=0 importance=125 fdCount=151
  procStatus VmRSS=3304940 kB VmHWM=3306864 kB VmSize=20959248 kB VmSwap=2416 kB Threads=29 FDSize=256
2026-05-28 08:29:25.096 pid=7968 [model-load] Loading configuration: Qwen3.5 2B MTP
2026-05-28 08:29:25.097 pid=7968 [model-load-skip] config=Qwen3.5 2B MTP model already loaded
  javaUsed=8.2MB javaTotal=10.5MB javaMax=256.0MB nativeHeap=1.9GB nativeHeapFree=6.5MB nativeHeapSize=1.9GB
  pssTotal=3.0GB privateDirty=1.1GB sharedDirty=51.9MB nativePss=1.1GB dalvikPss=5.7MB otherPss=1.9GB
  systemAvail=13.2GB systemThreshold=216.0MB lowMemory=false trimLevel=0 importance=125 fdCount=151
  procStatus VmRSS=3305068 kB VmHWM=3306864 kB VmSize=20959248 kB VmSwap=2416 kB Threads=29 FDSize=256
2026-05-28 08:29:25.228 pid=7968 [generation-start] id=26 config=Qwen3.5 2B MTP model=Qwen3.5-2B-Q8_0.gguf promptLen=1063 mediaCount=0
  javaUsed=8.4MB javaTotal=10.5MB javaMax=256.0MB nativeHeap=1.9GB nativeHeapFree=6.5MB nativeHeapSize=1.9GB
  pssTotal=3.0GB privateDirty=1.1GB sharedDirty=51.9MB nativePss=1.1GB dalvikPss=5.9MB otherPss=1.9GB
  systemAvail=13.2GB systemThreshold=216.0MB lowMemory=false trimLevel=0 importance=125 fdCount=151
  procStatus VmRSS=3305196 kB VmHWM=3306864 kB VmSize=20959248 kB VmSwap=2416 kB Threads=29 FDSize=256
2026-05-28 08:29:25.353 pid=7968 [generation-stage] id=26 stage=native-call-start
2026-05-28 08:29:58.453 pid=7968 [generation-stage] id=26 stage=native-call-end resultLen=91
2026-05-28 08:29:58.453 pid=7968 [generation-end] id=26 resultLen=91
  javaUsed=8.5MB javaTotal=10.5MB javaMax=256.0MB nativeHeap=1.9GB nativeHeapFree=6.5MB nativeHeapSize=1.9GB
  pssTotal=3.0GB privateDirty=1.1GB sharedDirty=51.9MB nativePss=1.1GB dalvikPss=6.0MB otherPss=1.9GB
  systemAvail=13.2GB systemThreshold=216.0MB lowMemory=false trimLevel=0 importance=125 fdCount=151
  procStatus VmRSS=3305700 kB VmHWM=3306864 kB VmSize=20959248 kB VmSwap=2416 kB Threads=29 FDSize=256
2026-05-28 08:29:58.572 pid=7968 [model-load] Loading configuration: Qwen3.5 2B MTP
2026-05-28 08:29:58.572 pid=7968 [model-load-skip] config=Qwen3.5 2B MTP model already loaded
  javaUsed=8.8MB javaTotal=10.5MB javaMax=256.0MB nativeHeap=1.9GB nativeHeapFree=6.5MB nativeHeapSize=1.9GB
  pssTotal=3.0GB privateDirty=1.1GB sharedDirty=51.9MB nativePss=1.1GB dalvikPss=6.2MB otherPss=1.9GB
  systemAvail=13.2GB systemThreshold=216.0MB lowMemory=false trimLevel=0 importance=125 fdCount=151
  procStatus VmRSS=3305828 kB VmHWM=3306864 kB VmSize=20959248 kB VmSwap=2416 kB Threads=29 FDSize=256
2026-05-28 08:29:58.700 pid=7968 [generation-start] id=27 config=Qwen3.5 2B MTP model=Qwen3.5-2B-Q8_0.gguf promptLen=1063 mediaCount=0
  javaUsed=9.0MB javaTotal=10.5MB javaMax=256.0MB nativeHeap=1.9GB nativeHeapFree=6.5MB nativeHeapSize=1.9GB
  pssTotal=3.0GB privateDirty=1.1GB sharedDirty=51.9MB nativePss=1.1GB dalvikPss=6.4MB otherPss=1.9GB
  systemAvail=13.2GB systemThreshold=216.0MB lowMemory=false trimLevel=0 importance=125 fdCount=151
  procStatus VmRSS=3305956 kB VmHWM=3306864 kB VmSize=20959248 kB VmSwap=2416 kB Threads=29 FDSize=256
2026-05-28 08:29:58.824 pid=7968 [generation-stage] id=27 stage=native-call-start
2026-05-28 08:30:29.298 pid=7968 [generation-stage] id=27 stage=native-call-end resultLen=90
2026-05-28 08:30:29.299 pid=7968 [generation-end] id=27 resultLen=90
  javaUsed=9.1MB javaTotal=10.5MB javaMax=256.0MB nativeHeap=1.9GB nativeHeapFree=6.5MB nativeHeapSize=1.9GB
  pssTotal=3.0GB privateDirty=1.1GB sharedDirty=51.9MB nativePss=1.1GB dalvikPss=6.5MB otherPss=1.9GB
  systemAvail=13.2GB systemThreshold=216.0MB lowMemory=false trimLevel=0 importance=125 fdCount=151
  procStatus VmRSS=3306204 kB VmHWM=3306864 kB VmSize=20959248 kB VmSwap=2416 kB Threads=29 FDSize=256
2026-05-28 08:30:29.420 pid=7968 [model-load] Loading configuration: Qwen3.5 2B MTP
2026-05-28 08:30:29.421 pid=7968 [model-load-skip] config=Qwen3.5 2B MTP model already loaded
  javaUsed=9.3MB javaTotal=10.5MB javaMax=256.0MB nativeHeap=1.9GB nativeHeapFree=6.5MB nativeHeapSize=1.9GB
  pssTotal=3.0GB privateDirty=1.1GB sharedDirty=51.9MB nativePss=1.1GB dalvikPss=6.7MB otherPss=1.9GB
  systemAvail=13.1GB systemThreshold=216.0MB lowMemory=false trimLevel=0 importance=125 fdCount=151
  procStatus VmRSS=3306460 kB VmHWM=3306864 kB VmSize=20959248 kB VmSwap=2416 kB Threads=29 FDSize=256
2026-05-28 08:30:29.548 pid=7968 [generation-start] id=28 config=Qwen3.5 2B MTP model=Qwen3.5-2B-Q8_0.gguf promptLen=1063 mediaCount=0
  javaUsed=9.5MB javaTotal=10.5MB javaMax=256.0MB nativeHeap=1.9GB nativeHeapFree=6.5MB nativeHeapSize=1.9GB
  pssTotal=3.0GB privateDirty=1.1GB sharedDirty=51.9MB nativePss=1.1GB dalvikPss=6.9MB otherPss=1.9GB
  systemAvail=13.1GB systemThreshold=216.0MB lowMemory=false trimLevel=0 importance=125 fdCount=151
  procStatus VmRSS=3306588 kB VmHWM=3306864 kB VmSize=20959248 kB VmSwap=2416 kB Threads=29 FDSize=256
2026-05-28 08:30:29.675 pid=7968 [generation-stage] id=28 stage=native-call-start
2026-05-28 08:31:01.366 pid=7968 [generation-stage] id=28 stage=native-call-end resultLen=40
2026-05-28 08:31:01.367 pid=7968 [generation-end] id=28 resultLen=40
  javaUsed=9.7MB javaTotal=10.5MB javaMax=256.0MB nativeHeap=1.9GB nativeHeapFree=6.5MB nativeHeapSize=1.9GB
  pssTotal=3.0GB privateDirty=1.1GB sharedDirty=51.9MB nativePss=1.1GB dalvikPss=7.0MB otherPss=1.9GB
  systemAvail=13.1GB systemThreshold=216.0MB lowMemory=false trimLevel=0 importance=125 fdCount=151
  procStatus VmRSS=3306696 kB VmHWM=3306864 kB VmSize=20959248 kB VmSwap=2416 kB Threads=29 FDSize=256
2026-05-28 08:31:01.496 pid=7968 [model-load] Loading configuration: Qwen3.5 2B MTP
2026-05-28 08:31:01.497 pid=7968 [model-load-skip] config=Qwen3.5 2B MTP model already loaded
  javaUsed=9.9MB javaTotal=10.5MB javaMax=256.0MB nativeHeap=1.9GB nativeHeapFree=6.5MB nativeHeapSize=1.9GB
  pssTotal=3.0GB privateDirty=1.1GB sharedDirty=51.9MB nativePss=1.1GB dalvikPss=7.1MB otherPss=1.9GB
  systemAvail=13.1GB systemThreshold=216.0MB lowMemory=false trimLevel=0 importance=125 fdCount=151
  procStatus VmRSS=3306696 kB VmHWM=3306864 kB VmSize=20959248 kB VmSwap=2416 kB Threads=29 FDSize=256
2026-05-28 08:31:01.620 pid=7968 [generation-start] id=29 config=Qwen3.5 2B MTP model=Qwen3.5-2B-Q8_0.gguf promptLen=1063 mediaCount=0
  javaUsed=10.1MB javaTotal=10.5MB javaMax=256.0MB nativeHeap=1.9GB nativeHeapFree=6.5MB nativeHeapSize=1.9GB
  pssTotal=3.0GB privateDirty=1.1GB sharedDirty=51.9MB nativePss=1.1GB dalvikPss=7.3MB otherPss=1.9GB
  systemAvail=13.1GB systemThreshold=216.0MB lowMemory=false trimLevel=0 importance=125 fdCount=151
  procStatus VmRSS=3306824 kB VmHWM=3306864 kB VmSize=20959248 kB VmSwap=2416 kB Threads=29 FDSize=256
2026-05-28 08:31:01.746 pid=7968 [generation-stage] id=29 stage=native-call-start
2026-05-28 08:31:34.223 pid=7968 [generation-stage] id=29 stage=native-call-end resultLen=44
2026-05-28 08:31:34.224 pid=7968 [generation-end] id=29 resultLen=44
  javaUsed=10.2MB javaTotal=10.5MB javaMax=256.0MB nativeHeap=1.9GB nativeHeapFree=6.5MB nativeHeapSize=1.9GB
  pssTotal=3.0GB privateDirty=1.1GB sharedDirty=51.9MB nativePss=1.1GB dalvikPss=7.4MB otherPss=1.9GB
  systemAvail=13.2GB systemThreshold=216.0MB lowMemory=false trimLevel=0 importance=125 fdCount=151
  procStatus VmRSS=3307072 kB VmHWM=3307080 kB VmSize=20959248 kB VmSwap=2416 kB Threads=29 FDSize=256
2026-05-28 08:31:34.345 pid=7968 [model-load] Loading configuration: Qwen3.5 2B MTP
2026-05-28 08:31:34.346 pid=7968 [model-load-skip] config=Qwen3.5 2B MTP model already loaded
  javaUsed=10.4MB javaTotal=10.5MB javaMax=256.0MB nativeHeap=1.9GB nativeHeapFree=6.4MB nativeHeapSize=1.9GB
  pssTotal=3.0GB privateDirty=1.1GB sharedDirty=51.9MB nativePss=1.1GB dalvikPss=7.6MB otherPss=1.9GB
  systemAvail=13.2GB systemThreshold=216.0MB lowMemory=false trimLevel=0 importance=125 fdCount=151
  procStatus VmRSS=3307072 kB VmHWM=3307080 kB VmSize=20959248 kB VmSwap=2416 kB Threads=29 FDSize=256
2026-05-28 08:31:34.472 pid=7968 [generation-start] id=30 config=Qwen3.5 2B MTP model=Qwen3.5-2B-Q8_0.gguf promptLen=1063 mediaCount=0
  javaUsed=10.6MB javaTotal=10.6MB javaMax=256.0MB nativeHeap=1.9GB nativeHeapFree=6.4MB nativeHeapSize=1.9GB
  pssTotal=3.0GB privateDirty=1.1GB sharedDirty=51.9MB nativePss=1.1GB dalvikPss=7.8MB otherPss=1.9GB
  systemAvail=13.2GB systemThreshold=216.0MB lowMemory=false trimLevel=0 importance=125 fdCount=151
  procStatus VmRSS=3300652 kB VmHWM=3307968 kB VmSize=20959248 kB VmSwap=2416 kB Threads=29 FDSize=256
2026-05-28 08:31:34.596 pid=7968 [generation-stage] id=30 stage=native-call-start
2026-05-28 08:32:05.715 pid=7968 [generation-stage] id=30 stage=native-call-end resultLen=46
2026-05-28 08:32:05.716 pid=7968 [generation-end] id=30 resultLen=46
  javaUsed=2.8MB javaTotal=10.6MB javaMax=256.0MB nativeHeap=1.9GB nativeHeapFree=6.7MB nativeHeapSize=1.9GB
  pssTotal=3.0GB privateDirty=1.1GB sharedDirty=51.9MB nativePss=1.1GB dalvikPss=1.5MB otherPss=1.9GB
  systemAvail=13.1GB systemThreshold=216.0MB lowMemory=false trimLevel=0 importance=125 fdCount=151
  procStatus VmRSS=3300780 kB VmHWM=3307968 kB VmSize=20959248 kB VmSwap=2416 kB Threads=29 FDSize=256
2026-05-28 08:32:06.288 pid=7968 [model-load] Loading configuration: Qwen3.5 2B MTP
2026-05-28 08:32:06.289 pid=7968 [model-load-skip] config=Qwen3.5 2B MTP model already loaded
  javaUsed=3.1MB javaTotal=10.6MB javaMax=256.0MB nativeHeap=1.9GB nativeHeapFree=6.7MB nativeHeapSize=1.9GB
  pssTotal=3.0GB privateDirty=1.1GB sharedDirty=51.9MB nativePss=1.1GB dalvikPss=1.7MB otherPss=1.9GB
  systemAvail=13.1GB systemThreshold=216.0MB lowMemory=false trimLevel=0 importance=125 fdCount=151
  procStatus VmRSS=3300908 kB VmHWM=3307968 kB VmSize=20959248 kB VmSwap=2416 kB Threads=29 FDSize=256
2026-05-28 08:32:06.384 pid=7968 [generation-start] id=31 config=Qwen3.5 2B MTP model=Qwen3.5-2B-Q8_0.gguf promptLen=1054 mediaCount=0
  javaUsed=3.2MB javaTotal=10.6MB javaMax=256.0MB nativeHeap=1.9GB nativeHeapFree=6.6MB nativeHeapSize=1.9GB
  pssTotal=3.0GB privateDirty=1.1GB sharedDirty=51.9MB nativePss=1.1GB dalvikPss=1.8MB otherPss=1.9GB
  systemAvail=13.1GB systemThreshold=216.0MB lowMemory=false trimLevel=0 importance=125 fdCount=151
  procStatus VmRSS=3301036 kB VmHWM=3307968 kB VmSize=20959248 kB VmSwap=2416 kB Threads=29 FDSize=256
2026-05-28 08:32:06.467 pid=7968 [generation-stage] id=31 stage=native-call-start
2026-05-28 08:32:46.538 pid=7968 [generation-stage] id=31 stage=native-call-end resultLen=217
2026-05-28 08:32:46.539 pid=7968 [generation-end] id=31 resultLen=217
  javaUsed=3.4MB javaTotal=10.6MB javaMax=256.0MB nativeHeap=1.9GB nativeHeapFree=6.6MB nativeHeapSize=1.9GB
  pssTotal=3.0GB privateDirty=1.1GB sharedDirty=51.9MB nativePss=1.1GB dalvikPss=2.0MB otherPss=1.9GB
  systemAvail=13.2GB systemThreshold=216.0MB lowMemory=false trimLevel=0 importance=125 fdCount=151
  procStatus VmRSS=3301272 kB VmHWM=3307968 kB VmSize=20959248 kB VmSwap=2416 kB Threads=29 FDSize=256
2026-05-28 08:32:47.156 pid=7968 [model-load] Loading configuration: Qwen3.5 2B MTP
2026-05-28 08:32:47.157 pid=7968 [model-load-skip] config=Qwen3.5 2B MTP model already loaded
  javaUsed=3.6MB javaTotal=10.6MB javaMax=256.0MB nativeHeap=1.9GB nativeHeapFree=6.6MB nativeHeapSize=1.9GB
  pssTotal=3.0GB privateDirty=1.1GB sharedDirty=51.9MB nativePss=1.1GB dalvikPss=2.1MB otherPss=1.9GB
  systemAvail=13.2GB systemThreshold=216.0MB lowMemory=false trimLevel=0 importance=125 fdCount=151
  procStatus VmRSS=3301272 kB VmHWM=3307968 kB VmSize=20959248 kB VmSwap=2416 kB Threads=29 FDSize=256
2026-05-28 08:32:47.284 pid=7968 [generation-start] id=32 config=Qwen3.5 2B MTP model=Qwen3.5-2B-Q8_0.gguf promptLen=1063 mediaCount=0
  javaUsed=3.8MB javaTotal=10.6MB javaMax=256.0MB nativeHeap=1.9GB nativeHeapFree=6.6MB nativeHeapSize=1.9GB
  pssTotal=3.0GB privateDirty=1.1GB sharedDirty=51.9MB nativePss=1.1GB dalvikPss=2.3MB otherPss=1.9GB
  systemAvail=13.2GB systemThreshold=216.0MB lowMemory=false trimLevel=0 importance=125 fdCount=151
  procStatus VmRSS=3301400 kB VmHWM=3307968 kB VmSize=20959248 kB VmSwap=2416 kB Threads=29 FDSize=256
2026-05-28 08:32:47.413 pid=7968 [generation-stage] id=32 stage=native-call-start
2026-05-28 08:33:29.160 pid=7968 [generation-stage] id=32 stage=native-call-end resultLen=226
2026-05-28 08:33:29.160 pid=7968 [generation-end] id=32 resultLen=226
  javaUsed=4.0MB javaTotal=10.6MB javaMax=256.0MB nativeHeap=1.9GB nativeHeapFree=6.6MB nativeHeapSize=1.9GB
  pssTotal=3.0GB privateDirty=1.1GB sharedDirty=51.9MB nativePss=1.1GB dalvikPss=2.4MB otherPss=1.9GB
  systemAvail=13.2GB systemThreshold=216.0MB lowMemory=false trimLevel=0 importance=125 fdCount=151
  procStatus VmRSS=3301628 kB VmHWM=3307968 kB VmSize=20959248 kB VmSwap=2416 kB Threads=29 FDSize=256
2026-05-28 08:33:30.421 pid=7968 [model-load] Loading configuration: Qwen3.5 2B MTP
2026-05-28 08:33:30.422 pid=7968 [model-load-skip] config=Qwen3.5 2B MTP model already loaded
  javaUsed=4.2MB javaTotal=10.6MB javaMax=256.0MB nativeHeap=1.9GB nativeHeapFree=6.6MB nativeHeapSize=1.9GB
  pssTotal=3.0GB privateDirty=1.1GB sharedDirty=51.9MB nativePss=1.1GB dalvikPss=2.6MB otherPss=1.9GB
  systemAvail=13.2GB systemThreshold=216.0MB lowMemory=false trimLevel=0 importance=125 fdCount=151
  procStatus VmRSS=3301628 kB VmHWM=3307968 kB VmSize=20959248 kB VmSwap=2416 kB Threads=29 FDSize=256
2026-05-28 08:33:30.558 pid=7968 [generation-start] id=33 config=Qwen3.5 2B MTP model=Qwen3.5-2B-Q8_0.gguf promptLen=1051 mediaCount=0
  javaUsed=4.4MB javaTotal=10.6MB javaMax=256.0MB nativeHeap=1.9GB nativeHeapFree=6.6MB nativeHeapSize=1.9GB
  pssTotal=3.0GB privateDirty=1.1GB sharedDirty=51.9MB nativePss=1.1GB dalvikPss=2.8MB otherPss=1.9GB
  systemAvail=13.2GB systemThreshold=216.0MB lowMemory=false trimLevel=0 importance=125 fdCount=151
  procStatus VmRSS=3301756 kB VmHWM=3307968 kB VmSize=20959248 kB VmSwap=2416 kB Threads=29 FDSize=256
2026-05-28 08:33:30.684 pid=7968 [generation-stage] id=33 stage=native-call-start
2026-05-28 08:34:00.364 pid=7968 [generation-stage] id=33 stage=native-call-end resultLen=81
2026-05-28 08:34:00.365 pid=7968 [generation-end] id=33 resultLen=81
  javaUsed=4.6MB javaTotal=10.6MB javaMax=256.0MB nativeHeap=1.9GB nativeHeapFree=6.6MB nativeHeapSize=1.9GB
  pssTotal=3.0GB privateDirty=1.1GB sharedDirty=51.9MB nativePss=1.1GB dalvikPss=2.9MB otherPss=1.9GB
  systemAvail=13.2GB systemThreshold=216.0MB lowMemory=false trimLevel=0 importance=125 fdCount=151
  procStatus VmRSS=3302264 kB VmHWM=3307968 kB VmSize=20959248 kB VmSwap=2416 kB Threads=29 FDSize=256
2026-05-28 08:34:01.208 pid=7968 [model-load] Loading configuration: Qwen3.5 2B MTP
2026-05-28 08:34:01.209 pid=7968 [model-load-skip] config=Qwen3.5 2B MTP model already loaded
  javaUsed=4.8MB javaTotal=10.6MB javaMax=256.0MB nativeHeap=1.9GB nativeHeapFree=6.6MB nativeHeapSize=1.9GB
  pssTotal=3.0GB privateDirty=1.1GB sharedDirty=51.9MB nativePss=1.1GB dalvikPss=3.1MB otherPss=1.9GB
  systemAvail=13.2GB systemThreshold=216.0MB lowMemory=false trimLevel=0 importance=125 fdCount=151
  procStatus VmRSS=3302392 kB VmHWM=3307968 kB VmSize=20959248 kB VmSwap=2416 kB Threads=29 FDSize=256
2026-05-28 08:34:01.338 pid=7968 [generation-start] id=34 config=Qwen3.5 2B MTP model=Qwen3.5-2B-Q8_0.gguf promptLen=1069 mediaCount=0
  javaUsed=5.0MB javaTotal=10.6MB javaMax=256.0MB nativeHeap=1.9GB nativeHeapFree=6.6MB nativeHeapSize=1.9GB
  pssTotal=3.0GB privateDirty=1.1GB sharedDirty=51.9MB nativePss=1.1GB dalvikPss=3.2MB otherPss=1.9GB
  systemAvail=13.2GB systemThreshold=216.0MB lowMemory=false trimLevel=0 importance=125 fdCount=151
  procStatus VmRSS=3302776 kB VmHWM=3307968 kB VmSize=20959248 kB VmSwap=2416 kB Threads=29 FDSize=256
2026-05-28 08:34:01.467 pid=7968 [generation-stage] id=34 stage=native-call-start
2026-05-28 08:34:38.884 pid=7968 [generation-stage] id=34 stage=native-call-end resultLen=140
2026-05-28 08:34:38.885 pid=7968 [generation-end] id=34 resultLen=140
  javaUsed=5.1MB javaTotal=10.6MB javaMax=256.0MB nativeHeap=1.9GB nativeHeapFree=6.6MB nativeHeapSize=1.9GB
  pssTotal=3.0GB privateDirty=1.1GB sharedDirty=51.9MB nativePss=1.1GB dalvikPss=3.3MB otherPss=1.9GB
  systemAvail=13.3GB systemThreshold=216.0MB lowMemory=false trimLevel=0 importance=125 fdCount=151
  procStatus VmRSS=3302888 kB VmHWM=3307968 kB VmSize=20959248 kB VmSwap=2416 kB Threads=29 FDSize=256
2026-05-28 08:34:39.838 pid=7968 [model-load] Loading configuration: Qwen3.5 2B MTP
2026-05-28 08:34:39.839 pid=7968 [model-load-skip] config=Qwen3.5 2B MTP model already loaded
  javaUsed=5.4MB javaTotal=10.6MB javaMax=256.0MB nativeHeap=1.9GB nativeHeapFree=6.6MB nativeHeapSize=1.9GB
  pssTotal=3.0GB privateDirty=1.1GB sharedDirty=52.0MB nativePss=1.1GB dalvikPss=3.5MB otherPss=1.9GB
  systemAvail=13.3GB systemThreshold=216.0MB lowMemory=false trimLevel=0 importance=125 fdCount=151
  procStatus VmRSS=3303016 kB VmHWM=3307968 kB VmSize=20959248 kB VmSwap=2416 kB Threads=29 FDSize=256
2026-05-28 08:34:39.974 pid=7968 [generation-start] id=35 config=Qwen3.5 2B MTP model=Qwen3.5-2B-Q8_0.gguf promptLen=1045 mediaCount=0
  javaUsed=5.5MB javaTotal=10.6MB javaMax=256.0MB nativeHeap=1.9GB nativeHeapFree=6.6MB nativeHeapSize=1.9GB
  pssTotal=3.0GB privateDirty=1.1GB sharedDirty=52.0MB nativePss=1.1GB dalvikPss=3.7MB otherPss=1.9GB
  systemAvail=13.3GB systemThreshold=216.0MB lowMemory=false trimLevel=0 importance=125 fdCount=151
  procStatus VmRSS=3303016 kB VmHWM=3307968 kB VmSize=20959248 kB VmSwap=2416 kB Threads=29 FDSize=256
2026-05-28 08:34:40.097 pid=7968 [generation-stage] id=35 stage=native-call-start
2026-05-28 08:35:17.526 pid=7968 [generation-stage] id=35 stage=native-call-end resultLen=159
2026-05-28 08:35:17.527 pid=7968 [generation-end] id=35 resultLen=159
  javaUsed=5.7MB javaTotal=10.6MB javaMax=256.0MB nativeHeap=1.9GB nativeHeapFree=6.6MB nativeHeapSize=1.9GB
  pssTotal=3.0GB privateDirty=1.1GB sharedDirty=52.0MB nativePss=1.1GB dalvikPss=3.8MB otherPss=1.9GB
  systemAvail=13.2GB systemThreshold=216.0MB lowMemory=false trimLevel=0 importance=125 fdCount=151
  procStatus VmRSS=3303384 kB VmHWM=3307968 kB VmSize=20959248 kB VmSwap=2416 kB Threads=29 FDSize=256
2026-05-28 08:35:17.647 pid=7968 [model-load] Loading configuration: Qwen3.5 2B MTP
2026-05-28 08:35:17.647 pid=7968 [model-load-skip] config=Qwen3.5 2B MTP model already loaded
  javaUsed=5.9MB javaTotal=10.6MB javaMax=256.0MB nativeHeap=1.9GB nativeHeapFree=6.6MB nativeHeapSize=1.9GB
  pssTotal=3.0GB privateDirty=1.1GB sharedDirty=52.0MB nativePss=1.1GB dalvikPss=4.0MB otherPss=1.9GB
  systemAvail=13.2GB systemThreshold=216.0MB lowMemory=false trimLevel=0 importance=125 fdCount=151
  procStatus VmRSS=3303384 kB VmHWM=3307968 kB VmSize=20959248 kB VmSwap=2416 kB Threads=29 FDSize=256
2026-05-28 08:35:17.774 pid=7968 [generation-start] id=36 config=Qwen3.5 2B MTP model=Qwen3.5-2B-Q8_0.gguf promptLen=1045 mediaCount=0
  javaUsed=6.1MB javaTotal=10.6MB javaMax=256.0MB nativeHeap=1.9GB nativeHeapFree=6.6MB nativeHeapSize=1.9GB
  pssTotal=3.0GB privateDirty=1.1GB sharedDirty=52.0MB nativePss=1.1GB dalvikPss=4.1MB otherPss=1.9GB
  systemAvail=13.2GB systemThreshold=216.0MB lowMemory=false trimLevel=0 importance=125 fdCount=151
  procStatus VmRSS=3303512 kB VmHWM=3307968 kB VmSize=20959248 kB VmSwap=2416 kB Threads=29 FDSize=256
2026-05-28 08:35:17.900 pid=7968 [generation-stage] id=36 stage=native-call-start
2026-05-28 08:35:52.431 pid=7968 [generation-stage] id=36 stage=native-call-end resultLen=105
2026-05-28 08:35:52.432 pid=7968 [generation-end] id=36 resultLen=105
  javaUsed=6.2MB javaTotal=10.6MB javaMax=256.0MB nativeHeap=1.9GB nativeHeapFree=6.6MB nativeHeapSize=1.9GB
  pssTotal=3.0GB privateDirty=1.1GB sharedDirty=52.0MB nativePss=1.1GB dalvikPss=4.2MB otherPss=1.9GB
  systemAvail=13.3GB systemThreshold=216.0MB lowMemory=false trimLevel=0 importance=125 fdCount=151
  procStatus VmRSS=3303756 kB VmHWM=3307968 kB VmSize=20959248 kB VmSwap=2416 kB Threads=29 FDSize=256
2026-05-28 08:35:52.557 pid=7968 [model-load] Loading configuration: Qwen3.5 2B MTP
2026-05-28 08:35:52.558 pid=7968 [model-load-skip] config=Qwen3.5 2B MTP model already loaded
  javaUsed=6.5MB javaTotal=10.6MB javaMax=256.0MB nativeHeap=1.9GB nativeHeapFree=6.6MB nativeHeapSize=1.9GB
  pssTotal=3.0GB privateDirty=1.1GB sharedDirty=52.0MB nativePss=1.1GB dalvikPss=4.4MB otherPss=1.9GB
  systemAvail=13.3GB systemThreshold=216.0MB lowMemory=false trimLevel=0 importance=125 fdCount=151
  procStatus VmRSS=3303756 kB VmHWM=3307968 kB VmSize=20959248 kB VmSwap=2416 kB Threads=29 FDSize=256
2026-05-28 08:35:52.687 pid=7968 [generation-start] id=37 config=Qwen3.5 2B MTP model=Qwen3.5-2B-Q8_0.gguf promptLen=1045 mediaCount=0
  javaUsed=6.7MB javaTotal=10.6MB javaMax=256.0MB nativeHeap=1.9GB nativeHeapFree=6.6MB nativeHeapSize=1.9GB
  pssTotal=3.0GB privateDirty=1.1GB sharedDirty=52.0MB nativePss=1.1GB dalvikPss=4.6MB otherPss=1.9GB
  systemAvail=13.3GB systemThreshold=216.0MB lowMemory=false trimLevel=0 importance=125 fdCount=151
  procStatus VmRSS=3303884 kB VmHWM=3307968 kB VmSize=20959248 kB VmSwap=2416 kB Threads=29 FDSize=256
2026-05-28 08:35:52.810 pid=7968 [generation-stage] id=37 stage=native-call-start
2026-05-28 08:36:25.797 pid=7968 [generation-stage] id=37 stage=native-call-end resultLen=77
2026-05-28 08:36:25.797 pid=7968 [generation-end] id=37 resultLen=77
  javaUsed=6.8MB javaTotal=10.6MB javaMax=256.0MB nativeHeap=1.9GB nativeHeapFree=6.6MB nativeHeapSize=1.9GB
  pssTotal=3.0GB privateDirty=1.1GB sharedDirty=52.0MB nativePss=1.1GB dalvikPss=4.7MB otherPss=1.9GB
  systemAvail=13.2GB systemThreshold=216.0MB lowMemory=false trimLevel=0 importance=125 fdCount=151
  procStatus VmRSS=3304380 kB VmHWM=3307968 kB VmSize=20959248 kB VmSwap=2416 kB Threads=29 FDSize=256
2026-05-28 08:36:26.541 pid=7968 [model-load] Loading configuration: Qwen3.5 2B MTP
2026-05-28 08:36:26.542 pid=7968 [model-load-skip] config=Qwen3.5 2B MTP model already loaded
  javaUsed=7.0MB javaTotal=10.6MB javaMax=256.0MB nativeHeap=1.9GB nativeHeapFree=6.6MB nativeHeapSize=1.9GB
  pssTotal=3.0GB privateDirty=1.1GB sharedDirty=52.0MB nativePss=1.1GB dalvikPss=4.9MB otherPss=1.9GB
  systemAvail=13.2GB systemThreshold=216.0MB lowMemory=false trimLevel=0 importance=125 fdCount=151
  procStatus VmRSS=3304508 kB VmHWM=3307968 kB VmSize=20959248 kB VmSwap=2416 kB Threads=29 FDSize=256
2026-05-28 08:36:26.675 pid=7968 [generation-start] id=38 config=Qwen3.5 2B MTP model=Qwen3.5-2B-Q8_0.gguf promptLen=1066 mediaCount=0
  javaUsed=7.2MB javaTotal=10.6MB javaMax=256.0MB nativeHeap=1.9GB nativeHeapFree=6.5MB nativeHeapSize=1.9GB
  pssTotal=3.0GB privateDirty=1.1GB sharedDirty=52.0MB nativePss=1.1GB dalvikPss=5.0MB otherPss=1.9GB
  systemAvail=13.2GB systemThreshold=216.0MB lowMemory=false trimLevel=0 importance=125 fdCount=151
  procStatus VmRSS=3304636 kB VmHWM=3307968 kB VmSize=20959248 kB VmSwap=2416 kB Threads=29 FDSize=256
2026-05-28 08:36:26.802 pid=7968 [generation-stage] id=38 stage=native-call-start
2026-05-28 08:37:00.385 pid=7968 [generation-stage] id=38 stage=native-call-end resultLen=57
2026-05-28 08:37:00.385 pid=7968 [generation-end] id=38 resultLen=57
  javaUsed=7.3MB javaTotal=10.6MB javaMax=256.0MB nativeHeap=1.9GB nativeHeapFree=6.5MB nativeHeapSize=1.9GB
  pssTotal=3.0GB privateDirty=1.1GB sharedDirty=52.0MB nativePss=1.1GB dalvikPss=5.2MB otherPss=1.9GB
  systemAvail=13.1GB systemThreshold=216.0MB lowMemory=false trimLevel=0 importance=125 fdCount=151
  procStatus VmRSS=3304892 kB VmHWM=3307968 kB VmSize=20959248 kB VmSwap=2416 kB Threads=29 FDSize=256
2026-05-28 08:37:01.326 pid=7968 [model-load] Loading configuration: Qwen3.5 2B MTP
2026-05-28 08:37:01.327 pid=7968 [model-load-skip] config=Qwen3.5 2B MTP model already loaded
  javaUsed=7.6MB javaTotal=10.6MB javaMax=256.0MB nativeHeap=1.9GB nativeHeapFree=6.5MB nativeHeapSize=1.9GB
  pssTotal=3.0GB privateDirty=1.1GB sharedDirty=52.0MB nativePss=1.1GB dalvikPss=5.3MB otherPss=1.9GB
  systemAvail=13.1GB systemThreshold=216.0MB lowMemory=false trimLevel=0 importance=125 fdCount=151
  procStatus VmRSS=3305020 kB VmHWM=3307968 kB VmSize=20959248 kB VmSwap=2416 kB Threads=29 FDSize=256
2026-05-28 08:37:01.454 pid=7968 [generation-start] id=39 config=Qwen3.5 2B MTP model=Qwen3.5-2B-Q8_0.gguf promptLen=1054 mediaCount=0
  javaUsed=7.8MB javaTotal=10.6MB javaMax=256.0MB nativeHeap=1.9GB nativeHeapFree=6.5MB nativeHeapSize=1.9GB
  pssTotal=3.0GB privateDirty=1.1GB sharedDirty=52.0MB nativePss=1.1GB dalvikPss=5.5MB otherPss=1.9GB
  systemAvail=13.1GB systemThreshold=216.0MB lowMemory=false trimLevel=0 importance=125 fdCount=151
  procStatus VmRSS=3305148 kB VmHWM=3307968 kB VmSize=20959248 kB VmSwap=2416 kB Threads=29 FDSize=256
2026-05-28 08:37:01.578 pid=7968 [generation-stage] id=39 stage=native-call-start
2026-05-28 08:37:40.332 pid=7968 [generation-stage] id=39 stage=native-call-end resultLen=187
2026-05-28 08:37:40.332 pid=7968 [generation-end] id=39 resultLen=187
  javaUsed=7.9MB javaTotal=10.6MB javaMax=256.0MB nativeHeap=1.9GB nativeHeapFree=6.5MB nativeHeapSize=1.9GB
  pssTotal=3.0GB privateDirty=1.1GB sharedDirty=52.0MB nativePss=1.1GB dalvikPss=5.6MB otherPss=1.9GB
  systemAvail=13.2GB systemThreshold=216.0MB lowMemory=false trimLevel=0 importance=125 fdCount=151
  procStatus VmRSS=3304988 kB VmHWM=3307968 kB VmSize=20959248 kB VmSwap=2416 kB Threads=29 FDSize=256
2026-05-28 08:37:40.966 pid=7968 [model-load] Loading configuration: Qwen3.5 2B MTP
2026-05-28 08:37:40.967 pid=7968 [model-load-skip] config=Qwen3.5 2B MTP model already loaded
  javaUsed=8.1MB javaTotal=10.6MB javaMax=256.0MB nativeHeap=1.9GB nativeHeapFree=6.5MB nativeHeapSize=1.9GB
  pssTotal=3.0GB privateDirty=1.1GB sharedDirty=52.0MB nativePss=1.1GB dalvikPss=5.8MB otherPss=1.9GB
  systemAvail=13.2GB systemThreshold=216.0MB lowMemory=false trimLevel=0 importance=125 fdCount=151
  procStatus VmRSS=3305116 kB VmHWM=3307968 kB VmSize=20959248 kB VmSwap=2416 kB Threads=29 FDSize=256
2026-05-28 08:37:41.103 pid=7968 [generation-start] id=40 config=Qwen3.5 2B MTP model=Qwen3.5-2B-Q8_0.gguf promptLen=1063 mediaCount=0
  javaUsed=8.3MB javaTotal=10.6MB javaMax=256.0MB nativeHeap=1.9GB nativeHeapFree=6.5MB nativeHeapSize=1.9GB
  pssTotal=3.0GB privateDirty=1.1GB sharedDirty=52.0MB nativePss=1.1GB dalvikPss=6.0MB otherPss=1.9GB
  systemAvail=13.2GB systemThreshold=216.0MB lowMemory=false trimLevel=0 importance=125 fdCount=151
  procStatus VmRSS=3305244 kB VmHWM=3307968 kB VmSize=20959248 kB VmSwap=2416 kB Threads=29 FDSize=256
2026-05-28 08:37:41.229 pid=7968 [generation-stage] id=40 stage=native-call-start
2026-05-28 08:38:15.748 pid=7968 [generation-stage] id=40 stage=native-call-end resultLen=120
2026-05-28 08:38:15.748 pid=7968 [generation-end] id=40 resultLen=120
  javaUsed=8.5MB javaTotal=10.6MB javaMax=256.0MB nativeHeap=1.9GB nativeHeapFree=6.5MB nativeHeapSize=1.9GB
  pssTotal=3.0GB privateDirty=1.1GB sharedDirty=52.0MB nativePss=1.1GB dalvikPss=6.1MB otherPss=1.9GB
  systemAvail=13.1GB systemThreshold=216.0MB lowMemory=false trimLevel=0 importance=125 fdCount=151
  procStatus VmRSS=3305624 kB VmHWM=3307968 kB VmSize=20959248 kB VmSwap=2416 kB Threads=29 FDSize=256
2026-05-28 08:38:16.375 pid=7968 [model-load] Loading configuration: Qwen3.5 2B MTP
2026-05-28 08:38:16.376 pid=7968 [model-load-skip] config=Qwen3.5 2B MTP model already loaded
  javaUsed=8.7MB javaTotal=10.6MB javaMax=256.0MB nativeHeap=1.9GB nativeHeapFree=6.5MB nativeHeapSize=1.9GB
  pssTotal=3.0GB privateDirty=1.1GB sharedDirty=52.0MB nativePss=1.1GB dalvikPss=6.3MB otherPss=1.9GB
  systemAvail=13.1GB systemThreshold=216.0MB lowMemory=false trimLevel=0 importance=125 fdCount=151
  procStatus VmRSS=3305752 kB VmHWM=3307968 kB VmSize=20959248 kB VmSwap=2416 kB Threads=29 FDSize=256
2026-05-28 08:38:16.504 pid=7968 [generation-start] id=41 config=Qwen3.5 2B MTP model=Qwen3.5-2B-Q8_0.gguf promptLen=1057 mediaCount=0
  javaUsed=8.9MB javaTotal=10.6MB javaMax=256.0MB nativeHeap=1.9GB nativeHeapFree=6.5MB nativeHeapSize=1.9GB
  pssTotal=3.0GB privateDirty=1.1GB sharedDirty=52.0MB nativePss=1.1GB dalvikPss=6.5MB otherPss=1.9GB
  systemAvail=13.1GB systemThreshold=216.0MB lowMemory=false trimLevel=0 importance=125 fdCount=151
  procStatus VmRSS=3305880 kB VmHWM=3307968 kB VmSize=20959248 kB VmSwap=2416 kB Threads=29 FDSize=256
2026-05-28 08:38:16.633 pid=7968 [generation-stage] id=41 stage=native-call-start
2026-05-28 08:39:26.506 pid=7968 [generation-stage] id=41 stage=native-call-end resultLen=73
2026-05-28 08:39:26.507 pid=7968 [generation-end] id=41 resultLen=73
  javaUsed=9.1MB javaTotal=10.6MB javaMax=256.0MB nativeHeap=1.9GB nativeHeapFree=6.5MB nativeHeapSize=1.9GB
  pssTotal=3.0GB privateDirty=1.1GB sharedDirty=52.0MB nativePss=1.1GB dalvikPss=6.6MB otherPss=1.9GB
  systemAvail=13.3GB systemThreshold=216.0MB lowMemory=false trimLevel=0 importance=125 fdCount=151
  procStatus VmRSS=3306128 kB VmHWM=3307968 kB VmSize=20959248 kB VmSwap=2416 kB Threads=29 FDSize=256
2026-05-28 08:44:10.939 pid=7968 [model-load] Loading configuration: Qwen3.5 2B MTP
2026-05-28 08:44:10.944 pid=7968 [model-load-skip] config=Qwen3.5 2B MTP model already loaded
  javaUsed=9.5MB javaTotal=10.6MB javaMax=256.0MB nativeHeap=1.9GB nativeHeapFree=6.5MB nativeHeapSize=1.9GB
  pssTotal=3.0GB privateDirty=1.1GB sharedDirty=52.0MB nativePss=1.1GB dalvikPss=6.8MB otherPss=1.9GB
  systemAvail=13.1GB systemThreshold=216.0MB lowMemory=false trimLevel=0 importance=125 fdCount=151
  procStatus VmRSS=3306128 kB VmHWM=3307968 kB VmSize=20959248 kB VmSwap=2416 kB Threads=29 FDSize=256
2026-05-28 08:44:11.023 pid=7968 [generation-start] id=42 config=Qwen3.5 2B MTP model=Qwen3.5-2B-Q8_0.gguf promptLen=1057 mediaCount=0
  javaUsed=9.7MB javaTotal=10.6MB javaMax=256.0MB nativeHeap=1.9GB nativeHeapFree=6.5MB nativeHeapSize=1.9GB
  pssTotal=3.0GB privateDirty=1.1GB sharedDirty=52.0MB nativePss=1.1GB dalvikPss=7.0MB otherPss=1.9GB
  systemAvail=13.1GB systemThreshold=216.0MB lowMemory=false trimLevel=0 importance=125 fdCount=151
  procStatus VmRSS=3306256 kB VmHWM=3307968 kB VmSize=20959248 kB VmSwap=2416 kB Threads=29 FDSize=256
2026-05-28 08:44:11.084 pid=7968 [generation-stage] id=42 stage=native-call-start
2026-05-28 08:44:36.567 pid=7968 [generation-stage] id=42 stage=native-call-end resultLen=163
2026-05-28 08:44:36.568 pid=7968 [generation-end] id=42 resultLen=163
  javaUsed=9.8MB javaTotal=10.6MB javaMax=256.0MB nativeHeap=1.9GB nativeHeapFree=6.5MB nativeHeapSize=1.9GB
  pssTotal=3.0GB privateDirty=1.1GB sharedDirty=52.0MB nativePss=1.1GB dalvikPss=7.1MB otherPss=1.9GB
  systemAvail=13.1GB systemThreshold=216.0MB lowMemory=false trimLevel=0 importance=125 fdCount=151
  procStatus VmRSS=3306628 kB VmHWM=3307968 kB VmSize=20959248 kB VmSwap=2416 kB Threads=29 FDSize=256
2026-05-28 08:44:37.199 pid=7968 [model-load] Loading configuration: Qwen3.5 2B MTP
2026-05-28 08:44:37.199 pid=7968 [model-load-skip] config=Qwen3.5 2B MTP model already loaded
  javaUsed=10.0MB javaTotal=10.6MB javaMax=256.0MB nativeHeap=1.9GB nativeHeapFree=6.5MB nativeHeapSize=1.9GB
  pssTotal=3.0GB privateDirty=1.1GB sharedDirty=52.0MB nativePss=1.1GB dalvikPss=7.3MB otherPss=1.9GB
  systemAvail=13.1GB systemThreshold=216.0MB lowMemory=false trimLevel=0 importance=125 fdCount=151
  procStatus VmRSS=3306756 kB VmHWM=3307968 kB VmSize=20959248 kB VmSwap=2416 kB Threads=29 FDSize=256
2026-05-28 08:44:37.332 pid=7968 [generation-start] id=43 config=Qwen3.5 2B MTP model=Qwen3.5-2B-Q8_0.gguf promptLen=1057 mediaCount=0
  javaUsed=10.2MB javaTotal=10.6MB javaMax=256.0MB nativeHeap=1.9GB nativeHeapFree=6.5MB nativeHeapSize=1.9GB
  pssTotal=3.0GB privateDirty=1.1GB sharedDirty=52.0MB nativePss=1.1GB dalvikPss=7.4MB otherPss=1.9GB
  systemAvail=13.1GB systemThreshold=216.0MB lowMemory=false trimLevel=0 importance=125 fdCount=151
  procStatus VmRSS=3306884 kB VmHWM=3307968 kB VmSize=20959248 kB VmSwap=2416 kB Threads=29 FDSize=256
2026-05-28 08:44:37.456 pid=7968 [generation-stage] id=43 stage=native-call-start
2026-05-28 08:45:13.156 pid=7968 [generation-stage] id=43 stage=native-call-end resultLen=108
2026-05-28 08:45:13.157 pid=7968 [generation-end] id=43 resultLen=108
  javaUsed=10.4MB javaTotal=10.6MB javaMax=256.0MB nativeHeap=1.9GB nativeHeapFree=6.5MB nativeHeapSize=1.9GB
  pssTotal=3.0GB privateDirty=1.1GB sharedDirty=52.0MB nativePss=1.1GB dalvikPss=7.6MB otherPss=1.9GB
  systemAvail=13.1GB systemThreshold=216.0MB lowMemory=false trimLevel=0 importance=125 fdCount=151
  procStatus VmRSS=3307116 kB VmHWM=3307968 kB VmSize=20959248 kB VmSwap=2416 kB Threads=29 FDSize=256
2026-05-28 08:45:14.107 pid=7968 [model-load] Loading configuration: Qwen3.5 2B MTP
2026-05-28 08:45:14.108 pid=7968 [model-load-skip] config=Qwen3.5 2B MTP model already loaded
  javaUsed=2.8MB javaTotal=10.6MB javaMax=256.0MB nativeHeap=1.9GB nativeHeapFree=6.7MB nativeHeapSize=1.9GB
  pssTotal=3.0GB privateDirty=1.1GB sharedDirty=52.0MB nativePss=1.1GB dalvikPss=1.5MB otherPss=1.9GB
  systemAvail=13.1GB systemThreshold=216.0MB lowMemory=false trimLevel=0 importance=125 fdCount=151
  procStatus VmRSS=3301068 kB VmHWM=3308004 kB VmSize=20959248 kB VmSwap=2416 kB Threads=29 FDSize=256
2026-05-28 08:45:14.239 pid=7968 [generation-start] id=44 config=Qwen3.5 2B MTP model=Qwen3.5-2B-Q8_0.gguf promptLen=1057 mediaCount=0
  javaUsed=3.0MB javaTotal=10.6MB javaMax=256.0MB nativeHeap=1.9GB nativeHeapFree=6.7MB nativeHeapSize=1.9GB
  pssTotal=3.0GB privateDirty=1.1GB sharedDirty=52.0MB nativePss=1.1GB dalvikPss=1.7MB otherPss=1.9GB
  systemAvail=13.1GB systemThreshold=216.0MB lowMemory=false trimLevel=0 importance=125 fdCount=151
  procStatus VmRSS=3301196 kB VmHWM=3308004 kB VmSize=20959248 kB VmSwap=2416 kB Threads=29 FDSize=256
2026-05-28 08:45:14.358 pid=7968 [generation-stage] id=44 stage=native-call-start
2026-05-28 08:45:56.892 pid=7968 [generation-stage] id=44 stage=native-call-end resultLen=69
2026-05-28 08:45:56.892 pid=7968 [generation-end] id=44 resultLen=69
  javaUsed=3.2MB javaTotal=10.6MB javaMax=256.0MB nativeHeap=1.9GB nativeHeapFree=6.8MB nativeHeapSize=1.9GB
  pssTotal=3.0GB privateDirty=1.1GB sharedDirty=52.0MB nativePss=1.1GB dalvikPss=1.8MB otherPss=1.9GB
  systemAvail=13.0GB systemThreshold=216.0MB lowMemory=false trimLevel=0 importance=125 fdCount=151
  procStatus VmRSS=3301440 kB VmHWM=3308004 kB VmSize=20959248 kB VmSwap=2416 kB Threads=29 FDSize=256
2026-05-28 08:46:36.356 pid=7968 [model-load] Loading configuration: Qwen3.5 2B MTP
2026-05-28 08:46:36.357 pid=7968 [model-load-skip] config=Qwen3.5 2B MTP model already loaded
  javaUsed=3.5MB javaTotal=10.6MB javaMax=256.0MB nativeHeap=1.9GB nativeHeapFree=6.8MB nativeHeapSize=1.9GB
  pssTotal=3.0GB privateDirty=1.1GB sharedDirty=52.0MB nativePss=1.1GB dalvikPss=2.0MB otherPss=1.9GB
  systemAvail=13.1GB systemThreshold=216.0MB lowMemory=false trimLevel=0 importance=125 fdCount=151
  procStatus VmRSS=3301440 kB VmHWM=3308004 kB VmSize=20959248 kB VmSwap=2416 kB Threads=29 FDSize=256
2026-05-28 08:46:36.421 pid=7968 [generation-start] id=45 config=Qwen3.5 2B MTP model=Qwen3.5-2B-Q8_0.gguf promptLen=1060 mediaCount=0
  javaUsed=3.7MB javaTotal=10.6MB javaMax=256.0MB nativeHeap=1.9GB nativeHeapFree=6.8MB nativeHeapSize=1.9GB
  pssTotal=3.0GB privateDirty=1.1GB sharedDirty=52.0MB nativePss=1.1GB dalvikPss=2.1MB otherPss=1.9GB
  systemAvail=13.1GB systemThreshold=216.0MB lowMemory=false trimLevel=0 importance=125 fdCount=151
  procStatus VmRSS=3301696 kB VmHWM=3308004 kB VmSize=20959248 kB VmSwap=2416 kB Threads=29 FDSize=256
2026-05-28 08:46:36.488 pid=7968 [generation-stage] id=45 stage=native-call-start
2026-05-28 08:46:56.831 pid=7968 [generation-stage] id=45 stage=native-call-end resultLen=37
2026-05-28 08:46:56.831 pid=7968 [generation-end] id=45 resultLen=37
  javaUsed=3.8MB javaTotal=10.6MB javaMax=256.0MB nativeHeap=1.9GB nativeHeapFree=6.8MB nativeHeapSize=1.9GB
  pssTotal=3.0GB privateDirty=1.1GB sharedDirty=52.0MB nativePss=1.1GB dalvikPss=2.3MB otherPss=1.9GB
  systemAvail=13.0GB systemThreshold=216.0MB lowMemory=false trimLevel=0 importance=125 fdCount=151
  procStatus VmRSS=3301936 kB VmHWM=3308004 kB VmSize=20959248 kB VmSwap=2416 kB Threads=29 FDSize=256
2026-05-28 08:46:57.394 pid=7968 [model-load] Loading configuration: Qwen3.5 2B MTP
2026-05-28 08:46:57.394 pid=7968 [model-load-skip] config=Qwen3.5 2B MTP model already loaded
  javaUsed=4.0MB javaTotal=10.6MB javaMax=256.0MB nativeHeap=1.9GB nativeHeapFree=6.8MB nativeHeapSize=1.9GB
  pssTotal=3.0GB privateDirty=1.1GB sharedDirty=52.0MB nativePss=1.1GB dalvikPss=2.4MB otherPss=1.9GB
  systemAvail=13.0GB systemThreshold=216.0MB lowMemory=false trimLevel=0 importance=125 fdCount=151
  procStatus VmRSS=3302064 kB VmHWM=3308004 kB VmSize=20959248 kB VmSwap=2416 kB Threads=29 FDSize=256
2026-05-28 08:46:57.462 pid=7968 [generation-start] id=46 config=Qwen3.5 2B MTP model=Qwen3.5-2B-Q8_0.gguf promptLen=1060 mediaCount=0
  javaUsed=4.2MB javaTotal=10.6MB javaMax=256.0MB nativeHeap=1.9GB nativeHeapFree=6.8MB nativeHeapSize=1.9GB
  pssTotal=3.0GB privateDirty=1.1GB sharedDirty=52.0MB nativePss=1.1GB dalvikPss=2.6MB otherPss=1.9GB
  systemAvail=13.0GB systemThreshold=216.0MB lowMemory=false trimLevel=0 importance=125 fdCount=151
  procStatus VmRSS=3302192 kB VmHWM=3308004 kB VmSize=20959248 kB VmSwap=2416 kB Threads=29 FDSize=256
2026-05-28 08:46:57.526 pid=7968 [generation-stage] id=46 stage=native-call-start
2026-05-28 08:47:26.118 pid=7968 [generation-stage] id=46 stage=native-call-end resultLen=59
2026-05-28 08:47:26.118 pid=7968 [generation-end] id=46 resultLen=59
  javaUsed=4.4MB javaTotal=10.6MB javaMax=256.0MB nativeHeap=1.9GB nativeHeapFree=6.8MB nativeHeapSize=1.9GB
  pssTotal=3.0GB privateDirty=1.1GB sharedDirty=52.0MB nativePss=1.1GB dalvikPss=2.7MB otherPss=1.9GB
  systemAvail=13.2GB systemThreshold=216.0MB lowMemory=false trimLevel=0 importance=125 fdCount=151
  procStatus VmRSS=3302448 kB VmHWM=3308004 kB VmSize=20959248 kB VmSwap=2416 kB Threads=29 FDSize=256
2026-05-28 08:47:26.246 pid=7968 [model-load] Loading configuration: Qwen3.5 2B MTP
2026-05-28 08:47:26.246 pid=7968 [model-load-skip] config=Qwen3.5 2B MTP model already loaded
  javaUsed=4.6MB javaTotal=10.6MB javaMax=256.0MB nativeHeap=1.9GB nativeHeapFree=6.8MB nativeHeapSize=1.9GB
  pssTotal=3.0GB privateDirty=1.1GB sharedDirty=52.0MB nativePss=1.1GB dalvikPss=2.9MB otherPss=1.9GB
  systemAvail=13.2GB systemThreshold=216.0MB lowMemory=false trimLevel=0 importance=125 fdCount=151
  procStatus VmRSS=3302576 kB VmHWM=3308004 kB VmSize=20959248 kB VmSwap=2416 kB Threads=29 FDSize=256
2026-05-28 08:47:26.373 pid=7968 [generation-start] id=47 config=Qwen3.5 2B MTP model=Qwen3.5-2B-Q8_0.gguf promptLen=1060 mediaCount=0
  javaUsed=4.8MB javaTotal=10.6MB javaMax=256.0MB nativeHeap=1.9GB nativeHeapFree=6.8MB nativeHeapSize=1.9GB
  pssTotal=3.0GB privateDirty=1.1GB sharedDirty=52.0MB nativePss=1.1GB dalvikPss=3.0MB otherPss=1.9GB
  systemAvail=13.2GB systemThreshold=216.0MB lowMemory=false trimLevel=0 importance=125 fdCount=151
  procStatus VmRSS=3302704 kB VmHWM=3308004 kB VmSize=20959248 kB VmSwap=2416 kB Threads=29 FDSize=256
2026-05-28 08:47:26.499 pid=7968 [generation-stage] id=47 stage=native-call-start
2026-05-28 08:48:00.950 pid=7968 [generation-stage] id=47 stage=native-call-end resultLen=73
2026-05-28 08:48:00.951 pid=7968 [generation-end] id=47 resultLen=73
  javaUsed=4.9MB javaTotal=10.6MB javaMax=256.0MB nativeHeap=1.9GB nativeHeapFree=6.8MB nativeHeapSize=1.9GB
  pssTotal=3.0GB privateDirty=1.1GB sharedDirty=52.0MB nativePss=1.1GB dalvikPss=3.2MB otherPss=1.9GB
  systemAvail=13.2GB systemThreshold=216.0MB lowMemory=false trimLevel=0 importance=125 fdCount=151
  procStatus VmRSS=3302952 kB VmHWM=3308004 kB VmSize=20959248 kB VmSwap=2416 kB Threads=29 FDSize=256
2026-05-28 08:48:01.083 pid=7968 [model-load] Loading configuration: Qwen3.5 2B MTP
2026-05-28 08:48:01.084 pid=7968 [model-load-skip] config=Qwen3.5 2B MTP model already loaded
  javaUsed=5.1MB javaTotal=10.6MB javaMax=256.0MB nativeHeap=1.9GB nativeHeapFree=6.8MB nativeHeapSize=1.9GB
  pssTotal=3.0GB privateDirty=1.1GB sharedDirty=52.0MB nativePss=1.1GB dalvikPss=3.3MB otherPss=1.9GB
  systemAvail=13.2GB systemThreshold=216.0MB lowMemory=false trimLevel=0 importance=125 fdCount=151
  procStatus VmRSS=3303080 kB VmHWM=3308004 kB VmSize=20959248 kB VmSwap=2416 kB Threads=29 FDSize=256
2026-05-28 08:48:01.213 pid=7968 [generation-start] id=48 config=Qwen3.5 2B MTP model=Qwen3.5-2B-Q8_0.gguf promptLen=1060 mediaCount=0
  javaUsed=5.3MB javaTotal=10.6MB javaMax=256.0MB nativeHeap=1.9GB nativeHeapFree=6.8MB nativeHeapSize=1.9GB
  pssTotal=3.0GB privateDirty=1.1GB sharedDirty=52.0MB nativePss=1.1GB dalvikPss=3.5MB otherPss=1.9GB
  systemAvail=13.2GB systemThreshold=216.0MB lowMemory=false trimLevel=0 importance=125 fdCount=151
  procStatus VmRSS=3303208 kB VmHWM=3308004 kB VmSize=20959248 kB VmSwap=2416 kB Threads=29 FDSize=256
2026-05-28 08:48:01.340 pid=7968 [generation-stage] id=48 stage=native-call-start
2026-05-28 08:48:38.457 pid=7968 [generation-stage] id=48 stage=native-call-end resultLen=143
2026-05-28 08:48:38.458 pid=7968 [generation-end] id=48 resultLen=143
  javaUsed=5.5MB javaTotal=10.6MB javaMax=256.0MB nativeHeap=1.9GB nativeHeapFree=6.8MB nativeHeapSize=1.9GB
  pssTotal=3.0GB privateDirty=1.1GB sharedDirty=52.0MB nativePss=1.1GB dalvikPss=3.6MB otherPss=1.9GB
  systemAvail=13.1GB systemThreshold=216.0MB lowMemory=false trimLevel=0 importance=125 fdCount=151
  procStatus VmRSS=3303464 kB VmHWM=3308004 kB VmSize=20959248 kB VmSwap=2416 kB Threads=29 FDSize=256
2026-05-28 08:48:39.139 pid=7968 [model-load] Loading configuration: Qwen3.5 2B MTP
2026-05-28 08:48:39.140 pid=7968 [model-load-skip] config=Qwen3.5 2B MTP model already loaded
  javaUsed=5.7MB javaTotal=10.6MB javaMax=256.0MB nativeHeap=1.9GB nativeHeapFree=6.8MB nativeHeapSize=1.9GB
  pssTotal=3.0GB privateDirty=1.1GB sharedDirty=52.0MB nativePss=1.1GB dalvikPss=3.8MB otherPss=1.9GB
  systemAvail=13.1GB systemThreshold=216.0MB lowMemory=false trimLevel=0 importance=125 fdCount=151
  procStatus VmRSS=3303464 kB VmHWM=3308004 kB VmSize=20959248 kB VmSwap=2416 kB Threads=29 FDSize=256
2026-05-28 08:48:39.212 pid=7968 [generation-start] id=49 config=Qwen3.5 2B MTP model=Qwen3.5-2B-Q8_0.gguf promptLen=1066 mediaCount=0
  javaUsed=5.9MB javaTotal=10.6MB javaMax=256.0MB nativeHeap=1.9GB nativeHeapFree=6.8MB nativeHeapSize=1.9GB
  pssTotal=3.0GB privateDirty=1.1GB sharedDirty=52.0MB nativePss=1.1GB dalvikPss=3.9MB otherPss=1.9GB
  systemAvail=13.1GB systemThreshold=216.0MB lowMemory=false trimLevel=0 importance=125 fdCount=151
  procStatus VmRSS=3303592 kB VmHWM=3308004 kB VmSize=20959248 kB VmSwap=2416 kB Threads=29 FDSize=256
2026-05-28 08:48:39.270 pid=7968 [generation-stage] id=49 stage=native-call-start
2026-05-28 08:49:11.411 pid=7968 [generation-stage] id=49 stage=native-call-end resultLen=56
2026-05-28 08:49:11.412 pid=7968 [generation-end] id=49 resultLen=56
  javaUsed=6.0MB javaTotal=10.6MB javaMax=256.0MB nativeHeap=1.9GB nativeHeapFree=6.8MB nativeHeapSize=1.9GB
  pssTotal=3.0GB privateDirty=1.1GB sharedDirty=52.0MB nativePss=1.1GB dalvikPss=4.1MB otherPss=1.9GB
  systemAvail=13.1GB systemThreshold=216.0MB lowMemory=false trimLevel=0 importance=125 fdCount=151
  procStatus VmRSS=3303584 kB VmHWM=3308004 kB VmSize=20959248 kB VmSwap=2416 kB Threads=29 FDSize=256
2026-05-28 08:49:11.538 pid=7968 [model-load] Loading configuration: Qwen3.5 2B MTP
2026-05-28 08:49:11.539 pid=7968 [model-load-skip] config=Qwen3.5 2B MTP model already loaded
  javaUsed=6.2MB javaTotal=10.6MB javaMax=256.0MB nativeHeap=1.9GB nativeHeapFree=6.8MB nativeHeapSize=1.9GB
  pssTotal=3.0GB privateDirty=1.1GB sharedDirty=52.0MB nativePss=1.1GB dalvikPss=4.2MB otherPss=1.9GB
  systemAvail=13.1GB systemThreshold=216.0MB lowMemory=false trimLevel=0 importance=125 fdCount=151
  procStatus VmRSS=3303584 kB VmHWM=3308004 kB VmSize=20959248 kB VmSwap=2416 kB Threads=29 FDSize=256
2026-05-28 08:49:11.668 pid=7968 [generation-start] id=50 config=Qwen3.5 2B MTP model=Qwen3.5-2B-Q8_0.gguf promptLen=1066 mediaCount=0
  javaUsed=6.4MB javaTotal=10.6MB javaMax=256.0MB nativeHeap=1.9GB nativeHeapFree=6.7MB nativeHeapSize=1.9GB
  pssTotal=3.0GB privateDirty=1.1GB sharedDirty=52.0MB nativePss=1.1GB dalvikPss=4.4MB otherPss=1.9GB
  systemAvail=13.1GB systemThreshold=216.0MB lowMemory=false trimLevel=0 importance=125 fdCount=151
  procStatus VmRSS=3303840 kB VmHWM=3308004 kB VmSize=20959248 kB VmSwap=2416 kB Threads=29 FDSize=256
2026-05-28 08:49:11.794 pid=7968 [generation-stage] id=50 stage=native-call-start
2026-05-28 08:49:34.117 pid=7968 [generation-stage] id=50 stage=native-call-end resultLen=43
2026-05-28 08:49:34.117 pid=7968 [generation-end] id=50 resultLen=43
  javaUsed=6.6MB javaTotal=10.6MB javaMax=256.0MB nativeHeap=1.9GB nativeHeapFree=6.7MB nativeHeapSize=1.9GB
  pssTotal=3.0GB privateDirty=1.1GB sharedDirty=52.0MB nativePss=1.1GB dalvikPss=4.5MB otherPss=1.9GB
  systemAvail=13.0GB systemThreshold=216.0MB lowMemory=false trimLevel=0 importance=125 fdCount=151
  procStatus VmRSS=3304352 kB VmHWM=3308004 kB VmSize=20959248 kB VmSwap=2416 kB Threads=29 FDSize=256
2026-05-28 08:49:34.875 pid=7968 [model-load] Loading configuration: Qwen3.5 2B MTP
2026-05-28 08:49:34.876 pid=7968 [model-load-skip] config=Qwen3.5 2B MTP model already loaded
  javaUsed=6.8MB javaTotal=10.6MB javaMax=256.0MB nativeHeap=1.9GB nativeHeapFree=6.7MB nativeHeapSize=1.9GB
  pssTotal=3.0GB privateDirty=1.1GB sharedDirty=52.0MB nativePss=1.1GB dalvikPss=4.7MB otherPss=1.9GB
  systemAvail=13.0GB systemThreshold=216.0MB lowMemory=false trimLevel=0 importance=125 fdCount=151
  procStatus VmRSS=3304352 kB VmHWM=3308004 kB VmSize=20959248 kB VmSwap=2416 kB Threads=29 FDSize=256
2026-05-28 08:49:34.967 pid=7968 [generation-start] id=51 config=Qwen3.5 2B MTP model=Qwen3.5-2B-Q8_0.gguf promptLen=1060 mediaCount=0
  javaUsed=7.0MB javaTotal=10.6MB javaMax=256.0MB nativeHeap=1.9GB nativeHeapFree=6.7MB nativeHeapSize=1.9GB
  pssTotal=3.0GB privateDirty=1.1GB sharedDirty=52.0MB nativePss=1.1GB dalvikPss=4.9MB otherPss=1.9GB
  systemAvail=13.0GB systemThreshold=216.0MB lowMemory=false trimLevel=0 importance=125 fdCount=151
  procStatus VmRSS=3304352 kB VmHWM=3308004 kB VmSize=20959248 kB VmSwap=2416 kB Threads=29 FDSize=256
2026-05-28 08:49:35.040 pid=7968 [generation-stage] id=51 stage=native-call-start
2026-05-28 08:50:05.851 pid=7968 [generation-stage] id=51 stage=native-call-end resultLen=41
2026-05-28 08:50:05.852 pid=7968 [generation-end] id=51 resultLen=41
  javaUsed=7.1MB javaTotal=10.6MB javaMax=256.0MB nativeHeap=1.9GB nativeHeapFree=6.7MB nativeHeapSize=1.9GB
  pssTotal=3.0GB privateDirty=1.1GB sharedDirty=52.0MB nativePss=1.1GB dalvikPss=5.0MB otherPss=1.9GB
  systemAvail=13.0GB systemThreshold=216.0MB lowMemory=false trimLevel=0 importance=125 fdCount=151
  procStatus VmRSS=3304596 kB VmHWM=3308004 kB VmSize=20959248 kB VmSwap=2416 kB Threads=29 FDSize=256
2026-05-28 08:50:06.610 pid=7968 [model-load] Loading configuration: Qwen3.5 2B MTP
2026-05-28 08:50:06.610 pid=7968 [model-load-skip] config=Qwen3.5 2B MTP model already loaded
  javaUsed=7.4MB javaTotal=10.6MB javaMax=256.0MB nativeHeap=1.9GB nativeHeapFree=6.7MB nativeHeapSize=1.9GB
  pssTotal=3.0GB privateDirty=1.1GB sharedDirty=52.0MB nativePss=1.1GB dalvikPss=5.1MB otherPss=1.9GB
  systemAvail=13.0GB systemThreshold=216.0MB lowMemory=false trimLevel=0 importance=125 fdCount=151
  procStatus VmRSS=3304852 kB VmHWM=3308004 kB VmSize=20959248 kB VmSwap=2416 kB Threads=29 FDSize=256
2026-05-28 08:50:06.696 pid=7968 [generation-start] id=52 config=Qwen3.5 2B MTP model=Qwen3.5-2B-Q8_0.gguf promptLen=1060 mediaCount=0
  javaUsed=7.5MB javaTotal=10.6MB javaMax=256.0MB nativeHeap=1.9GB nativeHeapFree=6.7MB nativeHeapSize=1.9GB
  pssTotal=3.0GB privateDirty=1.1GB sharedDirty=52.0MB nativePss=1.1GB dalvikPss=5.3MB otherPss=1.9GB
  systemAvail=13.0GB systemThreshold=216.0MB lowMemory=false trimLevel=0 importance=125 fdCount=151
  procStatus VmRSS=3304980 kB VmHWM=3308004 kB VmSize=20959248 kB VmSwap=2416 kB Threads=29 FDSize=256
2026-05-28 08:50:06.767 pid=7968 [generation-stage] id=52 stage=native-call-start
2026-05-28 08:50:38.433 pid=7968 [generation-stage] id=52 stage=native-call-end resultLen=33
2026-05-28 08:50:38.434 pid=7968 [generation-end] id=52 resultLen=33
  javaUsed=7.7MB javaTotal=10.6MB javaMax=256.0MB nativeHeap=1.9GB nativeHeapFree=6.7MB nativeHeapSize=1.9GB
  pssTotal=3.0GB privateDirty=1.1GB sharedDirty=52.0MB nativePss=1.1GB dalvikPss=5.4MB otherPss=1.9GB
  systemAvail=13.1GB systemThreshold=216.0MB lowMemory=false trimLevel=0 importance=125 fdCount=151
  procStatus VmRSS=3305104 kB VmHWM=3308004 kB VmSize=20959248 kB VmSwap=2416 kB Threads=29 FDSize=256
2026-05-28 08:50:39.179 pid=7968 [model-load] Loading configuration: Qwen3.5 2B MTP
2026-05-28 08:50:39.180 pid=7968 [model-load-skip] config=Qwen3.5 2B MTP model already loaded
  javaUsed=7.9MB javaTotal=10.6MB javaMax=256.0MB nativeHeap=1.9GB nativeHeapFree=6.7MB nativeHeapSize=1.9GB
  pssTotal=3.0GB privateDirty=1.1GB sharedDirty=52.0MB nativePss=1.1GB dalvikPss=5.6MB otherPss=1.9GB
  systemAvail=13.1GB systemThreshold=216.0MB lowMemory=false trimLevel=0 importance=125 fdCount=151
  procStatus VmRSS=3305104 kB VmHWM=3308004 kB VmSize=20959248 kB VmSwap=2416 kB Threads=29 FDSize=256
2026-05-28 08:50:39.257 pid=7968 [generation-start] id=53 config=Qwen3.5 2B MTP model=Qwen3.5-2B-Q8_0.gguf promptLen=1054 mediaCount=0
  javaUsed=8.1MB javaTotal=10.6MB javaMax=256.0MB nativeHeap=1.9GB nativeHeapFree=6.7MB nativeHeapSize=1.9GB
  pssTotal=3.0GB privateDirty=1.1GB sharedDirty=52.0MB nativePss=1.1GB dalvikPss=5.7MB otherPss=1.9GB
  systemAvail=13.1GB systemThreshold=216.0MB lowMemory=false trimLevel=0 importance=125 fdCount=151
  procStatus VmRSS=3305232 kB VmHWM=3308004 kB VmSize=20959248 kB VmSwap=2416 kB Threads=29 FDSize=256
2026-05-28 08:50:39.318 pid=7968 [generation-stage] id=53 stage=native-call-start
2026-05-28 08:51:13.088 pid=7968 [generation-stage] id=53 stage=native-call-end resultLen=79
2026-05-28 08:51:13.089 pid=7968 [generation-end] id=53 resultLen=79
  javaUsed=8.2MB javaTotal=10.6MB javaMax=256.0MB nativeHeap=1.9GB nativeHeapFree=6.7MB nativeHeapSize=1.9GB
  pssTotal=3.0GB privateDirty=1.1GB sharedDirty=52.0MB nativePss=1.1GB dalvikPss=5.9MB otherPss=1.9GB
  systemAvail=13.1GB systemThreshold=216.0MB lowMemory=false trimLevel=0 importance=125 fdCount=151
  procStatus VmRSS=3305468 kB VmHWM=3308004 kB VmSize=20959248 kB VmSwap=2416 kB Threads=29 FDSize=256
2026-05-28 08:51:13.214 pid=7968 [model-load] Loading configuration: Qwen3.5 2B MTP
2026-05-28 08:51:13.214 pid=7968 [model-load-skip] config=Qwen3.5 2B MTP model already loaded
  javaUsed=8.4MB javaTotal=10.6MB javaMax=256.0MB nativeHeap=1.9GB nativeHeapFree=6.7MB nativeHeapSize=1.9GB
  pssTotal=3.0GB privateDirty=1.1GB sharedDirty=52.0MB nativePss=1.1GB dalvikPss=6.0MB otherPss=1.9GB
  systemAvail=13.1GB systemThreshold=216.0MB lowMemory=false trimLevel=0 importance=125 fdCount=151
  procStatus VmRSS=3305596 kB VmHWM=3308004 kB VmSize=20959248 kB VmSwap=2416 kB Threads=29 FDSize=256
2026-05-28 08:51:13.345 pid=7968 [generation-start] id=54 config=Qwen3.5 2B MTP model=Qwen3.5-2B-Q8_0.gguf promptLen=1054 mediaCount=0
  javaUsed=8.6MB javaTotal=10.6MB javaMax=256.0MB nativeHeap=1.9GB nativeHeapFree=6.7MB nativeHeapSize=1.9GB
  pssTotal=3.0GB privateDirty=1.1GB sharedDirty=52.0MB nativePss=1.1GB dalvikPss=6.2MB otherPss=1.9GB
  systemAvail=13.1GB systemThreshold=216.0MB lowMemory=false trimLevel=0 importance=125 fdCount=151
  procStatus VmRSS=3305724 kB VmHWM=3308004 kB VmSize=20959248 kB VmSwap=2416 kB Threads=29 FDSize=256
2026-05-28 08:51:13.475 pid=7968 [generation-stage] id=54 stage=native-call-start
2026-05-28 08:52:09.311 pid=7968 [generation-stage] id=54 stage=native-call-end resultLen=25
2026-05-28 08:52:09.311 pid=7968 [generation-end] id=54 resultLen=25
  javaUsed=8.8MB javaTotal=10.6MB javaMax=256.0MB nativeHeap=1.9GB nativeHeapFree=6.7MB nativeHeapSize=1.9GB
  pssTotal=3.0GB privateDirty=1.1GB sharedDirty=52.0MB nativePss=1.1GB dalvikPss=6.3MB otherPss=1.9GB
  systemAvail=13.2GB systemThreshold=216.0MB lowMemory=false trimLevel=0 importance=125 fdCount=151
  procStatus VmRSS=3305972 kB VmHWM=3308004 kB VmSize=20959248 kB VmSwap=2416 kB Threads=29 FDSize=256
2026-05-28 08:52:09.943 pid=7968 [model-load] Loading configuration: Qwen3.5 2B MTP
2026-05-28 08:52:09.944 pid=7968 [model-load-skip] config=Qwen3.5 2B MTP model already loaded
  javaUsed=9.0MB javaTotal=10.6MB javaMax=256.0MB nativeHeap=1.9GB nativeHeapFree=6.7MB nativeHeapSize=1.9GB
  pssTotal=3.0GB privateDirty=1.1GB sharedDirty=52.0MB nativePss=1.1GB dalvikPss=6.5MB otherPss=1.9GB
  systemAvail=13.2GB systemThreshold=216.0MB lowMemory=false trimLevel=0 importance=125 fdCount=151
  procStatus VmRSS=3305972 kB VmHWM=3308004 kB VmSize=20959248 kB VmSwap=2416 kB Threads=29 FDSize=256
2026-05-28 08:52:10.082 pid=7968 [generation-start] id=55 config=Qwen3.5 2B MTP model=Qwen3.5-2B-Q8_0.gguf promptLen=1057 mediaCount=0
  javaUsed=9.3MB javaTotal=10.6MB javaMax=256.0MB nativeHeap=1.9GB nativeHeapFree=6.7MB nativeHeapSize=1.9GB
  pssTotal=3.0GB privateDirty=1.1GB sharedDirty=52.0MB nativePss=1.1GB dalvikPss=6.7MB otherPss=1.9GB
  systemAvail=13.2GB systemThreshold=216.0MB lowMemory=false trimLevel=0 importance=125 fdCount=151
  procStatus VmRSS=3306100 kB VmHWM=3308004 kB VmSize=20959248 kB VmSwap=2416 kB Threads=29 FDSize=256
2026-05-28 08:52:10.212 pid=7968 [generation-stage] id=55 stage=native-call-start
2026-05-28 09:07:47.353 pid=7968 [generation-stage] id=55 stage=native-call-end resultLen=43
2026-05-28 09:07:47.353 pid=7968 [generation-end] id=55 resultLen=43
  javaUsed=9.4MB javaTotal=10.6MB javaMax=256.0MB nativeHeap=1.9GB nativeHeapFree=6.7MB nativeHeapSize=1.9GB
  pssTotal=3.0GB privateDirty=1.1GB sharedDirty=52.0MB nativePss=1.1GB dalvikPss=6.8MB otherPss=1.9GB
  systemAvail=13.3GB systemThreshold=216.0MB lowMemory=false trimLevel=0 importance=125 fdCount=151
  procStatus VmRSS=3306352 kB VmHWM=3308004 kB VmSize=20959248 kB VmSwap=2416 kB Threads=29 FDSize=256
2026-05-28 09:07:48.339 pid=7968 [model-load] Loading configuration: Qwen3.5 2B MTP
2026-05-28 09:07:48.339 pid=7968 [model-load-skip] config=Qwen3.5 2B MTP model already loaded
  javaUsed=9.7MB javaTotal=10.6MB javaMax=256.0MB nativeHeap=1.9GB nativeHeapFree=6.7MB nativeHeapSize=1.9GB
  pssTotal=3.0GB privateDirty=1.1GB sharedDirty=52.0MB nativePss=1.1GB dalvikPss=6.9MB otherPss=1.9GB
  systemAvail=13.3GB systemThreshold=216.0MB lowMemory=false trimLevel=0 importance=125 fdCount=151
  procStatus VmRSS=3306352 kB VmHWM=3308004 kB VmSize=20959248 kB VmSwap=2416 kB Threads=29 FDSize=256
2026-05-28 09:07:48.401 pid=7968 [generation-start] id=56 config=Qwen3.5 2B MTP model=Qwen3.5-2B-Q8_0.gguf promptLen=1057 mediaCount=0
  javaUsed=9.8MB javaTotal=10.6MB javaMax=256.0MB nativeHeap=1.9GB nativeHeapFree=6.7MB nativeHeapSize=1.9GB
  pssTotal=3.0GB privateDirty=1.1GB sharedDirty=52.0MB nativePss=1.1GB dalvikPss=7.1MB otherPss=1.9GB
  systemAvail=13.3GB systemThreshold=216.0MB lowMemory=false trimLevel=0 importance=125 fdCount=151
  procStatus VmRSS=3306480 kB VmHWM=3308004 kB VmSize=20959248 kB VmSwap=2416 kB Threads=29 FDSize=256
2026-05-28 09:07:48.461 pid=7968 [generation-stage] id=56 stage=native-call-start
2026-05-28 09:42:13.615 pid=7968 [generation-stage] id=56 stage=native-call-end resultLen=113
2026-05-28 09:42:13.616 pid=7968 [generation-end] id=56 resultLen=113
  javaUsed=10.0MB javaTotal=10.6MB javaMax=256.0MB nativeHeap=1.9GB nativeHeapFree=6.7MB nativeHeapSize=1.9GB
  pssTotal=3.0GB privateDirty=1.1GB sharedDirty=52.0MB nativePss=1.1GB dalvikPss=7.2MB otherPss=1.9GB
  systemAvail=13.3GB systemThreshold=216.0MB lowMemory=false trimLevel=0 importance=125 fdCount=151
  procStatus VmRSS=3306984 kB VmHWM=3307112 kB VmSize=20959248 kB VmSwap=2416 kB Threads=29 FDSize=256
2026-05-28 09:42:14.330 pid=7968 [model-load] Loading configuration: Qwen3.5 2B MTP
2026-05-28 09:42:14.332 pid=7968 [model-load-skip] config=Qwen3.5 2B MTP model already loaded
  javaUsed=10.2MB javaTotal=10.6MB javaMax=256.0MB nativeHeap=1.9GB nativeHeapFree=6.7MB nativeHeapSize=1.9GB
  pssTotal=3.0GB privateDirty=1.1GB sharedDirty=52.0MB nativePss=1.1GB dalvikPss=7.4MB otherPss=1.9GB
  systemAvail=13.3GB systemThreshold=216.0MB lowMemory=false trimLevel=0 importance=125 fdCount=151
  procStatus VmRSS=3307112 kB VmHWM=3307112 kB VmSize=20959248 kB VmSwap=2416 kB Threads=29 FDSize=256
2026-05-28 09:42:14.571 pid=7968 [generation-start] id=57 config=Qwen3.5 2B MTP model=Qwen3.5-2B-Q8_0.gguf promptLen=1051 mediaCount=0
  javaUsed=10.4MB javaTotal=10.6MB javaMax=256.0MB nativeHeap=1.9GB nativeHeapFree=6.6MB nativeHeapSize=1.9GB
  pssTotal=3.0GB privateDirty=1.1GB sharedDirty=52.0MB nativePss=1.1GB dalvikPss=7.6MB otherPss=1.9GB
  systemAvail=13.3GB systemThreshold=216.0MB lowMemory=false trimLevel=0 importance=125 fdCount=151
  procStatus VmRSS=3307240 kB VmHWM=3307240 kB VmSize=20959248 kB VmSwap=2416 kB Threads=29 FDSize=256
2026-05-28 09:42:14.806 pid=7968 [generation-stage] id=57 stage=native-call-start
2026-05-28 11:16:58.312 pid=7968 [generation-stage] id=57 stage=native-call-end resultLen=254
2026-05-28 11:16:58.312 pid=7968 [generation-end] id=57 resultLen=254
  javaUsed=2.8MB javaTotal=10.5MB javaMax=256.0MB nativeHeap=1.9GB nativeHeapFree=6.8MB nativeHeapSize=1.9GB
  pssTotal=3.0GB privateDirty=1.1GB sharedDirty=52.0MB nativePss=1.1GB dalvikPss=1.4MB otherPss=1.9GB
  systemAvail=13.0GB systemThreshold=216.0MB lowMemory=false trimLevel=0 importance=125 fdCount=151
  procStatus VmRSS=3300676 kB VmHWM=3301224 kB VmSize=20959248 kB VmSwap=2416 kB Threads=29 FDSize=256
2026-05-28 11:16:59.020 pid=7968 [model-load] Loading configuration: Qwen3.5 2B MTP
2026-05-28 11:16:59.022 pid=7968 [model-load-skip] config=Qwen3.5 2B MTP model already loaded
  javaUsed=3.0MB javaTotal=10.5MB javaMax=256.0MB nativeHeap=1.9GB nativeHeapFree=6.8MB nativeHeapSize=1.9GB
  pssTotal=3.0GB privateDirty=1.1GB sharedDirty=52.0MB nativePss=1.1GB dalvikPss=1.6MB otherPss=1.9GB
  systemAvail=13.0GB systemThreshold=216.0MB lowMemory=false trimLevel=0 importance=125 fdCount=151
  procStatus VmRSS=3300804 kB VmHWM=3301224 kB VmSize=20959248 kB VmSwap=2416 kB Threads=29 FDSize=256
2026-05-28 11:16:59.260 pid=7968 [generation-start] id=58 config=Qwen3.5 2B MTP model=Qwen3.5-2B-Q8_0.gguf promptLen=1063 mediaCount=0
  javaUsed=3.2MB javaTotal=10.5MB javaMax=256.0MB nativeHeap=1.9GB nativeHeapFree=6.8MB nativeHeapSize=1.9GB
  pssTotal=3.0GB privateDirty=1.1GB sharedDirty=52.0MB nativePss=1.1GB dalvikPss=1.7MB otherPss=1.9GB
  systemAvail=13.0GB systemThreshold=216.0MB lowMemory=false trimLevel=0 importance=125 fdCount=151
  procStatus VmRSS=3300932 kB VmHWM=3301224 kB VmSize=20959248 kB VmSwap=2416 kB Threads=29 FDSize=256
2026-05-28 11:16:59.475 pid=7968 [generation-stage] id=58 stage=native-call-start
2026-05-28 12:04:40.021 pid=7968 [generation-stage] id=58 stage=native-call-end resultLen=151
2026-05-28 12:04:40.022 pid=7968 [generation-end] id=58 resultLen=151
  javaUsed=3.4MB javaTotal=10.5MB javaMax=256.0MB nativeHeap=1.9GB nativeHeapFree=6.8MB nativeHeapSize=1.9GB
  pssTotal=3.0GB privateDirty=1.1GB sharedDirty=52.0MB nativePss=1.1GB dalvikPss=1.9MB otherPss=1.9GB
  systemAvail=13.1GB systemThreshold=216.0MB lowMemory=false trimLevel=0 importance=125 fdCount=151
  procStatus VmRSS=3301540 kB VmHWM=3301684 kB VmSize=20959248 kB VmSwap=2416 kB Threads=29 FDSize=256
2026-05-28 12:04:41.081 pid=7968 [model-load] Loading configuration: Qwen3.5 2B MTP
2026-05-28 12:04:41.083 pid=7968 [model-load-skip] config=Qwen3.5 2B MTP model already loaded
  javaUsed=3.6MB javaTotal=10.5MB javaMax=256.0MB nativeHeap=1.9GB nativeHeapFree=6.8MB nativeHeapSize=1.9GB
  pssTotal=3.0GB privateDirty=1.1GB sharedDirty=52.0MB nativePss=1.1GB dalvikPss=2.0MB otherPss=1.9GB
  systemAvail=13.1GB systemThreshold=216.0MB lowMemory=false trimLevel=0 importance=125 fdCount=151
  procStatus VmRSS=3301668 kB VmHWM=3301684 kB VmSize=20959248 kB VmSwap=2416 kB Threads=29 FDSize=256
2026-05-28 12:04:41.322 pid=7968 [generation-start] id=59 config=Qwen3.5 2B MTP model=Qwen3.5-2B-Q8_0.gguf promptLen=1054 mediaCount=0
  javaUsed=3.8MB javaTotal=10.5MB javaMax=256.0MB nativeHeap=1.9GB nativeHeapFree=6.8MB nativeHeapSize=1.9GB
  pssTotal=3.0GB privateDirty=1.1GB sharedDirty=52.0MB nativePss=1.1GB dalvikPss=2.2MB otherPss=1.9GB
  systemAvail=13.1GB systemThreshold=216.0MB lowMemory=false trimLevel=0 importance=125 fdCount=151
  procStatus VmRSS=3301796 kB VmHWM=3301796 kB VmSize=20959248 kB VmSwap=2416 kB Threads=29 FDSize=256
2026-05-28 12:04:41.548 pid=7968 [generation-stage] id=59 stage=native-call-start
2026-05-28 12:28:36.911 pid=7968 [generation-stage] id=59 stage=native-call-end resultLen=13
2026-05-28 12:28:36.911 pid=7968 [generation-end] id=59 resultLen=13
  javaUsed=4.0MB javaTotal=10.5MB javaMax=256.0MB nativeHeap=1.9GB nativeHeapFree=6.8MB nativeHeapSize=1.9GB
  pssTotal=3.0GB privateDirty=1.1GB sharedDirty=52.0MB nativePss=1.1GB dalvikPss=2.3MB otherPss=1.9GB
  systemAvail=13.0GB systemThreshold=216.0MB lowMemory=false trimLevel=0 importance=125 fdCount=151
  procStatus VmRSS=3301920 kB VmHWM=3301924 kB VmSize=20959248 kB VmSwap=2416 kB Threads=29 FDSize=256
2026-05-28 12:28:38.885 pid=7968 [model-load] Loading configuration: Qwen3.5 2B MTP
2026-05-28 12:28:38.885 pid=7968 [model-load-skip] config=Qwen3.5 2B MTP model already loaded
  javaUsed=4.2MB javaTotal=10.5MB javaMax=256.0MB nativeHeap=1.9GB nativeHeapFree=6.8MB nativeHeapSize=1.9GB
  pssTotal=3.0GB privateDirty=1.1GB sharedDirty=52.0MB nativePss=1.1GB dalvikPss=2.5MB otherPss=1.9GB
  systemAvail=13.1GB systemThreshold=216.0MB lowMemory=false trimLevel=0 importance=125 fdCount=151
  procStatus VmRSS=3302048 kB VmHWM=3302048 kB VmSize=20959248 kB VmSwap=2416 kB Threads=29 FDSize=256
2026-05-28 12:28:38.945 pid=7968 [generation-start] id=60 config=Qwen3.5 2B MTP model=Qwen3.5-2B-Q8_0.gguf promptLen=1057 mediaCount=0
  javaUsed=4.4MB javaTotal=10.5MB javaMax=256.0MB nativeHeap=1.9GB nativeHeapFree=6.8MB nativeHeapSize=1.9GB
  pssTotal=3.0GB privateDirty=1.1GB sharedDirty=52.0MB nativePss=1.1GB dalvikPss=2.7MB otherPss=1.9GB
  systemAvail=13.1GB systemThreshold=216.0MB lowMemory=false trimLevel=0 importance=125 fdCount=151
  procStatus VmRSS=3302176 kB VmHWM=3302176 kB VmSize=20959248 kB VmSwap=2416 kB Threads=29 FDSize=256
2026-05-28 12:28:39.000 pid=7968 [generation-stage] id=60 stage=native-call-start
2026-05-28 12:28:51.484 pid=7968 [generation-stage] id=60 stage=native-call-end resultLen=34
2026-05-28 12:28:51.484 pid=7968 [generation-end] id=60 resultLen=34
  javaUsed=4.5MB javaTotal=10.5MB javaMax=256.0MB nativeHeap=1.9GB nativeHeapFree=6.8MB nativeHeapSize=1.9GB
  pssTotal=3.0GB privateDirty=1.1GB sharedDirty=52.0MB nativePss=1.1GB dalvikPss=2.8MB otherPss=1.9GB
  systemAvail=13.0GB systemThreshold=216.0MB lowMemory=false trimLevel=0 importance=125 fdCount=151
  procStatus VmRSS=3302280 kB VmHWM=3302412 kB VmSize=20959248 kB VmSwap=2416 kB Threads=29 FDSize=256
2026-05-28 12:28:52.051 pid=7968 [model-load] Loading configuration: Qwen3.5 2B MTP
2026-05-28 12:28:52.052 pid=7968 [model-load-skip] config=Qwen3.5 2B MTP model already loaded
  javaUsed=4.7MB javaTotal=10.5MB javaMax=256.0MB nativeHeap=1.9GB nativeHeapFree=6.8MB nativeHeapSize=1.9GB
  pssTotal=3.0GB privateDirty=1.1GB sharedDirty=52.0MB nativePss=1.1GB dalvikPss=2.9MB otherPss=1.9GB
  systemAvail=13.0GB systemThreshold=216.0MB lowMemory=false trimLevel=0 importance=125 fdCount=151
  procStatus VmRSS=3302408 kB VmHWM=3302412 kB VmSize=20959248 kB VmSwap=2416 kB Threads=29 FDSize=256
2026-05-28 12:28:52.110 pid=7968 [generation-start] id=61 config=Qwen3.5 2B MTP model=Qwen3.5-2B-Q8_0.gguf promptLen=1048 mediaCount=0
  javaUsed=4.9MB javaTotal=10.5MB javaMax=256.0MB nativeHeap=1.9GB nativeHeapFree=6.8MB nativeHeapSize=1.9GB
  pssTotal=3.0GB privateDirty=1.1GB sharedDirty=52.0MB nativePss=1.1GB dalvikPss=3.1MB otherPss=1.9GB
  systemAvail=13.0GB systemThreshold=216.0MB lowMemory=false trimLevel=0 importance=125 fdCount=151
  procStatus VmRSS=3302536 kB VmHWM=3302536 kB VmSize=20959248 kB VmSwap=2416 kB Threads=29 FDSize=256
2026-05-28 12:28:52.165 pid=7968 [generation-stage] id=61 stage=native-call-start
2026-05-28 12:29:11.961 pid=7968 [generation-stage] id=61 stage=native-call-end resultLen=187
2026-05-28 12:29:11.962 pid=7968 [generation-end] id=61 resultLen=187
  javaUsed=5.1MB javaTotal=10.5MB javaMax=256.0MB nativeHeap=1.9GB nativeHeapFree=6.8MB nativeHeapSize=1.9GB
  pssTotal=3.0GB privateDirty=1.1GB sharedDirty=52.0MB nativePss=1.1GB dalvikPss=3.2MB otherPss=1.9GB
  systemAvail=13.0GB systemThreshold=216.0MB lowMemory=false trimLevel=0 importance=125 fdCount=151
  procStatus VmRSS=3302888 kB VmHWM=3302908 kB VmSize=20959248 kB VmSwap=2416 kB Threads=29 FDSize=256
2026-05-28 12:29:12.574 pid=7968 [model-load] Loading configuration: Qwen3.5 2B MTP
2026-05-28 12:29:12.575 pid=7968 [model-load-skip] config=Qwen3.5 2B MTP model already loaded
  javaUsed=5.3MB javaTotal=10.5MB javaMax=256.0MB nativeHeap=1.9GB nativeHeapFree=6.8MB nativeHeapSize=1.9GB
  pssTotal=3.0GB privateDirty=1.1GB sharedDirty=52.0MB nativePss=1.1GB dalvikPss=3.4MB otherPss=1.9GB
  systemAvail=13.0GB systemThreshold=216.0MB lowMemory=false trimLevel=0 importance=125 fdCount=151
  procStatus VmRSS=3303312 kB VmHWM=3303312 kB VmSize=20959248 kB VmSwap=2416 kB Threads=29 FDSize=256
2026-05-28 12:29:12.651 pid=7968 [generation-start] id=62 config=Qwen3.5 2B MTP model=Qwen3.5-2B-Q8_0.gguf promptLen=1057 mediaCount=0
  javaUsed=5.5MB javaTotal=10.5MB javaMax=256.0MB nativeHeap=1.9GB nativeHeapFree=6.8MB nativeHeapSize=1.9GB
  pssTotal=3.0GB privateDirty=1.1GB sharedDirty=52.0MB nativePss=1.1GB dalvikPss=3.6MB otherPss=1.9GB
  systemAvail=13.0GB systemThreshold=216.0MB lowMemory=false trimLevel=0 importance=125 fdCount=151
  procStatus VmRSS=3303312 kB VmHWM=3303312 kB VmSize=20959248 kB VmSwap=2416 kB Threads=29 FDSize=256
2026-05-28 12:29:12.712 pid=7968 [generation-stage] id=62 stage=native-call-start
2026-05-28 12:29:41.701 pid=7968 [generation-stage] id=62 stage=native-call-end resultLen=91
2026-05-28 12:29:41.701 pid=7968 [generation-end] id=62 resultLen=91
  javaUsed=5.6MB javaTotal=10.5MB javaMax=256.0MB nativeHeap=1.9GB nativeHeapFree=6.8MB nativeHeapSize=1.9GB
  pssTotal=3.0GB privateDirty=1.1GB sharedDirty=52.0MB nativePss=1.1GB dalvikPss=3.7MB otherPss=1.9GB
  systemAvail=13.0GB systemThreshold=216.0MB lowMemory=false trimLevel=0 importance=125 fdCount=151
  procStatus VmRSS=3303428 kB VmHWM=3303568 kB VmSize=20959248 kB VmSwap=2416 kB Threads=29 FDSize=256
2026-05-28 12:29:42.521 pid=7968 [model-load] Loading configuration: Qwen3.5 2B MTP
2026-05-28 12:29:42.521 pid=7968 [model-load-skip] config=Qwen3.5 2B MTP model already loaded
  javaUsed=5.8MB javaTotal=10.5MB javaMax=256.0MB nativeHeap=1.9GB nativeHeapFree=6.8MB nativeHeapSize=1.9GB
  pssTotal=3.0GB privateDirty=1.1GB sharedDirty=52.0MB nativePss=1.1GB dalvikPss=3.8MB otherPss=1.9GB
  systemAvail=13.0GB systemThreshold=216.0MB lowMemory=false trimLevel=0 importance=125 fdCount=151
  procStatus VmRSS=3303556 kB VmHWM=3303568 kB VmSize=20959248 kB VmSwap=2416 kB Threads=29 FDSize=256
2026-05-28 12:29:42.602 pid=7968 [generation-start] id=63 config=Qwen3.5 2B MTP model=Qwen3.5-2B-Q8_0.gguf promptLen=1045 mediaCount=0
  javaUsed=6.0MB javaTotal=10.5MB javaMax=256.0MB nativeHeap=1.9GB nativeHeapFree=6.8MB nativeHeapSize=1.9GB
  pssTotal=3.0GB privateDirty=1.1GB sharedDirty=52.0MB nativePss=1.1GB dalvikPss=4.0MB otherPss=1.9GB
  systemAvail=13.0GB systemThreshold=216.0MB lowMemory=false trimLevel=0 importance=125 fdCount=151
  procStatus VmRSS=3303684 kB VmHWM=3303684 kB VmSize=20959248 kB VmSwap=2416 kB Threads=29 FDSize=256
2026-05-28 12:29:42.664 pid=7968 [generation-stage] id=63 stage=native-call-start
2026-05-28 12:30:10.295 pid=7968 [generation-stage] id=63 stage=native-call-end resultLen=72
2026-05-28 12:30:10.296 pid=7968 [generation-end] id=63 resultLen=72
  javaUsed=6.2MB javaTotal=10.5MB javaMax=256.0MB nativeHeap=1.9GB nativeHeapFree=6.8MB nativeHeapSize=1.9GB
  pssTotal=3.0GB privateDirty=1.1GB sharedDirty=52.0MB nativePss=1.1GB dalvikPss=4.1MB otherPss=1.9GB
  systemAvail=13.1GB systemThreshold=216.0MB lowMemory=false trimLevel=0 importance=125 fdCount=151
  procStatus VmRSS=3303932 kB VmHWM=3303940 kB VmSize=20959248 kB VmSwap=2416 kB Threads=29 FDSize=256
2026-05-28 12:30:10.393 pid=7968 [model-load] Loading configuration: Qwen3.5 2B MTP
2026-05-28 12:30:10.394 pid=7968 [model-load-skip] config=Qwen3.5 2B MTP model already loaded
  javaUsed=6.4MB javaTotal=10.5MB javaMax=256.0MB nativeHeap=1.9GB nativeHeapFree=6.8MB nativeHeapSize=1.9GB
  pssTotal=3.0GB privateDirty=1.1GB sharedDirty=52.0MB nativePss=1.1GB dalvikPss=4.3MB otherPss=1.9GB
  systemAvail=13.1GB systemThreshold=216.0MB lowMemory=false trimLevel=0 importance=125 fdCount=151
  procStatus VmRSS=3304060 kB VmHWM=3304060 kB VmSize=20959248 kB VmSwap=2416 kB Threads=29 FDSize=256
2026-05-28 12:30:10.499 pid=7968 [generation-start] id=64 config=Qwen3.5 2B MTP model=Qwen3.5-2B-Q8_0.gguf promptLen=1045 mediaCount=0
  javaUsed=6.6MB javaTotal=10.5MB javaMax=256.0MB nativeHeap=1.9GB nativeHeapFree=6.7MB nativeHeapSize=1.9GB
  pssTotal=3.0GB privateDirty=1.1GB sharedDirty=52.0MB nativePss=1.1GB dalvikPss=6.5MB otherPss=1.9GB
  systemAvail=13.1GB systemThreshold=216.0MB lowMemory=false trimLevel=0 importance=125 fdCount=151
  procStatus VmRSS=3306352 kB VmHWM=3306352 kB VmSize=20959248 kB VmSwap=2416 kB Threads=29 FDSize=256
2026-05-28 12:30:10.601 pid=7968 [generation-stage] id=64 stage=native-call-start
2026-05-28 12:30:38.287 pid=7968 [generation-stage] id=64 stage=native-call-end resultLen=44
2026-05-28 12:30:38.287 pid=7968 [generation-end] id=64 resultLen=44
  javaUsed=6.7MB javaTotal=10.5MB javaMax=256.0MB nativeHeap=1.9GB nativeHeapFree=6.7MB nativeHeapSize=1.9GB
  pssTotal=3.0GB privateDirty=1.1GB sharedDirty=52.0MB nativePss=1.1GB dalvikPss=6.5MB otherPss=1.9GB
  systemAvail=13.1GB systemThreshold=216.0MB lowMemory=false trimLevel=0 importance=125 fdCount=151
  procStatus VmRSS=3306344 kB VmHWM=3306480 kB VmSize=20959248 kB VmSwap=2416 kB Threads=29 FDSize=256
2026-05-28 12:30:38.888 pid=7968 [model-load] Loading configuration: Qwen3.5 2B MTP
2026-05-28 12:30:38.888 pid=7968 [model-load-skip] config=Qwen3.5 2B MTP model already loaded
  javaUsed=6.9MB javaTotal=10.5MB javaMax=256.0MB nativeHeap=1.9GB nativeHeapFree=6.7MB nativeHeapSize=1.9GB
  pssTotal=3.0GB privateDirty=1.1GB sharedDirty=52.0MB nativePss=1.1GB dalvikPss=6.5MB otherPss=1.9GB
  systemAvail=13.1GB systemThreshold=216.0MB lowMemory=false trimLevel=0 importance=125 fdCount=151
  procStatus VmRSS=3306344 kB VmHWM=3306480 kB VmSize=20959248 kB VmSwap=2416 kB Threads=29 FDSize=256
2026-05-28 12:30:38.974 pid=7968 [generation-start] id=65 config=Qwen3.5 2B MTP model=Qwen3.5-2B-Q8_0.gguf promptLen=1051 mediaCount=0
  javaUsed=7.1MB javaTotal=10.5MB javaMax=256.0MB nativeHeap=1.9GB nativeHeapFree=6.7MB nativeHeapSize=1.9GB
  pssTotal=3.0GB privateDirty=1.1GB sharedDirty=52.0MB nativePss=1.1GB dalvikPss=6.5MB otherPss=1.9GB
  systemAvail=13.1GB systemThreshold=216.0MB lowMemory=false trimLevel=0 importance=125 fdCount=151
  procStatus VmRSS=3306344 kB VmHWM=3306480 kB VmSize=20959248 kB VmSwap=2416 kB Threads=29 FDSize=256
2026-05-28 12:30:39.034 pid=7968 [generation-stage] id=65 stage=native-call-start
2026-05-28 12:31:07.808 pid=7968 [generation-stage] id=65 stage=native-call-end resultLen=110
2026-05-28 12:31:07.809 pid=7968 [generation-end] id=65 resultLen=110
  javaUsed=7.3MB javaTotal=10.5MB javaMax=256.0MB nativeHeap=1.9GB nativeHeapFree=6.7MB nativeHeapSize=1.9GB
  pssTotal=3.0GB privateDirty=1.1GB sharedDirty=52.0MB nativePss=1.1GB dalvikPss=6.5MB otherPss=1.9GB
  systemAvail=13.1GB systemThreshold=216.0MB lowMemory=false trimLevel=0 importance=125 fdCount=151
  procStatus VmRSS=3306196 kB VmHWM=3306480 kB VmSize=20959248 kB VmSwap=2416 kB Threads=29 FDSize=256
2026-05-28 12:31:07.908 pid=7968 [model-load] Loading configuration: Qwen3.5 2B MTP
2026-05-28 12:31:07.909 pid=7968 [model-load-skip] config=Qwen3.5 2B MTP model already loaded
  javaUsed=7.5MB javaTotal=10.5MB javaMax=256.0MB nativeHeap=1.9GB nativeHeapFree=6.7MB nativeHeapSize=1.9GB
  pssTotal=3.0GB privateDirty=1.1GB sharedDirty=52.0MB nativePss=1.1GB dalvikPss=6.5MB otherPss=1.9GB
  systemAvail=13.1GB systemThreshold=216.0MB lowMemory=false trimLevel=0 importance=125 fdCount=151
  procStatus VmRSS=3306196 kB VmHWM=3306480 kB VmSize=20959248 kB VmSwap=2416 kB Threads=29 FDSize=256
2026-05-28 12:31:08.013 pid=7968 [generation-start] id=66 config=Qwen3.5 2B MTP model=Qwen3.5-2B-Q8_0.gguf promptLen=1051 mediaCount=0
  javaUsed=7.7MB javaTotal=10.5MB javaMax=256.0MB nativeHeap=1.9GB nativeHeapFree=6.7MB nativeHeapSize=1.9GB
  pssTotal=3.0GB privateDirty=1.1GB sharedDirty=52.0MB nativePss=1.1GB dalvikPss=6.5MB otherPss=1.9GB
  systemAvail=13.1GB systemThreshold=216.0MB lowMemory=false trimLevel=0 importance=125 fdCount=151
  procStatus VmRSS=3306324 kB VmHWM=3306480 kB VmSize=20959248 kB VmSwap=2416 kB Threads=29 FDSize=256
2026-05-28 12:31:08.116 pid=7968 [generation-stage] id=66 stage=native-call-start
2026-05-28 12:31:38.548 pid=7968 [generation-stage] id=66 stage=native-call-end resultLen=106
2026-05-28 12:31:38.548 pid=7968 [generation-end] id=66 resultLen=106
  javaUsed=7.8MB javaTotal=10.5MB javaMax=256.0MB nativeHeap=1.9GB nativeHeapFree=6.7MB nativeHeapSize=1.9GB
  pssTotal=3.0GB privateDirty=1.1GB sharedDirty=52.0MB nativePss=1.1GB dalvikPss=6.5MB otherPss=1.9GB
  systemAvail=13.1GB systemThreshold=216.0MB lowMemory=false trimLevel=0 importance=125 fdCount=151
  procStatus VmRSS=3306452 kB VmHWM=3306480 kB VmSize=20959248 kB VmSwap=2416 kB Threads=29 FDSize=256
2026-05-28 12:31:39.377 pid=7968 [model-load] Loading configuration: Qwen3.5 2B MTP
2026-05-28 12:31:39.378 pid=7968 [model-load-skip] config=Qwen3.5 2B MTP model already loaded
  javaUsed=8.0MB javaTotal=10.5MB javaMax=256.0MB nativeHeap=1.9GB nativeHeapFree=6.7MB nativeHeapSize=1.9GB
  pssTotal=3.0GB privateDirty=1.1GB sharedDirty=52.0MB nativePss=1.1GB dalvikPss=6.6MB otherPss=1.9GB
  systemAvail=13.1GB systemThreshold=216.0MB lowMemory=false trimLevel=0 importance=125 fdCount=151
  procStatus VmRSS=3306452 kB VmHWM=3306480 kB VmSize=20959248 kB VmSwap=2416 kB Threads=29 FDSize=256
2026-05-28 12:31:39.455 pid=7968 [generation-start] id=67 config=Qwen3.5 2B MTP model=Qwen3.5-2B-Q8_0.gguf promptLen=1045 mediaCount=0
  javaUsed=8.2MB javaTotal=10.5MB javaMax=256.0MB nativeHeap=1.9GB nativeHeapFree=6.7MB nativeHeapSize=1.9GB
  pssTotal=3.0GB privateDirty=1.1GB sharedDirty=52.0MB nativePss=1.1GB dalvikPss=6.6MB otherPss=1.9GB
  systemAvail=13.1GB systemThreshold=216.0MB lowMemory=false trimLevel=0 importance=125 fdCount=151
  procStatus VmRSS=3306452 kB VmHWM=3306480 kB VmSize=20959248 kB VmSwap=2416 kB Threads=29 FDSize=256
2026-05-28 12:31:39.515 pid=7968 [generation-stage] id=67 stage=native-call-start
2026-05-28 12:32:08.420 pid=7968 [generation-stage] id=67 stage=native-call-end resultLen=91
2026-05-28 12:32:08.420 pid=7968 [generation-end] id=67 resultLen=91
  javaUsed=8.4MB javaTotal=10.5MB javaMax=256.0MB nativeHeap=1.9GB nativeHeapFree=6.7MB nativeHeapSize=1.9GB
  pssTotal=3.0GB privateDirty=1.1GB sharedDirty=52.0MB nativePss=1.1GB dalvikPss=6.6MB otherPss=1.9GB
  systemAvail=13.1GB systemThreshold=216.0MB lowMemory=false trimLevel=0 importance=125 fdCount=151
  procStatus VmRSS=3306312 kB VmHWM=3306704 kB VmSize=20959248 kB VmSwap=2416 kB Threads=29 FDSize=256
2026-05-28 12:32:09.357 pid=7968 [model-load] Loading configuration: Qwen3.5 2B MTP
2026-05-28 12:32:09.358 pid=7968 [model-load-skip] config=Qwen3.5 2B MTP model already loaded
  javaUsed=8.6MB javaTotal=10.5MB javaMax=256.0MB nativeHeap=1.9GB nativeHeapFree=6.7MB nativeHeapSize=1.9GB
  pssTotal=3.0GB privateDirty=1.1GB sharedDirty=52.0MB nativePss=1.1GB dalvikPss=6.6MB otherPss=1.9GB
  systemAvail=13.1GB systemThreshold=216.0MB lowMemory=false trimLevel=0 importance=125 fdCount=151
  procStatus VmRSS=3306312 kB VmHWM=3306704 kB VmSize=20959248 kB VmSwap=2416 kB Threads=29 FDSize=256
2026-05-28 12:32:09.438 pid=7968 [generation-start] id=68 config=Qwen3.5 2B MTP model=Qwen3.5-2B-Q8_0.gguf promptLen=1054 mediaCount=0
  javaUsed=8.8MB javaTotal=10.5MB javaMax=256.0MB nativeHeap=1.9GB nativeHeapFree=6.7MB nativeHeapSize=1.9GB
  pssTotal=3.0GB privateDirty=1.1GB sharedDirty=52.0MB nativePss=1.1GB dalvikPss=6.6MB otherPss=1.9GB
  systemAvail=13.1GB systemThreshold=216.0MB lowMemory=false trimLevel=0 importance=125 fdCount=151
  procStatus VmRSS=3306312 kB VmHWM=3306704 kB VmSize=20959248 kB VmSwap=2416 kB Threads=29 FDSize=256
2026-05-28 12:32:09.498 pid=7968 [generation-stage] id=68 stage=native-call-start
2026-05-28 12:32:42.008 pid=7968 [generation-stage] id=68 stage=native-call-end resultLen=149
2026-05-28 12:32:42.009 pid=7968 [generation-end] id=68 resultLen=149
  javaUsed=8.9MB javaTotal=10.5MB javaMax=256.0MB nativeHeap=1.9GB nativeHeapFree=6.7MB nativeHeapSize=1.9GB
  pssTotal=3.0GB privateDirty=1.1GB sharedDirty=52.0MB nativePss=1.1GB dalvikPss=6.6MB otherPss=1.9GB
  systemAvail=13.1GB systemThreshold=216.0MB lowMemory=false trimLevel=0 importance=125 fdCount=151
  procStatus VmRSS=3306684 kB VmHWM=3306704 kB VmSize=20959248 kB VmSwap=2416 kB Threads=29 FDSize=256
2026-05-28 12:32:42.109 pid=7968 [model-load] Loading configuration: Qwen3.5 2B MTP
2026-05-28 12:32:42.109 pid=7968 [model-load-skip] config=Qwen3.5 2B MTP model already loaded
  javaUsed=9.1MB javaTotal=10.5MB javaMax=256.0MB nativeHeap=1.9GB nativeHeapFree=6.7MB nativeHeapSize=1.9GB
  pssTotal=3.0GB privateDirty=1.1GB sharedDirty=52.0MB nativePss=1.1GB dalvikPss=6.7MB otherPss=1.9GB
  systemAvail=13.1GB systemThreshold=216.0MB lowMemory=false trimLevel=0 importance=125 fdCount=151
  procStatus VmRSS=3306684 kB VmHWM=3306704 kB VmSize=20959248 kB VmSwap=2416 kB Threads=29 FDSize=256
2026-05-28 12:32:42.220 pid=7968 [generation-start] id=69 config=Qwen3.5 2B MTP model=Qwen3.5-2B-Q8_0.gguf promptLen=1054 mediaCount=0
  javaUsed=9.3MB javaTotal=10.5MB javaMax=256.0MB nativeHeap=1.9GB nativeHeapFree=6.7MB nativeHeapSize=1.9GB
  pssTotal=3.0GB privateDirty=1.1GB sharedDirty=52.0MB nativePss=1.1GB dalvikPss=6.7MB otherPss=1.9GB
  systemAvail=13.1GB systemThreshold=216.0MB lowMemory=false trimLevel=0 importance=125 fdCount=151
  procStatus VmRSS=3306684 kB VmHWM=3306704 kB VmSize=20959248 kB VmSwap=2416 kB Threads=29 FDSize=256
2026-05-28 12:32:42.322 pid=7968 [generation-stage] id=69 stage=native-call-start
2026-05-28 12:33:12.062 pid=7968 [generation-stage] id=69 stage=native-call-end resultLen=89
2026-05-28 12:33:12.062 pid=7968 [generation-end] id=69 resultLen=89
  javaUsed=9.5MB javaTotal=10.5MB javaMax=256.0MB nativeHeap=1.9GB nativeHeapFree=6.7MB nativeHeapSize=1.9GB
  pssTotal=3.0GB privateDirty=1.1GB sharedDirty=52.0MB nativePss=1.1GB dalvikPss=6.9MB otherPss=1.9GB
  systemAvail=13.1GB systemThreshold=216.0MB lowMemory=false trimLevel=0 importance=125 fdCount=151
  procStatus VmRSS=3306928 kB VmHWM=3307064 kB VmSize=20959248 kB VmSwap=2416 kB Threads=29 FDSize=256
2026-05-28 12:33:12.981 pid=7968 [model-load] Loading configuration: Qwen3.5 2B MTP
2026-05-28 12:33:12.982 pid=7968 [model-load-skip] config=Qwen3.5 2B MTP model already loaded
  javaUsed=9.7MB javaTotal=10.5MB javaMax=256.0MB nativeHeap=1.9GB nativeHeapFree=6.7MB nativeHeapSize=1.9GB
  pssTotal=3.0GB privateDirty=1.1GB sharedDirty=52.0MB nativePss=1.1GB dalvikPss=7.0MB otherPss=1.9GB
  systemAvail=13.1GB systemThreshold=216.0MB lowMemory=false trimLevel=0 importance=125 fdCount=151
  procStatus VmRSS=3306928 kB VmHWM=3307064 kB VmSize=20959248 kB VmSwap=2416 kB Threads=29 FDSize=256
2026-05-28 12:33:13.057 pid=7968 [generation-start] id=70 config=Qwen3.5 2B MTP model=Qwen3.5-2B-Q8_0.gguf promptLen=1039 mediaCount=0
  javaUsed=9.9MB javaTotal=10.5MB javaMax=256.0MB nativeHeap=1.9GB nativeHeapFree=6.7MB nativeHeapSize=1.9GB
  pssTotal=3.0GB privateDirty=1.1GB sharedDirty=52.0MB nativePss=1.1GB dalvikPss=7.2MB otherPss=1.9GB
  systemAvail=13.1GB systemThreshold=216.0MB lowMemory=false trimLevel=0 importance=125 fdCount=151
  procStatus VmRSS=3307056 kB VmHWM=3307064 kB VmSize=20959248 kB VmSwap=2416 kB Threads=29 FDSize=256
2026-05-28 12:33:13.118 pid=7968 [generation-stage] id=70 stage=native-call-start
2026-05-28 12:33:39.716 pid=7968 [generation-stage] id=70 stage=native-call-end resultLen=46
2026-05-28 12:33:39.717 pid=7968 [generation-end] id=70 resultLen=46
  javaUsed=10.0MB javaTotal=10.5MB javaMax=256.0MB nativeHeap=1.9GB nativeHeapFree=6.7MB nativeHeapSize=1.9GB
  pssTotal=3.0GB privateDirty=1.1GB sharedDirty=52.0MB nativePss=1.1GB dalvikPss=7.3MB otherPss=1.9GB
  systemAvail=13.1GB systemThreshold=216.0MB lowMemory=false trimLevel=0 importance=125 fdCount=151
  procStatus VmRSS=3307304 kB VmHWM=3307440 kB VmSize=20959248 kB VmSwap=2416 kB Threads=29 FDSize=256
2026-05-28 12:33:40.542 pid=7968 [model-load] Loading configuration: Qwen3.5 2B MTP
2026-05-28 12:33:40.543 pid=7968 [model-load-skip] config=Qwen3.5 2B MTP model already loaded
  javaUsed=10.3MB javaTotal=10.5MB javaMax=256.0MB nativeHeap=1.9GB nativeHeapFree=6.6MB nativeHeapSize=1.9GB
  pssTotal=3.0GB privateDirty=1.1GB sharedDirty=52.0MB nativePss=1.1GB dalvikPss=7.5MB otherPss=1.9GB
  systemAvail=13.1GB systemThreshold=216.0MB lowMemory=false trimLevel=0 importance=125 fdCount=151
  procStatus VmRSS=3307436 kB VmHWM=3307440 kB VmSize=20959248 kB VmSwap=2416 kB Threads=29 FDSize=256
2026-05-28 12:33:40.628 pid=7968 [generation-start] id=71 config=Qwen3.5 2B MTP model=Qwen3.5-2B-Q8_0.gguf promptLen=1048 mediaCount=0
  javaUsed=10.4MB javaTotal=10.5MB javaMax=256.0MB nativeHeap=1.9GB nativeHeapFree=6.6MB nativeHeapSize=1.9GB
  pssTotal=3.0GB privateDirty=1.1GB sharedDirty=52.0MB nativePss=1.1GB dalvikPss=7.6MB otherPss=1.9GB
  systemAvail=13.1GB systemThreshold=216.0MB lowMemory=false trimLevel=0 importance=125 fdCount=151
  procStatus VmRSS=3307852 kB VmHWM=3307852 kB VmSize=20959248 kB VmSwap=2416 kB Threads=29 FDSize=256
2026-05-28 12:33:40.688 pid=7968 [generation-stage] id=71 stage=native-call-start
2026-05-28 12:34:11.075 pid=7968 [generation-stage] id=71 stage=native-call-end resultLen=137
2026-05-28 12:34:11.076 pid=7968 [generation-end] id=71 resultLen=137
  javaUsed=2.6MB javaTotal=10.5MB javaMax=256.0MB nativeHeap=1.9GB nativeHeapFree=6.8MB nativeHeapSize=1.9GB
  pssTotal=3.0GB privateDirty=1.1GB sharedDirty=52.0MB nativePss=1.1GB dalvikPss=1.4MB otherPss=1.9GB
  systemAvail=13.1GB systemThreshold=216.0MB lowMemory=false trimLevel=0 importance=125 fdCount=151
  procStatus VmRSS=3301424 kB VmHWM=3308868 kB VmSize=20959248 kB VmSwap=2416 kB Threads=29 FDSize=256
2026-05-28 12:34:11.895 pid=7968 [model-load] Loading configuration: Qwen3.5 2B MTP
2026-05-28 12:34:11.895 pid=7968 [model-load-skip] config=Qwen3.5 2B MTP model already loaded
  javaUsed=2.9MB javaTotal=10.5MB javaMax=256.0MB nativeHeap=1.9GB nativeHeapFree=6.8MB nativeHeapSize=1.9GB
  pssTotal=3.0GB privateDirty=1.1GB sharedDirty=52.0MB nativePss=1.1GB dalvikPss=1.5MB otherPss=1.9GB
  systemAvail=13.1GB systemThreshold=216.0MB lowMemory=false trimLevel=0 importance=125 fdCount=151
  procStatus VmRSS=3301552 kB VmHWM=3308868 kB VmSize=20959248 kB VmSwap=2416 kB Threads=29 FDSize=256
2026-05-28 12:34:11.974 pid=7968 [generation-start] id=72 config=Qwen3.5 2B MTP model=Qwen3.5-2B-Q8_0.gguf promptLen=1048 mediaCount=0
  javaUsed=3.1MB javaTotal=10.5MB javaMax=256.0MB nativeHeap=1.9GB nativeHeapFree=6.8MB nativeHeapSize=1.9GB
  pssTotal=3.0GB privateDirty=1.1GB sharedDirty=52.0MB nativePss=1.1GB dalvikPss=1.7MB otherPss=1.9GB
  systemAvail=13.1GB systemThreshold=216.0MB lowMemory=false trimLevel=0 importance=125 fdCount=151
  procStatus VmRSS=3301808 kB VmHWM=3308868 kB VmSize=20959248 kB VmSwap=2416 kB Threads=29 FDSize=256
2026-05-28 12:34:12.034 pid=7968 [generation-stage] id=72 stage=native-call-start
2026-05-28 12:34:38.829 pid=7968 [generation-stage] id=72 stage=native-call-end resultLen=49
2026-05-28 12:34:38.830 pid=7968 [generation-end] id=72 resultLen=49
  javaUsed=3.2MB javaTotal=10.5MB javaMax=256.0MB nativeHeap=1.9GB nativeHeapFree=6.8MB nativeHeapSize=1.9GB
  pssTotal=3.0GB privateDirty=1.1GB sharedDirty=52.0MB nativePss=1.1GB dalvikPss=1.8MB otherPss=1.9GB
  systemAvail=13.1GB systemThreshold=216.0MB lowMemory=false trimLevel=0 importance=125 fdCount=151
  procStatus VmRSS=3302184 kB VmHWM=3308868 kB VmSize=20959248 kB VmSwap=2416 kB Threads=29 FDSize=256
2026-05-28 12:34:39.568 pid=7968 [model-load] Loading configuration: Qwen3.5 2B MTP
2026-05-28 12:34:39.569 pid=7968 [model-load-skip] config=Qwen3.5 2B MTP model already loaded
  javaUsed=3.4MB javaTotal=10.5MB javaMax=256.0MB nativeHeap=1.9GB nativeHeapFree=6.8MB nativeHeapSize=1.9GB
  pssTotal=3.0GB privateDirty=1.1GB sharedDirty=52.0MB nativePss=1.1GB dalvikPss=2.0MB otherPss=1.9GB
  systemAvail=13.1GB systemThreshold=216.0MB lowMemory=false trimLevel=0 importance=125 fdCount=151
  procStatus VmRSS=3302356 kB VmHWM=3308868 kB VmSize=20959632 kB VmSwap=2416 kB Threads=29 FDSize=256
2026-05-28 12:34:39.644 pid=7968 [generation-start] id=73 config=Qwen3.5 2B MTP model=Qwen3.5-2B-Q8_0.gguf promptLen=1042 mediaCount=0
  javaUsed=3.6MB javaTotal=10.5MB javaMax=256.0MB nativeHeap=1.9GB nativeHeapFree=6.8MB nativeHeapSize=1.9GB
  pssTotal=3.0GB privateDirty=1.1GB sharedDirty=52.0MB nativePss=1.1GB dalvikPss=2.1MB otherPss=1.9GB
  systemAvail=13.1GB systemThreshold=216.0MB lowMemory=false trimLevel=0 importance=125 fdCount=151
  procStatus VmRSS=3302484 kB VmHWM=3308868 kB VmSize=20959632 kB VmSwap=2416 kB Threads=29 FDSize=256
2026-05-28 12:34:39.704 pid=7968 [generation-stage] id=73 stage=native-call-start
2026-05-28 12:35:06.696 pid=7968 [generation-stage] id=73 stage=native-call-end resultLen=53
2026-05-28 12:35:06.696 pid=7968 [generation-end] id=73 resultLen=53
  javaUsed=3.8MB javaTotal=10.5MB javaMax=256.0MB nativeHeap=1.9GB nativeHeapFree=6.8MB nativeHeapSize=1.9GB
  pssTotal=3.0GB privateDirty=1.1GB sharedDirty=52.0MB nativePss=1.1GB dalvikPss=2.3MB otherPss=1.9GB
  systemAvail=13.1GB systemThreshold=216.0MB lowMemory=false trimLevel=0 importance=125 fdCount=151
  procStatus VmRSS=3302612 kB VmHWM=3308868 kB VmSize=20959632 kB VmSwap=2416 kB Threads=29 FDSize=256
2026-05-28 12:35:07.522 pid=7968 [model-load] Loading configuration: Qwen3.5 2B MTP
2026-05-28 12:35:07.522 pid=7968 [model-load-skip] config=Qwen3.5 2B MTP model already loaded
  javaUsed=4.0MB javaTotal=10.5MB javaMax=256.0MB nativeHeap=1.9GB nativeHeapFree=6.8MB nativeHeapSize=1.9GB
  pssTotal=3.0GB privateDirty=1.1GB sharedDirty=52.0MB nativePss=1.1GB dalvikPss=2.4MB otherPss=1.9GB
  systemAvail=13.1GB systemThreshold=216.0MB lowMemory=false trimLevel=0 importance=125 fdCount=151
  procStatus VmRSS=3302612 kB VmHWM=3308868 kB VmSize=20959632 kB VmSwap=2416 kB Threads=29 FDSize=256
2026-05-28 12:35:07.600 pid=7968 [generation-start] id=74 config=Qwen3.5 2B MTP model=Qwen3.5-2B-Q8_0.gguf promptLen=1042 mediaCount=0
  javaUsed=4.2MB javaTotal=10.5MB javaMax=256.0MB nativeHeap=1.9GB nativeHeapFree=6.8MB nativeHeapSize=1.9GB
  pssTotal=3.0GB privateDirty=1.1GB sharedDirty=52.0MB nativePss=1.1GB dalvikPss=2.6MB otherPss=1.9GB
  systemAvail=13.1GB systemThreshold=216.0MB lowMemory=false trimLevel=0 importance=125 fdCount=151
  procStatus VmRSS=3302740 kB VmHWM=3308868 kB VmSize=20959632 kB VmSwap=2416 kB Threads=29 FDSize=256
2026-05-28 12:35:07.661 pid=7968 [generation-stage] id=74 stage=native-call-start
2026-05-28 12:35:35.382 pid=7968 [generation-stage] id=74 stage=native-call-end resultLen=83
2026-05-28 12:35:35.383 pid=7968 [generation-end] id=74 resultLen=83
  javaUsed=4.3MB javaTotal=10.5MB javaMax=256.0MB nativeHeap=1.9GB nativeHeapFree=6.8MB nativeHeapSize=1.9GB
  pssTotal=3.0GB privateDirty=1.1GB sharedDirty=52.0MB nativePss=1.1GB dalvikPss=2.7MB otherPss=1.9GB
  systemAvail=13.2GB systemThreshold=216.0MB lowMemory=false trimLevel=0 importance=125 fdCount=151
  procStatus VmRSS=3302996 kB VmHWM=3308868 kB VmSize=20959632 kB VmSwap=2416 kB Threads=29 FDSize=256
2026-05-28 12:35:36.748 pid=7968 [model-load] Loading configuration: Qwen3.5 2B MTP
2026-05-28 12:35:36.749 pid=7968 [model-load-skip] config=Qwen3.5 2B MTP model already loaded
  javaUsed=4.5MB javaTotal=10.5MB javaMax=256.0MB nativeHeap=1.9GB nativeHeapFree=6.8MB nativeHeapSize=1.9GB
  pssTotal=3.0GB privateDirty=1.1GB sharedDirty=52.0MB nativePss=1.1GB dalvikPss=2.9MB otherPss=1.9GB
  systemAvail=13.2GB systemThreshold=216.0MB lowMemory=false trimLevel=0 importance=125 fdCount=151
  procStatus VmRSS=3303124 kB VmHWM=3308868 kB VmSize=20959632 kB VmSwap=2416 kB Threads=29 FDSize=256
2026-05-28 12:35:36.828 pid=7968 [generation-start] id=75 config=Qwen3.5 2B MTP model=Qwen3.5-2B-Q8_0.gguf promptLen=1039 mediaCount=0
  javaUsed=4.7MB javaTotal=10.5MB javaMax=256.0MB nativeHeap=1.9GB nativeHeapFree=6.8MB nativeHeapSize=1.9GB
  pssTotal=3.0GB privateDirty=1.1GB sharedDirty=52.0MB nativePss=1.1GB dalvikPss=3.0MB otherPss=1.9GB
  systemAvail=13.2GB systemThreshold=216.0MB lowMemory=false trimLevel=0 importance=125 fdCount=151
  procStatus VmRSS=3303252 kB VmHWM=3308868 kB VmSize=20959632 kB VmSwap=2416 kB Threads=29 FDSize=256
2026-05-28 12:35:36.888 pid=7968 [generation-stage] id=75 stage=native-call-start
2026-05-28 12:36:11.602 pid=7968 [generation-stage] id=75 stage=native-call-end resultLen=129
2026-05-28 12:36:11.602 pid=7968 [generation-end] id=75 resultLen=129
  javaUsed=4.9MB javaTotal=10.5MB javaMax=256.0MB nativeHeap=1.9GB nativeHeapFree=6.8MB nativeHeapSize=1.9GB
  pssTotal=3.0GB privateDirty=1.1GB sharedDirty=52.0MB nativePss=1.1GB dalvikPss=3.1MB otherPss=1.9GB
  systemAvail=13.1GB systemThreshold=216.0MB lowMemory=false trimLevel=0 importance=125 fdCount=151
  procStatus VmRSS=3303624 kB VmHWM=3308868 kB VmSize=20959632 kB VmSwap=2416 kB Threads=29 FDSize=256
2026-05-28 12:36:12.778 pid=7968 [model-load] Loading configuration: Qwen3.5 2B MTP
2026-05-28 12:36:12.779 pid=7968 [model-load-skip] config=Qwen3.5 2B MTP model already loaded
  javaUsed=5.1MB javaTotal=10.5MB javaMax=256.0MB nativeHeap=1.9GB nativeHeapFree=6.8MB nativeHeapSize=1.9GB
  pssTotal=3.0GB privateDirty=1.1GB sharedDirty=52.0MB nativePss=1.1GB dalvikPss=3.3MB otherPss=1.9GB
  systemAvail=13.1GB systemThreshold=216.0MB lowMemory=false trimLevel=0 importance=125 fdCount=151
  procStatus VmRSS=3303624 kB VmHWM=3308868 kB VmSize=20959632 kB VmSwap=2416 kB Threads=29 FDSize=256
2026-05-28 12:36:12.860 pid=7968 [generation-start] id=76 config=Qwen3.5 2B MTP model=Qwen3.5-2B-Q8_0.gguf promptLen=1036 mediaCount=0
  javaUsed=5.3MB javaTotal=10.5MB javaMax=256.0MB nativeHeap=1.9GB nativeHeapFree=6.8MB nativeHeapSize=1.9GB
  pssTotal=3.0GB privateDirty=1.1GB sharedDirty=52.0MB nativePss=1.1GB dalvikPss=3.5MB otherPss=1.9GB
  systemAvail=13.1GB systemThreshold=216.0MB lowMemory=false trimLevel=0 importance=125 fdCount=151
  procStatus VmRSS=3303752 kB VmHWM=3308868 kB VmSize=20959632 kB VmSwap=2416 kB Threads=29 FDSize=256
2026-05-28 12:36:12.920 pid=7968 [generation-stage] id=76 stage=native-call-start
2026-05-28 12:36:38.661 pid=7968 [generation-stage] id=76 stage=native-call-end resultLen=36
2026-05-28 12:36:38.661 pid=7968 [generation-end] id=76 resultLen=36
  javaUsed=5.4MB javaTotal=10.5MB javaMax=256.0MB nativeHeap=1.9GB nativeHeapFree=6.8MB nativeHeapSize=1.9GB
  pssTotal=3.0GB privateDirty=1.1GB sharedDirty=52.0MB nativePss=1.1GB dalvikPss=3.6MB otherPss=1.9GB
  systemAvail=13.1GB systemThreshold=216.0MB lowMemory=false trimLevel=0 importance=125 fdCount=151
  procStatus VmRSS=3303996 kB VmHWM=3308868 kB VmSize=20959632 kB VmSwap=2416 kB Threads=29 FDSize=256
2026-05-28 19:36:05.047 pid=7968 [model-load] Loading configuration: Qwen3.5 2B MTP
2026-05-28 19:36:05.048 pid=7968 [model-load-skip] config=Qwen3.5 2B MTP model already loaded
  javaUsed=6.1MB javaTotal=10.5MB javaMax=256.0MB nativeHeap=1.9GB nativeHeapFree=6.8MB nativeHeapSize=1.9GB
  pssTotal=3.0GB privateDirty=1.1GB sharedDirty=52.0MB nativePss=1.1GB dalvikPss=4.1MB otherPss=1.9GB
  systemAvail=13.3GB systemThreshold=216.0MB lowMemory=false trimLevel=0 importance=125 fdCount=150
  procStatus VmRSS=3301400 kB VmHWM=3301400 kB VmSize=20939040 kB VmSwap=2416 kB Threads=28 FDSize=256
2026-05-28 19:36:05.187 pid=7968 [generation-start] id=77 config=Qwen3.5 2B MTP model=Qwen3.5-2B-Q8_0.gguf promptLen=1045 mediaCount=0
  javaUsed=6.3MB javaTotal=10.5MB javaMax=256.0MB nativeHeap=1.9GB nativeHeapFree=6.8MB nativeHeapSize=1.9GB
  pssTotal=3.0GB privateDirty=1.1GB sharedDirty=52.0MB nativePss=1.1GB dalvikPss=4.3MB otherPss=1.9GB
  systemAvail=13.3GB systemThreshold=216.0MB lowMemory=false trimLevel=0 importance=125 fdCount=150
  procStatus VmRSS=3301528 kB VmHWM=3301528 kB VmSize=20939040 kB VmSwap=2416 kB Threads=28 FDSize=256
2026-05-28 19:36:05.263 pid=7968 [generation-stage] id=77 stage=native-call-start
2026-05-28 19:36:20.021 pid=7968 [generation-stage] id=77 stage=native-call-end resultLen=75
2026-05-28 19:36:20.021 pid=7968 [generation-end] id=77 resultLen=75
  javaUsed=6.4MB javaTotal=10.5MB javaMax=256.0MB nativeHeap=1.9GB nativeHeapFree=6.8MB nativeHeapSize=1.9GB
  pssTotal=3.0GB privateDirty=1.1GB sharedDirty=52.0MB nativePss=1.1GB dalvikPss=4.4MB otherPss=1.9GB
  systemAvail=13.4GB systemThreshold=216.0MB lowMemory=false trimLevel=0 importance=125 fdCount=150
  procStatus VmRSS=3304440 kB VmHWM=3304712 kB VmSize=20939040 kB VmSwap=2416 kB Threads=28 FDSize=256
2026-05-28 19:36:20.568 pid=7968 [model-load] Loading configuration: Qwen3.5 2B
2026-05-28 19:36:20.680 pid=7968 [runtime-memory] Before model load model=Qwen3.5-2B-UD-Q8_K_XL.gguf
  javaUsed=6.7MB javaTotal=10.5MB javaMax=256.0MB nativeHeap=1.5GB nativeHeapFree=50.5MB nativeHeapSize=1.6GB
  pssTotal=1.1GB privateDirty=1.1GB sharedDirty=52.0MB nativePss=1.1GB dalvikPss=4.6MB otherPss=13.5MB
  systemAvail=13.4GB systemThreshold=216.0MB lowMemory=false trimLevel=0 importance=125 fdCount=150
  procStatus VmRSS=1288832 kB VmHWM=3304712 kB VmSize=18710124 kB VmSwap=2416 kB Threads=28 FDSize=256
2026-05-28 19:36:20.706 pid=7968 [runtime-memory] After model load cleanup model=Qwen3.5-2B-UD-Q8_K_XL.gguf
  javaUsed=2.2MB javaTotal=10.2MB javaMax=256.0MB nativeHeap=1.5GB nativeHeapFree=51.0MB nativeHeapSize=1.6GB
  pssTotal=1.0GB privateDirty=1.0GB sharedDirty=52.0MB nativePss=1.0GB dalvikPss=1.1MB otherPss=13.3MB
  systemAvail=13.5GB systemThreshold=216.0MB lowMemory=false trimLevel=0 importance=125 fdCount=146
  procStatus VmRSS=1231808 kB VmHWM=3304712 kB VmSize=18710124 kB VmSwap=2416 kB Threads=28 FDSize=256
2026-05-28 19:36:23.008 pid=7968 [model-load-complete] config=Qwen3.5 2B model=Qwen3.5-2B-UD-Q8_K_XL.gguf mmproj=mmproj-F16.gguf
  javaUsed=2.4MB javaTotal=10.2MB javaMax=256.0MB nativeHeap=3.3GB nativeHeapFree=10.3MB nativeHeapSize=3.4GB
  pssTotal=4.7GB privateDirty=2.0GB sharedDirty=52.0MB nativePss=2.0GB dalvikPss=1.1MB otherPss=2.7GB
  systemAvail=12.6GB systemThreshold=216.0MB lowMemory=false trimLevel=0 importance=125 fdCount=146
  procStatus VmRSS=5082608 kB VmHWM=5082608 kB VmSize=23306300 kB VmSwap=2416 kB Threads=28 FDSize=256
2026-05-28 19:36:23.066 pid=7968 [generation-start] id=78 config=Qwen3.5 2B model=Qwen3.5-2B-UD-Q8_K_XL.gguf promptLen=1042 mediaCount=0
  javaUsed=2.6MB javaTotal=10.2MB javaMax=256.0MB nativeHeap=3.3GB nativeHeapFree=10.2MB nativeHeapSize=3.4GB
  pssTotal=4.7GB privateDirty=2.0GB sharedDirty=52.0MB nativePss=2.0GB dalvikPss=1.3MB otherPss=2.7GB
  systemAvail=12.6GB systemThreshold=216.0MB lowMemory=false trimLevel=0 importance=125 fdCount=146
  procStatus VmRSS=5082736 kB VmHWM=5082736 kB VmSize=23306300 kB VmSwap=2416 kB Threads=28 FDSize=256
2026-05-28 19:36:23.122 pid=7968 [generation-stage] id=78 stage=native-call-start
2026-05-28 19:36:55.903 pid=7968 [generation-stage] id=78 stage=native-call-end resultLen=57
2026-05-28 19:36:55.904 pid=7968 [generation-end] id=78 resultLen=57
  javaUsed=2.7MB javaTotal=10.2MB javaMax=256.0MB nativeHeap=3.3GB nativeHeapFree=11.1MB nativeHeapSize=3.4GB
  pssTotal=4.7GB privateDirty=2.0GB sharedDirty=52.0MB nativePss=2.0GB dalvikPss=1.4MB otherPss=2.7GB
  systemAvail=12.6GB systemThreshold=216.0MB lowMemory=false trimLevel=0 importance=125 fdCount=144
  procStatus VmRSS=5075904 kB VmHWM=5086704 kB VmSize=23299828 kB VmSwap=2416 kB Threads=28 FDSize=256
2026-05-28 19:36:56.489 pid=7968 [model-load] Loading configuration: Qwen3.5 2B MTP
2026-05-28 19:36:56.700 pid=7968 [runtime-memory] Before model load model=Qwen3.5-2B-Q8_0.gguf
  javaUsed=3.0MB javaTotal=10.2MB javaMax=256.0MB nativeHeap=3.0GB nativeHeapFree=52.3MB nativeHeapSize=3.1GB
  pssTotal=2.0GB privateDirty=2.0GB sharedDirty=52.0MB nativePss=2.0GB dalvikPss=1.6MB otherPss=12.4MB
  systemAvail=12.6GB systemThreshold=216.0MB lowMemory=false trimLevel=0 importance=125 fdCount=144
  procStatus VmRSS=2260620 kB VmHWM=5086704 kB VmSize=20273608 kB VmSwap=2416 kB Threads=28 FDSize=256
2026-05-28 19:36:56.764 pid=7968 [runtime-memory] After model load cleanup model=Qwen3.5-2B-Q8_0.gguf
  javaUsed=2.3MB javaTotal=10.2MB javaMax=256.0MB nativeHeap=3.0GB nativeHeapFree=52.3MB nativeHeapSize=3.1GB
  pssTotal=2.0GB privateDirty=2.0GB sharedDirty=52.0MB nativePss=2.0GB dalvikPss=1.0MB otherPss=12.4MB
  systemAvail=12.6GB systemThreshold=216.0MB lowMemory=false trimLevel=0 importance=125 fdCount=144
  procStatus VmRSS=2259912 kB VmHWM=5086704 kB VmSize=20273608 kB VmSwap=2416 kB Threads=28 FDSize=256
2026-05-28 19:36:58.702 pid=7968 [model-load-complete] config=Qwen3.5 2B MTP model=Qwen3.5-2B-Q8_0.gguf mmproj=mmproj-F16.gguf
  javaUsed=2.4MB javaTotal=10.2MB javaMax=256.0MB nativeHeap=4.8GB nativeHeapFree=10.9MB nativeHeapSize=4.9GB
  pssTotal=4.8GB privateDirty=2.9GB sharedDirty=52.0MB nativePss=2.9GB dalvikPss=1.1MB otherPss=1.9GB
  systemAvail=11.7GB systemThreshold=216.0MB lowMemory=false trimLevel=0 importance=125 fdCount=144
  procStatus VmRSS=5215240 kB VmHWM=5238284 kB VmSize=24072556 kB VmSwap=2416 kB Threads=28 FDSize=256
2026-05-28 19:36:58.803 pid=7968 [generation-start] id=79 config=Qwen3.5 2B MTP model=Qwen3.5-2B-Q8_0.gguf promptLen=1045 mediaCount=0
  javaUsed=2.6MB javaTotal=10.2MB javaMax=256.0MB nativeHeap=4.8GB nativeHeapFree=10.9MB nativeHeapSize=4.9GB
  pssTotal=4.8GB privateDirty=2.9GB sharedDirty=52.0MB nativePss=2.9GB dalvikPss=1.2MB otherPss=1.9GB
  systemAvail=11.7GB systemThreshold=216.0MB lowMemory=false trimLevel=0 importance=125 fdCount=144
  procStatus VmRSS=5215496 kB VmHWM=5238284 kB VmSize=24072556 kB VmSwap=2416 kB Threads=28 FDSize=256
2026-05-28 19:36:58.926 pid=7968 [generation-stage] id=79 stage=native-call-start
2026-05-28 19:37:26.851 pid=7968 [generation-stage] id=79 stage=native-call-end resultLen=50
2026-05-28 19:37:26.851 pid=7968 [generation-end] id=79 resultLen=50
  javaUsed=2.7MB javaTotal=10.2MB javaMax=256.0MB nativeHeap=4.8GB nativeHeapFree=10.9MB nativeHeapSize=4.9GB
  pssTotal=4.8GB privateDirty=2.9GB sharedDirty=52.0MB nativePss=2.9GB dalvikPss=1.4MB otherPss=1.9GB
  systemAvail=11.7GB systemThreshold=216.0MB lowMemory=false trimLevel=0 importance=125 fdCount=144
  procStatus VmRSS=5209340 kB VmHWM=5238284 kB VmSize=24072556 kB VmSwap=2416 kB Threads=28 FDSize=256
2026-05-28 19:37:27.472 pid=7968 [model-load] Loading configuration: Qwen3.5 2B
2026-05-28 19:37:27.678 pid=7968 [runtime-memory] Before model load model=Qwen3.5-2B-UD-Q8_K_XL.gguf
  javaUsed=3.0MB javaTotal=10.2MB javaMax=256.0MB nativeHeap=4.5GB nativeHeapFree=52.0MB nativeHeapSize=4.6GB
  pssTotal=2.9GB privateDirty=2.9GB sharedDirty=52.0MB nativePss=2.9GB dalvikPss=1.6MB otherPss=12.3MB
  systemAvail=11.7GB systemThreshold=216.0MB lowMemory=false trimLevel=0 importance=125 fdCount=144
  procStatus VmRSS=3236720 kB VmHWM=5238284 kB VmSize=21844280 kB VmSwap=2416 kB Threads=28 FDSize=256
2026-05-28 19:37:27.753 pid=7968 [runtime-memory] After model load cleanup model=Qwen3.5-2B-UD-Q8_K_XL.gguf
  javaUsed=2.3MB javaTotal=10.2MB javaMax=256.0MB nativeHeap=4.5GB nativeHeapFree=52.1MB nativeHeapSize=4.6GB
  pssTotal=2.9GB privateDirty=2.9GB sharedDirty=52.0MB nativePss=2.9GB dalvikPss=1.0MB otherPss=12.3MB
  systemAvail=11.7GB systemThreshold=216.0MB lowMemory=false trimLevel=0 importance=125 fdCount=144
  procStatus VmRSS=3236132 kB VmHWM=5238284 kB VmSize=21844280 kB VmSwap=2416 kB Threads=28 FDSize=256
2026-05-28 19:37:29.583 pid=7968 [model-load-complete] config=Qwen3.5 2B model=Qwen3.5-2B-UD-Q8_K_XL.gguf mmproj=mmproj-F16.gguf
  javaUsed=2.4MB javaTotal=10.2MB javaMax=256.0MB nativeHeap=6.3GB nativeHeapFree=10.8MB nativeHeapSize=6.4GB
  pssTotal=6.6GB privateDirty=3.9GB sharedDirty=52.0MB nativePss=3.9GB dalvikPss=1.1MB otherPss=2.7GB
  systemAvail=10.7GB systemThreshold=216.0MB lowMemory=false trimLevel=0 importance=125 fdCount=144
  procStatus VmRSS=7033080 kB VmHWM=7056148 kB VmSize=26440644 kB VmSwap=2416 kB Threads=28 FDSize=256
2026-05-28 19:37:29.717 pid=7968 [generation-start] id=80 config=Qwen3.5 2B model=Qwen3.5-2B-UD-Q8_K_XL.gguf promptLen=1051 mediaCount=0
  javaUsed=2.6MB javaTotal=10.2MB javaMax=256.0MB nativeHeap=6.3GB nativeHeapFree=10.8MB nativeHeapSize=6.4GB
  pssTotal=6.6GB privateDirty=3.9GB sharedDirty=52.0MB nativePss=3.9GB dalvikPss=1.2MB otherPss=2.7GB
  systemAvail=10.7GB systemThreshold=216.0MB lowMemory=false trimLevel=0 importance=125 fdCount=144
  procStatus VmRSS=7033208 kB VmHWM=7056148 kB VmSize=26440644 kB VmSwap=2416 kB Threads=28 FDSize=256
2026-05-28 19:37:29.849 pid=7968 [generation-stage] id=80 stage=native-call-start
2026-05-28 19:38:16.578 pid=7968 [generation-stage] id=80 stage=native-call-end resultLen=251
2026-05-28 19:38:16.578 pid=7968 [generation-end] id=80 resultLen=251
  javaUsed=2.7MB javaTotal=10.2MB javaMax=256.0MB nativeHeap=6.3GB nativeHeapFree=10.9MB nativeHeapSize=6.4GB
  pssTotal=6.6GB privateDirty=3.9GB sharedDirty=52.0MB nativePss=3.9GB dalvikPss=1.4MB otherPss=2.7GB
  systemAvail=10.7GB systemThreshold=216.0MB lowMemory=false trimLevel=0 importance=125 fdCount=144
  procStatus VmRSS=7027068 kB VmHWM=7056148 kB VmSize=26440644 kB VmSwap=2416 kB Threads=28 FDSize=256
2026-05-28 19:38:17.195 pid=7968 [model-load] Loading configuration: Qwen3.5 2B MTP
2026-05-28 19:38:17.408 pid=7968 [runtime-memory] Before model load model=Qwen3.5-2B-Q8_0.gguf
  javaUsed=3.0MB javaTotal=10.2MB javaMax=256.0MB nativeHeap=6.0GB nativeHeapFree=52.0MB nativeHeapSize=6.1GB
  pssTotal=3.9GB privateDirty=3.9GB sharedDirty=52.0MB nativePss=3.9GB dalvikPss=1.6MB otherPss=12.3MB
  systemAvail=10.7GB systemThreshold=216.0MB lowMemory=false trimLevel=0 importance=125 fdCount=144
  procStatus VmRSS=4212592 kB VmHWM=7056148 kB VmSize=23414424 kB VmSwap=2416 kB Threads=28 FDSize=256
2026-05-28 19:38:17.495 pid=7968 [runtime-memory] After model load cleanup model=Qwen3.5-2B-Q8_0.gguf
  javaUsed=2.3MB javaTotal=10.2MB javaMax=256.0MB nativeHeap=6.0GB nativeHeapFree=52.1MB nativeHeapSize=6.1GB
  pssTotal=3.9GB privateDirty=3.9GB sharedDirty=52.0MB nativePss=3.9GB dalvikPss=1.0MB otherPss=12.3MB
  systemAvail=10.7GB systemThreshold=216.0MB lowMemory=false trimLevel=0 importance=125 fdCount=144
  procStatus VmRSS=4212016 kB VmHWM=7056148 kB VmSize=23414424 kB VmSwap=2416 kB Threads=28 FDSize=256
2026-05-28 19:38:19.028 pid=7968 [model-load-complete] config=Qwen3.5 2B MTP model=Qwen3.5-2B-Q8_0.gguf mmproj=mmproj-F16.gguf
  javaUsed=2.4MB javaTotal=10.2MB javaMax=256.0MB nativeHeap=7.8GB nativeHeapFree=10.8MB nativeHeapSize=7.9GB
  pssTotal=6.7GB privateDirty=4.8GB sharedDirty=52.0MB nativePss=4.8GB dalvikPss=1.1MB otherPss=1.9GB
  systemAvail=9.8GB systemThreshold=216.0MB lowMemory=false trimLevel=0 importance=125 fdCount=144
  procStatus VmRSS=7211584 kB VmHWM=7234624 kB VmSize=27213484 kB VmSwap=2416 kB Threads=28 FDSize=256
2026-05-28 19:38:19.143 pid=7968 [generation-start] id=81 config=Qwen3.5 2B MTP model=Qwen3.5-2B-Q8_0.gguf promptLen=1042 mediaCount=0
  javaUsed=2.6MB javaTotal=10.2MB javaMax=256.0MB nativeHeap=7.8GB nativeHeapFree=10.8MB nativeHeapSize=7.9GB
  pssTotal=6.7GB privateDirty=4.8GB sharedDirty=52.0MB nativePss=4.8GB dalvikPss=1.2MB otherPss=1.9GB
  systemAvail=9.8GB systemThreshold=216.0MB lowMemory=false trimLevel=0 importance=125 fdCount=144
  procStatus VmRSS=7211584 kB VmHWM=7234624 kB VmSize=27213484 kB VmSwap=2416 kB Threads=28 FDSize=256
2026-05-28 19:38:19.301 pid=7968 [generation-stage] id=81 stage=native-call-start
2026-05-28 19:38:49.844 pid=7968 [generation-stage] id=81 stage=native-call-end resultLen=117
2026-05-28 19:38:49.844 pid=7968 [generation-end] id=81 resultLen=117
  javaUsed=2.3MB javaTotal=10.2MB javaMax=256.0MB nativeHeap=7.8GB nativeHeapFree=10.9MB nativeHeapSize=7.9GB
  pssTotal=6.7GB privateDirty=4.8GB sharedDirty=52.0MB nativePss=4.8GB dalvikPss=1.1MB otherPss=1.9GB
  systemAvail=9.8GB systemThreshold=216.0MB lowMemory=false trimLevel=0 importance=125 fdCount=144
  procStatus VmRSS=7205440 kB VmHWM=7234624 kB VmSize=27213484 kB VmSwap=2416 kB Threads=28 FDSize=256
2026-05-28 19:38:50.486 pid=7968 [model-load] Loading configuration: Qwen3.5 2B
2026-05-28 19:38:50.689 pid=7968 [runtime-memory] Before model load model=Qwen3.5-2B-UD-Q8_K_XL.gguf
  javaUsed=2.6MB javaTotal=10.2MB javaMax=256.0MB nativeHeap=7.5GB nativeHeapFree=52.0MB nativeHeapSize=7.6GB
  pssTotal=4.8GB privateDirty=4.8GB sharedDirty=52.0MB nativePss=4.8GB dalvikPss=1.3MB otherPss=12.3MB
  systemAvail=9.8GB systemThreshold=216.0MB lowMemory=false trimLevel=0 importance=125 fdCount=144
  procStatus VmRSS=5188156 kB VmHWM=7234624 kB VmSize=24984568 kB VmSwap=2416 kB Threads=28 FDSize=256
2026-05-28 19:38:50.786 pid=7968 [runtime-memory] After model load cleanup model=Qwen3.5-2B-UD-Q8_K_XL.gguf
  javaUsed=2.3MB javaTotal=10.2MB javaMax=256.0MB nativeHeap=7.5GB nativeHeapFree=52.0MB nativeHeapSize=7.6GB
  pssTotal=4.8GB privateDirty=4.8GB sharedDirty=52.0MB nativePss=4.8GB dalvikPss=1.0MB otherPss=12.3MB
  systemAvail=9.8GB systemThreshold=216.0MB lowMemory=false trimLevel=0 importance=125 fdCount=144
  procStatus VmRSS=5187856 kB VmHWM=7234624 kB VmSize=24984568 kB VmSwap=2416 kB Threads=28 FDSize=256
2026-05-28 19:38:54.879 pid=8459 [app] Application created
2026-05-28 19:38:54.879 pid=8459 [app-start] Application onCreate
  javaUsed=32.3MB javaTotal=256.0MB javaMax=256.0MB nativeHeap=6.7MB nativeHeapFree=1.8MB nativeHeapSize=12.8MB
  pssTotal=14.8MB privateDirty=6.6MB sharedDirty=53.0MB nativePss=2.2MB dalvikPss=867.0KB otherPss=9.3MB
  systemAvail=14.6GB systemThreshold=216.0MB lowMemory=false trimLevel=0 importance=400 fdCount=113
  procStatus VmRSS=123348 kB VmHWM=123348 kB VmSize=16942464 kB VmSwap=7564 kB Threads=13 FDSize=128
2026-05-28 19:42:32.745 pid=8459 [model-load] Loading configuration: Qwen3.5 2B MTP
2026-05-28 19:42:32.747 pid=8459 [runtime-memory] Before model load model=Qwen3.5-2B-Q8_0.gguf
  javaUsed=2.2MB javaTotal=10.0MB javaMax=256.0MB nativeHeap=6.7MB nativeHeapFree=2.0MB nativeHeapSize=13.1MB
  pssTotal=12.9MB privateDirty=7.1MB sharedDirty=52.7MB nativePss=2.6MB dalvikPss=822.0KB otherPss=9.5MB
  systemAvail=14.6GB systemThreshold=216.0MB lowMemory=false trimLevel=0 importance=125 fdCount=114
  procStatus VmRSS=127080 kB VmHWM=128176 kB VmSize=16714720 kB VmSwap=2392 kB Threads=15 FDSize=128
2026-05-28 19:42:32.814 pid=8459 [runtime-memory] After model load cleanup model=Qwen3.5-2B-Q8_0.gguf
  javaUsed=2.1MB javaTotal=10.0MB javaMax=256.0MB nativeHeap=6.7MB nativeHeapFree=2.0MB nativeHeapSize=13.1MB
  pssTotal=11.1MB privateDirty=5.4MB sharedDirty=52.7MB nativePss=2.6MB dalvikPss=722.0KB otherPss=7.8MB
  systemAvail=14.6GB systemThreshold=216.0MB lowMemory=false trimLevel=0 importance=125 fdCount=114
  procStatus VmRSS=125244 kB VmHWM=128176 kB VmSize=16714720 kB VmSwap=2392 kB Threads=15 FDSize=128
2026-05-28 19:42:34.120 pid=8459 [model-load-complete] config=Qwen3.5 2B MTP model=Qwen3.5-2B-Q8_0.gguf mmproj=mmproj-F16.gguf
  javaUsed=2.2MB javaTotal=10.0MB javaMax=256.0MB nativeHeap=1.8GB nativeHeapFree=4.5MB nativeHeapSize=1.9GB
  pssTotal=3.0GB privateDirty=1.1GB sharedDirty=52.6MB nativePss=1.1GB dalvikPss=798.0KB otherPss=1.9GB
  systemAvail=13.5GB systemThreshold=216.0MB lowMemory=false trimLevel=0 importance=125 fdCount=114
  procStatus VmRSS=3256748 kB VmHWM=3279928 kB VmSize=20654960 kB VmSwap=2392 kB Threads=15 FDSize=128
2026-05-28 19:42:34.175 pid=8459 [generation-start] id=1 config=Qwen3.5 2B MTP model=Qwen3.5-2B-Q8_0.gguf promptLen=1045 mediaCount=0
  javaUsed=2.4MB javaTotal=10.0MB javaMax=256.0MB nativeHeap=1.8GB nativeHeapFree=4.5MB nativeHeapSize=1.9GB
  pssTotal=3.0GB privateDirty=1.1GB sharedDirty=52.6MB nativePss=1.1GB dalvikPss=966.0KB otherPss=1.9GB
  systemAvail=13.5GB systemThreshold=216.0MB lowMemory=false trimLevel=0 importance=125 fdCount=114
  procStatus VmRSS=3256876 kB VmHWM=3279928 kB VmSize=20654960 kB VmSwap=2392 kB Threads=15 FDSize=128
2026-05-28 19:42:34.230 pid=8459 [generation-stage] id=1 stage=native-call-start
2026-05-28 19:42:49.392 pid=8459 [generation-stage] id=1 stage=native-call-end resultLen=83
2026-05-28 19:42:49.393 pid=8459 [generation-end] id=1 resultLen=83
  javaUsed=2.5MB javaTotal=10.0MB javaMax=256.0MB nativeHeap=1.8GB nativeHeapFree=4.5MB nativeHeapSize=1.9GB
  pssTotal=3.0GB privateDirty=1.1GB sharedDirty=52.6MB nativePss=1.1GB dalvikPss=1.0MB otherPss=1.9GB
  systemAvail=13.5GB systemThreshold=216.0MB lowMemory=false trimLevel=0 importance=125 fdCount=114
  procStatus VmRSS=3251204 kB VmHWM=3279928 kB VmSize=20659044 kB VmSwap=2392 kB Threads=15 FDSize=128
2026-05-28 19:42:49.980 pid=8459 [model-load] Loading configuration: Qwen3.5 2B
2026-05-28 19:42:50.183 pid=8459 [runtime-memory] Before model load model=Qwen3.5-2B-UD-Q8_K_XL.gguf
  javaUsed=2.1MB javaTotal=10.0MB javaMax=256.0MB nativeHeap=1.5GB nativeHeapFree=48.3MB nativeHeapSize=1.6GB
  pssTotal=1.1GB privateDirty=1.1GB sharedDirty=52.6MB nativePss=1.1GB dalvikPss=738.0KB otherPss=10.3MB
  systemAvail=13.5GB systemThreshold=216.0MB lowMemory=false trimLevel=0 importance=125 fdCount=114
  procStatus VmRSS=1235544 kB VmHWM=3279928 kB VmSize=18430128 kB VmSwap=2392 kB Threads=15 FDSize=128
2026-05-28 19:42:50.234 pid=8459 [runtime-memory] After model load cleanup model=Qwen3.5-2B-UD-Q8_K_XL.gguf
  javaUsed=2.1MB javaTotal=10.0MB javaMax=256.0MB nativeHeap=1.5GB nativeHeapFree=48.3MB nativeHeapSize=1.6GB
  pssTotal=1.1GB privateDirty=1.1GB sharedDirty=52.6MB nativePss=1.1GB dalvikPss=730.0KB otherPss=10.3MB
  systemAvail=13.5GB systemThreshold=216.0MB lowMemory=false trimLevel=0 importance=125 fdCount=114
  procStatus VmRSS=1235500 kB VmHWM=3279928 kB VmSize=18430128 kB VmSwap=2392 kB Threads=15 FDSize=128
2026-05-28 19:42:52.051 pid=8459 [model-load-complete] config=Qwen3.5 2B model=Qwen3.5-2B-UD-Q8_K_XL.gguf mmproj=mmproj-F16.gguf
  javaUsed=2.2MB javaTotal=10.0MB javaMax=256.0MB nativeHeap=3.3GB nativeHeapFree=7.1MB nativeHeapSize=3.4GB
  pssTotal=4.7GB privateDirty=2.0GB sharedDirty=52.6MB nativePss=2.0GB dalvikPss=806.0KB otherPss=2.7GB
  systemAvail=12.5GB systemThreshold=216.0MB lowMemory=false trimLevel=0 importance=125 fdCount=114
  procStatus VmRSS=5033640 kB VmHWM=5056688 kB VmSize=23026492 kB VmSwap=2392 kB Threads=15 FDSize=128
2026-05-28 19:42:52.162 pid=8459 [generation-start] id=2 config=Qwen3.5 2B model=Qwen3.5-2B-UD-Q8_K_XL.gguf promptLen=1042 mediaCount=0
  javaUsed=2.4MB javaTotal=10.0MB javaMax=256.0MB nativeHeap=3.3GB nativeHeapFree=7.1MB nativeHeapSize=3.4GB
  pssTotal=4.7GB privateDirty=2.0GB sharedDirty=52.6MB nativePss=2.0GB dalvikPss=970.0KB otherPss=2.7GB
  systemAvail=12.5GB systemThreshold=216.0MB lowMemory=false trimLevel=0 importance=125 fdCount=114
  procStatus VmRSS=5033768 kB VmHWM=5056688 kB VmSize=23026492 kB VmSwap=2392 kB Threads=15 FDSize=128
2026-05-28 19:42:52.268 pid=8459 [generation-stage] id=2 stage=native-call-start
2026-05-28 19:43:40.988 pid=8459 [generation-stage] id=2 stage=native-call-end resultLen=235
2026-05-28 19:43:40.988 pid=8459 [generation-end] id=2 resultLen=235
  javaUsed=2.5MB javaTotal=10.0MB javaMax=256.0MB nativeHeap=3.3GB nativeHeapFree=7.1MB nativeHeapSize=3.4GB
  pssTotal=4.7GB privateDirty=2.0GB sharedDirty=52.6MB nativePss=2.0GB dalvikPss=1.1MB otherPss=2.7GB
  systemAvail=12.2GB systemThreshold=216.0MB lowMemory=false trimLevel=0 importance=125 fdCount=114
  procStatus VmRSS=5027716 kB VmHWM=5056688 kB VmSize=23026492 kB VmSwap=2392 kB Threads=15 FDSize=128
2026-05-28 19:43:41.053 pid=8459 [model-load] Loading configuration: Qwen3.5 2B
2026-05-28 19:43:41.053 pid=8459 [model-load-skip] config=Qwen3.5 2B model already loaded
  javaUsed=2.8MB javaTotal=10.0MB javaMax=256.0MB nativeHeap=3.3GB nativeHeapFree=7.1MB nativeHeapSize=3.4GB
  pssTotal=4.7GB privateDirty=2.0GB sharedDirty=52.6MB nativePss=2.0GB dalvikPss=1.2MB otherPss=2.7GB
  systemAvail=12.2GB systemThreshold=216.0MB lowMemory=false trimLevel=0 importance=125 fdCount=114
  procStatus VmRSS=5027844 kB VmHWM=5056688 kB VmSize=23026492 kB VmSwap=2392 kB Threads=15 FDSize=128
2026-05-28 19:43:41.116 pid=8459 [generation-start] id=3 config=Qwen3.5 2B model=Qwen3.5-2B-UD-Q8_K_XL.gguf promptLen=1042 mediaCount=0
  javaUsed=2.9MB javaTotal=10.0MB javaMax=256.0MB nativeHeap=3.3GB nativeHeapFree=7.1MB nativeHeapSize=3.4GB
  pssTotal=4.7GB privateDirty=2.0GB sharedDirty=52.6MB nativePss=2.0GB dalvikPss=1.4MB otherPss=2.7GB
  systemAvail=12.2GB systemThreshold=216.0MB lowMemory=false trimLevel=0 importance=125 fdCount=114
  procStatus VmRSS=5027972 kB VmHWM=5056688 kB VmSize=23026492 kB VmSwap=2392 kB Threads=15 FDSize=128
2026-05-28 19:43:41.174 pid=8459 [generation-stage] id=3 stage=native-call-start
2026-05-28 19:44:06.477 pid=8459 [generation-stage] id=3 stage=native-call-end resultLen=184
2026-05-28 19:44:06.478 pid=8459 [generation-end] id=3 resultLen=184
  javaUsed=3.1MB javaTotal=10.0MB javaMax=256.0MB nativeHeap=3.3GB nativeHeapFree=7.1MB nativeHeapSize=3.4GB
  pssTotal=4.7GB privateDirty=2.0GB sharedDirty=52.6MB nativePss=2.0GB dalvikPss=1.5MB otherPss=2.7GB
  systemAvail=12.3GB systemThreshold=216.0MB lowMemory=false trimLevel=0 importance=125 fdCount=114
  procStatus VmRSS=5028336 kB VmHWM=5056688 kB VmSize=23026492 kB VmSwap=2392 kB Threads=15 FDSize=128
2026-05-28 19:44:07.026 pid=8459 [model-load] Loading configuration: Qwen3.5 2B MTP
2026-05-28 19:44:07.174 pid=8459 [runtime-memory] Before model load model=Qwen3.5-2B-Q8_0.gguf
  javaUsed=3.3MB javaTotal=10.0MB javaMax=256.0MB nativeHeap=3.0GB nativeHeapFree=48.2MB nativeHeapSize=3.1GB
  pssTotal=2.0GB privateDirty=2.0GB sharedDirty=52.6MB nativePss=2.0GB dalvikPss=1.7MB otherPss=10.3MB
  systemAvail=12.2GB systemThreshold=216.0MB lowMemory=false trimLevel=0 importance=125 fdCount=114
  procStatus VmRSS=2212964 kB VmHWM=5056688 kB VmSize=20000272 kB VmSwap=2392 kB Threads=15 FDSize=128
2026-05-28 19:44:07.209 pid=8459 [runtime-memory] After model load cleanup model=Qwen3.5-2B-Q8_0.gguf
  javaUsed=2.1MB javaTotal=10.0MB javaMax=256.0MB nativeHeap=3.0GB nativeHeapFree=48.3MB nativeHeapSize=3.1GB
  pssTotal=2.0GB privateDirty=2.0GB sharedDirty=52.6MB nativePss=2.0GB dalvikPss=733.0KB otherPss=10.3MB
  systemAvail=12.2GB systemThreshold=216.0MB lowMemory=false trimLevel=0 importance=125 fdCount=114
  procStatus VmRSS=2211916 kB VmHWM=5056688 kB VmSize=20000272 kB VmSwap=2392 kB Threads=15 FDSize=128
2026-05-28 19:44:08.097 pid=8459 [model-load-complete] config=Qwen3.5 2B MTP model=Qwen3.5-2B-Q8_0.gguf mmproj=mmproj-F16.gguf
  javaUsed=2.2MB javaTotal=10.0MB javaMax=256.0MB nativeHeap=4.8GB nativeHeapFree=7.1MB nativeHeapSize=4.9GB
  pssTotal=4.9GB privateDirty=3.0GB sharedDirty=52.6MB nativePss=3.0GB dalvikPss=813.0KB otherPss=1.9GB
  systemAvail=11.2GB systemThreshold=216.0MB lowMemory=false trimLevel=0 importance=125 fdCount=114
  procStatus VmRSS=5249452 kB VmHWM=5249588 kB VmSize=23799332 kB VmSwap=2392 kB Threads=15 FDSize=128
2026-05-28 19:44:08.165 pid=8459 [generation-start] id=4 config=Qwen3.5 2B MTP model=Qwen3.5-2B-Q8_0.gguf promptLen=1048 mediaCount=0
  javaUsed=2.4MB javaTotal=10.0MB javaMax=256.0MB nativeHeap=4.8GB nativeHeapFree=7.1MB nativeHeapSize=4.9GB
  pssTotal=4.9GB privateDirty=3.0GB sharedDirty=52.6MB nativePss=3.0GB dalvikPss=977.0KB otherPss=1.9GB
  systemAvail=11.2GB systemThreshold=216.0MB lowMemory=false trimLevel=0 importance=125 fdCount=114
  procStatus VmRSS=5249580 kB VmHWM=5249588 kB VmSize=23799332 kB VmSwap=2392 kB Threads=15 FDSize=128
2026-05-28 19:44:08.231 pid=8459 [generation-stage] id=4 stage=native-call-start
2026-05-28 19:44:32.684 pid=8459 [generation-stage] id=4 stage=native-call-end resultLen=9
2026-05-28 19:44:32.690 pid=8459 [generation-end] id=4 resultLen=9
  javaUsed=2.0MB javaTotal=10.0MB javaMax=256.0MB nativeHeap=4.8GB nativeHeapFree=7.1MB nativeHeapSize=4.9GB
  pssTotal=4.9GB privateDirty=2.9GB sharedDirty=52.6MB nativePss=2.9GB dalvikPss=749.0KB otherPss=1.9GB
  systemAvail=11.6GB systemThreshold=216.0MB lowMemory=false trimLevel=0 importance=125 fdCount=114
  procStatus VmRSS=5216728 kB VmHWM=5253036 kB VmSize=23799332 kB VmSwap=2392 kB Threads=15 FDSize=128
2026-05-28 19:44:33.328 pid=8459 [model-load] Loading configuration: Qwen3.5 2B
2026-05-28 19:44:33.583 pid=8459 [runtime-memory] Before model load model=Qwen3.5-2B-UD-Q8_K_XL.gguf
  javaUsed=2.3MB javaTotal=10.0MB javaMax=256.0MB nativeHeap=4.5GB nativeHeapFree=48.3MB nativeHeapSize=4.6GB
  pssTotal=2.9GB privateDirty=2.9GB sharedDirty=52.6MB nativePss=2.9GB dalvikPss=937.0KB otherPss=10.3MB
  systemAvail=11.6GB systemThreshold=216.0MB lowMemory=false trimLevel=0 importance=125 fdCount=114
  procStatus VmRSS=3198544 kB VmHWM=5253036 kB VmSize=21570416 kB VmSwap=2392 kB Threads=15 FDSize=128
2026-05-28 19:44:33.671 pid=8459 [runtime-memory] After model load cleanup model=Qwen3.5-2B-UD-Q8_K_XL.gguf
  javaUsed=2.1MB javaTotal=10.0MB javaMax=256.0MB nativeHeap=4.5GB nativeHeapFree=48.3MB nativeHeapSize=4.6GB
  pssTotal=2.9GB privateDirty=2.9GB sharedDirty=52.6MB nativePss=2.9GB dalvikPss=729.0KB otherPss=10.3MB
  systemAvail=11.6GB systemThreshold=216.0MB lowMemory=false trimLevel=0 importance=125 fdCount=114
  procStatus VmRSS=3198392 kB VmHWM=5253036 kB VmSize=21570416 kB VmSwap=2392 kB Threads=15 FDSize=128
2026-05-28 19:44:35.958 pid=8459 [model-load-complete] config=Qwen3.5 2B model=Qwen3.5-2B-UD-Q8_K_XL.gguf mmproj=mmproj-F16.gguf
  javaUsed=2.2MB javaTotal=10.0MB javaMax=256.0MB nativeHeap=6.3GB nativeHeapFree=7.1MB nativeHeapSize=6.4GB
  pssTotal=6.5GB privateDirty=3.9GB sharedDirty=52.6MB nativePss=3.8GB dalvikPss=805.0KB otherPss=2.7GB
  systemAvail=10.7GB systemThreshold=216.0MB lowMemory=false trimLevel=0 importance=125 fdCount=114
  procStatus VmRSS=6974580 kB VmHWM=7009480 kB VmSize=26166780 kB VmSwap=2392 kB Threads=15 FDSize=128
2026-05-28 19:44:36.119 pid=8459 [generation-start] id=5 config=Qwen3.5 2B model=Qwen3.5-2B-UD-Q8_K_XL.gguf promptLen=1048 mediaCount=0
  javaUsed=2.4MB javaTotal=10.0MB javaMax=256.0MB nativeHeap=6.3GB nativeHeapFree=7.1MB nativeHeapSize=6.4GB
  pssTotal=6.5GB privateDirty=3.9GB sharedDirty=52.6MB nativePss=3.8GB dalvikPss=969.0KB otherPss=2.7GB
  systemAvail=10.7GB systemThreshold=216.0MB lowMemory=false trimLevel=0 importance=125 fdCount=114
  procStatus VmRSS=6974580 kB VmHWM=7009480 kB VmSize=26166780 kB VmSwap=2392 kB Threads=15 FDSize=128
2026-05-28 19:44:36.278 pid=8459 [generation-stage] id=5 stage=native-call-start
2026-05-28 19:45:17.201 pid=8459 [generation-stage] id=5 stage=native-call-end resultLen=93
2026-05-28 19:45:17.201 pid=8459 [generation-end] id=5 resultLen=93
  javaUsed=2.5MB javaTotal=10.0MB javaMax=256.0MB nativeHeap=6.3GB nativeHeapFree=7.1MB nativeHeapSize=6.4GB
  pssTotal=6.5GB privateDirty=3.9GB sharedDirty=52.6MB nativePss=3.9GB dalvikPss=1.1MB otherPss=2.7GB
  systemAvail=10.5GB systemThreshold=216.0MB lowMemory=false trimLevel=0 importance=125 fdCount=114
  procStatus VmRSS=6980264 kB VmHWM=7009480 kB VmSize=26166780 kB VmSwap=2392 kB Threads=15 FDSize=128
2026-05-28 19:45:17.756 pid=8459 [model-load] Loading configuration: Qwen3.5 2B MTP
2026-05-28 19:45:17.882 pid=8459 [runtime-memory] Before model load model=Qwen3.5-2B-Q8_0.gguf
  javaUsed=2.8MB javaTotal=10.0MB javaMax=256.0MB nativeHeap=6.0GB nativeHeapFree=48.3MB nativeHeapSize=6.1GB
  pssTotal=3.9GB privateDirty=3.9GB sharedDirty=52.6MB nativePss=3.9GB dalvikPss=1.2MB otherPss=10.3MB
  systemAvail=10.5GB systemThreshold=216.0MB lowMemory=false trimLevel=0 importance=125 fdCount=114
  procStatus VmRSS=4164664 kB VmHWM=7009480 kB VmSize=23140560 kB VmSwap=2392 kB Threads=15 FDSize=128
2026-05-28 19:45:17.920 pid=8459 [runtime-memory] After model load cleanup model=Qwen3.5-2B-Q8_0.gguf
  javaUsed=2.1MB javaTotal=10.0MB javaMax=256.0MB nativeHeap=6.0GB nativeHeapFree=48.3MB nativeHeapSize=6.1GB
  pssTotal=3.9GB privateDirty=3.9GB sharedDirty=52.6MB nativePss=3.9GB dalvikPss=734.0KB otherPss=10.3MB
  systemAvail=10.5GB systemThreshold=216.0MB lowMemory=false trimLevel=0 importance=125 fdCount=114
  procStatus VmRSS=4164192 kB VmHWM=7009480 kB VmSize=23140560 kB VmSwap=2392 kB Threads=15 FDSize=128
2026-05-28 19:45:20.287 pid=11561 [app] Application created
2026-05-28 19:45:20.288 pid=11561 [app-start] Application onCreate
  javaUsed=32.3MB javaTotal=256.0MB javaMax=256.0MB nativeHeap=6.7MB nativeHeapFree=1.8MB nativeHeapSize=12.8MB
  pssTotal=12.8MB privateDirty=4.7MB sharedDirty=53.0MB nativePss=2.2MB dalvikPss=866.0KB otherPss=7.3MB
  systemAvail=14.4GB systemThreshold=216.0MB lowMemory=false trimLevel=0 importance=400 fdCount=113
  procStatus VmRSS=121304 kB VmHWM=121304 kB VmSize=16981376 kB VmSwap=7564 kB Threads=13 FDSize=128
2026-05-28 19:53:51.454 pid=11561 [model-load] Loading configuration: Gemma−4:2B
2026-05-28 20:09:02.810 pid=11561 [runtime-memory] Before model load model=gemma-4-E2B-it-Q8_0.gguf
  javaUsed=4.1MB javaTotal=11.9MB javaMax=256.0MB nativeHeap=20.2MB nativeHeapFree=10.7MB nativeHeapSize=34.9MB
  pssTotal=77.6MB privateDirty=69.6MB sharedDirty=51.6MB nativePss=62.0MB dalvikPss=2.8MB otherPss=12.8MB
  systemAvail=14.2GB systemThreshold=216.0MB lowMemory=false trimLevel=0 importance=125 fdCount=161
  procStatus VmRSS=239532 kB VmHWM=239532 kB VmSize=17146288 kB VmSwap=2360 kB Threads=33 FDSize=512
2026-05-28 20:09:02.867 pid=11561 [runtime-memory] After model load cleanup model=gemma-4-E2B-it-Q8_0.gguf
  javaUsed=3.8MB javaTotal=11.7MB javaMax=256.0MB nativeHeap=20.2MB nativeHeapFree=10.8MB nativeHeapSize=34.9MB
  pssTotal=77.3MB privateDirty=69.4MB sharedDirty=51.6MB nativePss=62.0MB dalvikPss=2.6MB otherPss=12.8MB
  systemAvail=14.2GB systemThreshold=216.0MB lowMemory=false trimLevel=0 importance=125 fdCount=161
  procStatus VmRSS=239440 kB VmHWM=242092 kB VmSize=17146288 kB VmSwap=2360 kB Threads=33 FDSize=512
2026-05-28 20:09:12.670 pid=20221 [app] Application created
2026-05-28 20:09:12.671 pid=20221 [app-start] Application onCreate
  javaUsed=32.3MB javaTotal=256.0MB javaMax=256.0MB nativeHeap=6.7MB nativeHeapFree=1.8MB nativeHeapSize=12.8MB
  pssTotal=12.0MB privateDirty=4.7MB sharedDirty=52.9MB nativePss=2.1MB dalvikPss=831.0KB otherPss=7.3MB
  systemAvail=14.9GB systemThreshold=216.0MB lowMemory=false trimLevel=0 importance=400 fdCount=113
  procStatus VmRSS=120820 kB VmHWM=120820 kB VmSize=16967040 kB VmSwap=7692 kB Threads=13 FDSize=128
2026-05-28 20:21:58.130 pid=20221 [model-load] Loading configuration: Gemma−4:2B
2026-05-28 20:21:58.131 pid=20221 [runtime-memory] Before model load model=gemma-4-E2B-it-Q8_0.gguf
  javaUsed=10.3MB javaTotal=26.0MB javaMax=256.0MB nativeHeap=18.2MB nativeHeapFree=2.3MB nativeHeapSize=24.1MB
  pssTotal=59.7MB privateDirty=52.7MB sharedDirty=52.0MB nativePss=14.9MB dalvikPss=8.1MB otherPss=36.7MB
  systemAvail=15.2GB systemThreshold=216.0MB lowMemory=false trimLevel=0 importance=100 fdCount=204
  procStatus VmRSS=188604 kB VmHWM=188604 kB VmSize=17106348 kB VmSwap=2460 kB Threads=31 FDSize=256
2026-05-28 20:21:58.172 pid=20221 [runtime-memory] After model load cleanup model=gemma-4-E2B-it-Q8_0.gguf
  javaUsed=3.3MB javaTotal=27.2MB javaMax=256.0MB nativeHeap=17.9MB nativeHeapFree=2.7MB nativeHeapSize=24.1MB
  pssTotal=53.7MB privateDirty=46.7MB sharedDirty=52.0MB nativePss=15.0MB dalvikPss=2.0MB otherPss=36.8MB
  systemAvail=15.3GB systemThreshold=216.0MB lowMemory=false trimLevel=0 importance=100 fdCount=200
  procStatus VmRSS=182648 kB VmHWM=190652 kB VmSize=17106348 kB VmSwap=2460 kB Threads=31 FDSize=256
2026-05-28 20:21:59.455 pid=22922 [app] Application created
2026-05-28 20:21:59.455 pid=22922 [app-start] Application onCreate
  javaUsed=32.3MB javaTotal=256.0MB javaMax=256.0MB nativeHeap=6.7MB nativeHeapFree=1.8MB nativeHeapSize=12.8MB
  pssTotal=12.1MB privateDirty=4.7MB sharedDirty=52.9MB nativePss=2.2MB dalvikPss=829.0KB otherPss=7.4MB
  systemAvail=15.5GB systemThreshold=216.0MB lowMemory=false trimLevel=0 importance=100 fdCount=113
  procStatus VmRSS=121248 kB VmHWM=121248 kB VmSize=16936320 kB VmSwap=7700 kB Threads=13 FDSize=128
2026-05-28 20:23:07.844 pid=22922 [model-load] Loading configuration: Gemma−4:2B
2026-05-28 20:24:19.700 pid=22922 [runtime-memory] Before model load model=gemma-4-E2B-it-Q4_K_M.gguf
  javaUsed=16.3MB javaTotal=27.7MB javaMax=256.0MB nativeHeap=28.8MB nativeHeapFree=4.8MB nativeHeapSize=37.3MB
  pssTotal=120.6MB privateDirty=112.2MB sharedDirty=51.5MB nativePss=66.6MB dalvikPss=14.5MB otherPss=39.5MB
  systemAvail=15.3GB systemThreshold=216.0MB lowMemory=false trimLevel=0 importance=100 fdCount=230
  procStatus VmRSS=256872 kB VmHWM=257068 kB VmSize=17181040 kB VmSwap=2532 kB Threads=34 FDSize=512
2026-05-28 20:24:19.768 pid=22922 [runtime-memory] After model load cleanup model=gemma-4-E2B-it-Q4_K_M.gguf
  javaUsed=3.8MB javaTotal=27.7MB javaMax=256.0MB nativeHeap=22.2MB nativeHeapFree=11.7MB nativeHeapSize=37.7MB
  pssTotal=66.0MB privateDirty=57.6MB sharedDirty=51.5MB nativePss=23.7MB dalvikPss=2.8MB otherPss=39.6MB
  systemAvail=15.3GB systemThreshold=216.0MB lowMemory=false trimLevel=0 importance=100 fdCount=220
  procStatus VmRSS=201300 kB VmHWM=257768 kB VmSize=17176944 kB VmSwap=2532 kB Threads=34 FDSize=512
2026-05-28 20:24:21.873 pid=22922 [model-load-complete] config=Gemma−4:2B model=gemma-4-E2B-it-Q4_K_M.gguf mmproj=mmproj-F16.gguf
  javaUsed=3.9MB javaTotal=27.7MB javaMax=256.0MB nativeHeap=1.8GB nativeHeapFree=9.5MB nativeHeapSize=1.8GB
  pssTotal=4.0GB privateDirty=2.6GB sharedDirty=51.5MB nativePss=1.1GB dalvikPss=2.9MB otherPss=2.9GB
  systemAvail=14.3GB systemThreshold=216.0MB lowMemory=false trimLevel=0 importance=100 fdCount=220
  procStatus VmRSS=4350308 kB VmHWM=4384932 kB VmSize=21965140 kB VmSwap=2532 kB Threads=34 FDSize=512
2026-05-28 20:27:07.875 pid=22922 [model-load] Loading configuration: Gemma−4:2B
2026-05-28 20:36:34.206 pid=22922 [runtime-memory] Before model load model=gemma-4-E2B-it-BF16.gguf
  javaUsed=11.7MB javaTotal=28.3MB javaMax=256.0MB nativeHeap=1.5GB nativeHeapFree=78.3MB nativeHeapSize=1.6GB
  pssTotal=1.1GB privateDirty=1.1GB sharedDirty=51.5MB nativePss=1.1GB dalvikPss=10.0MB otherPss=14.3MB
  systemAvail=13.8GB systemThreshold=216.0MB lowMemory=false trimLevel=0 importance=125 fdCount=161
  procStatus VmRSS=1364312 kB VmHWM=4384932 kB VmSize=18785128 kB VmSwap=2532 kB Threads=33 FDSize=512
2026-05-28 20:36:34.331 pid=22922 [runtime-memory] After model load cleanup model=gemma-4-E2B-it-BF16.gguf
  javaUsed=3.8MB javaTotal=11.7MB javaMax=256.0MB nativeHeap=1.5GB nativeHeapFree=81.0MB nativeHeapSize=1.6GB
  pssTotal=1001.0MB privateDirty=992.0MB sharedDirty=51.5MB nativePss=984.1MB dalvikPss=2.7MB otherPss=14.3MB
  systemAvail=13.9GB systemThreshold=216.0MB lowMemory=false trimLevel=0 importance=125 fdCount=161
  procStatus VmRSS=1185396 kB VmHWM=4384932 kB VmSize=18785128 kB VmSwap=2532 kB Threads=33 FDSize=512
2026-05-28 20:36:42.733 pid=26579 [app] Application created
2026-05-28 20:36:42.734 pid=26579 [app-start] Application onCreate
  javaUsed=32.6MB javaTotal=256.0MB javaMax=256.0MB nativeHeap=6.7MB nativeHeapFree=1.8MB nativeHeapSize=12.8MB
  pssTotal=12.9MB privateDirty=4.7MB sharedDirty=53.0MB nativePss=2.2MB dalvikPss=860.0KB otherPss=7.4MB
  systemAvail=15.7GB systemThreshold=216.0MB lowMemory=false trimLevel=0 importance=400 fdCount=113
  procStatus VmRSS=121144 kB VmHWM=121144 kB VmSize=16964992 kB VmSwap=7776 kB Threads=13 FDSize=128
2026-05-28 20:41:25.499 pid=26579 [model-load] Loading configuration: Gemma−4:2B
2026-05-28 20:46:25.568 pid=26579 [runtime-memory] Before model load model=gemma-4-E2B-it-BF16.gguf
  javaUsed=4.7MB javaTotal=12.3MB javaMax=256.0MB nativeHeap=19.4MB nativeHeapFree=11.3MB nativeHeapSize=34.3MB
  pssTotal=77.3MB privateDirty=69.4MB sharedDirty=51.5MB nativePss=61.2MB dalvikPss=3.4MB otherPss=12.7MB
  systemAvail=15.5GB systemThreshold=216.0MB lowMemory=false trimLevel=0 importance=125 fdCount=160
  procStatus VmRSS=236648 kB VmHWM=236648 kB VmSize=17150488 kB VmSwap=2540 kB Threads=34 FDSize=512
2026-05-28 20:46:25.632 pid=26579 [runtime-memory] After model load cleanup model=gemma-4-E2B-it-BF16.gguf
  javaUsed=3.4MB javaTotal=11.3MB javaMax=256.0MB nativeHeap=18.5MB nativeHeapFree=12.2MB nativeHeapSize=34.3MB
  pssTotal=35.9MB privateDirty=27.9MB sharedDirty=51.5MB nativePss=20.9MB dalvikPss=2.3MB otherPss=12.7MB
  systemAvail=15.6GB systemThreshold=216.0MB lowMemory=false trimLevel=0 importance=125 fdCount=160
  procStatus VmRSS=194192 kB VmHWM=238824 kB VmSize=17150488 kB VmSwap=2540 kB Threads=34 FDSize=512
2026-05-28 20:46:30.370 pid=28869 [app] Application created
2026-05-28 20:46:30.370 pid=28869 [app-start] Application onCreate
  javaUsed=32.6MB javaTotal=256.0MB javaMax=256.0MB nativeHeap=6.7MB nativeHeapFree=1.8MB nativeHeapSize=12.8MB
  pssTotal=12.8MB privateDirty=4.7MB sharedDirty=53.0MB nativePss=2.2MB dalvikPss=859.0KB otherPss=7.3MB
  systemAvail=15.6GB systemThreshold=216.0MB lowMemory=false trimLevel=0 importance=400 fdCount=113
  procStatus VmRSS=121184 kB VmHWM=121184 kB VmSize=16938368 kB VmSwap=7648 kB Threads=13 FDSize=128
2026-05-28 20:52:30.725 pid=28869 [model-load] Loading configuration: Gemma−4:2B
2026-05-28 20:52:30.727 pid=28869 [runtime-memory] Before model load model=gemma-4-E2B-it-Q4_K_M.gguf
  javaUsed=18.6MB javaTotal=32.5MB javaMax=256.0MB nativeHeap=20.0MB nativeHeapFree=8.9MB nativeHeapSize=32.3MB
  pssTotal=46.1MB privateDirty=38.9MB sharedDirty=51.9MB nativePss=21.5MB dalvikPss=12.8MB otherPss=11.8MB
  systemAvail=15.1GB systemThreshold=216.0MB lowMemory=false trimLevel=0 importance=125 fdCount=157
  procStatus VmRSS=201984 kB VmHWM=207968 kB VmSize=17081184 kB VmSwap=2392 kB Threads=34 FDSize=512
2026-05-28 20:52:30.811 pid=28869 [runtime-memory] After model load cleanup model=gemma-4-E2B-it-Q4_K_M.gguf
  javaUsed=8.3MB javaTotal=16.3MB javaMax=256.0MB nativeHeap=19.9MB nativeHeapFree=9.0MB nativeHeapSize=32.3MB
  pssTotal=40.3MB privateDirty=33.1MB sharedDirty=51.9MB nativePss=21.5MB dalvikPss=7.0MB otherPss=11.8MB
  systemAvail=15.0GB systemThreshold=216.0MB lowMemory=false trimLevel=0 importance=125 fdCount=157
  procStatus VmRSS=196148 kB VmHWM=207968 kB VmSize=17081184 kB VmSwap=2392 kB Threads=34 FDSize=512
2026-05-28 20:52:33.747 pid=28869 [model-load-complete] config=Gemma−4:2B model=gemma-4-E2B-it-Q4_K_M.gguf mmproj=(none)
  javaUsed=8.4MB javaTotal=16.3MB javaMax=256.0MB nativeHeap=1.8GB nativeHeapFree=8.9MB nativeHeapSize=1.8GB
  pssTotal=4.0GB privateDirty=1.1GB sharedDirty=51.9MB nativePss=1.1GB dalvikPss=7.1MB otherPss=2.9GB
  systemAvail=14.0GB systemThreshold=216.0MB lowMemory=false trimLevel=0 importance=125 fdCount=157
  procStatus VmRSS=4343136 kB VmHWM=4343136 kB VmSize=21907364 kB VmSwap=2392 kB Threads=34 FDSize=512
2026-05-28 20:53:00.837 pid=28869 [model-load] Loading configuration: Gemma−4:2B
2026-05-28 20:53:00.837 pid=28869 [model-load-skip] config=Gemma−4:2B model already loaded
  javaUsed=10.3MB javaTotal=16.3MB javaMax=256.0MB nativeHeap=1.8GB nativeHeapFree=8.9MB nativeHeapSize=1.8GB
  pssTotal=4.0GB privateDirty=1.1GB sharedDirty=51.9MB nativePss=1.1GB dalvikPss=8.5MB otherPss=2.9GB
  systemAvail=13.9GB systemThreshold=216.0MB lowMemory=false trimLevel=0 importance=125 fdCount=157
  procStatus VmRSS=4344704 kB VmHWM=4345484 kB VmSize=21907364 kB VmSwap=2392 kB Threads=34 FDSize=512
2026-05-28 21:16:02.225 pid=28869 [model-load] Loading configuration: Qwen3.5 2B MTP
2026-05-28 21:16:02.522 pid=28869 [runtime-memory] Before model load model=Qwen3.5-2B-Q8_0.gguf
  javaUsed=12.6MB javaTotal=16.3MB javaMax=256.0MB nativeHeap=20.0MB nativeHeapFree=77.6MB nativeHeapSize=100.8MB
  pssTotal=206.3MB privateDirty=197.0MB sharedDirty=51.8MB nativePss=181.5MB dalvikPss=10.5MB otherPss=14.3MB
  systemAvail=14.4GB systemThreshold=216.0MB lowMemory=false trimLevel=0 importance=125 fdCount=157
  procStatus VmRSS=366396 kB VmHWM=4446224 kB VmSize=17277012 kB VmSwap=2392 kB Threads=33 FDSize=512
2026-05-28 21:16:02.549 pid=28869 [runtime-memory] After model load cleanup model=Qwen3.5-2B-Q8_0.gguf
  javaUsed=8.2MB javaTotal=16.3MB javaMax=256.0MB nativeHeap=19.9MB nativeHeapFree=77.7MB nativeHeapSize=100.8MB
  pssTotal=202.9MB privateDirty=193.6MB sharedDirty=51.8MB nativePss=181.5MB dalvikPss=7.0MB otherPss=14.4MB
  systemAvail=14.4GB systemThreshold=216.0MB lowMemory=false trimLevel=0 importance=125 fdCount=157
  procStatus VmRSS=362984 kB VmHWM=4446224 kB VmSize=17277012 kB VmSwap=2392 kB Threads=33 FDSize=512
2026-05-28 21:16:05.109 pid=28869 [model-load-complete] config=Qwen3.5 2B MTP model=Qwen3.5-2B-Q8_0.gguf mmproj=(none)
  javaUsed=8.4MB javaTotal=16.3MB javaMax=256.0MB nativeHeap=3.4GB nativeHeapFree=38.8MB nativeHeapSize=3.4GB
  pssTotal=3.9GB privateDirty=2.0GB sharedDirty=51.8MB nativePss=2.0GB dalvikPss=7.1MB otherPss=1.9GB
  systemAvail=12.7GB systemThreshold=216.0MB lowMemory=false trimLevel=0 importance=125 fdCount=157
  procStatus VmRSS=4292072 kB VmHWM=4446224 kB VmSize=22712740 kB VmSwap=2392 kB Threads=33 FDSize=512
2026-05-28 21:16:05.179 pid=28869 [generation-start] id=1 config=Qwen3.5 2B MTP model=Qwen3.5-2B-Q8_0.gguf promptLen=203 mediaCount=0
  javaUsed=8.6MB javaTotal=16.3MB javaMax=256.0MB nativeHeap=3.4GB nativeHeapFree=38.8MB nativeHeapSize=3.4GB
  pssTotal=3.9GB privateDirty=2.0GB sharedDirty=51.8MB nativePss=2.0GB dalvikPss=7.3MB otherPss=1.9GB
  systemAvail=12.7GB systemThreshold=216.0MB lowMemory=false trimLevel=0 importance=125 fdCount=157
  procStatus VmRSS=4292328 kB VmHWM=4446224 kB VmSize=22733332 kB VmSwap=2392 kB Threads=34 FDSize=512
2026-05-28 21:16:05.235 pid=28869 [generation-stage] id=1 stage=native-call-start
2026-05-28 21:16:29.029 pid=28869 [generation-stage] id=1 stage=native-call-end resultLen=728
2026-05-28 21:16:29.029 pid=28869 [generation-end] id=1 resultLen=728
  javaUsed=12.9MB javaTotal=16.3MB javaMax=256.0MB nativeHeap=3.4GB nativeHeapFree=38.8MB nativeHeapSize=3.4GB
  pssTotal=4.0GB privateDirty=2.0GB sharedDirty=51.8MB nativePss=2.0GB dalvikPss=11.5MB otherPss=1.9GB
  systemAvail=12.6GB systemThreshold=216.0MB lowMemory=false trimLevel=0 importance=125 fdCount=157
  procStatus VmRSS=4302380 kB VmHWM=4446224 kB VmSize=22716824 kB VmSwap=2392 kB Threads=33 FDSize=512
2026-05-28 21:18:20.943 pid=28869 [model-load] Loading configuration: Qwen3.5 2B MTP
2026-05-28 21:18:20.944 pid=28869 [model-load-skip] config=Qwen3.5 2B MTP model already loaded
  javaUsed=13.2MB javaTotal=16.3MB javaMax=256.0MB nativeHeap=3.4GB nativeHeapFree=38.8MB nativeHeapSize=3.4GB
  pssTotal=4.0GB privateDirty=2.0GB sharedDirty=51.8MB nativePss=2.0GB dalvikPss=11.7MB otherPss=1.9GB
  systemAvail=12.6GB systemThreshold=216.0MB lowMemory=false trimLevel=0 importance=125 fdCount=157
  procStatus VmRSS=4302636 kB VmHWM=4446224 kB VmSize=22716824 kB VmSwap=2392 kB Threads=33 FDSize=512
2026-05-28 21:18:21.110 pid=28869 [generation-start] id=2 config=Qwen3.5 2B MTP model=Qwen3.5-2B-Q8_0.gguf promptLen=905 mediaCount=0
  javaUsed=13.4MB javaTotal=16.3MB javaMax=256.0MB nativeHeap=3.4GB nativeHeapFree=38.8MB nativeHeapSize=3.4GB
  pssTotal=4.0GB privateDirty=2.0GB sharedDirty=51.8MB nativePss=2.0GB dalvikPss=11.9MB otherPss=1.9GB
  systemAvail=12.6GB systemThreshold=216.0MB lowMemory=false trimLevel=0 importance=125 fdCount=157
  procStatus VmRSS=4302892 kB VmHWM=4446224 kB VmSize=22737416 kB VmSwap=2392 kB Threads=34 FDSize=512
2026-05-28 21:18:21.222 pid=28869 [generation-stage] id=2 stage=native-call-start
2026-05-28 21:18:57.056 pid=28869 [generation-stage] id=2 stage=native-call-end resultLen=676
2026-05-28 21:18:57.056 pid=28869 [generation-end] id=2 resultLen=676
  javaUsed=9.4MB javaTotal=16.3MB javaMax=256.0MB nativeHeap=3.4GB nativeHeapFree=38.8MB nativeHeapSize=3.4GB
  pssTotal=4.0GB privateDirty=2.0GB sharedDirty=51.8MB nativePss=2.0GB dalvikPss=8.2MB otherPss=1.9GB
  systemAvail=12.6GB systemThreshold=216.0MB lowMemory=false trimLevel=0 importance=125 fdCount=157
  procStatus VmRSS=4299476 kB VmHWM=4446224 kB VmSize=22716952 kB VmSwap=2392 kB Threads=33 FDSize=512
2026-05-28 21:20:37.943 pid=28869 [model-load] Loading configuration: Qwen3.5 2B MTP
2026-05-28 21:20:37.945 pid=28869 [model-load-skip] config=Qwen3.5 2B MTP model already loaded
  javaUsed=9.7MB javaTotal=16.3MB javaMax=256.0MB nativeHeap=3.4GB nativeHeapFree=38.8MB nativeHeapSize=3.4GB
  pssTotal=4.0GB privateDirty=2.0GB sharedDirty=51.8MB nativePss=2.0GB dalvikPss=8.3MB otherPss=1.9GB
  systemAvail=12.6GB systemThreshold=216.0MB lowMemory=false trimLevel=0 importance=125 fdCount=157
  procStatus VmRSS=4299604 kB VmHWM=4446224 kB VmSize=22716952 kB VmSwap=2392 kB Threads=33 FDSize=512
2026-05-28 21:20:38.105 pid=28869 [generation-start] id=3 config=Qwen3.5 2B MTP model=Qwen3.5-2B-Q8_0.gguf promptLen=1668 mediaCount=0
  javaUsed=9.9MB javaTotal=16.3MB javaMax=256.0MB nativeHeap=3.4GB nativeHeapFree=38.8MB nativeHeapSize=3.4GB
  pssTotal=4.0GB privateDirty=2.0GB sharedDirty=51.8MB nativePss=2.0GB dalvikPss=8.5MB otherPss=1.9GB
  systemAvail=12.6GB systemThreshold=216.0MB lowMemory=false trimLevel=0 importance=125 fdCount=157
  procStatus VmRSS=4299860 kB VmHWM=4446224 kB VmSize=22737544 kB VmSwap=2392 kB Threads=34 FDSize=512
2026-05-28 21:20:38.177 pid=28869 [generation-stage] id=3 stage=native-call-start
2026-05-28 21:22:18.178 pid=28869 [generation-stage] id=3 stage=native-call-end resultLen=1582
2026-05-28 21:22:18.178 pid=28869 [generation-end] id=3 resultLen=1582
  javaUsed=11.9MB javaTotal=16.4MB javaMax=256.0MB nativeHeap=3.4GB nativeHeapFree=38.8MB nativeHeapSize=3.4GB
  pssTotal=4.0GB privateDirty=2.0GB sharedDirty=51.8MB nativePss=2.0GB dalvikPss=10.6MB otherPss=1.9GB
  systemAvail=12.6GB systemThreshold=216.0MB lowMemory=false trimLevel=0 importance=125 fdCount=157
  procStatus VmRSS=4301936 kB VmHWM=4446224 kB VmSize=22716952 kB VmSwap=2392 kB Threads=33 FDSize=512
2026-05-28 21:25:35.874 pid=28869 [model-load] Loading configuration: Qwen3.5 2B MTP
2026-05-28 21:25:35.876 pid=28869 [model-load-skip] config=Qwen3.5 2B MTP model already loaded
  javaUsed=12.2MB javaTotal=16.4MB javaMax=256.0MB nativeHeap=3.4GB nativeHeapFree=38.8MB nativeHeapSize=3.4GB
  pssTotal=4.0GB privateDirty=2.0GB sharedDirty=51.8MB nativePss=2.0GB dalvikPss=10.8MB otherPss=1.9GB
  systemAvail=12.5GB systemThreshold=216.0MB lowMemory=false trimLevel=0 importance=125 fdCount=157
  procStatus VmRSS=4302192 kB VmHWM=4446224 kB VmSize=22716952 kB VmSwap=2392 kB Threads=33 FDSize=512
2026-05-28 21:25:36.036 pid=28869 [generation-start] id=4 config=Qwen3.5 2B MTP model=Qwen3.5-2B-Q8_0.gguf promptLen=3224 mediaCount=0
  javaUsed=12.5MB javaTotal=16.4MB javaMax=256.0MB nativeHeap=3.4GB nativeHeapFree=38.8MB nativeHeapSize=3.4GB
  pssTotal=4.0GB privateDirty=2.0GB sharedDirty=51.8MB nativePss=2.0GB dalvikPss=11.0MB otherPss=1.9GB
  systemAvail=12.5GB systemThreshold=216.0MB lowMemory=false trimLevel=0 importance=125 fdCount=157
  procStatus VmRSS=4302448 kB VmHWM=4446224 kB VmSize=22737544 kB VmSwap=2392 kB Threads=34 FDSize=512
2026-05-28 21:25:36.112 pid=28869 [generation-stage] id=4 stage=native-call-start
2026-05-28 21:26:34.187 pid=28869 [generation-stage] id=4 stage=native-call-end resultLen=126
2026-05-28 21:26:34.187 pid=28869 [generation-end] id=4 resultLen=126
  javaUsed=13.6MB javaTotal=16.4MB javaMax=256.0MB nativeHeap=3.4GB nativeHeapFree=38.8MB nativeHeapSize=3.4GB
  pssTotal=4.0GB privateDirty=2.0GB sharedDirty=51.8MB nativePss=2.0GB dalvikPss=12.0MB otherPss=1.9GB
  systemAvail=12.6GB systemThreshold=216.0MB lowMemory=false trimLevel=0 importance=125 fdCount=157
  procStatus VmRSS=4303444 kB VmHWM=4446224 kB VmSize=22716952 kB VmSwap=2392 kB Threads=33 FDSize=512
2026-05-28 21:26:56.465 pid=28869 [model-load] Loading configuration: Qwen3.5 2B MTP
2026-05-28 21:26:56.466 pid=28869 [model-load-skip] config=Qwen3.5 2B MTP model already loaded
  javaUsed=13.8MB javaTotal=16.4MB javaMax=256.0MB nativeHeap=3.4GB nativeHeapFree=38.8MB nativeHeapSize=3.4GB
  pssTotal=4.0GB privateDirty=2.0GB sharedDirty=51.8MB nativePss=2.0GB dalvikPss=12.2MB otherPss=1.9GB
  systemAvail=12.7GB systemThreshold=216.0MB lowMemory=false trimLevel=0 importance=125 fdCount=157
  procStatus VmRSS=4303572 kB VmHWM=4446224 kB VmSize=22716952 kB VmSwap=2392 kB Threads=33 FDSize=512
2026-05-28 21:26:56.542 pid=28869 [generation-start] id=5 config=Qwen3.5 2B MTP model=Qwen3.5-2B-Q8_0.gguf promptLen=3437 mediaCount=0
  javaUsed=14.1MB javaTotal=16.4MB javaMax=256.0MB nativeHeap=3.4GB nativeHeapFree=38.8MB nativeHeapSize=3.4GB
  pssTotal=4.0GB privateDirty=2.0GB sharedDirty=51.8MB nativePss=2.0GB dalvikPss=12.4MB otherPss=1.9GB
  systemAvail=12.7GB systemThreshold=216.0MB lowMemory=false trimLevel=0 importance=125 fdCount=157
  procStatus VmRSS=4303956 kB VmHWM=4446224 kB VmSize=22737544 kB VmSwap=2392 kB Threads=34 FDSize=512
2026-05-28 21:26:56.605 pid=28869 [generation-stage] id=5 stage=native-call-start
2026-05-28 21:28:24.028 pid=28869 [generation-stage] id=5 stage=native-call-end resultLen=0
2026-05-28 21:28:24.029 pid=28869 [generation-end] id=5 resultLen=0
  javaUsed=14.2MB javaTotal=16.4MB javaMax=256.0MB nativeHeap=3.4GB nativeHeapFree=38.8MB nativeHeapSize=3.4GB
  pssTotal=4.0GB privateDirty=2.0GB sharedDirty=51.8MB nativePss=2.0GB dalvikPss=12.5MB otherPss=1.9GB
  systemAvail=12.7GB systemThreshold=216.0MB lowMemory=false trimLevel=0 importance=125 fdCount=157
  procStatus VmRSS=4304076 kB VmHWM=4446224 kB VmSize=22716952 kB VmSwap=2392 kB Threads=33 FDSize=512
2026-05-28 21:28:27.042 pid=28869 [model-load] Loading configuration: Qwen3.5 2B MTP
2026-05-28 21:28:27.043 pid=28869 [model-load-skip] config=Qwen3.5 2B MTP model already loaded
  javaUsed=14.5MB javaTotal=16.4MB javaMax=256.0MB nativeHeap=3.4GB nativeHeapFree=38.8MB nativeHeapSize=3.4GB
  pssTotal=4.0GB privateDirty=2.0GB sharedDirty=51.8MB nativePss=2.0GB dalvikPss=12.7MB otherPss=1.9GB
  systemAvail=12.6GB systemThreshold=216.0MB lowMemory=false trimLevel=0 importance=125 fdCount=157
  procStatus VmRSS=4304204 kB VmHWM=4446224 kB VmSize=22716952 kB VmSwap=2392 kB Threads=33 FDSize=512
2026-05-28 21:28:27.150 pid=28869 [generation-start] id=6 config=Qwen3.5 2B MTP model=Qwen3.5-2B-Q8_0.gguf promptLen=3383 mediaCount=0
  javaUsed=14.8MB javaTotal=16.4MB javaMax=256.0MB nativeHeap=3.4GB nativeHeapFree=38.8MB nativeHeapSize=3.4GB
  pssTotal=4.0GB privateDirty=2.0GB sharedDirty=51.8MB nativePss=2.0GB dalvikPss=12.9MB otherPss=1.9GB
  systemAvail=12.6GB systemThreshold=216.0MB lowMemory=false trimLevel=0 importance=125 fdCount=157
  procStatus VmRSS=4304588 kB VmHWM=4446224 kB VmSize=22737544 kB VmSwap=2392 kB Threads=34 FDSize=512
2026-05-28 21:28:27.258 pid=28869 [generation-stage] id=6 stage=native-call-start
2026-05-28 21:29:27.355 pid=28869 [generation-stage] id=6 stage=native-call-end resultLen=0
2026-05-28 21:29:27.355 pid=28869 [generation-end] id=6 resultLen=0
  javaUsed=8.5MB javaTotal=16.5MB javaMax=256.0MB nativeHeap=3.4GB nativeHeapFree=39.1MB nativeHeapSize=3.4GB
  pssTotal=4.0GB privateDirty=2.0GB sharedDirty=51.8MB nativePss=2.0GB dalvikPss=7.2MB otherPss=1.9GB
  systemAvail=12.4GB systemThreshold=216.0MB lowMemory=false trimLevel=0 importance=125 fdCount=157
  procStatus VmRSS=4299284 kB VmHWM=4446224 kB VmSize=22716952 kB VmSwap=2392 kB Threads=33 FDSize=512
2026-05-28 21:30:08.985 pid=22128 [app] Application created
2026-05-28 21:30:08.985 pid=22128 [app-start] Application onCreate
  javaUsed=32.6MB javaTotal=256.0MB javaMax=256.0MB nativeHeap=6.7MB nativeHeapFree=1.8MB nativeHeapSize=12.8MB
  pssTotal=10.8MB privateDirty=4.6MB sharedDirty=53.0MB nativePss=2.1MB dalvikPss=832.0KB otherPss=7.5MB
  systemAvail=13.9GB systemThreshold=216.0MB lowMemory=false trimLevel=0 importance=100 fdCount=113
  procStatus VmRSS=121108 kB VmHWM=121108 kB VmSize=16952636 kB VmSwap=7676 kB Threads=13 FDSize=128
2026-05-28 21:30:36.741 pid=22128 [model-load] Loading configuration: Qwen3.5 2B MTP
2026-05-28 21:30:36.743 pid=22128 [runtime-memory] Before model load model=Qwen3.5-2B-Q8_0.gguf
  javaUsed=2.9MB javaTotal=10.5MB javaMax=256.0MB nativeHeap=12.3MB nativeHeapFree=3.8MB nativeHeapSize=19.9MB
  pssTotal=22.8MB privateDirty=16.0MB sharedDirty=51.9MB nativePss=10.6MB dalvikPss=1.4MB otherPss=10.8MB
  systemAvail=13.9GB systemThreshold=216.0MB lowMemory=false trimLevel=0 importance=125 fdCount=151
  procStatus VmRSS=174160 kB VmHWM=176704 kB VmSize=17030932 kB VmSwap=2476 kB Threads=31 FDSize=256
2026-05-28 21:30:36.789 pid=22128 [runtime-memory] After model load cleanup model=Qwen3.5-2B-Q8_0.gguf
  javaUsed=2.5MB javaTotal=10.5MB javaMax=256.0MB nativeHeap=12.3MB nativeHeapFree=3.8MB nativeHeapSize=19.9MB
  pssTotal=22.7MB privateDirty=15.9MB sharedDirty=51.9MB nativePss=10.6MB dalvikPss=1.3MB otherPss=10.9MB
  systemAvail=13.9GB systemThreshold=216.0MB lowMemory=false trimLevel=0 importance=125 fdCount=151
  procStatus VmRSS=174060 kB VmHWM=176704 kB VmSize=17030932 kB VmSwap=2476 kB Threads=31 FDSize=256
2026-05-28 21:30:39.496 pid=22128 [model-load-complete] config=Qwen3.5 2B MTP model=Qwen3.5-2B-Q8_0.gguf mmproj=(none)
  javaUsed=2.6MB javaTotal=10.5MB javaMax=256.0MB nativeHeap=3.3GB nativeHeapFree=5.9MB nativeHeapSize=3.4GB
  pssTotal=3.9GB privateDirty=2.0GB sharedDirty=51.9MB nativePss=2.0GB dalvikPss=1.3MB otherPss=1.9GB
  systemAvail=12.0GB systemThreshold=216.0MB lowMemory=false trimLevel=0 importance=125 fdCount=151
  procStatus VmRSS=4266940 kB VmHWM=4266940 kB VmSize=22538928 kB VmSwap=2476 kB Threads=31 FDSize=256
2026-05-28 21:30:39.590 pid=22128 [generation-start] id=1 config=Qwen3.5 2B MTP model=Qwen3.5-2B-Q8_0.gguf promptLen=1045 mediaCount=0
  javaUsed=2.9MB javaTotal=10.5MB javaMax=256.0MB nativeHeap=3.3GB nativeHeapFree=5.9MB nativeHeapSize=3.4GB
  pssTotal=3.9GB privateDirty=2.0GB sharedDirty=51.9MB nativePss=2.0GB dalvikPss=1.5MB otherPss=1.9GB
  systemAvail=12.0GB systemThreshold=216.0MB lowMemory=false trimLevel=0 importance=125 fdCount=151
  procStatus VmRSS=4267196 kB VmHWM=4267196 kB VmSize=22538928 kB VmSwap=2476 kB Threads=31 FDSize=256
2026-05-28 21:30:39.699 pid=22128 [generation-stage] id=1 stage=native-call-start
2026-05-28 21:31:09.216 pid=22128 [generation-stage] id=1 stage=native-call-end resultLen=52
2026-05-28 21:31:09.217 pid=22128 [generation-end] id=1 resultLen=52
  javaUsed=3.0MB javaTotal=10.5MB javaMax=256.0MB nativeHeap=3.3GB nativeHeapFree=6.0MB nativeHeapSize=3.4GB
  pssTotal=3.9GB privateDirty=2.0GB sharedDirty=51.9MB nativePss=2.0GB dalvikPss=1.6MB otherPss=1.9GB
  systemAvail=12.1GB systemThreshold=216.0MB lowMemory=false trimLevel=0 importance=125 fdCount=151
  procStatus VmRSS=4273252 kB VmHWM=4274492 kB VmSize=22525460 kB VmSwap=2476 kB Threads=30 FDSize=256
2026-05-28 21:31:09.837 pid=22128 [model-load] Loading configuration: Qwen3.5 2B
2026-05-28 21:31:10.075 pid=22128 [runtime-memory] Before model load model=Qwen3.5-2B-UD-Q8_K_XL.gguf
  javaUsed=3.3MB javaTotal=10.5MB javaMax=256.0MB nativeHeap=3.0GB nativeHeapFree=49.7MB nativeHeapSize=3.1GB
  pssTotal=2.0GB privateDirty=2.0GB sharedDirty=51.9MB nativePss=2.0GB dalvikPss=1.8MB otherPss=13.4MB
  systemAvail=12.1GB systemThreshold=216.0MB lowMemory=false trimLevel=0 importance=125 fdCount=151
  procStatus VmRSS=2257656 kB VmHWM=4274492 kB VmSize=20296544 kB VmSwap=2476 kB Threads=30 FDSize=256
2026-05-28 21:31:10.157 pid=22128 [runtime-memory] After model load cleanup model=Qwen3.5-2B-UD-Q8_K_XL.gguf
  javaUsed=2.6MB javaTotal=10.5MB javaMax=256.0MB nativeHeap=3.0GB nativeHeapFree=49.7MB nativeHeapSize=3.1GB
  pssTotal=2.0GB privateDirty=2.0GB sharedDirty=51.9MB nativePss=2.0GB dalvikPss=1.3MB otherPss=13.4MB
  systemAvail=12.1GB systemThreshold=216.0MB lowMemory=false trimLevel=0 importance=125 fdCount=151
  procStatus VmRSS=2257176 kB VmHWM=4274492 kB VmSize=20296544 kB VmSwap=2476 kB Threads=30 FDSize=256
2026-05-28 21:31:16.958 pid=23374 [app] Application created
2026-05-28 21:31:16.959 pid=23374 [app-start] Application onCreate
  javaUsed=32.6MB javaTotal=256.0MB javaMax=256.0MB nativeHeap=6.7MB nativeHeapFree=1.8MB nativeHeapSize=12.8MB
  pssTotal=12.4MB privateDirty=4.7MB sharedDirty=52.9MB nativePss=2.2MB dalvikPss=837.0KB otherPss=7.8MB
  systemAvail=14.5GB systemThreshold=216.0MB lowMemory=false trimLevel=0 importance=400 fdCount=113
  procStatus VmRSS=121432 kB VmHWM=121432 kB VmSize=16956928 kB VmSwap=7580 kB Threads=13 FDSize=128
2026-05-28 21:32:21.615 pid=23374 [model-load] Loading configuration: Qwen3.5 2B MTP
2026-05-28 21:32:21.616 pid=23374 [runtime-memory] Before model load model=Qwen3.5-2B-Q8_0.gguf
  javaUsed=4.2MB javaTotal=26.0MB javaMax=256.0MB nativeHeap=13.6MB nativeHeapFree=3.6MB nativeHeapSize=20.6MB
  pssTotal=25.5MB privateDirty=18.4MB sharedDirty=52.0MB nativePss=11.7MB dalvikPss=2.5MB otherPss=11.4MB
  systemAvail=14.3GB systemThreshold=216.0MB lowMemory=false trimLevel=0 importance=125 fdCount=152
  procStatus VmRSS=177824 kB VmHWM=177824 kB VmSize=17001064 kB VmSwap=2268 kB Threads=29 FDSize=256
2026-05-28 21:32:21.682 pid=23374 [runtime-memory] After model load cleanup model=Qwen3.5-2B-Q8_0.gguf
  javaUsed=2.5MB javaTotal=10.4MB javaMax=256.0MB nativeHeap=13.0MB nativeHeapFree=4.2MB nativeHeapSize=20.6MB
  pssTotal=23.8MB privateDirty=16.7MB sharedDirty=52.0MB nativePss=11.2MB dalvikPss=1.3MB otherPss=11.4MB
  systemAvail=14.2GB systemThreshold=216.0MB lowMemory=false trimLevel=0 importance=125 fdCount=152
  procStatus VmRSS=176620 kB VmHWM=179380 kB VmSize=17001064 kB VmSwap=2268 kB Threads=29 FDSize=256
2026-05-28 21:32:24.638 pid=23374 [model-load-complete] config=Qwen3.5 2B MTP model=Qwen3.5-2B-Q8_0.gguf mmproj=(none)
  javaUsed=2.6MB javaTotal=10.4MB javaMax=256.0MB nativeHeap=3.3GB nativeHeapFree=6.1MB nativeHeapSize=3.4GB
  pssTotal=3.9GB privateDirty=2.0GB sharedDirty=52.0MB nativePss=2.0GB dalvikPss=1.3MB otherPss=1.9GB
  systemAvail=12.5GB systemThreshold=216.0MB lowMemory=false trimLevel=0 importance=125 fdCount=152
  procStatus VmRSS=4268916 kB VmHWM=4280828 kB VmSize=22509200 kB VmSwap=2268 kB Threads=29 FDSize=256
2026-05-28 21:32:24.728 pid=23374 [generation-start] id=1 config=Qwen3.5 2B MTP model=Qwen3.5-2B-Q8_0.gguf promptLen=1045 mediaCount=0
  javaUsed=2.8MB javaTotal=10.4MB javaMax=256.0MB nativeHeap=3.3GB nativeHeapFree=6.1MB nativeHeapSize=3.4GB
  pssTotal=3.9GB privateDirty=2.0GB sharedDirty=52.0MB nativePss=2.0GB dalvikPss=1.5MB otherPss=1.9GB
  systemAvail=12.5GB systemThreshold=216.0MB lowMemory=false trimLevel=0 importance=125 fdCount=152
  procStatus VmRSS=4269172 kB VmHWM=4280828 kB VmSize=22509200 kB VmSwap=2268 kB Threads=29 FDSize=256
2026-05-28 21:32:24.835 pid=23374 [generation-stage] id=1 stage=native-call-start
2026-05-28 21:32:52.033 pid=23374 [generation-stage] id=1 stage=native-call-end resultLen=36
2026-05-28 21:32:52.033 pid=23374 [generation-end] id=1 resultLen=36
  javaUsed=3.0MB javaTotal=10.4MB javaMax=256.0MB nativeHeap=3.3GB nativeHeapFree=6.2MB nativeHeapSize=3.4GB
  pssTotal=3.9GB privateDirty=2.0GB sharedDirty=52.0MB nativePss=2.0GB dalvikPss=1.6MB otherPss=1.9GB
  systemAvail=12.6GB systemThreshold=216.0MB lowMemory=false trimLevel=0 importance=125 fdCount=152
  procStatus VmRSS=4275108 kB VmHWM=4280828 kB VmSize=22513284 kB VmSwap=2268 kB Threads=29 FDSize=256
2026-05-28 21:32:52.132 pid=23374 [model-load] Loading configuration: Qwen3.5 2B MTP
2026-05-28 21:32:52.133 pid=23374 [model-load-skip] config=Qwen3.5 2B MTP model already loaded
  javaUsed=3.3MB javaTotal=10.4MB javaMax=256.0MB nativeHeap=3.3GB nativeHeapFree=6.2MB nativeHeapSize=3.4GB
  pssTotal=3.9GB privateDirty=2.0GB sharedDirty=52.0MB nativePss=2.0GB dalvikPss=1.8MB otherPss=1.9GB
  systemAvail=12.6GB systemThreshold=216.0MB lowMemory=false trimLevel=0 importance=125 fdCount=152
  procStatus VmRSS=4275236 kB VmHWM=4280828 kB VmSize=22513284 kB VmSwap=2268 kB Threads=29 FDSize=256
2026-05-28 21:32:52.239 pid=23374 [generation-start] id=2 config=Qwen3.5 2B MTP model=Qwen3.5-2B-Q8_0.gguf promptLen=1045 mediaCount=0
  javaUsed=3.4MB javaTotal=10.4MB javaMax=256.0MB nativeHeap=3.3GB nativeHeapFree=6.2MB nativeHeapSize=3.4GB
  pssTotal=3.9GB privateDirty=2.0GB sharedDirty=52.0MB nativePss=2.0GB dalvikPss=1.9MB otherPss=1.9GB
  systemAvail=12.6GB systemThreshold=216.0MB lowMemory=false trimLevel=0 importance=125 fdCount=152
  procStatus VmRSS=4275364 kB VmHWM=4280828 kB VmSize=22513284 kB VmSwap=2268 kB Threads=29 FDSize=256
2026-05-28 21:32:52.345 pid=23374 [generation-stage] id=2 stage=native-call-start
2026-05-28 21:33:19.476 pid=23374 [generation-stage] id=2 stage=native-call-end resultLen=31
2026-05-28 21:33:19.477 pid=23374 [generation-end] id=2 resultLen=31
  javaUsed=3.6MB javaTotal=10.4MB javaMax=256.0MB nativeHeap=3.3GB nativeHeapFree=6.2MB nativeHeapSize=3.4GB
  pssTotal=3.9GB privateDirty=2.0GB sharedDirty=52.0MB nativePss=2.0GB dalvikPss=2.1MB otherPss=1.9GB
  systemAvail=12.7GB systemThreshold=216.0MB lowMemory=false trimLevel=0 importance=125 fdCount=152
  procStatus VmRSS=4275620 kB VmHWM=4280828 kB VmSize=22530756 kB VmSwap=2268 kB Threads=30 FDSize=256
2026-05-28 21:33:20.073 pid=23374 [model-load] Loading configuration: Qwen3.5 2B
2026-05-28 21:33:20.261 pid=23374 [runtime-memory] Before model load model=Qwen3.5-2B-UD-Q8_K_XL.gguf
  javaUsed=3.8MB javaTotal=10.4MB javaMax=256.0MB nativeHeap=3.0GB nativeHeapFree=49.9MB nativeHeapSize=3.1GB
  pssTotal=2.0GB privateDirty=2.0GB sharedDirty=52.0MB nativePss=2.0GB dalvikPss=2.2MB otherPss=14.0MB
  systemAvail=12.7GB systemThreshold=216.0MB lowMemory=false trimLevel=0 importance=125 fdCount=152
  procStatus VmRSS=2260700 kB VmHWM=4280828 kB VmSize=20301840 kB VmSwap=2268 kB Threads=30 FDSize=256
2026-05-28 21:33:20.330 pid=23374 [runtime-memory] After model load cleanup model=Qwen3.5-2B-UD-Q8_K_XL.gguf
  javaUsed=2.5MB javaTotal=10.4MB javaMax=256.0MB nativeHeap=3.0GB nativeHeapFree=50.0MB nativeHeapSize=3.1GB
  pssTotal=2.0GB privateDirty=2.0GB sharedDirty=52.0MB nativePss=2.0GB dalvikPss=1.3MB otherPss=14.0MB
  systemAvail=12.7GB systemThreshold=216.0MB lowMemory=false trimLevel=0 importance=125 fdCount=152
  procStatus VmRSS=2259912 kB VmHWM=4280828 kB VmSize=20301840 kB VmSwap=2268 kB Threads=30 FDSize=256
2026-05-28 21:33:24.044 pid=23374 [model-load-complete] config=Qwen3.5 2B model=Qwen3.5-2B-UD-Q8_K_XL.gguf mmproj=(none)
  javaUsed=2.6MB javaTotal=10.4MB javaMax=256.0MB nativeHeap=6.3GB nativeHeapFree=8.7MB nativeHeapSize=6.4GB
  pssTotal=6.6GB privateDirty=3.9GB sharedDirty=52.0MB nativePss=3.9GB dalvikPss=1.3MB otherPss=2.7GB
  systemAvail=11.7GB systemThreshold=216.0MB lowMemory=false trimLevel=0 importance=125 fdCount=152
  procStatus VmRSS=7031920 kB VmHWM=7031920 kB VmSize=26466044 kB VmSwap=2268 kB Threads=30 FDSize=256
2026-05-28 21:33:24.168 pid=23374 [generation-start] id=3 config=Qwen3.5 2B model=Qwen3.5-2B-UD-Q8_K_XL.gguf promptLen=1042 mediaCount=0
  javaUsed=2.8MB javaTotal=10.4MB javaMax=256.0MB nativeHeap=6.3GB nativeHeapFree=8.7MB nativeHeapSize=6.4GB
  pssTotal=6.6GB privateDirty=3.9GB sharedDirty=52.0MB nativePss=3.9GB dalvikPss=1.5MB otherPss=2.7GB
  systemAvail=11.7GB systemThreshold=216.0MB lowMemory=false trimLevel=0 importance=125 fdCount=152
  procStatus VmRSS=7032048 kB VmHWM=7032048 kB VmSize=26466044 kB VmSwap=2268 kB Threads=30 FDSize=256
2026-05-28 21:33:24.311 pid=23374 [generation-stage] id=3 stage=native-call-start
2026-05-28 21:33:40.578 pid=24678 [app] Application created
2026-05-28 21:33:40.579 pid=24678 [app-start] Application onCreate
  javaUsed=32.6MB javaTotal=256.0MB javaMax=256.0MB nativeHeap=6.7MB nativeHeapFree=1.8MB nativeHeapSize=12.8MB
  pssTotal=11.9MB privateDirty=4.7MB sharedDirty=52.9MB nativePss=2.2MB dalvikPss=837.0KB otherPss=7.2MB
  systemAvail=15.6GB systemThreshold=216.0MB lowMemory=false trimLevel=0 importance=400 fdCount=113
  procStatus VmRSS=120728 kB VmHWM=120728 kB VmSize=16954752 kB VmSwap=7784 kB Threads=13 FDSize=128
2026-05-28 21:53:36.696 pid=410 [app] Application created
2026-05-28 21:53:36.696 pid=410 [app-start] Application onCreate
  javaUsed=32.6MB javaTotal=256.0MB javaMax=256.0MB nativeHeap=6.7MB nativeHeapFree=1.8MB nativeHeapSize=12.8MB
  pssTotal=12.9MB privateDirty=6.5MB sharedDirty=52.9MB nativePss=2.1MB dalvikPss=830.0KB otherPss=9.6MB
  systemAvail=13.6GB systemThreshold=216.0MB lowMemory=false trimLevel=0 importance=100 fdCount=113
  procStatus VmRSS=123252 kB VmHWM=123252 kB VmSize=16950588 kB VmSwap=7784 kB Threads=13 FDSize=128
2026-05-28 21:53:55.841 pid=410 [model-load] Loading configuration: Qwen3.5 2B MTP
2026-05-28 21:53:55.843 pid=410 [runtime-memory] Before model load model=Qwen3.5-2B-Q8_0.gguf
  javaUsed=2.9MB javaTotal=10.5MB javaMax=256.0MB nativeHeap=12.3MB nativeHeapFree=4.3MB nativeHeapSize=20.4MB
  pssTotal=27.0MB privateDirty=20.0MB sharedDirty=51.9MB nativePss=11.0MB dalvikPss=3.4MB otherPss=12.6MB
  systemAvail=13.8GB systemThreshold=216.0MB lowMemory=false trimLevel=0 importance=125 fdCount=151
  procStatus VmRSS=177732 kB VmHWM=181476 kB VmSize=17011584 kB VmSwap=2436 kB Threads=30 FDSize=256
2026-05-28 21:53:55.915 pid=410 [runtime-memory] After model load cleanup model=Qwen3.5-2B-Q8_0.gguf
  javaUsed=2.5MB javaTotal=10.5MB javaMax=256.0MB nativeHeap=12.3MB nativeHeapFree=4.3MB nativeHeapSize=20.4MB
  pssTotal=25.1MB privateDirty=18.1MB sharedDirty=51.9MB nativePss=10.8MB dalvikPss=3.3MB otherPss=11.1MB
  systemAvail=13.8GB systemThreshold=216.0MB lowMemory=false trimLevel=0 importance=125 fdCount=151
  procStatus VmRSS=175796 kB VmHWM=181476 kB VmSize=17011584 kB VmSwap=2436 kB Threads=30 FDSize=256
2026-05-28 21:53:59.010 pid=410 [model-load-complete] config=Qwen3.5 2B MTP model=Qwen3.5-2B-Q8_0.gguf mmproj=(none)
  javaUsed=2.7MB javaTotal=10.5MB javaMax=256.0MB nativeHeap=3.3GB nativeHeapFree=6.2MB nativeHeapSize=3.4GB
  pssTotal=3.9GB privateDirty=2.0GB sharedDirty=51.9MB nativePss=2.0GB dalvikPss=3.3MB otherPss=1.9GB
  systemAvail=11.9GB systemThreshold=216.0MB lowMemory=false trimLevel=0 importance=125 fdCount=151
  procStatus VmRSS=4269036 kB VmHWM=4269036 kB VmSize=22519580 kB VmSwap=2436 kB Threads=30 FDSize=256
2026-05-28 21:53:59.100 pid=410 [generation-start] id=1 config=Qwen3.5 2B MTP model=Qwen3.5-2B-Q8_0.gguf promptLen=1045 mediaCount=0
  javaUsed=2.9MB javaTotal=10.5MB javaMax=256.0MB nativeHeap=3.3GB nativeHeapFree=6.2MB nativeHeapSize=3.4GB
  pssTotal=3.9GB privateDirty=2.0GB sharedDirty=51.9MB nativePss=2.0GB dalvikPss=3.5MB otherPss=1.9GB
  systemAvail=11.9GB systemThreshold=216.0MB lowMemory=false trimLevel=0 importance=125 fdCount=151
  procStatus VmRSS=4269164 kB VmHWM=4269164 kB VmSize=22519580 kB VmSwap=2436 kB Threads=30 FDSize=256
2026-05-28 21:53:59.212 pid=410 [generation-stage] id=1 stage=native-call-start
2026-05-28 21:54:38.052 pid=410 [generation-stage] id=1 stage=native-call-end resultLen=253
2026-05-28 21:54:38.052 pid=410 [generation-end] id=1 resultLen=253
  javaUsed=3.0MB javaTotal=10.5MB javaMax=256.0MB nativeHeap=3.3GB nativeHeapFree=6.2MB nativeHeapSize=3.4GB
  pssTotal=3.9GB privateDirty=2.0GB sharedDirty=51.9MB nativePss=2.0GB dalvikPss=3.6MB otherPss=1.9GB
  systemAvail=11.9GB systemThreshold=216.0MB lowMemory=false trimLevel=0 importance=125 fdCount=151
  procStatus VmRSS=4275416 kB VmHWM=4276624 kB VmSize=22506112 kB VmSwap=2436 kB Threads=29 FDSize=256
2026-05-28 21:54:38.680 pid=410 [model-load] Loading configuration: Qwen3.5 2B
2026-05-28 21:54:38.925 pid=410 [runtime-memory] Before model load model=Qwen3.5-2B-UD-Q8_K_XL.gguf
  javaUsed=3.3MB javaTotal=10.5MB javaMax=256.0MB nativeHeap=3.0GB nativeHeapFree=50.0MB nativeHeapSize=3.1GB
  pssTotal=1.9GB privateDirty=1.9GB sharedDirty=51.9MB nativePss=1.9GB dalvikPss=3.8MB otherPss=13.6MB
  systemAvail=12.0GB systemThreshold=216.0MB lowMemory=false trimLevel=0 importance=125 fdCount=151
  procStatus VmRSS=2132332 kB VmHWM=4276624 kB VmSize=20277196 kB VmSwap=2436 kB Threads=29 FDSize=256
2026-05-28 21:54:39.004 pid=410 [runtime-memory] After model load cleanup model=Qwen3.5-2B-UD-Q8_K_XL.gguf
  javaUsed=2.6MB javaTotal=10.5MB javaMax=256.0MB nativeHeap=3.0GB nativeHeapFree=50.0MB nativeHeapSize=3.1GB
  pssTotal=1.9GB privateDirty=1.9GB sharedDirty=51.9MB nativePss=1.9GB dalvikPss=3.3MB otherPss=13.6MB
  systemAvail=12.0GB systemThreshold=216.0MB lowMemory=false trimLevel=0 importance=125 fdCount=151
  procStatus VmRSS=2131788 kB VmHWM=4276624 kB VmSize=20277196 kB VmSwap=2436 kB Threads=29 FDSize=256
2026-05-28 21:54:44.128 pid=1930 [app] Application created
2026-05-28 21:54:44.129 pid=1930 [app-start] Application onCreate
  javaUsed=32.6MB javaTotal=256.0MB javaMax=256.0MB nativeHeap=6.7MB nativeHeapFree=1.8MB nativeHeapSize=12.8MB
  pssTotal=13.8MB privateDirty=6.6MB sharedDirty=52.9MB nativePss=2.1MB dalvikPss=825.0KB otherPss=9.6MB
  systemAvail=13.9GB systemThreshold=216.0MB lowMemory=false trimLevel=0 importance=400 fdCount=113
  procStatus VmRSS=123100 kB VmHWM=123100 kB VmSize=16960896 kB VmSwap=7812 kB Threads=13 FDSize=128
2026-05-29 03:30:47.292 pid=15825 [app] Application created
2026-05-29 03:30:47.293 pid=15825 [app-start] Application onCreate
  javaUsed=32.8MB javaTotal=256.0MB javaMax=256.0MB nativeHeap=6.7MB nativeHeapFree=1.8MB nativeHeapSize=12.8MB
  pssTotal=13.0MB privateDirty=4.6MB sharedDirty=53.0MB nativePss=2.1MB dalvikPss=859.0KB otherPss=7.5MB
  systemAvail=14.0GB systemThreshold=216.0MB lowMemory=false trimLevel=0 importance=100 fdCount=113
  procStatus VmRSS=121164 kB VmHWM=121164 kB VmSize=16950588 kB VmSwap=7700 kB Threads=13 FDSize=128
2026-05-29 03:31:00.948 pid=15825 [model-load] Loading configuration: Qwen3.5 2B MTP
2026-05-29 03:31:00.951 pid=15825 [runtime-memory] Before model load model=Qwen3.5-2B-Q8_0.gguf
  javaUsed=2.9MB javaTotal=10.6MB javaMax=256.0MB nativeHeap=13.2MB nativeHeapFree=4.3MB nativeHeapSize=21.4MB
  pssTotal=26.3MB privateDirty=19.1MB sharedDirty=52.0MB nativePss=11.4MB dalvikPss=3.5MB otherPss=11.5MB
  systemAvail=14.4GB systemThreshold=216.0MB lowMemory=false trimLevel=0 importance=125 fdCount=152
  procStatus VmRSS=179224 kB VmHWM=183152 kB VmSize=17011948 kB VmSwap=2468 kB Threads=30 FDSize=256
2026-05-29 03:31:01.013 pid=15825 [runtime-memory] After model load cleanup model=Qwen3.5-2B-Q8_0.gguf
  javaUsed=2.6MB javaTotal=10.5MB javaMax=256.0MB nativeHeap=13.2MB nativeHeapFree=4.3MB nativeHeapSize=21.4MB
  pssTotal=26.0MB privateDirty=18.8MB sharedDirty=52.0MB nativePss=11.4MB dalvikPss=3.3MB otherPss=11.3MB
  systemAvail=14.4GB systemThreshold=216.0MB lowMemory=false trimLevel=0 importance=125 fdCount=152
  procStatus VmRSS=178788 kB VmHWM=183152 kB VmSize=17011948 kB VmSwap=2468 kB Threads=30 FDSize=256
2026-05-29 03:31:04.207 pid=15825 [model-load-complete] config=Qwen3.5 2B MTP model=Qwen3.5-2B-Q8_0.gguf mmproj=(none)
  javaUsed=2.6MB javaTotal=10.5MB javaMax=256.0MB nativeHeap=3.3GB nativeHeapFree=6.4MB nativeHeapSize=3.4GB
  pssTotal=3.9GB privateDirty=2.0GB sharedDirty=52.0MB nativePss=2.0GB dalvikPss=3.3MB otherPss=1.9GB
  systemAvail=12.3GB systemThreshold=216.0MB lowMemory=false trimLevel=0 importance=125 fdCount=152
  procStatus VmRSS=4271272 kB VmHWM=4271272 kB VmSize=22520084 kB VmSwap=2468 kB Threads=30 FDSize=256
2026-05-29 03:31:04.281 pid=15825 [generation-start] id=1 config=Qwen3.5 2B MTP model=Qwen3.5-2B-Q8_0.gguf promptLen=1045 mediaCount=0
  javaUsed=2.9MB javaTotal=10.5MB javaMax=256.0MB nativeHeap=3.3GB nativeHeapFree=6.4MB nativeHeapSize=3.4GB
  pssTotal=3.9GB privateDirty=2.0GB sharedDirty=52.0MB nativePss=2.0GB dalvikPss=3.5MB otherPss=1.9GB
  systemAvail=12.3GB systemThreshold=216.0MB lowMemory=false trimLevel=0 importance=125 fdCount=152
  procStatus VmRSS=4271400 kB VmHWM=4271400 kB VmSize=22520084 kB VmSwap=2468 kB Threads=30 FDSize=256
2026-05-29 03:31:04.353 pid=15825 [generation-stage] id=1 stage=native-call-start
2026-05-29 03:31:40.129 pid=15825 [generation-stage] id=1 stage=native-call-end resultLen=238
2026-05-29 03:31:40.130 pid=15825 [generation-end] id=1 resultLen=238
  javaUsed=2.6MB javaTotal=10.5MB javaMax=256.0MB nativeHeap=3.3GB nativeHeapFree=6.5MB nativeHeapSize=3.4GB
  pssTotal=3.9GB privateDirty=2.0GB sharedDirty=52.0MB nativePss=2.0GB dalvikPss=1.3MB otherPss=1.9GB
  systemAvail=12.4GB systemThreshold=216.0MB lowMemory=false trimLevel=0 importance=125 fdCount=152
  procStatus VmRSS=4275256 kB VmHWM=4276496 kB VmSize=22524168 kB VmSwap=2468 kB Threads=30 FDSize=256
2026-05-29 03:31:40.748 pid=15825 [model-load] Loading configuration: Qwen3.5 2B
2026-05-29 03:31:40.986 pid=15825 [runtime-memory] Before model load model=Qwen3.5-2B-UD-Q8_K_XL.gguf
  javaUsed=2.9MB javaTotal=10.5MB javaMax=256.0MB nativeHeap=3.0GB nativeHeapFree=50.2MB nativeHeapSize=3.1GB
  pssTotal=1.9GB privateDirty=1.9GB sharedDirty=52.0MB nativePss=1.9GB dalvikPss=1.5MB otherPss=13.8MB
  systemAvail=12.7GB systemThreshold=216.0MB lowMemory=false trimLevel=0 importance=125 fdCount=152
  procStatus VmRSS=2133584 kB VmHWM=4276496 kB VmSize=20295252 kB VmSwap=2468 kB Threads=30 FDSize=256
2026-05-29 03:31:41.064 pid=15825 [runtime-memory] After model load cleanup model=Qwen3.5-2B-UD-Q8_K_XL.gguf
  javaUsed=2.6MB javaTotal=10.5MB javaMax=256.0MB nativeHeap=3.0GB nativeHeapFree=50.2MB nativeHeapSize=3.1GB
  pssTotal=1.9GB privateDirty=1.9GB sharedDirty=52.0MB nativePss=1.9GB dalvikPss=3.3MB otherPss=13.8MB
  systemAvail=12.6GB systemThreshold=216.0MB lowMemory=false trimLevel=0 importance=125 fdCount=152
  procStatus VmRSS=2135444 kB VmHWM=4276496 kB VmSize=20295252 kB VmSwap=2468 kB Threads=30 FDSize=256
2026-05-29 03:31:44.950 pid=16661 [app] Application created
2026-05-29 03:31:44.951 pid=16661 [app-start] Application onCreate
  javaUsed=32.8MB javaTotal=256.0MB javaMax=256.0MB nativeHeap=6.7MB nativeHeapFree=1.8MB nativeHeapSize=12.8MB
  pssTotal=14.9MB privateDirty=6.6MB sharedDirty=53.0MB nativePss=2.1MB dalvikPss=851.0KB otherPss=9.4MB
  systemAvail=14.5GB systemThreshold=216.0MB lowMemory=false trimLevel=0 importance=400 fdCount=113
  procStatus VmRSS=123360 kB VmHWM=123360 kB VmSize=16934272 kB VmSwap=7716 kB Threads=13 FDSize=128
2026-05-29 03:34:34.460 pid=17756 [app] Application created
2026-05-29 03:34:34.460 pid=17756 [app-start] Application onCreate
  javaUsed=32.8MB javaTotal=256.0MB javaMax=256.0MB nativeHeap=6.7MB nativeHeapFree=1.8MB nativeHeapSize=12.8MB
  pssTotal=12.3MB privateDirty=4.7MB sharedDirty=53.0MB nativePss=2.1MB dalvikPss=839.0KB otherPss=7.7MB
  systemAvail=14.4GB systemThreshold=216.0MB lowMemory=false trimLevel=0 importance=100 fdCount=113
  procStatus VmRSS=121004 kB VmHWM=121004 kB VmSize=16936320 kB VmSwap=7896 kB Threads=13 FDSize=128
2026-05-29 03:34:48.952 pid=17756 [model-load] Loading configuration: Qwen3.5 2B MTP
2026-05-29 03:34:48.954 pid=17756 [runtime-memory] Before model load model=Qwen3.5-2B-Q8_0.gguf
  javaUsed=3.3MB javaTotal=26.5MB javaMax=256.0MB nativeHeap=12.5MB nativeHeapFree=3.5MB nativeHeapSize=19.7MB
  pssTotal=23.5MB privateDirty=16.3MB sharedDirty=52.0MB nativePss=10.5MB dalvikPss=1.7MB otherPss=11.2MB
  systemAvail=14.5GB systemThreshold=216.0MB lowMemory=false trimLevel=0 importance=125 fdCount=152
  procStatus VmRSS=174652 kB VmHWM=174816 kB VmSize=17014632 kB VmSwap=2492 kB Threads=31 FDSize=256
2026-05-29 03:34:49.015 pid=17756 [runtime-memory] After model load cleanup model=Qwen3.5-2B-Q8_0.gguf
  javaUsed=2.5MB javaTotal=10.4MB javaMax=256.0MB nativeHeap=12.4MB nativeHeapFree=3.6MB nativeHeapSize=19.7MB
  pssTotal=25.0MB privateDirty=17.8MB sharedDirty=52.0MB nativePss=10.5MB dalvikPss=3.2MB otherPss=11.2MB
  systemAvail=14.5GB systemThreshold=216.0MB lowMemory=false trimLevel=0 importance=125 fdCount=152
  procStatus VmRSS=176336 kB VmHWM=179412 kB VmSize=17014632 kB VmSwap=2492 kB Threads=31 FDSize=256
2026-05-29 03:34:51.658 pid=17756 [model-load-complete] config=Qwen3.5 2B MTP model=Qwen3.5-2B-Q8_0.gguf mmproj=(none)
  javaUsed=2.6MB javaTotal=10.4MB javaMax=256.0MB nativeHeap=3.3GB nativeHeapFree=6.0MB nativeHeapSize=3.4GB
  pssTotal=3.9GB privateDirty=2.0GB sharedDirty=52.0MB nativePss=2.0GB dalvikPss=3.3MB otherPss=1.9GB
  systemAvail=12.5GB systemThreshold=216.0MB lowMemory=false trimLevel=0 importance=125 fdCount=152
  procStatus VmRSS=4269792 kB VmHWM=4281516 kB VmSize=22522628 kB VmSwap=2492 kB Threads=31 FDSize=256
2026-05-29 03:34:51.723 pid=17756 [generation-start] id=1 config=Qwen3.5 2B MTP model=Qwen3.5-2B-Q8_0.gguf promptLen=1045 mediaCount=0
  javaUsed=2.8MB javaTotal=10.4MB javaMax=256.0MB nativeHeap=3.3GB nativeHeapFree=6.0MB nativeHeapSize=3.4GB
  pssTotal=3.9GB privateDirty=2.0GB sharedDirty=52.0MB nativePss=2.0GB dalvikPss=3.5MB otherPss=1.9GB
  systemAvail=12.5GB systemThreshold=216.0MB lowMemory=false trimLevel=0 importance=125 fdCount=152
  procStatus VmRSS=4269920 kB VmHWM=4281516 kB VmSize=22522628 kB VmSwap=2492 kB Threads=31 FDSize=256
2026-05-29 03:34:51.785 pid=17756 [generation-stage] id=1 stage=native-call-start
2026-05-29 03:35:21.388 pid=17756 [generation-stage] id=1 stage=native-call-end resultLen=120
2026-05-29 03:35:21.389 pid=17756 [generation-end] id=1 resultLen=120
  javaUsed=3.0MB javaTotal=10.4MB javaMax=256.0MB nativeHeap=3.3GB nativeHeapFree=6.0MB nativeHeapSize=3.4GB
  pssTotal=3.9GB privateDirty=2.0GB sharedDirty=52.0MB nativePss=2.0GB dalvikPss=3.6MB otherPss=1.9GB
  systemAvail=12.6GB systemThreshold=216.0MB lowMemory=false trimLevel=0 importance=125 fdCount=152
  procStatus VmRSS=4275904 kB VmHWM=4281516 kB VmSize=22526712 kB VmSwap=2492 kB Threads=31 FDSize=256
2026-05-29 03:35:22.024 pid=17756 [model-load] Loading configuration: Qwen3.5 2B
2026-05-29 03:35:22.274 pid=17756 [runtime-memory] Before model load model=Qwen3.5-2B-UD-Q8_K_XL.gguf
  javaUsed=3.3MB javaTotal=10.4MB javaMax=256.0MB nativeHeap=3.0GB nativeHeapFree=49.8MB nativeHeapSize=3.1GB
  pssTotal=1.9GB privateDirty=1.9GB sharedDirty=52.0MB nativePss=1.9GB dalvikPss=3.8MB otherPss=13.7MB
  systemAvail=12.7GB systemThreshold=216.0MB lowMemory=false trimLevel=0 importance=125 fdCount=152
  procStatus VmRSS=2133108 kB VmHWM=4281516 kB VmSize=20297796 kB VmSwap=2492 kB Threads=31 FDSize=256
2026-05-29 03:35:22.366 pid=17756 [runtime-memory] After model load cleanup model=Qwen3.5-2B-UD-Q8_K_XL.gguf
  javaUsed=2.5MB javaTotal=10.5MB javaMax=256.0MB nativeHeap=3.0GB nativeHeapFree=49.8MB nativeHeapSize=3.1GB
  pssTotal=1.9GB privateDirty=1.9GB sharedDirty=52.0MB nativePss=1.9GB dalvikPss=3.3MB otherPss=13.7MB
  systemAvail=12.7GB systemThreshold=216.0MB lowMemory=false trimLevel=0 importance=125 fdCount=152
  procStatus VmRSS=2132952 kB VmHWM=4281516 kB VmSize=20297796 kB VmSwap=2492 kB Threads=31 FDSize=256
2026-05-29 03:35:25.981 pid=18458 [app] Application created
2026-05-29 03:35:25.982 pid=18458 [app-start] Application onCreate
  javaUsed=32.8MB javaTotal=256.0MB javaMax=256.0MB nativeHeap=6.7MB nativeHeapFree=1.8MB nativeHeapSize=12.8MB
  pssTotal=15.1MB privateDirty=6.6MB sharedDirty=53.0MB nativePss=2.1MB dalvikPss=850.0KB otherPss=9.6MB
  systemAvail=14.6GB systemThreshold=216.0MB lowMemory=false trimLevel=0 importance=400 fdCount=113
  procStatus VmRSS=123516 kB VmHWM=123516 kB VmSize=16971136 kB VmSwap=7592 kB Threads=13 FDSize=128
2026-05-29 05:50:09.825 pid=1650 [app] Application created
2026-05-29 05:50:09.826 pid=1650 [app-start] Application onCreate
  javaUsed=32.8MB javaTotal=256.0MB javaMax=256.0MB nativeHeap=6.7MB nativeHeapFree=1.8MB nativeHeapSize=12.8MB
  pssTotal=11.5MB privateDirty=4.6MB sharedDirty=53.0MB nativePss=2.1MB dalvikPss=837.0KB otherPss=7.5MB
  systemAvail=14.0GB systemThreshold=216.0MB lowMemory=false trimLevel=0 importance=100 fdCount=113
  procStatus VmRSS=120912 kB VmHWM=120912 kB VmSize=16942384 kB VmSwap=7928 kB Threads=13 FDSize=128
2026-05-29 05:50:23.726 pid=1650 [model-load] Loading configuration: Qwen3.5 2B MTP
2026-05-29 05:50:23.728 pid=1650 [runtime-memory] Before model load model=Qwen3.5-2B-Q8_0.gguf
  javaUsed=2.9MB javaTotal=10.5MB javaMax=256.0MB nativeHeap=13.1MB nativeHeapFree=4.4MB nativeHeapSize=21.6MB
  pssTotal=26.3MB privateDirty=19.3MB sharedDirty=51.9MB nativePss=11.3MB dalvikPss=3.5MB otherPss=11.5MB
  systemAvail=14.2GB systemThreshold=216.0MB lowMemory=false trimLevel=0 importance=125 fdCount=151
  procStatus VmRSS=178444 kB VmHWM=181316 kB VmSize=17004496 kB VmSwap=2480 kB Threads=30 FDSize=256
2026-05-29 05:50:23.774 pid=1650 [runtime-memory] After model load cleanup model=Qwen3.5-2B-Q8_0.gguf
  javaUsed=2.6MB javaTotal=10.5MB javaMax=256.0MB nativeHeap=13.0MB nativeHeapFree=4.5MB nativeHeapSize=21.6MB
  pssTotal=24.1MB privateDirty=17.1MB sharedDirty=51.9MB nativePss=11.3MB dalvikPss=1.3MB otherPss=11.6MB
  systemAvail=14.2GB systemThreshold=216.0MB lowMemory=false trimLevel=0 importance=125 fdCount=151
  procStatus VmRSS=176192 kB VmHWM=181316 kB VmSize=17004496 kB VmSwap=2480 kB Threads=30 FDSize=256
2026-05-29 05:50:25.686 pid=1650 [model-load-complete] config=Qwen3.5 2B MTP model=Qwen3.5-2B-Q8_0.gguf mmproj=(none)
  javaUsed=2.6MB javaTotal=10.5MB javaMax=256.0MB nativeHeap=362.9MB nativeHeapFree=6.7MB nativeHeapSize=373.5MB
  pssTotal=2.1GB privateDirty=148.2MB sharedDirty=51.9MB nativePss=142.0MB dalvikPss=1.3MB otherPss=1.9GB
  systemAvail=14.1GB systemThreshold=216.0MB lowMemory=false trimLevel=0 importance=125 fdCount=151
  procStatus VmRSS=2328864 kB VmHWM=2328864 kB VmSize=19373732 kB VmSwap=2480 kB Threads=30 FDSize=256
2026-05-29 05:50:25.765 pid=1650 [generation-start] id=1 config=Qwen3.5 2B MTP model=Qwen3.5-2B-Q8_0.gguf promptLen=1045 mediaCount=0
  javaUsed=2.9MB javaTotal=10.5MB javaMax=256.0MB nativeHeap=362.9MB nativeHeapFree=6.7MB nativeHeapSize=373.5MB
  pssTotal=2.1GB privateDirty=148.4MB sharedDirty=51.9MB nativePss=142.0MB dalvikPss=1.5MB otherPss=1.9GB
  systemAvail=14.1GB systemThreshold=216.0MB lowMemory=false trimLevel=0 importance=125 fdCount=151
  procStatus VmRSS=2328992 kB VmHWM=2328992 kB VmSize=19373732 kB VmSwap=2480 kB Threads=30 FDSize=256
2026-05-29 05:50:25.856 pid=1650 [generation-stage] id=1 stage=native-call-start
2026-05-29 05:50:58.618 pid=1650 [generation-stage] id=1 stage=native-call-end resultLen=182
2026-05-29 05:50:58.618 pid=1650 [generation-end] id=1 resultLen=182
  javaUsed=3.0MB javaTotal=10.5MB javaMax=256.0MB nativeHeap=364.1MB nativeHeapFree=6.7MB nativeHeapSize=374.6MB
  pssTotal=2.1GB privateDirty=143.3MB sharedDirty=51.9MB nativePss=136.8MB dalvikPss=1.6MB otherPss=1.9GB
  systemAvail=14.2GB systemThreshold=216.0MB lowMemory=false trimLevel=0 importance=125 fdCount=151
  procStatus VmRSS=2324180 kB VmHWM=2336220 kB VmSize=19377816 kB VmSwap=2480 kB Threads=30 FDSize=256
2026-05-29 05:50:59.217 pid=1650 [model-load] Loading configuration: Qwen3.5 2B
2026-05-29 05:50:59.473 pid=1650 [runtime-memory] Before model load model=Qwen3.5-2B-UD-Q8_K_XL.gguf
  javaUsed=3.3MB javaTotal=10.5MB javaMax=256.0MB nativeHeap=15.2MB nativeHeapFree=50.5MB nativeHeapSize=69.2MB
  pssTotal=30.3MB privateDirty=21.6MB sharedDirty=51.9MB nativePss=14.9MB dalvikPss=1.8MB otherPss=13.6MB
  systemAvail=14.3GB systemThreshold=216.0MB lowMemory=false trimLevel=0 importance=125 fdCount=151
  procStatus VmRSS=182320 kB VmHWM=2336220 kB VmSize=17148900 kB VmSwap=2480 kB Threads=30 FDSize=256
2026-05-29 05:50:59.527 pid=1650 [runtime-memory] After model load cleanup model=Qwen3.5-2B-UD-Q8_K_XL.gguf
  javaUsed=2.6MB javaTotal=10.5MB javaMax=256.0MB nativeHeap=15.2MB nativeHeapFree=50.5MB nativeHeapSize=69.2MB
  pssTotal=31.8MB privateDirty=23.1MB sharedDirty=51.9MB nativePss=14.9MB dalvikPss=3.3MB otherPss=13.6MB
  systemAvail=14.3GB systemThreshold=216.0MB lowMemory=false trimLevel=0 importance=125 fdCount=151
  procStatus VmRSS=183800 kB VmHWM=2336220 kB VmSize=17148900 kB VmSwap=2480 kB Threads=30 FDSize=256
2026-05-29 05:51:01.687 pid=1650 [model-load-complete] config=Qwen3.5 2B model=Qwen3.5-2B-UD-Q8_K_XL.gguf mmproj=(none)
  javaUsed=2.6MB javaTotal=10.5MB javaMax=256.0MB nativeHeap=362.9MB nativeHeapFree=9.3MB nativeHeapSize=376.0MB
  pssTotal=2.8GB privateDirty=152.5MB sharedDirty=51.9MB nativePss=144.2MB dalvikPss=3.3MB otherPss=2.7GB
  systemAvail=14.2GB systemThreshold=216.0MB lowMemory=false trimLevel=0 importance=125 fdCount=151
  procStatus VmRSS=3131032 kB VmHWM=3131032 kB VmSize=20175120 kB VmSwap=2480 kB Threads=30 FDSize=256
2026-05-29 05:51:01.811 pid=1650 [generation-start] id=2 config=Qwen3.5 2B model=Qwen3.5-2B-UD-Q8_K_XL.gguf promptLen=1042 mediaCount=0
  javaUsed=2.8MB javaTotal=10.5MB javaMax=256.0MB nativeHeap=362.9MB nativeHeapFree=9.3MB nativeHeapSize=376.0MB
  pssTotal=2.8GB privateDirty=152.7MB sharedDirty=51.9MB nativePss=144.3MB dalvikPss=3.5MB otherPss=2.7GB
  systemAvail=14.2GB systemThreshold=216.0MB lowMemory=false trimLevel=0 importance=125 fdCount=151
  procStatus VmRSS=3131160 kB VmHWM=3131160 kB VmSize=20175120 kB VmSwap=2480 kB Threads=30 FDSize=256
2026-05-29 05:51:01.940 pid=1650 [generation-stage] id=2 stage=native-call-start
2026-05-29 05:51:43.940 pid=1650 [generation-stage] id=2 stage=native-call-end resultLen=65
2026-05-29 05:51:43.940 pid=1650 [generation-end] id=2 resultLen=65
  javaUsed=3.0MB javaTotal=10.5MB javaMax=256.0MB nativeHeap=364.1MB nativeHeapFree=9.3MB nativeHeapSize=377.1MB
  pssTotal=2.8GB privateDirty=147.8MB sharedDirty=51.9MB nativePss=139.3MB dalvikPss=3.6MB otherPss=2.7GB
  systemAvail=14.3GB systemThreshold=216.0MB lowMemory=false trimLevel=0 importance=125 fdCount=151
  procStatus VmRSS=3126364 kB VmHWM=3138192 kB VmSize=20157568 kB VmSwap=2480 kB Threads=29 FDSize=256
2026-05-29 05:51:44.562 pid=1650 [model-load] Loading configuration: Qwen3.5 2B MTP
2026-05-29 05:51:44.872 pid=1650 [runtime-memory] Before model load model=Qwen3.5-2B-Q8_0.gguf
  javaUsed=2.6MB javaTotal=10.5MB javaMax=256.0MB nativeHeap=15.2MB nativeHeapFree=50.5MB nativeHeapSize=69.2MB
  pssTotal=29.7MB privateDirty=21.0MB sharedDirty=51.9MB nativePss=14.9MB dalvikPss=1.3MB otherPss=13.6MB
  systemAvail=14.4GB systemThreshold=216.0MB lowMemory=false trimLevel=0 importance=125 fdCount=151
  procStatus VmRSS=182012 kB VmHWM=3138192 kB VmSize=17131348 kB VmSwap=2480 kB Threads=29 FDSize=256
2026-05-29 05:51:44.926 pid=1650 [runtime-memory] After model load cleanup model=Qwen3.5-2B-Q8_0.gguf
  javaUsed=2.6MB javaTotal=10.5MB javaMax=256.0MB nativeHeap=15.2MB nativeHeapFree=50.5MB nativeHeapSize=69.2MB
  pssTotal=29.8MB privateDirty=21.1MB sharedDirty=51.9MB nativePss=15.0MB dalvikPss=1.3MB otherPss=13.6MB
  systemAvail=14.4GB systemThreshold=216.0MB lowMemory=false trimLevel=0 importance=125 fdCount=151
  procStatus VmRSS=182028 kB VmHWM=3138192 kB VmSize=17131348 kB VmSwap=2480 kB Threads=29 FDSize=256
2026-05-29 05:51:46.032 pid=1650 [model-load-complete] config=Qwen3.5 2B MTP model=Qwen3.5-2B-Q8_0.gguf mmproj=(none)
  javaUsed=2.6MB javaTotal=10.5MB javaMax=256.0MB nativeHeap=362.9MB nativeHeapFree=9.4MB nativeHeapSize=376.0MB
  pssTotal=2.1GB privateDirty=173.2MB sharedDirty=51.9MB nativePss=166.9MB dalvikPss=1.4MB otherPss=1.9GB
  systemAvail=14.3GB systemThreshold=216.0MB lowMemory=false trimLevel=0 importance=125 fdCount=151
  procStatus VmRSS=2354976 kB VmHWM=3138192 kB VmSize=19360264 kB VmSwap=2480 kB Threads=29 FDSize=256
2026-05-29 05:51:46.140 pid=1650 [generation-start] id=3 config=Qwen3.5 2B MTP model=Qwen3.5-2B-Q8_0.gguf promptLen=1045 mediaCount=0
  javaUsed=2.8MB javaTotal=10.5MB javaMax=256.0MB nativeHeap=362.9MB nativeHeapFree=9.3MB nativeHeapSize=376.0MB
  pssTotal=2.1GB privateDirty=173.4MB sharedDirty=51.9MB nativePss=167.0MB dalvikPss=1.5MB otherPss=1.9GB
  systemAvail=14.3GB systemThreshold=216.0MB lowMemory=false trimLevel=0 importance=125 fdCount=151
  procStatus VmRSS=2355104 kB VmHWM=3138192 kB VmSize=19360264 kB VmSwap=2480 kB Threads=29 FDSize=256
2026-05-29 05:51:46.250 pid=1650 [generation-stage] id=3 stage=native-call-start
2026-05-29 05:52:18.421 pid=1650 [generation-stage] id=3 stage=native-call-end resultLen=34
2026-05-29 05:52:18.421 pid=1650 [generation-end] id=3 resultLen=34
  javaUsed=3.0MB javaTotal=10.5MB javaMax=256.0MB nativeHeap=364.1MB nativeHeapFree=9.3MB nativeHeapSize=377.1MB
  pssTotal=2.1GB privateDirty=145.7MB sharedDirty=51.9MB nativePss=139.2MB dalvikPss=1.6MB otherPss=1.9GB
  systemAvail=14.3GB systemThreshold=216.0MB lowMemory=false trimLevel=0 importance=125 fdCount=151
  procStatus VmRSS=2326884 kB VmHWM=3138192 kB VmSize=19360264 kB VmSwap=2480 kB Threads=29 FDSize=256
2026-05-29 05:52:19.027 pid=1650 [model-load] Loading configuration: Qwen3.5 2B
2026-05-29 05:52:19.304 pid=1650 [runtime-memory] Before model load model=Qwen3.5-2B-UD-Q8_K_XL.gguf
  javaUsed=3.3MB javaTotal=10.5MB javaMax=256.0MB nativeHeap=15.2MB nativeHeapFree=50.5MB nativeHeapSize=69.2MB
  pssTotal=30.4MB privateDirty=21.7MB sharedDirty=51.9MB nativePss=15.0MB dalvikPss=1.8MB otherPss=13.6MB
  systemAvail=14.4GB systemThreshold=216.0MB lowMemory=false trimLevel=0 importance=125 fdCount=151
  procStatus VmRSS=182396 kB VmHWM=3138192 kB VmSize=17131348 kB VmSwap=2480 kB Threads=29 FDSize=256
2026-05-29 05:52:19.358 pid=1650 [runtime-memory] After model load cleanup model=Qwen3.5-2B-UD-Q8_K_XL.gguf
  javaUsed=2.6MB javaTotal=10.5MB javaMax=256.0MB nativeHeap=15.2MB nativeHeapFree=50.5MB nativeHeapSize=69.2MB
  pssTotal=30.0MB privateDirty=21.3MB sharedDirty=51.9MB nativePss=15.1MB dalvikPss=1.3MB otherPss=13.6MB
  systemAvail=14.4GB systemThreshold=216.0MB lowMemory=false trimLevel=0 importance=125 fdCount=151
  procStatus VmRSS=182000 kB VmHWM=3138192 kB VmSize=17131348 kB VmSwap=2480 kB Threads=29 FDSize=256
2026-05-29 05:52:20.551 pid=1650 [model-load-complete] config=Qwen3.5 2B model=Qwen3.5-2B-UD-Q8_K_XL.gguf mmproj=(none)
  javaUsed=2.6MB javaTotal=10.5MB javaMax=256.0MB nativeHeap=362.9MB nativeHeapFree=9.4MB nativeHeapSize=376.0MB
  pssTotal=2.9GB privateDirty=173.1MB sharedDirty=51.9MB nativePss=166.9MB dalvikPss=1.4MB otherPss=2.7GB
  systemAvail=14.3GB systemThreshold=216.0MB lowMemory=false trimLevel=0 importance=125 fdCount=151
  procStatus VmRSS=3151920 kB VmHWM=3151920 kB VmSize=20157568 kB VmSwap=2480 kB Threads=29 FDSize=256
2026-05-29 05:52:20.684 pid=1650 [generation-start] id=4 config=Qwen3.5 2B model=Qwen3.5-2B-UD-Q8_K_XL.gguf promptLen=1039 mediaCount=0
  javaUsed=2.8MB javaTotal=10.5MB javaMax=256.0MB nativeHeap=362.9MB nativeHeapFree=9.3MB nativeHeapSize=376.0MB
  pssTotal=2.9GB privateDirty=173.3MB sharedDirty=51.9MB nativePss=166.9MB dalvikPss=1.5MB otherPss=2.7GB
  systemAvail=14.3GB systemThreshold=216.0MB lowMemory=false trimLevel=0 importance=125 fdCount=151
  procStatus VmRSS=3152176 kB VmHWM=3152176 kB VmSize=20157568 kB VmSwap=2480 kB Threads=29 FDSize=256
2026-05-29 05:52:20.813 pid=1650 [generation-stage] id=4 stage=native-call-start
2026-05-29 05:53:07.198 pid=1650 [generation-stage] id=4 stage=native-call-end resultLen=124
2026-05-29 05:53:07.198 pid=1650 [generation-end] id=4 resultLen=124
  javaUsed=3.0MB javaTotal=10.5MB javaMax=256.0MB nativeHeap=364.1MB nativeHeapFree=9.3MB nativeHeapSize=377.1MB
  pssTotal=2.8GB privateDirty=145.8MB sharedDirty=51.9MB nativePss=139.3MB dalvikPss=1.6MB otherPss=2.7GB
  systemAvail=14.3GB systemThreshold=216.0MB lowMemory=false trimLevel=0 importance=125 fdCount=151
  procStatus VmRSS=3124148 kB VmHWM=3159344 kB VmSize=20157568 kB VmSwap=2480 kB Threads=29 FDSize=256
2026-05-29 05:53:07.328 pid=1650 [model-load] Loading configuration: Qwen3.5 2B
2026-05-29 05:53:07.328 pid=1650 [model-load-skip] config=Qwen3.5 2B model already loaded
  javaUsed=3.2MB javaTotal=10.5MB javaMax=256.0MB nativeHeap=364.1MB nativeHeapFree=9.3MB nativeHeapSize=377.1MB
  pssTotal=2.8GB privateDirty=146.0MB sharedDirty=51.9MB nativePss=139.3MB dalvikPss=1.8MB otherPss=2.7GB
  systemAvail=14.3GB systemThreshold=216.0MB lowMemory=false trimLevel=0 importance=125 fdCount=151
  procStatus VmRSS=3124276 kB VmHWM=3159344 kB VmSize=20157568 kB VmSwap=2480 kB Threads=29 FDSize=256
2026-05-29 05:53:07.457 pid=1650 [generation-start] id=5 config=Qwen3.5 2B model=Qwen3.5-2B-UD-Q8_K_XL.gguf promptLen=1039 mediaCount=0
  javaUsed=3.4MB javaTotal=10.5MB javaMax=256.0MB nativeHeap=364.1MB nativeHeapFree=9.3MB nativeHeapSize=377.1MB
  pssTotal=2.8GB privateDirty=146.1MB sharedDirty=51.9MB nativePss=139.3MB dalvikPss=2.0MB otherPss=2.7GB
  systemAvail=14.3GB systemThreshold=216.0MB lowMemory=false trimLevel=0 importance=125 fdCount=151
  procStatus VmRSS=3124404 kB VmHWM=3159344 kB VmSize=20157568 kB VmSwap=2480 kB Threads=29 FDSize=256
2026-05-29 05:53:07.582 pid=1650 [generation-stage] id=5 stage=native-call-start
2026-05-29 05:53:52.853 pid=1650 [generation-stage] id=5 stage=native-call-end resultLen=114
2026-05-29 05:53:52.853 pid=1650 [generation-end] id=5 resultLen=114
  javaUsed=2.6MB javaTotal=10.5MB javaMax=256.0MB nativeHeap=364.1MB nativeHeapFree=9.3MB nativeHeapSize=377.1MB
  pssTotal=2.8GB privateDirty=145.5MB sharedDirty=51.9MB nativePss=139.3MB dalvikPss=1.3MB otherPss=2.7GB
  systemAvail=14.3GB systemThreshold=216.0MB lowMemory=false trimLevel=0 importance=125 fdCount=151
  procStatus VmRSS=3124056 kB VmHWM=3159344 kB VmSize=20157568 kB VmSwap=2480 kB Threads=29 FDSize=256
2026-05-29 05:53:53.579 pid=1650 [model-load] Loading configuration: Qwen3.5 2B MTP
2026-05-29 05:53:53.891 pid=1650 [runtime-memory] Before model load model=Qwen3.5-2B-Q8_0.gguf
  javaUsed=2.9MB javaTotal=10.5MB javaMax=256.0MB nativeHeap=15.2MB nativeHeapFree=50.5MB nativeHeapSize=69.2MB
  pssTotal=30.1MB privateDirty=21.3MB sharedDirty=51.9MB nativePss=15.0MB dalvikPss=1.5MB otherPss=13.6MB
  systemAvail=14.4GB systemThreshold=216.0MB lowMemory=false trimLevel=0 importance=125 fdCount=151
  procStatus VmRSS=182320 kB VmHWM=3159344 kB VmSize=17131348 kB VmSwap=2480 kB Threads=29 FDSize=256
2026-05-29 05:53:53.944 pid=1650 [runtime-memory] After model load cleanup model=Qwen3.5-2B-Q8_0.gguf
  javaUsed=2.5MB javaTotal=10.5MB javaMax=256.0MB nativeHeap=15.2MB nativeHeapFree=50.5MB nativeHeapSize=69.2MB
  pssTotal=29.9MB privateDirty=21.2MB sharedDirty=51.9MB nativePss=15.1MB dalvikPss=1.3MB otherPss=13.6MB
  systemAvail=14.4GB systemThreshold=216.0MB lowMemory=false trimLevel=0 importance=125 fdCount=151
  procStatus VmRSS=182044 kB VmHWM=3159344 kB VmSize=17131348 kB VmSwap=2480 kB Threads=29 FDSize=256
2026-05-29 05:53:55.069 pid=1650 [model-load-complete] config=Qwen3.5 2B MTP model=Qwen3.5-2B-Q8_0.gguf mmproj=(none)
  javaUsed=2.6MB javaTotal=10.5MB javaMax=256.0MB nativeHeap=362.9MB nativeHeapFree=9.4MB nativeHeapSize=376.0MB
  pssTotal=2.1GB privateDirty=173.1MB sharedDirty=51.9MB nativePss=166.9MB dalvikPss=1.4MB otherPss=1.9GB
  systemAvail=14.2GB systemThreshold=216.0MB lowMemory=false trimLevel=0 importance=125 fdCount=151
  procStatus VmRSS=2354864 kB VmHWM=3159344 kB VmSize=19360264 kB VmSwap=2480 kB Threads=29 FDSize=256
2026-05-29 05:53:55.180 pid=1650 [generation-start] id=6 config=Qwen3.5 2B MTP model=Qwen3.5-2B-Q8_0.gguf promptLen=1060 mediaCount=0
  javaUsed=2.8MB javaTotal=10.5MB javaMax=256.0MB nativeHeap=362.9MB nativeHeapFree=9.3MB nativeHeapSize=376.0MB
  pssTotal=2.1GB privateDirty=173.3MB sharedDirty=51.9MB nativePss=166.9MB dalvikPss=1.5MB otherPss=1.9GB
  systemAvail=14.2GB systemThreshold=216.0MB lowMemory=false trimLevel=0 importance=125 fdCount=151
  procStatus VmRSS=2355120 kB VmHWM=3159344 kB VmSize=19360264 kB VmSwap=2480 kB Threads=29 FDSize=256
2026-05-29 05:53:55.287 pid=1650 [generation-stage] id=6 stage=native-call-start
2026-05-29 05:54:30.489 pid=1650 [generation-stage] id=6 stage=native-call-end resultLen=87
2026-05-29 05:54:30.489 pid=1650 [generation-end] id=6 resultLen=87
  javaUsed=3.0MB javaTotal=10.5MB javaMax=256.0MB nativeHeap=364.1MB nativeHeapFree=9.3MB nativeHeapSize=377.1MB
  pssTotal=2.1GB privateDirty=145.7MB sharedDirty=51.9MB nativePss=139.2MB dalvikPss=1.6MB otherPss=1.9GB
  systemAvail=14.2GB systemThreshold=216.0MB lowMemory=false trimLevel=0 importance=125 fdCount=151
  procStatus VmRSS=2327028 kB VmHWM=3159344 kB VmSize=19360264 kB VmSwap=2480 kB Threads=29 FDSize=256
2026-05-29 05:54:31.094 pid=1650 [model-load] Loading configuration: Qwen3.5 2B
2026-05-29 05:54:31.366 pid=1650 [runtime-memory] Before model load model=Qwen3.5-2B-UD-Q8_K_XL.gguf
  javaUsed=3.3MB javaTotal=10.5MB javaMax=256.0MB nativeHeap=15.2MB nativeHeapFree=50.5MB nativeHeapSize=69.2MB
  pssTotal=30.4MB privateDirty=21.7MB sharedDirty=51.9MB nativePss=15.0MB dalvikPss=1.8MB otherPss=13.6MB
  systemAvail=14.3GB systemThreshold=216.0MB lowMemory=false trimLevel=0 importance=125 fdCount=151
  procStatus VmRSS=182560 kB VmHWM=3159344 kB VmSize=17131348 kB VmSwap=2480 kB Threads=29 FDSize=256
2026-05-29 05:54:31.422 pid=1650 [runtime-memory] After model load cleanup model=Qwen3.5-2B-UD-Q8_K_XL.gguf
  javaUsed=2.6MB javaTotal=10.5MB javaMax=256.0MB nativeHeap=15.2MB nativeHeapFree=50.5MB nativeHeapSize=69.2MB
  pssTotal=30.0MB privateDirty=21.3MB sharedDirty=51.9MB nativePss=15.1MB dalvikPss=1.3MB otherPss=13.6MB
  systemAvail=14.3GB systemThreshold=216.0MB lowMemory=false trimLevel=0 importance=125 fdCount=151
  procStatus VmRSS=182384 kB VmHWM=3159344 kB VmSize=17131348 kB VmSwap=2480 kB Threads=29 FDSize=256
2026-05-29 05:54:32.617 pid=1650 [model-load-complete] config=Qwen3.5 2B model=Qwen3.5-2B-UD-Q8_K_XL.gguf mmproj=(none)
  javaUsed=2.6MB javaTotal=10.5MB javaMax=256.0MB nativeHeap=362.9MB nativeHeapFree=9.4MB nativeHeapSize=376.0MB
  pssTotal=2.9GB privateDirty=173.1MB sharedDirty=51.9MB nativePss=166.8MB dalvikPss=1.4MB otherPss=2.7GB
  systemAvail=14.2GB systemThreshold=216.0MB lowMemory=false trimLevel=0 importance=125 fdCount=151
  procStatus VmRSS=3152308 kB VmHWM=3159344 kB VmSize=20157568 kB VmSwap=2480 kB Threads=29 FDSize=256
2026-05-29 05:54:32.751 pid=1650 [generation-start] id=7 config=Qwen3.5 2B model=Qwen3.5-2B-UD-Q8_K_XL.gguf promptLen=1048 mediaCount=0
  javaUsed=2.8MB javaTotal=10.5MB javaMax=256.0MB nativeHeap=362.9MB nativeHeapFree=9.3MB nativeHeapSize=376.0MB
  pssTotal=2.9GB privateDirty=173.3MB sharedDirty=51.9MB nativePss=166.9MB dalvikPss=1.5MB otherPss=2.7GB
  systemAvail=14.2GB systemThreshold=216.0MB lowMemory=false trimLevel=0 importance=125 fdCount=151
  procStatus VmRSS=3152232 kB VmHWM=3159344 kB VmSize=20157568 kB VmSwap=2480 kB Threads=29 FDSize=256
2026-05-29 05:54:32.882 pid=1650 [generation-stage] id=7 stage=native-call-start
2026-05-29 05:55:23.887 pid=1650 [generation-stage] id=7 stage=native-call-end resultLen=168
2026-05-29 05:55:23.887 pid=1650 [generation-end] id=7 resultLen=168
  javaUsed=2.7MB javaTotal=10.5MB javaMax=256.0MB nativeHeap=364.1MB nativeHeapFree=9.3MB nativeHeapSize=377.1MB
  pssTotal=2.8GB privateDirty=145.6MB sharedDirty=51.9MB nativePss=139.3MB dalvikPss=1.4MB otherPss=2.7GB
  systemAvail=14.2GB systemThreshold=216.0MB lowMemory=false trimLevel=0 importance=125 fdCount=151
  procStatus VmRSS=3123952 kB VmHWM=3159344 kB VmSize=20157568 kB VmSwap=2480 kB Threads=29 FDSize=256
2026-05-29 05:55:24.524 pid=1650 [model-load] Loading configuration: Qwen3.5 2B MTP
2026-05-29 05:55:24.828 pid=1650 [runtime-memory] Before model load model=Qwen3.5-2B-Q8_0.gguf
  javaUsed=3.0MB javaTotal=10.5MB javaMax=256.0MB nativeHeap=15.2MB nativeHeapFree=50.5MB nativeHeapSize=69.2MB
  pssTotal=30.2MB privateDirty=21.5MB sharedDirty=51.9MB nativePss=15.0MB dalvikPss=1.6MB otherPss=13.6MB
  systemAvail=14.3GB systemThreshold=216.0MB lowMemory=false trimLevel=0 importance=125 fdCount=151
  procStatus VmRSS=182356 kB VmHWM=3159344 kB VmSize=17131348 kB VmSwap=2480 kB Threads=29 FDSize=256
2026-05-29 05:55:24.882 pid=1650 [runtime-memory] After model load cleanup model=Qwen3.5-2B-Q8_0.gguf
  javaUsed=2.6MB javaTotal=10.5MB javaMax=256.0MB nativeHeap=15.2MB nativeHeapFree=50.5MB nativeHeapSize=69.2MB
  pssTotal=29.9MB privateDirty=21.3MB sharedDirty=51.9MB nativePss=15.1MB dalvikPss=1.3MB otherPss=13.6MB
  systemAvail=14.3GB systemThreshold=216.0MB lowMemory=false trimLevel=0 importance=125 fdCount=151
  procStatus VmRSS=182152 kB VmHWM=3159344 kB VmSize=17131348 kB VmSwap=2480 kB Threads=29 FDSize=256
2026-05-29 05:55:26.025 pid=1650 [model-load-complete] config=Qwen3.5 2B MTP model=Qwen3.5-2B-Q8_0.gguf mmproj=(none)
  javaUsed=2.6MB javaTotal=10.5MB javaMax=256.0MB nativeHeap=362.9MB nativeHeapFree=9.4MB nativeHeapSize=376.0MB
  pssTotal=2.1GB privateDirty=173.2MB sharedDirty=51.9MB nativePss=166.9MB dalvikPss=1.4MB otherPss=1.9GB
  systemAvail=14.1GB systemThreshold=216.0MB lowMemory=false trimLevel=0 importance=125 fdCount=151
  procStatus VmRSS=2354860 kB VmHWM=3159344 kB VmSize=19360264 kB VmSwap=2480 kB Threads=29 FDSize=256
2026-05-29 05:55:26.145 pid=1650 [generation-start] id=8 config=Qwen3.5 2B MTP model=Qwen3.5-2B-Q8_0.gguf promptLen=1060 mediaCount=0
  javaUsed=2.8MB javaTotal=10.5MB javaMax=256.0MB nativeHeap=362.9MB nativeHeapFree=9.3MB nativeHeapSize=376.0MB
  pssTotal=2.1GB privateDirty=173.3MB sharedDirty=51.9MB nativePss=167.0MB dalvikPss=1.5MB otherPss=1.9GB
  systemAvail=14.1GB systemThreshold=216.0MB lowMemory=false trimLevel=0 importance=125 fdCount=151
  procStatus VmRSS=2355116 kB VmHWM=3159344 kB VmSize=19360264 kB VmSwap=2480 kB Threads=29 FDSize=256
2026-05-29 05:55:26.255 pid=1650 [generation-stage] id=8 stage=native-call-start
2026-05-29 05:55:59.819 pid=1650 [generation-stage] id=8 stage=native-call-end resultLen=44
2026-05-29 05:55:59.819 pid=1650 [generation-end] id=8 resultLen=44
  javaUsed=3.0MB javaTotal=10.5MB javaMax=256.0MB nativeHeap=364.1MB nativeHeapFree=9.3MB nativeHeapSize=377.1MB
  pssTotal=2.1GB privateDirty=145.7MB sharedDirty=51.9MB nativePss=139.2MB dalvikPss=1.6MB otherPss=1.9GB
  systemAvail=14.2GB systemThreshold=216.0MB lowMemory=false trimLevel=0 importance=125 fdCount=151
  procStatus VmRSS=2326724 kB VmHWM=3159344 kB VmSize=19360264 kB VmSwap=2480 kB Threads=29 FDSize=256
2026-05-29 05:56:00.427 pid=1650 [model-load] Loading configuration: Qwen3.5 2B
2026-05-29 05:56:00.699 pid=1650 [runtime-memory] Before model load model=Qwen3.5-2B-UD-Q8_K_XL.gguf
  javaUsed=3.3MB javaTotal=10.5MB javaMax=256.0MB nativeHeap=15.2MB nativeHeapFree=50.5MB nativeHeapSize=69.2MB
  pssTotal=30.4MB privateDirty=21.7MB sharedDirty=51.9MB nativePss=15.0MB dalvikPss=1.8MB otherPss=13.6MB
  systemAvail=14.3GB systemThreshold=216.0MB lowMemory=false trimLevel=0 importance=125 fdCount=151
  procStatus VmRSS=182436 kB VmHWM=3159344 kB VmSize=17131348 kB VmSwap=2480 kB Threads=29 FDSize=256
2026-05-29 05:56:00.756 pid=1650 [runtime-memory] After model load cleanup model=Qwen3.5-2B-UD-Q8_K_XL.gguf
  javaUsed=2.6MB javaTotal=10.5MB javaMax=256.0MB nativeHeap=15.2MB nativeHeapFree=50.5MB nativeHeapSize=69.2MB
  pssTotal=32.0MB privateDirty=23.3MB sharedDirty=51.9MB nativePss=15.1MB dalvikPss=3.3MB otherPss=13.6MB
  systemAvail=14.3GB systemThreshold=216.0MB lowMemory=false trimLevel=0 importance=125 fdCount=151
  procStatus VmRSS=184268 kB VmHWM=3159344 kB VmSize=17131348 kB VmSwap=2480 kB Threads=29 FDSize=256
2026-05-29 05:56:01.910 pid=1650 [model-load-complete] config=Qwen3.5 2B model=Qwen3.5-2B-UD-Q8_K_XL.gguf mmproj=(none)
  javaUsed=2.6MB javaTotal=10.5MB javaMax=256.0MB nativeHeap=362.9MB nativeHeapFree=9.4MB nativeHeapSize=376.0MB
  pssTotal=2.9GB privateDirty=175.2MB sharedDirty=51.9MB nativePss=166.9MB dalvikPss=3.3MB otherPss=2.7GB
  systemAvail=14.2GB systemThreshold=216.0MB lowMemory=false trimLevel=0 importance=125 fdCount=151
  procStatus VmRSS=3154284 kB VmHWM=3159344 kB VmSize=20157568 kB VmSwap=2480 kB Threads=29 FDSize=256
2026-05-29 05:56:02.038 pid=1650 [generation-start] id=9 config=Qwen3.5 2B model=Qwen3.5-2B-UD-Q8_K_XL.gguf promptLen=1054 mediaCount=0
  javaUsed=2.8MB javaTotal=10.5MB javaMax=256.0MB nativeHeap=362.9MB nativeHeapFree=9.3MB nativeHeapSize=376.0MB
  pssTotal=2.9GB privateDirty=175.3MB sharedDirty=51.9MB nativePss=167.0MB dalvikPss=3.5MB otherPss=2.7GB
  systemAvail=14.2GB systemThreshold=216.0MB lowMemory=false trimLevel=0 importance=125 fdCount=151
  procStatus VmRSS=3154540 kB VmHWM=3159344 kB VmSize=20157568 kB VmSwap=2480 kB Threads=29 FDSize=256
2026-05-29 05:56:02.168 pid=1650 [generation-stage] id=9 stage=native-call-start
2026-05-29 05:56:52.566 pid=1650 [generation-stage] id=9 stage=native-call-end resultLen=150
2026-05-29 05:56:52.567 pid=1650 [generation-end] id=9 resultLen=150
  javaUsed=3.0MB javaTotal=10.5MB javaMax=256.0MB nativeHeap=364.1MB nativeHeapFree=9.3MB nativeHeapSize=377.1MB
  pssTotal=2.8GB privateDirty=147.8MB sharedDirty=51.9MB nativePss=139.3MB dalvikPss=3.6MB otherPss=2.7GB
  systemAvail=14.3GB systemThreshold=216.0MB lowMemory=false trimLevel=0 importance=125 fdCount=151
  procStatus VmRSS=3126176 kB VmHWM=3161580 kB VmSize=20157568 kB VmSwap=2480 kB Threads=29 FDSize=256
2026-05-29 05:56:53.193 pid=1650 [model-load] Loading configuration: Qwen3.5 2B MTP
2026-05-29 05:56:53.507 pid=1650 [runtime-memory] Before model load model=Qwen3.5-2B-Q8_0.gguf
  javaUsed=3.3MB javaTotal=10.5MB javaMax=256.0MB nativeHeap=15.2MB nativeHeapFree=50.5MB nativeHeapSize=69.2MB
  pssTotal=32.4MB privateDirty=23.7MB sharedDirty=51.9MB nativePss=15.0MB dalvikPss=3.8MB otherPss=13.6MB
  systemAvail=14.4GB systemThreshold=216.0MB lowMemory=false trimLevel=0 importance=125 fdCount=151
  procStatus VmRSS=184568 kB VmHWM=3161580 kB VmSize=17131348 kB VmSwap=2480 kB Threads=29 FDSize=256
2026-05-29 05:56:53.563 pid=1650 [runtime-memory] After model load cleanup model=Qwen3.5-2B-Q8_0.gguf
  javaUsed=2.6MB javaTotal=10.5MB javaMax=256.0MB nativeHeap=15.2MB nativeHeapFree=50.5MB nativeHeapSize=69.2MB
  pssTotal=32.0MB privateDirty=23.3MB sharedDirty=51.9MB nativePss=15.1MB dalvikPss=3.3MB otherPss=13.6MB
  systemAvail=14.4GB systemThreshold=216.0MB lowMemory=false trimLevel=0 importance=125 fdCount=151
  procStatus VmRSS=184360 kB VmHWM=3161580 kB VmSize=17131348 kB VmSwap=2480 kB Threads=29 FDSize=256
2026-05-29 05:56:54.714 pid=1650 [model-load-complete] config=Qwen3.5 2B MTP model=Qwen3.5-2B-Q8_0.gguf mmproj=(none)
  javaUsed=2.6MB javaTotal=10.5MB javaMax=256.0MB nativeHeap=362.9MB nativeHeapFree=9.4MB nativeHeapSize=376.0MB
  pssTotal=2.1GB privateDirty=175.2MB sharedDirty=51.9MB nativePss=166.9MB dalvikPss=3.3MB otherPss=1.9GB
  systemAvail=14.3GB systemThreshold=216.0MB lowMemory=false trimLevel=0 importance=125 fdCount=151
  procStatus VmRSS=2357116 kB VmHWM=3161580 kB VmSize=19360264 kB VmSwap=2480 kB Threads=29 FDSize=256
2026-05-29 05:56:54.826 pid=1650 [generation-start] id=10 config=Qwen3.5 2B MTP model=Qwen3.5-2B-Q8_0.gguf promptLen=1063 mediaCount=0
  javaUsed=2.8MB javaTotal=10.5MB javaMax=256.0MB nativeHeap=362.9MB nativeHeapFree=9.3MB nativeHeapSize=376.0MB
  pssTotal=2.1GB privateDirty=175.3MB sharedDirty=51.9MB nativePss=167.0MB dalvikPss=3.5MB otherPss=1.9GB
  systemAvail=14.3GB systemThreshold=216.0MB lowMemory=false trimLevel=0 importance=125 fdCount=151
  procStatus VmRSS=2357244 kB VmHWM=3161580 kB VmSize=19360264 kB VmSwap=2480 kB Threads=29 FDSize=256
2026-05-29 05:56:54.937 pid=1650 [generation-stage] id=10 stage=native-call-start
2026-05-29 05:57:30.921 pid=1650 [generation-stage] id=10 stage=native-call-end resultLen=95
2026-05-29 05:57:30.922 pid=1650 [generation-end] id=10 resultLen=95
  javaUsed=3.0MB javaTotal=10.5MB javaMax=256.0MB nativeHeap=364.1MB nativeHeapFree=9.3MB nativeHeapSize=377.1MB
  pssTotal=2.1GB privateDirty=147.7MB sharedDirty=51.9MB nativePss=139.2MB dalvikPss=3.6MB otherPss=1.9GB
  systemAvail=14.3GB systemThreshold=216.0MB lowMemory=false trimLevel=0 importance=125 fdCount=151
  procStatus VmRSS=2328968 kB VmHWM=3161580 kB VmSize=19360264 kB VmSwap=2480 kB Threads=29 FDSize=256
2026-05-29 05:57:31.634 pid=1650 [model-load] Loading configuration: Qwen3.5 2B
2026-05-29 05:57:31.907 pid=1650 [runtime-memory] Before model load model=Qwen3.5-2B-UD-Q8_K_XL.gguf
  javaUsed=3.3MB javaTotal=10.5MB javaMax=256.0MB nativeHeap=15.2MB nativeHeapFree=50.5MB nativeHeapSize=69.2MB
  pssTotal=32.4MB privateDirty=23.7MB sharedDirty=51.9MB nativePss=15.0MB dalvikPss=3.8MB otherPss=13.6MB
  systemAvail=14.4GB systemThreshold=216.0MB lowMemory=false trimLevel=0 importance=125 fdCount=151
  procStatus VmRSS=184708 kB VmHWM=3161580 kB VmSize=17131348 kB VmSwap=2480 kB Threads=29 FDSize=256
2026-05-29 05:57:31.962 pid=1650 [runtime-memory] After model load cleanup model=Qwen3.5-2B-UD-Q8_K_XL.gguf
  javaUsed=2.6MB javaTotal=10.5MB javaMax=256.0MB nativeHeap=15.2MB nativeHeapFree=50.5MB nativeHeapSize=69.2MB
  pssTotal=30.1MB privateDirty=21.4MB sharedDirty=51.9MB nativePss=15.3MB dalvikPss=1.3MB otherPss=13.6MB
  systemAvail=14.4GB systemThreshold=216.0MB lowMemory=false trimLevel=0 importance=125 fdCount=151
  procStatus VmRSS=183100 kB VmHWM=3161580 kB VmSize=17131732 kB VmSwap=2480 kB Threads=29 FDSize=256
2026-05-29 05:57:33.136 pid=1650 [model-load-complete] config=Qwen3.5 2B model=Qwen3.5-2B-UD-Q8_K_XL.gguf mmproj=(none)
  javaUsed=2.6MB javaTotal=10.5MB javaMax=256.0MB nativeHeap=362.9MB nativeHeapFree=9.4MB nativeHeapSize=376.0MB
  pssTotal=2.9GB privateDirty=173.1MB sharedDirty=51.9MB nativePss=166.9MB dalvikPss=1.4MB otherPss=2.7GB
  systemAvail=14.3GB systemThreshold=216.0MB lowMemory=false trimLevel=0 importance=125 fdCount=151
  procStatus VmRSS=3152988 kB VmHWM=3161580 kB VmSize=20157952 kB VmSwap=2480 kB Threads=29 FDSize=256
2026-05-29 05:57:33.268 pid=1650 [generation-start] id=11 config=Qwen3.5 2B model=Qwen3.5-2B-UD-Q8_K_XL.gguf promptLen=1051 mediaCount=0
  javaUsed=2.8MB javaTotal=10.5MB javaMax=256.0MB nativeHeap=362.9MB nativeHeapFree=9.3MB nativeHeapSize=376.0MB
  pssTotal=2.9GB privateDirty=173.3MB sharedDirty=51.9MB nativePss=166.9MB dalvikPss=1.5MB otherPss=2.7GB
  systemAvail=14.3GB systemThreshold=216.0MB lowMemory=false trimLevel=0 importance=125 fdCount=151
  procStatus VmRSS=3153116 kB VmHWM=3161580 kB VmSize=20157952 kB VmSwap=2480 kB Threads=29 FDSize=256
2026-05-29 05:57:33.394 pid=1650 [generation-stage] id=11 stage=native-call-start
2026-05-29 05:58:22.800 pid=1650 [generation-stage] id=11 stage=native-call-end resultLen=151
2026-05-29 05:58:22.801 pid=1650 [generation-end] id=11 resultLen=151
  javaUsed=3.0MB javaTotal=10.5MB javaMax=256.0MB nativeHeap=364.1MB nativeHeapFree=9.3MB nativeHeapSize=377.1MB
  pssTotal=2.8GB privateDirty=145.8MB sharedDirty=51.9MB nativePss=139.3MB dalvikPss=1.6MB otherPss=2.7GB
  systemAvail=14.3GB systemThreshold=216.0MB lowMemory=false trimLevel=0 importance=125 fdCount=151
  procStatus VmRSS=3125152 kB VmHWM=3161580 kB VmSize=20157952 kB VmSwap=2480 kB Threads=29 FDSize=256
2026-05-29 05:58:23.651 pid=1650 [model-load] Loading configuration: Qwen3.5 2B MTP
2026-05-29 05:58:23.844 pid=1650 [runtime-memory] Before model load model=Qwen3.5-2B-Q8_0.gguf
  javaUsed=3.3MB javaTotal=10.5MB javaMax=256.0MB nativeHeap=15.2MB nativeHeapFree=50.5MB nativeHeapSize=69.2MB
  pssTotal=30.5MB privateDirty=21.7MB sharedDirty=51.9MB nativePss=15.1MB dalvikPss=1.8MB otherPss=13.6MB
  systemAvail=14.4GB systemThreshold=216.0MB lowMemory=false trimLevel=0 importance=125 fdCount=151
  procStatus VmRSS=183680 kB VmHWM=3161580 kB VmSize=17131732 kB VmSwap=2480 kB Threads=29 FDSize=256
2026-05-29 05:58:23.873 pid=1650 [runtime-memory] After model load cleanup model=Qwen3.5-2B-Q8_0.gguf
  javaUsed=2.6MB javaTotal=10.5MB javaMax=256.0MB nativeHeap=15.2MB nativeHeapFree=50.5MB nativeHeapSize=69.2MB
  pssTotal=32.0MB privateDirty=23.3MB sharedDirty=51.9MB nativePss=15.2MB dalvikPss=3.3MB otherPss=13.6MB
  systemAvail=14.4GB systemThreshold=216.0MB lowMemory=false trimLevel=0 importance=125 fdCount=151
  procStatus VmRSS=185444 kB VmHWM=3161580 kB VmSize=17131732 kB VmSwap=2480 kB Threads=29 FDSize=256
2026-05-29 05:58:24.370 pid=1650 [model-load-complete] config=Qwen3.5 2B MTP model=Qwen3.5-2B-Q8_0.gguf mmproj=(none)
  javaUsed=2.6MB javaTotal=10.5MB javaMax=256.0MB nativeHeap=362.9MB nativeHeapFree=9.4MB nativeHeapSize=376.0MB
  pssTotal=2.1GB privateDirty=175.2MB sharedDirty=51.9MB nativePss=167.0MB dalvikPss=3.3MB otherPss=1.9GB
  systemAvail=14.3GB systemThreshold=216.0MB lowMemory=false trimLevel=0 importance=125 fdCount=151
  procStatus VmRSS=2358136 kB VmHWM=3161580 kB VmSize=19360648 kB VmSwap=2480 kB Threads=29 FDSize=256
2026-05-29 05:58:24.433 pid=1650 [generation-start] id=12 config=Qwen3.5 2B MTP model=Qwen3.5-2B-Q8_0.gguf promptLen=1057 mediaCount=0
  javaUsed=2.8MB javaTotal=10.5MB javaMax=256.0MB nativeHeap=362.9MB nativeHeapFree=9.3MB nativeHeapSize=376.0MB
  pssTotal=2.1GB privateDirty=175.3MB sharedDirty=51.9MB nativePss=167.0MB dalvikPss=3.5MB otherPss=1.9GB
  systemAvail=14.3GB systemThreshold=216.0MB lowMemory=false trimLevel=0 importance=125 fdCount=151
  procStatus VmRSS=2356212 kB VmHWM=3161580 kB VmSize=19360648 kB VmSwap=2480 kB Threads=29 FDSize=256
2026-05-29 05:58:24.495 pid=1650 [generation-stage] id=12 stage=native-call-start
2026-05-29 05:58:57.724 pid=1650 [generation-stage] id=12 stage=native-call-end resultLen=45
2026-05-29 05:58:57.725 pid=1650 [generation-end] id=12 resultLen=45
  javaUsed=2.7MB javaTotal=10.5MB javaMax=256.0MB nativeHeap=364.1MB nativeHeapFree=9.3MB nativeHeapSize=377.1MB
  pssTotal=2.1GB privateDirty=145.5MB sharedDirty=51.9MB nativePss=139.2MB dalvikPss=1.4MB otherPss=1.9GB
  systemAvail=14.3GB systemThreshold=216.0MB lowMemory=false trimLevel=0 importance=125 fdCount=151
  procStatus VmRSS=2327508 kB VmHWM=3161580 kB VmSize=19360648 kB VmSwap=2480 kB Threads=29 FDSize=256
2026-05-29 05:58:58.443 pid=1650 [model-load] Loading configuration: Qwen3.5 2B
2026-05-29 05:58:58.605 pid=1650 [runtime-memory] Before model load model=Qwen3.5-2B-UD-Q8_K_XL.gguf
  javaUsed=3.0MB javaTotal=10.5MB javaMax=256.0MB nativeHeap=15.2MB nativeHeapFree=50.5MB nativeHeapSize=69.2MB
  pssTotal=30.2MB privateDirty=21.5MB sharedDirty=51.9MB nativePss=15.1MB dalvikPss=1.6MB otherPss=13.6MB
  systemAvail=14.4GB systemThreshold=216.0MB lowMemory=false trimLevel=0 importance=125 fdCount=151
  procStatus VmRSS=183188 kB VmHWM=3161580 kB VmSize=17131732 kB VmSwap=2480 kB Threads=29 FDSize=256
2026-05-29 05:58:58.633 pid=1650 [runtime-memory] After model load cleanup model=Qwen3.5-2B-UD-Q8_K_XL.gguf
  javaUsed=2.5MB javaTotal=10.5MB javaMax=256.0MB nativeHeap=15.2MB nativeHeapFree=50.5MB nativeHeapSize=69.2MB
  pssTotal=30.0MB privateDirty=21.3MB sharedDirty=51.9MB nativePss=15.2MB dalvikPss=1.3MB otherPss=13.6MB
  systemAvail=14.4GB systemThreshold=216.0MB lowMemory=false trimLevel=0 importance=125 fdCount=151
  procStatus VmRSS=182996 kB VmHWM=3161580 kB VmSize=17131732 kB VmSwap=2480 kB Threads=29 FDSize=256
2026-05-29 05:58:59.159 pid=1650 [model-load-complete] config=Qwen3.5 2B model=Qwen3.5-2B-UD-Q8_K_XL.gguf mmproj=(none)
  javaUsed=2.6MB javaTotal=10.5MB javaMax=256.0MB nativeHeap=362.9MB nativeHeapFree=9.4MB nativeHeapSize=376.0MB
  pssTotal=2.9GB privateDirty=173.2MB sharedDirty=51.9MB nativePss=167.0MB dalvikPss=1.4MB otherPss=2.7GB
  systemAvail=14.3GB systemThreshold=216.0MB lowMemory=false trimLevel=0 importance=125 fdCount=151
  procStatus VmRSS=3152992 kB VmHWM=3161580 kB VmSize=20157952 kB VmSwap=2480 kB Threads=29 FDSize=256
2026-05-29 05:58:59.235 pid=1650 [generation-start] id=13 config=Qwen3.5 2B model=Qwen3.5-2B-UD-Q8_K_XL.gguf promptLen=1057 mediaCount=0
  javaUsed=2.8MB javaTotal=10.5MB javaMax=256.0MB nativeHeap=362.9MB nativeHeapFree=9.3MB nativeHeapSize=376.0MB
  pssTotal=2.9GB privateDirty=173.4MB sharedDirty=51.9MB nativePss=167.0MB dalvikPss=1.5MB otherPss=2.7GB
  systemAvail=14.3GB systemThreshold=216.0MB lowMemory=false trimLevel=0 importance=125 fdCount=151
  procStatus VmRSS=3153248 kB VmHWM=3161580 kB VmSize=20157952 kB VmSwap=2480 kB Threads=29 FDSize=256
2026-05-29 05:58:59.308 pid=1650 [generation-stage] id=13 stage=native-call-start
2026-05-29 05:59:47.646 pid=1650 [generation-stage] id=13 stage=native-call-end resultLen=137
2026-05-29 05:59:47.646 pid=1650 [generation-end] id=13 resultLen=137
  javaUsed=3.0MB javaTotal=10.5MB javaMax=256.0MB nativeHeap=364.1MB nativeHeapFree=9.3MB nativeHeapSize=377.1MB
  pssTotal=2.8GB privateDirty=145.8MB sharedDirty=51.9MB nativePss=139.3MB dalvikPss=1.6MB otherPss=2.7GB
  systemAvail=14.3GB systemThreshold=216.0MB lowMemory=false trimLevel=0 importance=125 fdCount=151
  procStatus VmRSS=3125232 kB VmHWM=3161580 kB VmSize=20157952 kB VmSwap=2480 kB Threads=29 FDSize=256
2026-05-29 05:59:48.265 pid=1650 [model-load] Loading configuration: Qwen3.5 2B MTP
2026-05-29 05:59:48.449 pid=1650 [runtime-memory] Before model load model=Qwen3.5-2B-Q8_0.gguf
  javaUsed=3.3MB javaTotal=10.5MB javaMax=256.0MB nativeHeap=15.2MB nativeHeapFree=50.5MB nativeHeapSize=69.2MB
  pssTotal=30.5MB privateDirty=21.8MB sharedDirty=51.9MB nativePss=15.1MB dalvikPss=1.8MB otherPss=13.6MB
  systemAvail=14.4GB systemThreshold=216.0MB lowMemory=false trimLevel=0 importance=125 fdCount=151
  procStatus VmRSS=183612 kB VmHWM=3161580 kB VmSize=17131732 kB VmSwap=2480 kB Threads=29 FDSize=256
2026-05-29 05:59:48.477 pid=1650 [runtime-memory] After model load cleanup model=Qwen3.5-2B-Q8_0.gguf
  javaUsed=2.5MB javaTotal=10.5MB javaMax=256.0MB nativeHeap=15.2MB nativeHeapFree=50.5MB nativeHeapSize=69.2MB
  pssTotal=30.1MB privateDirty=21.3MB sharedDirty=51.9MB nativePss=15.2MB dalvikPss=1.3MB otherPss=13.6MB
  systemAvail=14.4GB systemThreshold=216.0MB lowMemory=false trimLevel=0 importance=125 fdCount=151
  procStatus VmRSS=183208 kB VmHWM=3161580 kB VmSize=17131732 kB VmSwap=2480 kB Threads=29 FDSize=256
2026-05-29 05:59:48.974 pid=1650 [model-load-complete] config=Qwen3.5 2B MTP model=Qwen3.5-2B-Q8_0.gguf mmproj=(none)
  javaUsed=2.6MB javaTotal=10.5MB javaMax=256.0MB nativeHeap=362.9MB nativeHeapFree=9.4MB nativeHeapSize=376.0MB
  pssTotal=2.1GB privateDirty=173.2MB sharedDirty=51.9MB nativePss=167.0MB dalvikPss=1.4MB otherPss=1.9GB
  systemAvail=14.2GB systemThreshold=216.0MB lowMemory=false trimLevel=0 importance=125 fdCount=151
  procStatus VmRSS=2355900 kB VmHWM=3161580 kB VmSize=19360648 kB VmSwap=2480 kB Threads=29 FDSize=256
2026-05-29 05:59:49.038 pid=1650 [generation-start] id=14 config=Qwen3.5 2B MTP model=Qwen3.5-2B-Q8_0.gguf promptLen=1054 mediaCount=0
  javaUsed=2.8MB javaTotal=10.5MB javaMax=256.0MB nativeHeap=362.9MB nativeHeapFree=9.3MB nativeHeapSize=376.0MB
  pssTotal=2.1GB privateDirty=173.4MB sharedDirty=51.9MB nativePss=167.0MB dalvikPss=1.5MB otherPss=1.9GB
  systemAvail=14.2GB systemThreshold=216.0MB lowMemory=false trimLevel=0 importance=125 fdCount=151
  procStatus VmRSS=2356156 kB VmHWM=3161580 kB VmSize=19360648 kB VmSwap=2480 kB Threads=29 FDSize=256
2026-05-29 05:59:49.099 pid=1650 [generation-stage] id=14 stage=native-call-start
2026-05-29 06:00:25.836 pid=1650 [generation-stage] id=14 stage=native-call-end resultLen=119
2026-05-29 06:00:25.837 pid=1650 [generation-end] id=14 resultLen=119
  javaUsed=3.0MB javaTotal=10.5MB javaMax=256.0MB nativeHeap=364.1MB nativeHeapFree=9.3MB nativeHeapSize=377.1MB
  pssTotal=2.1GB privateDirty=145.7MB sharedDirty=51.9MB nativePss=139.2MB dalvikPss=1.6MB otherPss=1.9GB
  systemAvail=14.3GB systemThreshold=216.0MB lowMemory=false trimLevel=0 importance=125 fdCount=151
  procStatus VmRSS=2327940 kB VmHWM=3161580 kB VmSize=19360648 kB VmSwap=2480 kB Threads=29 FDSize=256
2026-05-29 06:00:26.436 pid=1650 [model-load] Loading configuration: Qwen3.5 2B
2026-05-29 06:00:26.608 pid=1650 [runtime-memory] Before model load model=Qwen3.5-2B-UD-Q8_K_XL.gguf
  javaUsed=2.8MB javaTotal=10.5MB javaMax=256.0MB nativeHeap=15.2MB nativeHeapFree=50.5MB nativeHeapSize=69.2MB
  pssTotal=32.0MB privateDirty=23.3MB sharedDirty=51.9MB nativePss=15.0MB dalvikPss=3.4MB otherPss=13.6MB
  systemAvail=14.5GB systemThreshold=216.0MB lowMemory=false trimLevel=0 importance=125 fdCount=151
  procStatus VmRSS=185356 kB VmHWM=3161580 kB VmSize=17131732 kB VmSwap=2480 kB Threads=29 FDSize=256
2026-05-29 06:00:26.638 pid=1650 [runtime-memory] After model load cleanup model=Qwen3.5-2B-UD-Q8_K_XL.gguf
  javaUsed=2.6MB javaTotal=10.5MB javaMax=256.0MB nativeHeap=15.2MB nativeHeapFree=50.5MB nativeHeapSize=69.2MB
  pssTotal=32.0MB privateDirty=23.3MB sharedDirty=51.9MB nativePss=15.1MB dalvikPss=3.3MB otherPss=13.6MB
  systemAvail=14.5GB systemThreshold=216.0MB lowMemory=false trimLevel=0 importance=125 fdCount=151
  procStatus VmRSS=185376 kB VmHWM=3161580 kB VmSize=17131732 kB VmSwap=2480 kB Threads=29 FDSize=256
2026-05-29 06:00:27.202 pid=1650 [model-load-complete] config=Qwen3.5 2B model=Qwen3.5-2B-UD-Q8_K_XL.gguf mmproj=(none)
  javaUsed=2.6MB javaTotal=10.5MB javaMax=256.0MB nativeHeap=362.9MB nativeHeapFree=9.4MB nativeHeapSize=376.0MB
  pssTotal=2.9GB privateDirty=175.2MB sharedDirty=51.9MB nativePss=166.9MB dalvikPss=3.3MB otherPss=2.7GB
  systemAvail=14.3GB systemThreshold=216.0MB lowMemory=false trimLevel=0 importance=125 fdCount=151
  procStatus VmRSS=3155372 kB VmHWM=3161580 kB VmSize=20157952 kB VmSwap=2480 kB Threads=29 FDSize=256
2026-05-29 06:00:27.280 pid=1650 [generation-start] id=15 config=Qwen3.5 2B model=Qwen3.5-2B-UD-Q8_K_XL.gguf promptLen=1063 mediaCount=0
  javaUsed=2.8MB javaTotal=10.5MB javaMax=256.0MB nativeHeap=362.9MB nativeHeapFree=9.3MB nativeHeapSize=376.0MB
  pssTotal=2.9GB privateDirty=175.3MB sharedDirty=51.9MB nativePss=167.0MB dalvikPss=3.5MB otherPss=2.7GB
  systemAvail=14.3GB systemThreshold=216.0MB lowMemory=false trimLevel=0 importance=125 fdCount=151
  procStatus VmRSS=3155628 kB VmHWM=3161580 kB VmSize=20157952 kB VmSwap=2480 kB Threads=29 FDSize=256
2026-05-29 06:00:27.356 pid=1650 [generation-stage] id=15 stage=native-call-start
2026-05-29 06:01:14.264 pid=1650 [generation-stage] id=15 stage=native-call-end resultLen=53
2026-05-29 06:01:14.265 pid=1650 [generation-end] id=15 resultLen=53
  javaUsed=3.0MB javaTotal=10.5MB javaMax=256.0MB nativeHeap=364.1MB nativeHeapFree=9.3MB nativeHeapSize=377.1MB
  pssTotal=2.8GB privateDirty=147.8MB sharedDirty=51.9MB nativePss=139.3MB dalvikPss=3.6MB otherPss=2.7GB
  systemAvail=14.3GB systemThreshold=216.0MB lowMemory=false trimLevel=0 importance=125 fdCount=151
  procStatus VmRSS=3127492 kB VmHWM=3162528 kB VmSize=20157952 kB VmSwap=2480 kB Threads=29 FDSize=256
2026-05-29 06:01:14.885 pid=1650 [model-load] Loading configuration: Qwen3.5 2B MTP
2026-05-29 06:01:15.083 pid=1650 [runtime-memory] Before model load model=Qwen3.5-2B-Q8_0.gguf
  javaUsed=3.3MB javaTotal=10.5MB javaMax=256.0MB nativeHeap=15.2MB nativeHeapFree=50.5MB nativeHeapSize=69.2MB
  pssTotal=32.5MB privateDirty=23.8MB sharedDirty=51.9MB nativePss=15.1MB dalvikPss=3.8MB otherPss=13.6MB
  systemAvail=14.4GB systemThreshold=216.0MB lowMemory=false trimLevel=0 importance=125 fdCount=151
  procStatus VmRSS=185720 kB VmHWM=3162528 kB VmSize=17131732 kB VmSwap=2480 kB Threads=29 FDSize=256
2026-05-29 06:01:15.113 pid=1650 [runtime-memory] After model load cleanup model=Qwen3.5-2B-Q8_0.gguf
  javaUsed=2.5MB javaTotal=10.5MB javaMax=256.0MB nativeHeap=15.2MB nativeHeapFree=50.5MB nativeHeapSize=69.2MB
  pssTotal=30.0MB privateDirty=21.3MB sharedDirty=51.9MB nativePss=15.2MB dalvikPss=1.3MB otherPss=13.6MB
  systemAvail=14.4GB systemThreshold=216.0MB lowMemory=false trimLevel=0 importance=125 fdCount=151
  procStatus VmRSS=183276 kB VmHWM=3162528 kB VmSize=17131732 kB VmSwap=2480 kB Threads=29 FDSize=256
2026-05-29 06:01:15.646 pid=1650 [model-load-complete] config=Qwen3.5 2B MTP model=Qwen3.5-2B-Q8_0.gguf mmproj=(none)
  javaUsed=2.6MB javaTotal=10.5MB javaMax=256.0MB nativeHeap=362.9MB nativeHeapFree=9.4MB nativeHeapSize=376.0MB
  pssTotal=2.1GB privateDirty=173.1MB sharedDirty=51.9MB nativePss=166.9MB dalvikPss=1.4MB otherPss=1.9GB
  systemAvail=14.2GB systemThreshold=216.0MB lowMemory=false trimLevel=0 importance=125 fdCount=151
  procStatus VmRSS=2355968 kB VmHWM=3162528 kB VmSize=19360648 kB VmSwap=2480 kB Threads=29 FDSize=256
2026-05-29 06:01:15.712 pid=1650 [generation-start] id=16 config=Qwen3.5 2B MTP model=Qwen3.5-2B-Q8_0.gguf promptLen=1057 mediaCount=0
  javaUsed=2.8MB javaTotal=10.5MB javaMax=256.0MB nativeHeap=362.9MB nativeHeapFree=9.3MB nativeHeapSize=376.0MB
  pssTotal=2.1GB privateDirty=173.3MB sharedDirty=51.9MB nativePss=167.0MB dalvikPss=1.5MB otherPss=1.9GB
  systemAvail=14.2GB systemThreshold=216.0MB lowMemory=false trimLevel=0 importance=125 fdCount=151
  procStatus VmRSS=2356096 kB VmHWM=3162528 kB VmSize=19360648 kB VmSwap=2480 kB Threads=29 FDSize=256
2026-05-29 06:01:15.775 pid=1650 [generation-stage] id=16 stage=native-call-start
2026-05-29 06:01:54.428 pid=1650 [generation-stage] id=16 stage=native-call-end resultLen=103
2026-05-29 06:01:54.429 pid=1650 [generation-end] id=16 resultLen=103
  javaUsed=3.0MB javaTotal=10.5MB javaMax=256.0MB nativeHeap=364.1MB nativeHeapFree=9.3MB nativeHeapSize=377.1MB
  pssTotal=2.1GB privateDirty=145.7MB sharedDirty=51.9MB nativePss=139.2MB dalvikPss=1.6MB otherPss=1.9GB
  systemAvail=14.3GB systemThreshold=216.0MB lowMemory=false trimLevel=0 importance=125 fdCount=151
  procStatus VmRSS=2327780 kB VmHWM=3162528 kB VmSize=19360648 kB VmSwap=2480 kB Threads=29 FDSize=256
2026-05-29 06:01:55.352 pid=1650 [model-load] Loading configuration: Qwen3.5 2B
2026-05-29 06:01:55.531 pid=1650 [runtime-memory] Before model load model=Qwen3.5-2B-UD-Q8_K_XL.gguf
  javaUsed=2.6MB javaTotal=10.5MB javaMax=256.0MB nativeHeap=15.2MB nativeHeapFree=50.5MB nativeHeapSize=69.2MB
  pssTotal=29.9MB privateDirty=21.1MB sharedDirty=51.9MB nativePss=15.0MB dalvikPss=1.3MB otherPss=13.6MB
  systemAvail=14.4GB systemThreshold=216.0MB lowMemory=false trimLevel=0 importance=125 fdCount=151
  procStatus VmRSS=183168 kB VmHWM=3162528 kB VmSize=17131732 kB VmSwap=2480 kB Threads=29 FDSize=256
2026-05-29 06:01:55.561 pid=1650 [runtime-memory] After model load cleanup model=Qwen3.5-2B-UD-Q8_K_XL.gguf
  javaUsed=2.5MB javaTotal=10.5MB javaMax=256.0MB nativeHeap=15.2MB nativeHeapFree=50.5MB nativeHeapSize=69.2MB
  pssTotal=30.0MB privateDirty=21.2MB sharedDirty=51.9MB nativePss=15.1MB dalvikPss=1.3MB otherPss=13.6MB
  systemAvail=14.4GB systemThreshold=216.0MB lowMemory=false trimLevel=0 importance=125 fdCount=151
  procStatus VmRSS=183332 kB VmHWM=3162528 kB VmSize=17131732 kB VmSwap=2480 kB Threads=29 FDSize=256
2026-05-29 06:01:56.122 pid=1650 [model-load-complete] config=Qwen3.5 2B model=Qwen3.5-2B-UD-Q8_K_XL.gguf mmproj=(none)
  javaUsed=2.6MB javaTotal=10.5MB javaMax=256.0MB nativeHeap=362.9MB nativeHeapFree=9.4MB nativeHeapSize=376.0MB
  pssTotal=2.9GB privateDirty=173.2MB sharedDirty=51.9MB nativePss=166.9MB dalvikPss=1.4MB otherPss=2.7GB
  systemAvail=14.3GB systemThreshold=216.0MB lowMemory=false trimLevel=0 importance=125 fdCount=151
  procStatus VmRSS=3153328 kB VmHWM=3162528 kB VmSize=20157952 kB VmSwap=2480 kB Threads=29 FDSize=256
2026-05-29 06:01:56.200 pid=1650 [generation-start] id=17 config=Qwen3.5 2B model=Qwen3.5-2B-UD-Q8_K_XL.gguf promptLen=1054 mediaCount=0
  javaUsed=2.8MB javaTotal=10.5MB javaMax=256.0MB nativeHeap=362.9MB nativeHeapFree=9.3MB nativeHeapSize=376.0MB
  pssTotal=2.9GB privateDirty=173.3MB sharedDirty=51.9MB nativePss=167.0MB dalvikPss=1.5MB otherPss=2.7GB
  systemAvail=14.3GB systemThreshold=216.0MB lowMemory=false trimLevel=0 importance=125 fdCount=151
  procStatus VmRSS=3153584 kB VmHWM=3162528 kB VmSize=20157952 kB VmSwap=2480 kB Threads=29 FDSize=256
2026-05-29 06:01:56.276 pid=1650 [generation-stage] id=17 stage=native-call-start
2026-05-29 06:02:42.891 pid=1650 [generation-stage] id=17 stage=native-call-end resultLen=61
2026-05-29 06:02:42.892 pid=1650 [generation-end] id=17 resultLen=61
  javaUsed=3.0MB javaTotal=10.5MB javaMax=256.0MB nativeHeap=364.1MB nativeHeapFree=9.3MB nativeHeapSize=377.1MB
  pssTotal=2.8GB privateDirty=145.8MB sharedDirty=51.9MB nativePss=139.3MB dalvikPss=1.6MB otherPss=2.7GB
  systemAvail=14.3GB systemThreshold=216.0MB lowMemory=false trimLevel=0 importance=125 fdCount=151
  procStatus VmRSS=3125048 kB VmHWM=3162528 kB VmSize=20157952 kB VmSwap=2480 kB Threads=29 FDSize=256
2026-05-29 06:02:43.025 pid=1650 [model-load] Loading configuration: Qwen3.5 2B
2026-05-29 06:02:43.025 pid=1650 [model-load-skip] config=Qwen3.5 2B model already loaded
  javaUsed=3.2MB javaTotal=10.5MB javaMax=256.0MB nativeHeap=364.1MB nativeHeapFree=9.3MB nativeHeapSize=377.1MB
  pssTotal=2.8GB privateDirty=146.0MB sharedDirty=51.9MB nativePss=139.3MB dalvikPss=1.8MB otherPss=2.7GB
  systemAvail=14.3GB systemThreshold=216.0MB lowMemory=false trimLevel=0 importance=125 fdCount=151
  procStatus VmRSS=3125176 kB VmHWM=3162528 kB VmSize=20157952 kB VmSwap=2480 kB Threads=29 FDSize=256
2026-05-29 06:02:43.163 pid=1650 [generation-start] id=18 config=Qwen3.5 2B model=Qwen3.5-2B-UD-Q8_K_XL.gguf promptLen=1054 mediaCount=0
  javaUsed=3.4MB javaTotal=10.5MB javaMax=256.0MB nativeHeap=364.1MB nativeHeapFree=9.3MB nativeHeapSize=377.1MB
  pssTotal=2.8GB privateDirty=146.1MB sharedDirty=51.9MB nativePss=139.3MB dalvikPss=2.0MB otherPss=2.7GB
  systemAvail=14.3GB systemThreshold=216.0MB lowMemory=false trimLevel=0 importance=125 fdCount=151
  procStatus VmRSS=3125304 kB VmHWM=3162528 kB VmSize=20157952 kB VmSwap=2480 kB Threads=29 FDSize=256
2026-05-29 06:02:43.297 pid=1650 [generation-stage] id=18 stage=native-call-start
2026-05-29 06:03:31.207 pid=1650 [generation-stage] id=18 stage=native-call-end resultLen=70
2026-05-29 06:03:31.208 pid=1650 [generation-end] id=18 resultLen=70
  javaUsed=3.6MB javaTotal=10.5MB javaMax=256.0MB nativeHeap=364.1MB nativeHeapFree=9.3MB nativeHeapSize=377.1MB
  pssTotal=2.8GB privateDirty=146.2MB sharedDirty=51.9MB nativePss=139.3MB dalvikPss=2.1MB otherPss=2.7GB
  systemAvail=14.3GB systemThreshold=216.0MB lowMemory=false trimLevel=0 importance=125 fdCount=151
  procStatus VmRSS=3125816 kB VmHWM=3162528 kB VmSize=20157952 kB VmSwap=2480 kB Threads=29 FDSize=256
2026-05-29 06:03:31.339 pid=1650 [model-load] Loading configuration: Qwen3.5 2B
2026-05-29 06:03:31.340 pid=1650 [model-load-skip] config=Qwen3.5 2B model already loaded
  javaUsed=3.8MB javaTotal=10.5MB javaMax=256.0MB nativeHeap=364.1MB nativeHeapFree=9.3MB nativeHeapSize=377.1MB
  pssTotal=2.8GB privateDirty=146.4MB sharedDirty=51.9MB nativePss=139.3MB dalvikPss=2.3MB otherPss=2.7GB
  systemAvail=14.3GB systemThreshold=216.0MB lowMemory=false trimLevel=0 importance=125 fdCount=151
  procStatus VmRSS=3125944 kB VmHWM=3162528 kB VmSize=20157952 kB VmSwap=2480 kB Threads=29 FDSize=256
2026-05-29 06:03:31.468 pid=1650 [generation-start] id=19 config=Qwen3.5 2B model=Qwen3.5-2B-UD-Q8_K_XL.gguf promptLen=1054 mediaCount=0
  javaUsed=4.0MB javaTotal=10.5MB javaMax=256.0MB nativeHeap=364.1MB nativeHeapFree=9.3MB nativeHeapSize=377.1MB
  pssTotal=2.8GB privateDirty=146.6MB sharedDirty=51.9MB nativePss=139.3MB dalvikPss=2.4MB otherPss=2.7GB
  systemAvail=14.3GB systemThreshold=216.0MB lowMemory=false trimLevel=0 importance=125 fdCount=151
  procStatus VmRSS=3126072 kB VmHWM=3162528 kB VmSize=20157952 kB VmSwap=2480 kB Threads=29 FDSize=256
2026-05-29 06:03:31.592 pid=1650 [generation-stage] id=19 stage=native-call-start
2026-05-29 06:04:58.779 pid=1650 [generation-stage] id=19 stage=native-call-end resultLen=149
2026-05-29 06:04:58.780 pid=1650 [generation-end] id=19 resultLen=149
  javaUsed=4.2MB javaTotal=10.5MB javaMax=256.0MB nativeHeap=364.2MB nativeHeapFree=9.3MB nativeHeapSize=377.1MB
  pssTotal=2.8GB privateDirty=146.7MB sharedDirty=51.9MB nativePss=139.3MB dalvikPss=2.5MB otherPss=2.7GB
  systemAvail=14.5GB systemThreshold=216.0MB lowMemory=false trimLevel=0 importance=125 fdCount=151
  procStatus VmRSS=3126320 kB VmHWM=3162528 kB VmSize=20157952 kB VmSwap=2480 kB Threads=29 FDSize=256
2026-05-29 06:29:09.718 pid=1650 [model-load] Loading configuration: Qwen3.5 2B MTP
2026-05-29 06:29:09.865 pid=1650 [runtime-memory] Before model load model=Qwen3.5-2B-Q8_0.gguf
  javaUsed=2.6MB javaTotal=10.5MB javaMax=256.0MB nativeHeap=15.2MB nativeHeapFree=50.5MB nativeHeapSize=69.2MB
  pssTotal=30.0MB privateDirty=21.2MB sharedDirty=51.9MB nativePss=15.0MB dalvikPss=1.3MB otherPss=13.6MB
  systemAvail=14.5GB systemThreshold=216.0MB lowMemory=false trimLevel=0 importance=125 fdCount=151
  procStatus VmRSS=183708 kB VmHWM=3126704 kB VmSize=17131732 kB VmSwap=2480 kB Threads=29 FDSize=256
2026-05-29 06:29:09.885 pid=1650 [runtime-memory] After model load cleanup model=Qwen3.5-2B-Q8_0.gguf
  javaUsed=2.6MB javaTotal=10.5MB javaMax=256.0MB nativeHeap=15.2MB nativeHeapFree=50.5MB nativeHeapSize=69.2MB
  pssTotal=30.0MB privateDirty=21.3MB sharedDirty=51.9MB nativePss=15.1MB dalvikPss=1.3MB otherPss=13.6MB
  systemAvail=14.5GB systemThreshold=216.0MB lowMemory=false trimLevel=0 importance=125 fdCount=151
  procStatus VmRSS=183924 kB VmHWM=3126704 kB VmSize=17131732 kB VmSwap=2480 kB Threads=29 FDSize=256
2026-05-29 06:29:10.341 pid=1650 [model-load-complete] config=Qwen3.5 2B MTP model=Qwen3.5-2B-Q8_0.gguf mmproj=(none)
  javaUsed=2.6MB javaTotal=10.5MB javaMax=256.0MB nativeHeap=362.9MB nativeHeapFree=9.4MB nativeHeapSize=376.0MB
  pssTotal=2.1GB privateDirty=173.2MB sharedDirty=51.9MB nativePss=166.9MB dalvikPss=1.4MB otherPss=1.9GB
  systemAvail=14.3GB systemThreshold=216.0MB lowMemory=false trimLevel=0 importance=125 fdCount=151
  procStatus VmRSS=2356616 kB VmHWM=3126704 kB VmSize=19360648 kB VmSwap=2480 kB Threads=29 FDSize=256
2026-05-29 06:29:10.397 pid=1650 [generation-start] id=20 config=Qwen3.5 2B MTP model=Qwen3.5-2B-Q8_0.gguf promptLen=1057 mediaCount=0
  javaUsed=2.8MB javaTotal=10.5MB javaMax=256.0MB nativeHeap=362.9MB nativeHeapFree=9.4MB nativeHeapSize=376.0MB
  pssTotal=2.1GB privateDirty=173.4MB sharedDirty=51.9MB nativePss=167.0MB dalvikPss=1.5MB otherPss=1.9GB
  systemAvail=14.3GB systemThreshold=216.0MB lowMemory=false trimLevel=0 importance=125 fdCount=151
  procStatus VmRSS=2356872 kB VmHWM=3126704 kB VmSize=19360648 kB VmSwap=2480 kB Threads=29 FDSize=256
2026-05-29 06:29:10.449 pid=1650 [generation-stage] id=20 stage=native-call-start
2026-05-29 06:32:51.987 pid=1650 [generation-stage] id=20 stage=native-call-end resultLen=149
2026-05-29 06:32:51.988 pid=1650 [generation-end] id=20 resultLen=149
  javaUsed=3.2MB javaTotal=10.5MB javaMax=256.0MB nativeHeap=364.1MB nativeHeapFree=9.3MB nativeHeapSize=377.1MB
  pssTotal=2.1GB privateDirty=145.8MB sharedDirty=51.9MB nativePss=139.3MB dalvikPss=1.7MB otherPss=1.9GB
  systemAvail=14.3GB systemThreshold=216.0MB lowMemory=false trimLevel=0 importance=125 fdCount=151
  procStatus VmRSS=2328268 kB VmHWM=3126704 kB VmSize=19360648 kB VmSwap=2480 kB Threads=29 FDSize=256
2026-05-29 06:32:52.685 pid=1650 [model-load] Loading configuration: Qwen3.5 2B
2026-05-29 06:32:53.229 pid=1650 [runtime-memory] Before model load model=Qwen3.5-2B-UD-Q8_K_XL.gguf
  javaUsed=3.4MB javaTotal=10.5MB javaMax=256.0MB nativeHeap=15.2MB nativeHeapFree=50.5MB nativeHeapSize=69.2MB
  pssTotal=30.6MB privateDirty=21.9MB sharedDirty=51.9MB nativePss=15.1MB dalvikPss=1.9MB otherPss=13.6MB
  systemAvail=14.6GB systemThreshold=216.0MB lowMemory=false trimLevel=0 importance=125 fdCount=151
  procStatus VmRSS=184056 kB VmHWM=3126704 kB VmSize=17131732 kB VmSwap=2480 kB Threads=29 FDSize=256
2026-05-29 06:32:53.343 pid=1650 [runtime-memory] After model load cleanup model=Qwen3.5-2B-UD-Q8_K_XL.gguf
  javaUsed=2.6MB javaTotal=10.5MB javaMax=256.0MB nativeHeap=15.2MB nativeHeapFree=50.5MB nativeHeapSize=69.2MB
  pssTotal=30.1MB privateDirty=21.3MB sharedDirty=51.9MB nativePss=15.2MB dalvikPss=1.3MB otherPss=13.6MB
  systemAvail=14.6GB systemThreshold=216.0MB lowMemory=false trimLevel=0 importance=125 fdCount=151
  procStatus VmRSS=183428 kB VmHWM=3126704 kB VmSize=17131732 kB VmSwap=2480 kB Threads=29 FDSize=256
2026-05-29 06:32:54.387 pid=1650 [model-load-complete] config=Qwen3.5 2B model=Qwen3.5-2B-UD-Q8_K_XL.gguf mmproj=(none)
  javaUsed=2.7MB javaTotal=10.5MB javaMax=256.0MB nativeHeap=362.9MB nativeHeapFree=9.4MB nativeHeapSize=376.0MB
  pssTotal=2.9GB privateDirty=173.2MB sharedDirty=51.9MB nativePss=167.0MB dalvikPss=1.4MB otherPss=2.7GB
  systemAvail=14.4GB systemThreshold=216.0MB lowMemory=false trimLevel=0 importance=125 fdCount=151
  procStatus VmRSS=3153076 kB VmHWM=3153076 kB VmSize=20157952 kB VmSwap=2480 kB Threads=29 FDSize=256
2026-05-29 06:32:54.451 pid=1650 [generation-start] id=21 config=Qwen3.5 2B model=Qwen3.5-2B-UD-Q8_K_XL.gguf promptLen=1051 mediaCount=0
  javaUsed=2.9MB javaTotal=10.5MB javaMax=256.0MB nativeHeap=362.9MB nativeHeapFree=9.4MB nativeHeapSize=376.0MB
  pssTotal=2.9GB privateDirty=173.4MB sharedDirty=51.9MB nativePss=167.0MB dalvikPss=1.5MB otherPss=2.7GB
  systemAvail=14.4GB systemThreshold=216.0MB lowMemory=false trimLevel=0 importance=125 fdCount=151
  procStatus VmRSS=3153332 kB VmHWM=3153332 kB VmSize=20157952 kB VmSwap=2480 kB Threads=29 FDSize=256
2026-05-29 06:32:54.545 pid=1650 [generation-stage] id=21 stage=native-call-start
2026-05-29 06:33:49.287 pid=1650 [generation-stage] id=21 stage=native-call-end resultLen=200
2026-05-29 06:33:49.288 pid=1650 [generation-end] id=21 resultLen=200
  javaUsed=3.1MB javaTotal=10.5MB javaMax=256.0MB nativeHeap=364.1MB nativeHeapFree=9.3MB nativeHeapSize=377.1MB
  pssTotal=2.8GB privateDirty=145.9MB sharedDirty=51.9MB nativePss=139.3MB dalvikPss=1.7MB otherPss=2.7GB
  systemAvail=14.6GB systemThreshold=216.0MB lowMemory=false trimLevel=0 importance=125 fdCount=151
  procStatus VmRSS=3125580 kB VmHWM=3160756 kB VmSize=20157952 kB VmSwap=2480 kB Threads=29 FDSize=256
2026-05-29 06:33:50.026 pid=1650 [model-load] Loading configuration: Qwen3.5 2B MTP
2026-05-29 06:33:50.184 pid=1650 [runtime-memory] Before model load model=Qwen3.5-2B-Q8_0.gguf
  javaUsed=3.4MB javaTotal=10.5MB javaMax=256.0MB nativeHeap=15.2MB nativeHeapFree=50.5MB nativeHeapSize=69.2MB
  pssTotal=30.6MB privateDirty=21.8MB sharedDirty=51.9MB nativePss=15.1MB dalvikPss=1.9MB otherPss=13.6MB
  systemAvail=14.7GB systemThreshold=216.0MB lowMemory=false trimLevel=0 importance=125 fdCount=151
  procStatus VmRSS=183940 kB VmHWM=3160756 kB VmSize=17131732 kB VmSwap=2480 kB Threads=29 FDSize=256
2026-05-29 06:33:50.205 pid=1650 [runtime-memory] After model load cleanup model=Qwen3.5-2B-Q8_0.gguf
  javaUsed=2.6MB javaTotal=10.5MB javaMax=256.0MB nativeHeap=15.2MB nativeHeapFree=50.5MB nativeHeapSize=69.2MB
  pssTotal=30.1MB privateDirty=21.4MB sharedDirty=51.9MB nativePss=15.2MB dalvikPss=1.3MB otherPss=13.6MB
  systemAvail=14.7GB systemThreshold=216.0MB lowMemory=false trimLevel=0 importance=125 fdCount=151
  procStatus VmRSS=183612 kB VmHWM=3160756 kB VmSize=17131732 kB VmSwap=2480 kB Threads=29 FDSize=256
2026-05-29 06:33:50.591 pid=1650 [model-load-complete] config=Qwen3.5 2B MTP model=Qwen3.5-2B-Q8_0.gguf mmproj=(none)
  javaUsed=2.6MB javaTotal=10.5MB javaMax=256.0MB nativeHeap=362.9MB nativeHeapFree=9.4MB nativeHeapSize=376.0MB
  pssTotal=2.1GB privateDirty=173.2MB sharedDirty=51.9MB nativePss=167.0MB dalvikPss=1.4MB otherPss=1.9GB
  systemAvail=14.6GB systemThreshold=216.0MB lowMemory=false trimLevel=0 importance=125 fdCount=151
  procStatus VmRSS=2356304 kB VmHWM=3160756 kB VmSize=19360648 kB VmSwap=2480 kB Threads=29 FDSize=256
2026-05-29 06:33:50.642 pid=1650 [generation-start] id=22 config=Qwen3.5 2B MTP model=Qwen3.5-2B-Q8_0.gguf promptLen=1051 mediaCount=0
  javaUsed=2.8MB javaTotal=10.5MB javaMax=256.0MB nativeHeap=362.9MB nativeHeapFree=9.4MB nativeHeapSize=376.0MB
  pssTotal=2.1GB privateDirty=173.4MB sharedDirty=51.9MB nativePss=167.0MB dalvikPss=1.5MB otherPss=1.9GB
  systemAvail=14.6GB systemThreshold=216.0MB lowMemory=false trimLevel=0 importance=125 fdCount=151
  procStatus VmRSS=2356432 kB VmHWM=3160756 kB VmSize=19360648 kB VmSwap=2480 kB Threads=29 FDSize=256
2026-05-29 06:33:50.692 pid=1650 [generation-stage] id=22 stage=native-call-start
2026-05-29 06:34:26.278 pid=1650 [generation-stage] id=22 stage=native-call-end resultLen=117
2026-05-29 06:34:26.279 pid=1650 [generation-end] id=22 resultLen=117
  javaUsed=3.0MB javaTotal=10.5MB javaMax=256.0MB nativeHeap=364.1MB nativeHeapFree=9.3MB nativeHeapSize=377.1MB
  pssTotal=2.1GB privateDirty=145.7MB sharedDirty=51.9MB nativePss=139.2MB dalvikPss=1.6MB otherPss=1.9GB
  systemAvail=14.6GB systemThreshold=216.0MB lowMemory=false trimLevel=0 importance=125 fdCount=151
  procStatus VmRSS=2327884 kB VmHWM=3160756 kB VmSize=19360648 kB VmSwap=2480 kB Threads=29 FDSize=256
2026-05-29 06:34:26.887 pid=1650 [model-load] Loading configuration: Qwen3.5 2B
2026-05-29 06:34:27.037 pid=1650 [runtime-memory] Before model load model=Qwen3.5-2B-UD-Q8_K_XL.gguf
  javaUsed=3.3MB javaTotal=10.5MB javaMax=256.0MB nativeHeap=15.2MB nativeHeapFree=50.5MB nativeHeapSize=69.2MB
  pssTotal=30.5MB privateDirty=21.8MB sharedDirty=51.9MB nativePss=15.1MB dalvikPss=1.8MB otherPss=13.6MB
  systemAvail=14.7GB systemThreshold=216.0MB lowMemory=false trimLevel=0 importance=125 fdCount=151
  procStatus VmRSS=183784 kB VmHWM=3160756 kB VmSize=17131732 kB VmSwap=2480 kB Threads=29 FDSize=256
2026-05-29 06:34:27.058 pid=1650 [runtime-memory] After model load cleanup model=Qwen3.5-2B-UD-Q8_K_XL.gguf
  javaUsed=2.5MB javaTotal=10.5MB javaMax=256.0MB nativeHeap=15.2MB nativeHeapFree=50.5MB nativeHeapSize=69.2MB
  pssTotal=30.1MB privateDirty=21.4MB sharedDirty=51.9MB nativePss=15.2MB dalvikPss=1.3MB otherPss=13.6MB
  systemAvail=14.7GB systemThreshold=216.0MB lowMemory=false trimLevel=0 importance=125 fdCount=151
  procStatus VmRSS=183392 kB VmHWM=3160756 kB VmSize=17131732 kB VmSwap=2480 kB Threads=29 FDSize=256
2026-05-29 06:34:27.478 pid=1650 [model-load-complete] config=Qwen3.5 2B model=Qwen3.5-2B-UD-Q8_K_XL.gguf mmproj=(none)
  javaUsed=2.6MB javaTotal=10.5MB javaMax=256.0MB nativeHeap=362.9MB nativeHeapFree=9.4MB nativeHeapSize=376.0MB
  pssTotal=2.9GB privateDirty=173.2MB sharedDirty=51.9MB nativePss=167.0MB dalvikPss=1.4MB otherPss=2.7GB
  systemAvail=14.6GB systemThreshold=216.0MB lowMemory=false trimLevel=0 importance=125 fdCount=151
  procStatus VmRSS=3153388 kB VmHWM=3160756 kB VmSize=20157952 kB VmSwap=2480 kB Threads=29 FDSize=256
2026-05-29 06:34:27.543 pid=1650 [generation-start] id=23 config=Qwen3.5 2B model=Qwen3.5-2B-UD-Q8_K_XL.gguf promptLen=1060 mediaCount=0
  javaUsed=2.8MB javaTotal=10.5MB javaMax=256.0MB nativeHeap=362.9MB nativeHeapFree=9.4MB nativeHeapSize=376.0MB
  pssTotal=2.9GB privateDirty=173.4MB sharedDirty=51.9MB nativePss=167.0MB dalvikPss=1.5MB otherPss=2.7GB
  systemAvail=14.6GB systemThreshold=216.0MB lowMemory=false trimLevel=0 importance=125 fdCount=151
  procStatus VmRSS=3153516 kB VmHWM=3160756 kB VmSize=20157952 kB VmSwap=2480 kB Threads=29 FDSize=256
2026-05-29 06:34:27.608 pid=1650 [generation-stage] id=23 stage=native-call-start
2026-05-29 06:35:17.972 pid=1650 [generation-stage] id=23 stage=native-call-end resultLen=161
2026-05-29 06:35:17.972 pid=1650 [generation-end] id=23 resultLen=161
  javaUsed=3.0MB javaTotal=10.5MB javaMax=256.0MB nativeHeap=364.1MB nativeHeapFree=9.3MB nativeHeapSize=377.1MB
  pssTotal=2.8GB privateDirty=145.8MB sharedDirty=51.9MB nativePss=139.3MB dalvikPss=1.6MB otherPss=2.7GB
  systemAvail=14.6GB systemThreshold=216.0MB lowMemory=false trimLevel=0 importance=125 fdCount=151
  procStatus VmRSS=3125384 kB VmHWM=3160756 kB VmSize=20157952 kB VmSwap=2480 kB Threads=29 FDSize=256
2026-05-29 06:35:18.101 pid=1650 [model-load] Loading configuration: Qwen3.5 2B
2026-05-29 06:35:18.102 pid=1650 [model-load-skip] config=Qwen3.5 2B model already loaded
  javaUsed=3.3MB javaTotal=10.5MB javaMax=256.0MB nativeHeap=364.1MB nativeHeapFree=9.3MB nativeHeapSize=377.1MB
  pssTotal=2.8GB privateDirty=146.0MB sharedDirty=51.9MB nativePss=139.3MB dalvikPss=1.8MB otherPss=2.7GB
  systemAvail=14.6GB systemThreshold=216.0MB lowMemory=false trimLevel=0 importance=125 fdCount=151
  procStatus VmRSS=3125512 kB VmHWM=3160756 kB VmSize=20157952 kB VmSwap=2480 kB Threads=29 FDSize=256
2026-05-29 06:35:18.227 pid=1650 [generation-start] id=24 config=Qwen3.5 2B model=Qwen3.5-2B-UD-Q8_K_XL.gguf promptLen=1060 mediaCount=0
  javaUsed=3.4MB javaTotal=10.5MB javaMax=256.0MB nativeHeap=364.1MB nativeHeapFree=9.3MB nativeHeapSize=377.1MB
  pssTotal=2.8GB privateDirty=146.2MB sharedDirty=51.9MB nativePss=139.3MB dalvikPss=2.0MB otherPss=2.7GB
  systemAvail=14.6GB systemThreshold=216.0MB lowMemory=false trimLevel=0 importance=125 fdCount=151
  procStatus VmRSS=3125640 kB VmHWM=3160756 kB VmSize=20157952 kB VmSwap=2480 kB Threads=29 FDSize=256
2026-05-29 06:35:18.349 pid=1650 [generation-stage] id=24 stage=native-call-start
2026-05-29 06:36:04.892 pid=1650 [generation-stage] id=24 stage=native-call-end resultLen=106
2026-05-29 06:36:04.893 pid=1650 [generation-end] id=24 resultLen=106
  javaUsed=3.6MB javaTotal=10.5MB javaMax=256.0MB nativeHeap=364.1MB nativeHeapFree=9.3MB nativeHeapSize=377.1MB
  pssTotal=2.8GB privateDirty=146.3MB sharedDirty=51.9MB nativePss=139.3MB dalvikPss=2.1MB otherPss=2.7GB
  systemAvail=14.6GB systemThreshold=216.0MB lowMemory=false trimLevel=0 importance=125 fdCount=151
  procStatus VmRSS=3125892 kB VmHWM=3160756 kB VmSize=20157952 kB VmSwap=2480 kB Threads=29 FDSize=256
2026-05-29 06:36:05.640 pid=1650 [model-load] Loading configuration: Qwen3.5 2B MTP
2026-05-29 06:36:05.805 pid=1650 [runtime-memory] Before model load model=Qwen3.5-2B-Q8_0.gguf
  javaUsed=2.6MB javaTotal=10.5MB javaMax=256.0MB nativeHeap=15.2MB nativeHeapFree=50.5MB nativeHeapSize=69.2MB
  pssTotal=29.9MB privateDirty=21.2MB sharedDirty=51.9MB nativePss=15.0MB dalvikPss=1.3MB otherPss=13.6MB
  systemAvail=14.7GB systemThreshold=216.0MB lowMemory=false trimLevel=0 importance=125 fdCount=151
  procStatus VmRSS=183348 kB VmHWM=3160756 kB VmSize=17131732 kB VmSwap=2480 kB Threads=29 FDSize=256
2026-05-29 06:36:05.826 pid=1650 [runtime-memory] After model load cleanup model=Qwen3.5-2B-Q8_0.gguf
  javaUsed=2.5MB javaTotal=10.5MB javaMax=256.0MB nativeHeap=15.2MB nativeHeapFree=50.5MB nativeHeapSize=69.2MB
  pssTotal=30.0MB privateDirty=21.3MB sharedDirty=51.9MB nativePss=15.1MB dalvikPss=1.3MB otherPss=13.6MB
  systemAvail=14.7GB systemThreshold=216.0MB lowMemory=false trimLevel=0 importance=125 fdCount=151
  procStatus VmRSS=183480 kB VmHWM=3160756 kB VmSize=17131732 kB VmSwap=2480 kB Threads=29 FDSize=256
2026-05-29 06:36:06.228 pid=1650 [model-load-complete] config=Qwen3.5 2B MTP model=Qwen3.5-2B-Q8_0.gguf mmproj=(none)
  javaUsed=2.6MB javaTotal=10.5MB javaMax=256.0MB nativeHeap=362.9MB nativeHeapFree=9.4MB nativeHeapSize=376.0MB
  pssTotal=2.1GB privateDirty=173.2MB sharedDirty=51.9MB nativePss=167.0MB dalvikPss=1.4MB otherPss=1.9GB
  systemAvail=14.6GB systemThreshold=216.0MB lowMemory=false trimLevel=0 importance=125 fdCount=151
  procStatus VmRSS=2356172 kB VmHWM=3160756 kB VmSize=19360648 kB VmSwap=2480 kB Threads=29 FDSize=256
2026-05-29 06:36:06.281 pid=1650 [generation-start] id=25 config=Qwen3.5 2B MTP model=Qwen3.5-2B-Q8_0.gguf promptLen=1054 mediaCount=0
  javaUsed=2.8MB javaTotal=10.5MB javaMax=256.0MB nativeHeap=362.9MB nativeHeapFree=9.4MB nativeHeapSize=376.0MB
  pssTotal=2.1GB privateDirty=173.4MB sharedDirty=51.9MB nativePss=167.0MB dalvikPss=1.5MB otherPss=1.9GB
  systemAvail=14.6GB systemThreshold=216.0MB lowMemory=false trimLevel=0 importance=125 fdCount=151
  procStatus VmRSS=2356428 kB VmHWM=3160756 kB VmSize=19360648 kB VmSwap=2480 kB Threads=29 FDSize=256
2026-05-29 06:36:06.333 pid=1650 [generation-stage] id=25 stage=native-call-start
2026-05-29 06:36:40.835 pid=1650 [generation-stage] id=25 stage=native-call-end resultLen=76
2026-05-29 06:36:40.835 pid=1650 [generation-end] id=25 resultLen=76
  javaUsed=3.0MB javaTotal=10.5MB javaMax=256.0MB nativeHeap=364.1MB nativeHeapFree=9.3MB nativeHeapSize=377.1MB
  pssTotal=2.1GB privateDirty=145.7MB sharedDirty=51.9MB nativePss=139.2MB dalvikPss=1.6MB otherPss=1.9GB
  systemAvail=14.6GB systemThreshold=216.0MB lowMemory=false trimLevel=0 importance=125 fdCount=151
  procStatus VmRSS=2328144 kB VmHWM=3160756 kB VmSize=19360648 kB VmSwap=2480 kB Threads=29 FDSize=256
2026-05-29 06:36:41.446 pid=1650 [model-load] Loading configuration: Qwen3.5 2B
2026-05-29 06:36:41.587 pid=1650 [runtime-memory] Before model load model=Qwen3.5-2B-UD-Q8_K_XL.gguf
  javaUsed=3.3MB javaTotal=10.5MB javaMax=256.0MB nativeHeap=15.2MB nativeHeapFree=50.5MB nativeHeapSize=69.2MB
  pssTotal=30.6MB privateDirty=21.8MB sharedDirty=51.9MB nativePss=15.1MB dalvikPss=1.8MB otherPss=13.6MB
  systemAvail=14.7GB systemThreshold=216.0MB lowMemory=false trimLevel=0 importance=125 fdCount=151
  procStatus VmRSS=183908 kB VmHWM=3160756 kB VmSize=17131732 kB VmSwap=2480 kB Threads=29 FDSize=256
2026-05-29 06:36:41.609 pid=1650 [runtime-memory] After model load cleanup model=Qwen3.5-2B-UD-Q8_K_XL.gguf
  javaUsed=2.5MB javaTotal=10.5MB javaMax=256.0MB nativeHeap=15.2MB nativeHeapFree=50.5MB nativeHeapSize=69.2MB
  pssTotal=30.1MB privateDirty=21.4MB sharedDirty=51.9MB nativePss=15.2MB dalvikPss=1.3MB otherPss=13.6MB
  systemAvail=14.7GB systemThreshold=216.0MB lowMemory=false trimLevel=0 importance=125 fdCount=151
  procStatus VmRSS=183504 kB VmHWM=3160756 kB VmSize=17131732 kB VmSwap=2480 kB Threads=29 FDSize=256
2026-05-29 06:36:42.019 pid=1650 [model-load-complete] config=Qwen3.5 2B model=Qwen3.5-2B-UD-Q8_K_XL.gguf mmproj=(none)
  javaUsed=2.6MB javaTotal=10.5MB javaMax=256.0MB nativeHeap=362.9MB nativeHeapFree=9.4MB nativeHeapSize=376.0MB
  pssTotal=2.9GB privateDirty=173.2MB sharedDirty=51.9MB nativePss=166.9MB dalvikPss=1.4MB otherPss=2.7GB
  systemAvail=14.6GB systemThreshold=216.0MB lowMemory=false trimLevel=0 importance=125 fdCount=151
  procStatus VmRSS=3153500 kB VmHWM=3160756 kB VmSize=20157952 kB VmSwap=2480 kB Threads=29 FDSize=256
2026-05-29 06:36:42.083 pid=1650 [generation-start] id=26 config=Qwen3.5 2B model=Qwen3.5-2B-UD-Q8_K_XL.gguf promptLen=1066 mediaCount=0
  javaUsed=2.8MB javaTotal=10.5MB javaMax=256.0MB nativeHeap=362.9MB nativeHeapFree=9.4MB nativeHeapSize=376.0MB
  pssTotal=2.9GB privateDirty=173.4MB sharedDirty=51.9MB nativePss=167.0MB dalvikPss=1.5MB otherPss=2.7GB
  systemAvail=14.6GB systemThreshold=216.0MB lowMemory=false trimLevel=0 importance=125 fdCount=151
  procStatus VmRSS=3153628 kB VmHWM=3160756 kB VmSize=20157952 kB VmSwap=2480 kB Threads=29 FDSize=256
2026-05-29 06:36:42.146 pid=1650 [generation-stage] id=26 stage=native-call-start
2026-05-29 06:37:25.076 pid=1650 [generation-stage] id=26 stage=native-call-end resultLen=46
2026-05-29 06:37:25.076 pid=1650 [generation-end] id=26 resultLen=46
  javaUsed=3.0MB javaTotal=10.5MB javaMax=256.0MB nativeHeap=364.1MB nativeHeapFree=9.3MB nativeHeapSize=377.1MB
  pssTotal=2.8GB privateDirty=145.8MB sharedDirty=51.9MB nativePss=139.3MB dalvikPss=1.6MB otherPss=2.7GB
  systemAvail=14.5GB systemThreshold=216.0MB lowMemory=false trimLevel=0 importance=125 fdCount=151
  procStatus VmRSS=3125536 kB VmHWM=3160756 kB VmSize=20157952 kB VmSwap=2480 kB Threads=29 FDSize=256
2026-05-29 06:37:25.813 pid=1650 [model-load] Loading configuration: Qwen3.5 2B MTP
2026-05-29 06:37:25.973 pid=1650 [runtime-memory] Before model load model=Qwen3.5-2B-Q8_0.gguf
  javaUsed=3.3MB javaTotal=10.5MB javaMax=256.0MB nativeHeap=15.2MB nativeHeapFree=50.5MB nativeHeapSize=69.2MB
  pssTotal=30.5MB privateDirty=21.8MB sharedDirty=51.9MB nativePss=15.1MB dalvikPss=1.8MB otherPss=13.6MB
  systemAvail=14.6GB systemThreshold=216.0MB lowMemory=false trimLevel=0 importance=125 fdCount=151
  procStatus VmRSS=183864 kB VmHWM=3160756 kB VmSize=17131732 kB VmSwap=2480 kB Threads=29 FDSize=256
2026-05-29 06:37:25.995 pid=1650 [runtime-memory] After model load cleanup model=Qwen3.5-2B-Q8_0.gguf
  javaUsed=2.5MB javaTotal=10.5MB javaMax=256.0MB nativeHeap=15.2MB nativeHeapFree=50.5MB nativeHeapSize=69.2MB
  pssTotal=30.1MB privateDirty=21.4MB sharedDirty=51.9MB nativePss=15.2MB dalvikPss=1.3MB otherPss=13.6MB
  systemAvail=14.6GB systemThreshold=216.0MB lowMemory=false trimLevel=0 importance=125 fdCount=151
  procStatus VmRSS=183464 kB VmHWM=3160756 kB VmSize=17131732 kB VmSwap=2480 kB Threads=29 FDSize=256
2026-05-29 06:37:26.380 pid=1650 [model-load-complete] config=Qwen3.5 2B MTP model=Qwen3.5-2B-Q8_0.gguf mmproj=(none)
  javaUsed=2.6MB javaTotal=10.5MB javaMax=256.0MB nativeHeap=362.9MB nativeHeapFree=9.4MB nativeHeapSize=376.0MB
  pssTotal=2.1GB privateDirty=173.2MB sharedDirty=51.9MB nativePss=167.0MB dalvikPss=1.4MB otherPss=1.9GB
  systemAvail=14.5GB systemThreshold=216.0MB lowMemory=false trimLevel=0 importance=125 fdCount=151
  procStatus VmRSS=2356156 kB VmHWM=3160756 kB VmSize=19360648 kB VmSwap=2480 kB Threads=29 FDSize=256
2026-05-29 06:37:26.434 pid=1650 [generation-start] id=27 config=Qwen3.5 2B MTP model=Qwen3.5-2B-Q8_0.gguf promptLen=1051 mediaCount=0
  javaUsed=2.8MB javaTotal=10.5MB javaMax=256.0MB nativeHeap=362.9MB nativeHeapFree=9.4MB nativeHeapSize=376.0MB
  pssTotal=2.1GB privateDirty=173.4MB sharedDirty=51.9MB nativePss=167.0MB dalvikPss=1.5MB otherPss=1.9GB
  systemAvail=14.5GB systemThreshold=216.0MB lowMemory=false trimLevel=0 importance=125 fdCount=151
  procStatus VmRSS=2356284 kB VmHWM=3160756 kB VmSize=19360648 kB VmSwap=2480 kB Threads=29 FDSize=256
2026-05-29 06:37:26.486 pid=1650 [generation-stage] id=27 stage=native-call-start
2026-05-29 06:38:09.011 pid=1650 [generation-stage] id=27 stage=native-call-end resultLen=244
2026-05-29 06:38:09.011 pid=1650 [generation-end] id=27 resultLen=244
  javaUsed=3.0MB javaTotal=10.5MB javaMax=256.0MB nativeHeap=364.1MB nativeHeapFree=9.3MB nativeHeapSize=377.1MB
  pssTotal=2.1GB privateDirty=145.7MB sharedDirty=51.9MB nativePss=139.2MB dalvikPss=1.6MB otherPss=1.9GB
  systemAvail=14.5GB systemThreshold=216.0MB lowMemory=false trimLevel=0 importance=125 fdCount=151
  procStatus VmRSS=2328032 kB VmHWM=3160756 kB VmSize=19360648 kB VmSwap=2480 kB Threads=29 FDSize=256
2026-05-29 06:38:09.624 pid=1650 [model-load] Loading configuration: Qwen3.5 2B
2026-05-29 06:38:09.762 pid=1650 [runtime-memory] Before model load model=Qwen3.5-2B-UD-Q8_K_XL.gguf
  javaUsed=3.3MB javaTotal=10.5MB javaMax=256.0MB nativeHeap=15.2MB nativeHeapFree=50.5MB nativeHeapSize=69.2MB
  pssTotal=30.5MB privateDirty=21.8MB sharedDirty=51.9MB nativePss=15.1MB dalvikPss=1.8MB otherPss=13.6MB
  systemAvail=14.6GB systemThreshold=216.0MB lowMemory=false trimLevel=0 importance=125 fdCount=151
  procStatus VmRSS=183852 kB VmHWM=3160756 kB VmSize=17131732 kB VmSwap=2480 kB Threads=29 FDSize=256
2026-05-29 06:38:09.784 pid=1650 [runtime-memory] After model load cleanup model=Qwen3.5-2B-UD-Q8_K_XL.gguf
  javaUsed=2.6MB javaTotal=10.5MB javaMax=256.0MB nativeHeap=15.2MB nativeHeapFree=50.5MB nativeHeapSize=69.2MB
  pssTotal=30.1MB privateDirty=21.4MB sharedDirty=51.9MB nativePss=15.2MB dalvikPss=1.3MB otherPss=13.6MB
  systemAvail=14.6GB systemThreshold=216.0MB lowMemory=false trimLevel=0 importance=125 fdCount=151
  procStatus VmRSS=183440 kB VmHWM=3160756 kB VmSize=17131732 kB VmSwap=2480 kB Threads=29 FDSize=256
2026-05-29 06:38:10.195 pid=1650 [model-load-complete] config=Qwen3.5 2B model=Qwen3.5-2B-UD-Q8_K_XL.gguf mmproj=(none)
  javaUsed=2.6MB javaTotal=10.5MB javaMax=256.0MB nativeHeap=362.9MB nativeHeapFree=9.4MB nativeHeapSize=376.0MB
  pssTotal=2.9GB privateDirty=173.2MB sharedDirty=51.9MB nativePss=167.0MB dalvikPss=1.4MB otherPss=2.7GB
  systemAvail=14.5GB systemThreshold=216.0MB lowMemory=false trimLevel=0 importance=125 fdCount=151
  procStatus VmRSS=3153436 kB VmHWM=3160756 kB VmSize=20157952 kB VmSwap=2480 kB Threads=29 FDSize=256
2026-05-29 06:38:10.260 pid=1650 [generation-start] id=28 config=Qwen3.5 2B model=Qwen3.5-2B-UD-Q8_K_XL.gguf promptLen=1075 mediaCount=0
  javaUsed=2.8MB javaTotal=10.5MB javaMax=256.0MB nativeHeap=362.9MB nativeHeapFree=9.4MB nativeHeapSize=376.0MB
  pssTotal=2.9GB privateDirty=173.4MB sharedDirty=51.9MB nativePss=167.0MB dalvikPss=1.5MB otherPss=2.7GB
  systemAvail=14.5GB systemThreshold=216.0MB lowMemory=false trimLevel=0 importance=125 fdCount=151
  procStatus VmRSS=3153564 kB VmHWM=3160756 kB VmSize=20157952 kB VmSwap=2480 kB Threads=29 FDSize=256
2026-05-29 06:38:10.322 pid=1650 [generation-stage] id=28 stage=native-call-start
2026-05-29 06:38:58.668 pid=1650 [generation-stage] id=28 stage=native-call-end resultLen=141
2026-05-29 06:38:58.668 pid=1650 [generation-end] id=28 resultLen=141
  javaUsed=3.0MB javaTotal=10.5MB javaMax=256.0MB nativeHeap=364.1MB nativeHeapFree=9.3MB nativeHeapSize=377.1MB
  pssTotal=2.8GB privateDirty=145.8MB sharedDirty=51.9MB nativePss=139.3MB dalvikPss=1.6MB otherPss=2.7GB
  systemAvail=14.6GB systemThreshold=216.0MB lowMemory=false trimLevel=0 importance=125 fdCount=151
  procStatus VmRSS=3125420 kB VmHWM=3160756 kB VmSize=20157952 kB VmSwap=2480 kB Threads=29 FDSize=256
2026-05-29 06:38:59.293 pid=1650 [model-load] Loading configuration: Qwen3.5 2B MTP
2026-05-29 06:38:59.450 pid=1650 [runtime-memory] Before model load model=Qwen3.5-2B-Q8_0.gguf
  javaUsed=3.3MB javaTotal=10.5MB javaMax=256.0MB nativeHeap=15.2MB nativeHeapFree=50.5MB nativeHeapSize=69.2MB
  pssTotal=30.5MB privateDirty=21.8MB sharedDirty=51.9MB nativePss=15.1MB dalvikPss=1.8MB otherPss=13.6MB
  systemAvail=14.7GB systemThreshold=216.0MB lowMemory=false trimLevel=0 importance=125 fdCount=151
  procStatus VmRSS=183804 kB VmHWM=3160756 kB VmSize=17131732 kB VmSwap=2480 kB Threads=29 FDSize=256
2026-05-29 06:38:59.471 pid=1650 [runtime-memory] After model load cleanup model=Qwen3.5-2B-Q8_0.gguf
  javaUsed=2.6MB javaTotal=10.5MB javaMax=256.0MB nativeHeap=15.2MB nativeHeapFree=50.5MB nativeHeapSize=69.2MB
  pssTotal=30.1MB privateDirty=21.4MB sharedDirty=51.9MB nativePss=15.2MB dalvikPss=1.3MB otherPss=13.6MB
  systemAvail=14.7GB systemThreshold=216.0MB lowMemory=false trimLevel=0 importance=125 fdCount=151
  procStatus VmRSS=183404 kB VmHWM=3160756 kB VmSize=17131732 kB VmSwap=2480 kB Threads=29 FDSize=256
2026-05-29 06:38:59.861 pid=1650 [model-load-complete] config=Qwen3.5 2B MTP model=Qwen3.5-2B-Q8_0.gguf mmproj=(none)
  javaUsed=2.6MB javaTotal=10.5MB javaMax=256.0MB nativeHeap=362.9MB nativeHeapFree=9.4MB nativeHeapSize=376.0MB
  pssTotal=2.1GB privateDirty=173.2MB sharedDirty=51.9MB nativePss=167.0MB dalvikPss=1.4MB otherPss=1.9GB
  systemAvail=14.6GB systemThreshold=216.0MB lowMemory=false trimLevel=0 importance=125 fdCount=151
  procStatus VmRSS=2356096 kB VmHWM=3160756 kB VmSize=19360648 kB VmSwap=2480 kB Threads=29 FDSize=256
2026-05-29 06:38:59.915 pid=1650 [generation-start] id=29 config=Qwen3.5 2B MTP model=Qwen3.5-2B-Q8_0.gguf promptLen=1051 mediaCount=0
  javaUsed=2.8MB javaTotal=10.5MB javaMax=256.0MB nativeHeap=362.9MB nativeHeapFree=9.4MB nativeHeapSize=376.0MB
  pssTotal=2.1GB privateDirty=173.2MB sharedDirty=51.9MB nativePss=167.0MB dalvikPss=1.5MB otherPss=1.9GB
  systemAvail=14.6GB systemThreshold=216.0MB lowMemory=false trimLevel=0 importance=125 fdCount=151
  procStatus VmRSS=2356160 kB VmHWM=3160756 kB VmSize=19360648 kB VmSwap=2480 kB Threads=29 FDSize=256
2026-05-29 06:38:59.967 pid=1650 [generation-stage] id=29 stage=native-call-start
2026-05-29 06:39:33.758 pid=1650 [generation-stage] id=29 stage=native-call-end resultLen=82
2026-05-29 06:39:33.759 pid=1650 [generation-end] id=29 resultLen=82
  javaUsed=2.7MB javaTotal=10.5MB javaMax=256.0MB nativeHeap=364.1MB nativeHeapFree=9.3MB nativeHeapSize=377.1MB
  pssTotal=2.1GB privateDirty=145.5MB sharedDirty=51.9MB nativePss=139.2MB dalvikPss=1.4MB otherPss=1.9GB
  systemAvail=14.6GB systemThreshold=216.0MB lowMemory=false trimLevel=0 importance=125 fdCount=151
  procStatus VmRSS=2327972 kB VmHWM=3160756 kB VmSize=19360648 kB VmSwap=2480 kB Threads=29 FDSize=256
2026-05-29 06:39:34.497 pid=1650 [model-load] Loading configuration: Qwen3.5 2B
2026-05-29 06:39:34.635 pid=1650 [runtime-memory] Before model load model=Qwen3.5-2B-UD-Q8_K_XL.gguf
  javaUsed=3.0MB javaTotal=10.5MB javaMax=256.0MB nativeHeap=15.2MB nativeHeapFree=50.5MB nativeHeapSize=69.2MB
  pssTotal=30.3MB privateDirty=21.6MB sharedDirty=51.9MB nativePss=15.1MB dalvikPss=1.6MB otherPss=13.6MB
  systemAvail=14.7GB systemThreshold=216.0MB lowMemory=false trimLevel=0 importance=125 fdCount=151
  procStatus VmRSS=183836 kB VmHWM=3160756 kB VmSize=17131732 kB VmSwap=2480 kB Threads=29 FDSize=256
2026-05-29 06:39:34.657 pid=1650 [runtime-memory] After model load cleanup model=Qwen3.5-2B-UD-Q8_K_XL.gguf
  javaUsed=2.6MB javaTotal=10.5MB javaMax=256.0MB nativeHeap=15.2MB nativeHeapFree=50.5MB nativeHeapSize=69.2MB
  pssTotal=32.1MB privateDirty=23.4MB sharedDirty=51.9MB nativePss=15.2MB dalvikPss=3.3MB otherPss=13.6MB
  systemAvail=14.7GB systemThreshold=216.0MB lowMemory=false trimLevel=0 importance=125 fdCount=151
  procStatus VmRSS=185692 kB VmHWM=3160756 kB VmSize=17131732 kB VmSwap=2480 kB Threads=29 FDSize=256
2026-05-29 06:39:35.069 pid=1650 [model-load-complete] config=Qwen3.5 2B model=Qwen3.5-2B-UD-Q8_K_XL.gguf mmproj=(none)
  javaUsed=2.6MB javaTotal=10.5MB javaMax=256.0MB nativeHeap=362.9MB nativeHeapFree=9.4MB nativeHeapSize=376.0MB
  pssTotal=2.9GB privateDirty=175.2MB sharedDirty=51.9MB nativePss=167.0MB dalvikPss=3.4MB otherPss=2.7GB
  systemAvail=14.5GB systemThreshold=216.0MB lowMemory=false trimLevel=0 importance=125 fdCount=151
  procStatus VmRSS=3155688 kB VmHWM=3160756 kB VmSize=20157952 kB VmSwap=2480 kB Threads=29 FDSize=256
2026-05-29 06:39:35.133 pid=1650 [generation-start] id=30 config=Qwen3.5 2B model=Qwen3.5-2B-UD-Q8_K_XL.gguf promptLen=1075 mediaCount=0
  javaUsed=2.8MB javaTotal=10.5MB javaMax=256.0MB nativeHeap=362.9MB nativeHeapFree=9.4MB nativeHeapSize=376.0MB
  pssTotal=2.9GB privateDirty=175.4MB sharedDirty=51.9MB nativePss=167.0MB dalvikPss=3.5MB otherPss=2.7GB
  systemAvail=14.5GB systemThreshold=216.0MB lowMemory=false trimLevel=0 importance=125 fdCount=151
  procStatus VmRSS=3155816 kB VmHWM=3160756 kB VmSize=20157952 kB VmSwap=2480 kB Threads=29 FDSize=256
2026-05-29 06:39:35.196 pid=1650 [generation-stage] id=30 stage=native-call-start
2026-05-29 06:40:17.848 pid=1650 [generation-stage] id=30 stage=native-call-end resultLen=41
2026-05-29 06:40:17.848 pid=1650 [generation-end] id=30 resultLen=41
  javaUsed=3.0MB javaTotal=10.5MB javaMax=256.0MB nativeHeap=364.1MB nativeHeapFree=9.3MB nativeHeapSize=377.1MB
  pssTotal=2.8GB privateDirty=147.8MB sharedDirty=51.9MB nativePss=139.3MB dalvikPss=3.6MB otherPss=2.7GB
  systemAvail=14.6GB systemThreshold=216.0MB lowMemory=false trimLevel=0 importance=125 fdCount=151
  procStatus VmRSS=3127668 kB VmHWM=3162728 kB VmSize=20157952 kB VmSwap=2480 kB Threads=29 FDSize=256
2026-05-29 06:40:18.592 pid=1650 [model-load] Loading configuration: Qwen3.5 2B MTP
2026-05-29 06:40:18.748 pid=1650 [runtime-memory] Before model load model=Qwen3.5-2B-Q8_0.gguf
  javaUsed=3.3MB javaTotal=10.5MB javaMax=256.0MB nativeHeap=15.2MB nativeHeapFree=50.5MB nativeHeapSize=69.2MB
  pssTotal=32.5MB privateDirty=23.8MB sharedDirty=51.9MB nativePss=15.1MB dalvikPss=3.8MB otherPss=13.6MB
  systemAvail=14.7GB systemThreshold=216.0MB lowMemory=false trimLevel=0 importance=125 fdCount=151
  procStatus VmRSS=185924 kB VmHWM=3162728 kB VmSize=17131732 kB VmSwap=2480 kB Threads=29 FDSize=256
2026-05-29 06:40:18.770 pid=1650 [runtime-memory] After model load cleanup model=Qwen3.5-2B-Q8_0.gguf
  javaUsed=2.5MB javaTotal=10.5MB javaMax=256.0MB nativeHeap=15.2MB nativeHeapFree=50.5MB nativeHeapSize=69.2MB
  pssTotal=32.1MB privateDirty=23.4MB sharedDirty=51.9MB nativePss=15.2MB dalvikPss=3.3MB otherPss=13.6MB
  systemAvail=14.7GB systemThreshold=216.0MB lowMemory=false trimLevel=0 importance=125 fdCount=151
  procStatus VmRSS=185512 kB VmHWM=3162728 kB VmSize=17131732 kB VmSwap=2480 kB Threads=29 FDSize=256
2026-05-29 06:40:19.161 pid=1650 [model-load-complete] config=Qwen3.5 2B MTP model=Qwen3.5-2B-Q8_0.gguf mmproj=(none)
  javaUsed=2.6MB javaTotal=10.5MB javaMax=256.0MB nativeHeap=362.9MB nativeHeapFree=9.4MB nativeHeapSize=376.0MB
  pssTotal=2.1GB privateDirty=175.2MB sharedDirty=51.9MB nativePss=167.0MB dalvikPss=3.4MB otherPss=1.9GB
  systemAvail=14.5GB systemThreshold=216.0MB lowMemory=false trimLevel=0 importance=125 fdCount=151
  procStatus VmRSS=2358204 kB VmHWM=3162728 kB VmSize=19360648 kB VmSwap=2480 kB Threads=29 FDSize=256
2026-05-29 06:40:19.215 pid=1650 [generation-start] id=31 config=Qwen3.5 2B MTP model=Qwen3.5-2B-Q8_0.gguf promptLen=1048 mediaCount=0
  javaUsed=2.8MB javaTotal=10.5MB javaMax=256.0MB nativeHeap=362.9MB nativeHeapFree=9.4MB nativeHeapSize=376.0MB
  pssTotal=2.1GB privateDirty=175.4MB sharedDirty=51.9MB nativePss=167.0MB dalvikPss=3.5MB otherPss=1.9GB
  systemAvail=14.5GB systemThreshold=216.0MB lowMemory=false trimLevel=0 importance=125 fdCount=151
  procStatus VmRSS=2356224 kB VmHWM=3162728 kB VmSize=19360648 kB VmSwap=2480 kB Threads=29 FDSize=256
2026-05-29 06:40:19.267 pid=1650 [generation-stage] id=31 stage=native-call-start
2026-05-29 06:41:00.989 pid=1650 [generation-stage] id=31 stage=native-call-end resultLen=260
2026-05-29 06:41:00.989 pid=1650 [generation-end] id=31 resultLen=260
  javaUsed=2.7MB javaTotal=10.5MB javaMax=256.0MB nativeHeap=364.1MB nativeHeapFree=9.3MB nativeHeapSize=377.1MB
  pssTotal=2.1GB privateDirty=145.5MB sharedDirty=51.9MB nativePss=139.3MB dalvikPss=1.4MB otherPss=1.9GB
  systemAvail=14.6GB systemThreshold=216.0MB lowMemory=false trimLevel=0 importance=125 fdCount=151
  procStatus VmRSS=2327944 kB VmHWM=3162728 kB VmSize=19360648 kB VmSwap=2480 kB Threads=29 FDSize=256
2026-05-29 06:41:01.592 pid=1650 [model-load] Loading configuration: Qwen3.5 2B
2026-05-29 06:41:01.728 pid=1650 [runtime-memory] Before model load model=Qwen3.5-2B-UD-Q8_K_XL.gguf
  javaUsed=3.0MB javaTotal=10.5MB javaMax=256.0MB nativeHeap=15.2MB nativeHeapFree=50.5MB nativeHeapSize=69.2MB
  pssTotal=30.3MB privateDirty=21.6MB sharedDirty=51.9MB nativePss=15.1MB dalvikPss=1.6MB otherPss=13.6MB
  systemAvail=14.7GB systemThreshold=216.0MB lowMemory=false trimLevel=0 importance=125 fdCount=151
  procStatus VmRSS=183604 kB VmHWM=3162728 kB VmSize=17131732 kB VmSwap=2480 kB Threads=29 FDSize=256
2026-05-29 06:41:01.753 pid=1650 [runtime-memory] After model load cleanup model=Qwen3.5-2B-UD-Q8_K_XL.gguf
  javaUsed=2.6MB javaTotal=10.5MB javaMax=256.0MB nativeHeap=15.2MB nativeHeapFree=50.5MB nativeHeapSize=69.2MB
  pssTotal=30.1MB privateDirty=21.4MB sharedDirty=51.9MB nativePss=15.2MB dalvikPss=1.3MB otherPss=13.6MB
  systemAvail=14.8GB systemThreshold=216.0MB lowMemory=false trimLevel=0 importance=125 fdCount=151
  procStatus VmRSS=183440 kB VmHWM=3162728 kB VmSize=17131732 kB VmSwap=2480 kB Threads=29 FDSize=256
2026-05-29 06:41:02.163 pid=1650 [model-load-complete] config=Qwen3.5 2B model=Qwen3.5-2B-UD-Q8_K_XL.gguf mmproj=(none)
  javaUsed=2.6MB javaTotal=10.5MB javaMax=256.0MB nativeHeap=362.9MB nativeHeapFree=9.4MB nativeHeapSize=376.0MB
  pssTotal=2.9GB privateDirty=173.2MB sharedDirty=51.9MB nativePss=167.0MB dalvikPss=1.4MB otherPss=2.7GB
  systemAvail=14.6GB systemThreshold=216.0MB lowMemory=false trimLevel=0 importance=125 fdCount=151
  procStatus VmRSS=3153436 kB VmHWM=3162728 kB VmSize=20157952 kB VmSwap=2480 kB Threads=29 FDSize=256
2026-05-29 06:41:02.227 pid=1650 [generation-start] id=32 config=Qwen3.5 2B model=Qwen3.5-2B-UD-Q8_K_XL.gguf promptLen=1069 mediaCount=0
  javaUsed=2.8MB javaTotal=10.5MB javaMax=256.0MB nativeHeap=362.9MB nativeHeapFree=9.4MB nativeHeapSize=376.0MB
  pssTotal=2.9GB privateDirty=173.4MB sharedDirty=51.9MB nativePss=167.0MB dalvikPss=1.5MB otherPss=2.7GB
  systemAvail=14.6GB systemThreshold=216.0MB lowMemory=false trimLevel=0 importance=125 fdCount=151
  procStatus VmRSS=3153564 kB VmHWM=3162728 kB VmSize=20157952 kB VmSwap=2480 kB Threads=29 FDSize=256
2026-05-29 06:41:02.289 pid=1650 [generation-stage] id=32 stage=native-call-start
2026-05-29 06:41:52.150 pid=1650 [generation-stage] id=32 stage=native-call-end resultLen=153
2026-05-29 06:41:52.151 pid=1650 [generation-end] id=32 resultLen=153
  javaUsed=3.0MB javaTotal=10.5MB javaMax=256.0MB nativeHeap=364.1MB nativeHeapFree=9.3MB nativeHeapSize=377.1MB
  pssTotal=2.8GB privateDirty=145.9MB sharedDirty=51.9MB nativePss=139.3MB dalvikPss=1.6MB otherPss=2.7GB
  systemAvail=14.6GB systemThreshold=216.0MB lowMemory=false trimLevel=0 importance=125 fdCount=151
  procStatus VmRSS=3125608 kB VmHWM=3162728 kB VmSize=20157952 kB VmSwap=2480 kB Threads=29 FDSize=256
2026-05-29 06:41:52.271 pid=1650 [model-load] Loading configuration: Qwen3.5 2B
2026-05-29 06:41:52.272 pid=1650 [model-load-skip] config=Qwen3.5 2B model already loaded
  javaUsed=3.3MB javaTotal=10.5MB javaMax=256.0MB nativeHeap=364.1MB nativeHeapFree=9.3MB nativeHeapSize=377.1MB
  pssTotal=2.8GB privateDirty=146.0MB sharedDirty=51.9MB nativePss=139.3MB dalvikPss=1.8MB otherPss=2.7GB
  systemAvail=14.6GB systemThreshold=216.0MB lowMemory=false trimLevel=0 importance=125 fdCount=151
  procStatus VmRSS=3125736 kB VmHWM=3162728 kB VmSize=20157952 kB VmSwap=2480 kB Threads=29 FDSize=256
2026-05-29 06:41:52.400 pid=1650 [generation-start] id=33 config=Qwen3.5 2B model=Qwen3.5-2B-UD-Q8_K_XL.gguf promptLen=1069 mediaCount=0
  javaUsed=3.5MB javaTotal=10.5MB javaMax=256.0MB nativeHeap=364.1MB nativeHeapFree=9.3MB nativeHeapSize=377.1MB
  pssTotal=2.8GB privateDirty=146.2MB sharedDirty=51.9MB nativePss=139.3MB dalvikPss=2.0MB otherPss=2.7GB
  systemAvail=14.6GB systemThreshold=216.0MB lowMemory=false trimLevel=0 importance=125 fdCount=151
  procStatus VmRSS=3125736 kB VmHWM=3162728 kB VmSize=20157952 kB VmSwap=2480 kB Threads=29 FDSize=256
2026-05-29 06:41:52.528 pid=1650 [generation-stage] id=33 stage=native-call-start
2026-05-29 06:42:48.183 pid=1650 [generation-stage] id=33 stage=native-call-end resultLen=249
2026-05-29 06:42:48.184 pid=1650 [generation-end] id=33 resultLen=249
  javaUsed=3.6MB javaTotal=10.5MB javaMax=256.0MB nativeHeap=364.1MB nativeHeapFree=9.3MB nativeHeapSize=377.1MB
  pssTotal=2.8GB privateDirty=146.3MB sharedDirty=51.9MB nativePss=139.4MB dalvikPss=2.1MB otherPss=2.7GB
  systemAvail=14.6GB systemThreshold=216.0MB lowMemory=false trimLevel=0 importance=125 fdCount=151
  procStatus VmRSS=3125964 kB VmHWM=3162728 kB VmSize=20157952 kB VmSwap=2480 kB Threads=29 FDSize=256
2026-05-29 06:42:48.816 pid=1650 [model-load] Loading configuration: Qwen3.5 2B MTP
2026-05-29 06:42:48.969 pid=1650 [runtime-memory] Before model load model=Qwen3.5-2B-Q8_0.gguf
  javaUsed=3.8MB javaTotal=10.5MB javaMax=256.0MB nativeHeap=15.2MB nativeHeapFree=50.5MB nativeHeapSize=69.2MB
  pssTotal=31.1MB privateDirty=22.3MB sharedDirty=51.9MB nativePss=15.2MB dalvikPss=2.3MB otherPss=13.6MB
  systemAvail=14.7GB systemThreshold=216.0MB lowMemory=false trimLevel=0 importance=125 fdCount=151
  procStatus VmRSS=184532 kB VmHWM=3162728 kB VmSize=17131732 kB VmSwap=2480 kB Threads=29 FDSize=256
2026-05-29 06:42:48.992 pid=1650 [runtime-memory] After model load cleanup model=Qwen3.5-2B-Q8_0.gguf
  javaUsed=2.6MB javaTotal=10.5MB javaMax=256.0MB nativeHeap=15.2MB nativeHeapFree=50.5MB nativeHeapSize=69.2MB
  pssTotal=32.2MB privateDirty=23.5MB sharedDirty=51.9MB nativePss=15.3MB dalvikPss=3.3MB otherPss=13.6MB
  systemAvail=14.7GB systemThreshold=216.0MB lowMemory=false trimLevel=0 importance=125 fdCount=151
  procStatus VmRSS=185732 kB VmHWM=3162728 kB VmSize=17131732 kB VmSwap=2480 kB Threads=29 FDSize=256
2026-05-29 06:42:49.385 pid=1650 [model-load-complete] config=Qwen3.5 2B MTP model=Qwen3.5-2B-Q8_0.gguf mmproj=(none)
  javaUsed=2.6MB javaTotal=10.5MB javaMax=256.0MB nativeHeap=362.9MB nativeHeapFree=9.4MB nativeHeapSize=376.0MB
  pssTotal=2.1GB privateDirty=175.2MB sharedDirty=51.9MB nativePss=167.0MB dalvikPss=3.4MB otherPss=1.9GB
  systemAvail=14.6GB systemThreshold=216.0MB lowMemory=false trimLevel=0 importance=125 fdCount=151
  procStatus VmRSS=2358296 kB VmHWM=3162728 kB VmSize=19360648 kB VmSwap=2480 kB Threads=29 FDSize=256
2026-05-29 06:42:49.439 pid=1650 [generation-start] id=34 config=Qwen3.5 2B MTP model=Qwen3.5-2B-Q8_0.gguf promptLen=1054 mediaCount=0
  javaUsed=2.8MB javaTotal=10.5MB javaMax=256.0MB nativeHeap=362.9MB nativeHeapFree=9.4MB nativeHeapSize=376.0MB
  pssTotal=2.1GB privateDirty=175.4MB sharedDirty=51.9MB nativePss=167.0MB dalvikPss=3.5MB otherPss=1.9GB
  systemAvail=14.6GB systemThreshold=216.0MB lowMemory=false trimLevel=0 importance=125 fdCount=151
  procStatus VmRSS=2358552 kB VmHWM=3162728 kB VmSize=19360648 kB VmSwap=2480 kB Threads=29 FDSize=256
2026-05-29 06:42:49.490 pid=1650 [generation-stage] id=34 stage=native-call-start
2026-05-29 06:43:16.908 pid=1650 [generation-stage] id=34 stage=native-call-end resultLen=20
2026-05-29 06:43:16.908 pid=1650 [generation-end] id=34 resultLen=20
  javaUsed=3.3MB javaTotal=26.5MB javaMax=256.0MB nativeHeap=364.8MB nativeHeapFree=8.6MB nativeHeapSize=377.1MB
  pssTotal=2.1GB privateDirty=173.6MB sharedDirty=51.9MB nativePss=139.7MB dalvikPss=3.8MB otherPss=2.0GB
  systemAvail=14.4GB systemThreshold=216.0MB lowMemory=false trimLevel=0 importance=100 fdCount=201
  procStatus VmRSS=2330960 kB VmHWM=3162728 kB VmSize=19412788 kB VmSwap=2480 kB Threads=29 FDSize=256
2026-05-29 06:43:17.453 pid=1650 [model-load] Loading configuration: Qwen3.5 2B
2026-05-29 06:43:17.582 pid=1650 [runtime-memory] Before model load model=Qwen3.5-2B-UD-Q8_K_XL.gguf
  javaUsed=2.9MB javaTotal=26.5MB javaMax=256.0MB nativeHeap=15.8MB nativeHeapFree=49.9MB nativeHeapSize=69.2MB
  pssTotal=58.4MB privateDirty=49.7MB sharedDirty=51.9MB nativePss=16.1MB dalvikPss=3.5MB otherPss=38.8MB
  systemAvail=14.6GB systemThreshold=216.0MB lowMemory=false trimLevel=0 importance=100 fdCount=201
  procStatus VmRSS=186724 kB VmHWM=3162728 kB VmSize=17183872 kB VmSwap=2480 kB Threads=29 FDSize=256
2026-05-29 06:43:17.603 pid=1650 [runtime-memory] After model load cleanup model=Qwen3.5-2B-UD-Q8_K_XL.gguf
  javaUsed=2.6MB javaTotal=26.5MB javaMax=256.0MB nativeHeap=15.8MB nativeHeapFree=49.9MB nativeHeapSize=69.2MB
  pssTotal=58.3MB privateDirty=49.6MB sharedDirty=51.9MB nativePss=16.2MB dalvikPss=3.3MB otherPss=38.8MB
  systemAvail=14.6GB systemThreshold=216.0MB lowMemory=false trimLevel=0 importance=100 fdCount=201
  procStatus VmRSS=186672 kB VmHWM=3162728 kB VmSize=17183872 kB VmSwap=2480 kB Threads=29 FDSize=256
2026-05-29 06:43:18.318 pid=1650 [model-load-complete] config=Qwen3.5 2B model=Qwen3.5-2B-UD-Q8_K_XL.gguf mmproj=(none)
  javaUsed=2.8MB javaTotal=26.5MB javaMax=256.0MB nativeHeap=363.6MB nativeHeapFree=8.7MB nativeHeapSize=376.0MB
  pssTotal=2.9GB privateDirty=201.0MB sharedDirty=51.9MB nativePss=167.4MB dalvikPss=3.4MB otherPss=2.7GB
  systemAvail=14.4GB systemThreshold=216.0MB lowMemory=false trimLevel=0 importance=100 fdCount=201
  procStatus VmRSS=3156028 kB VmHWM=3162728 kB VmSize=20210092 kB VmSwap=2480 kB Threads=29 FDSize=256
2026-05-29 06:43:18.442 pid=1650 [generation-start] id=35 config=Qwen3.5 2B model=Qwen3.5-2B-UD-Q8_K_XL.gguf promptLen=1075 mediaCount=0
  javaUsed=3.0MB javaTotal=26.5MB javaMax=256.0MB nativeHeap=363.6MB nativeHeapFree=8.7MB nativeHeapSize=376.0MB
  pssTotal=2.9GB privateDirty=201.2MB sharedDirty=51.9MB nativePss=167.5MB dalvikPss=3.6MB otherPss=2.7GB
  systemAvail=14.4GB systemThreshold=216.0MB lowMemory=false trimLevel=0 importance=100 fdCount=201
  procStatus VmRSS=3156156 kB VmHWM=3162728 kB VmSize=20210092 kB VmSwap=2480 kB Threads=29 FDSize=256
2026-05-29 06:43:18.572 pid=1650 [generation-stage] id=35 stage=native-call-start
2026-05-29 06:43:45.971 pid=1650 [generation-stage] id=35 stage=native-call-end resultLen=124
2026-05-29 06:43:45.972 pid=1650 [generation-end] id=35 resultLen=124
  javaUsed=3.3MB javaTotal=26.5MB javaMax=256.0MB nativeHeap=364.1MB nativeHeapFree=9.3MB nativeHeapSize=377.1MB
  pssTotal=2.8GB privateDirty=148.2MB sharedDirty=51.9MB nativePss=139.8MB dalvikPss=3.8MB otherPss=2.7GB
  systemAvail=13.9GB systemThreshold=216.0MB lowMemory=false trimLevel=0 importance=125 fdCount=151
  procStatus VmRSS=3127956 kB VmHWM=3163148 kB VmSize=20174336 kB VmSwap=2480 kB Threads=30 FDSize=256
2026-05-29 06:43:46.599 pid=1650 [model-load] Loading configuration: Qwen3.5 2B MTP
2026-05-29 06:43:46.911 pid=1650 [runtime-memory] Before model load model=Qwen3.5-2B-Q8_0.gguf
  javaUsed=2.6MB javaTotal=10.5MB javaMax=256.0MB nativeHeap=15.2MB nativeHeapFree=50.5MB nativeHeapSize=69.2MB
  pssTotal=29.5MB privateDirty=21.0MB sharedDirty=51.9MB nativePss=15.1MB dalvikPss=1.3MB otherPss=13.1MB
  systemAvail=14.1GB systemThreshold=216.0MB lowMemory=false trimLevel=0 importance=125 fdCount=151
  procStatus VmRSS=183308 kB VmHWM=3163148 kB VmSize=17148116 kB VmSwap=2480 kB Threads=30 FDSize=256
2026-05-29 06:43:46.970 pid=1650 [runtime-memory] After model load cleanup model=Qwen3.5-2B-Q8_0.gguf
  javaUsed=2.6MB javaTotal=10.5MB javaMax=256.0MB nativeHeap=15.2MB nativeHeapFree=50.5MB nativeHeapSize=69.2MB
  pssTotal=29.6MB privateDirty=21.1MB sharedDirty=51.9MB nativePss=15.2MB dalvikPss=1.3MB otherPss=13.1MB
  systemAvail=14.1GB systemThreshold=216.0MB lowMemory=false trimLevel=0 importance=125 fdCount=151
  procStatus VmRSS=183476 kB VmHWM=3163148 kB VmSize=17148116 kB VmSwap=2480 kB Threads=30 FDSize=256
2026-05-29 06:43:48.152 pid=1650 [model-load-complete] config=Qwen3.5 2B MTP model=Qwen3.5-2B-Q8_0.gguf mmproj=(none)
  javaUsed=2.6MB javaTotal=10.5MB javaMax=256.0MB nativeHeap=362.9MB nativeHeapFree=9.4MB nativeHeapSize=376.0MB
  pssTotal=2.1GB privateDirty=172.8MB sharedDirty=51.9MB nativePss=166.8MB dalvikPss=1.4MB otherPss=1.9GB
  systemAvail=14.0GB systemThreshold=216.0MB lowMemory=false trimLevel=0 importance=125 fdCount=151
  procStatus VmRSS=2355800 kB VmHWM=3163148 kB VmSize=19377032 kB VmSwap=2480 kB Threads=30 FDSize=256
2026-05-29 06:43:48.261 pid=1650 [generation-start] id=36 config=Qwen3.5 2B MTP model=Qwen3.5-2B-Q8_0.gguf promptLen=1042 mediaCount=0
  javaUsed=2.8MB javaTotal=10.5MB javaMax=256.0MB nativeHeap=362.9MB nativeHeapFree=9.4MB nativeHeapSize=376.0MB
  pssTotal=2.1GB privateDirty=173.0MB sharedDirty=51.9MB nativePss=166.9MB dalvikPss=1.5MB otherPss=1.9GB
  systemAvail=14.0GB systemThreshold=216.0MB lowMemory=false trimLevel=0 importance=125 fdCount=151
  procStatus VmRSS=2356184 kB VmHWM=3163148 kB VmSize=19377032 kB VmSwap=2480 kB Threads=30 FDSize=256
2026-05-29 06:43:48.372 pid=1650 [generation-stage] id=36 stage=native-call-start
2026-05-29 06:44:21.345 pid=1650 [generation-stage] id=36 stage=native-call-end resultLen=120
2026-05-29 06:44:21.346 pid=1650 [generation-end] id=36 resultLen=120
  javaUsed=3.0MB javaTotal=10.5MB javaMax=256.0MB nativeHeap=364.1MB nativeHeapFree=9.3MB nativeHeapSize=377.1MB
  pssTotal=2.1GB privateDirty=145.5MB sharedDirty=51.9MB nativePss=139.2MB dalvikPss=1.7MB otherPss=1.9GB
  systemAvail=14.1GB systemThreshold=216.0MB lowMemory=false trimLevel=0 importance=125 fdCount=151
  procStatus VmRSS=2327824 kB VmHWM=3163148 kB VmSize=19377032 kB VmSwap=2480 kB Threads=30 FDSize=256
2026-05-29 06:44:22.071 pid=1650 [model-load] Loading configuration: Qwen3.5 2B
2026-05-29 06:44:22.206 pid=1650 [runtime-memory] Before model load model=Qwen3.5-2B-UD-Q8_K_XL.gguf
  javaUsed=3.3MB javaTotal=10.5MB javaMax=256.0MB nativeHeap=15.2MB nativeHeapFree=50.5MB nativeHeapSize=69.2MB
  pssTotal=30.2MB privateDirty=21.7MB sharedDirty=51.9MB nativePss=15.2MB dalvikPss=1.8MB otherPss=13.1MB
  systemAvail=14.2GB systemThreshold=216.0MB lowMemory=false trimLevel=0 importance=125 fdCount=151
  procStatus VmRSS=184024 kB VmHWM=3163148 kB VmSize=17148116 kB VmSwap=2480 kB Threads=30 FDSize=256
2026-05-29 06:44:22.227 pid=1650 [runtime-memory] After model load cleanup model=Qwen3.5-2B-UD-Q8_K_XL.gguf
  javaUsed=2.6MB javaTotal=10.5MB javaMax=256.0MB nativeHeap=15.2MB nativeHeapFree=50.5MB nativeHeapSize=69.2MB
  pssTotal=29.7MB privateDirty=21.2MB sharedDirty=51.9MB nativePss=15.3MB dalvikPss=1.3MB otherPss=13.1MB
  systemAvail=14.2GB systemThreshold=216.0MB lowMemory=false trimLevel=0 importance=125 fdCount=151
  procStatus VmRSS=183584 kB VmHWM=3163148 kB VmSize=17148116 kB VmSwap=2480 kB Threads=30 FDSize=256
2026-05-29 06:44:22.653 pid=1650 [model-load-complete] config=Qwen3.5 2B model=Qwen3.5-2B-UD-Q8_K_XL.gguf mmproj=(none)
  javaUsed=2.6MB javaTotal=10.5MB javaMax=256.0MB nativeHeap=362.9MB nativeHeapFree=9.4MB nativeHeapSize=376.0MB
  pssTotal=2.9GB privateDirty=172.9MB sharedDirty=51.9MB nativePss=166.9MB dalvikPss=1.4MB otherPss=2.7GB
  systemAvail=14.1GB systemThreshold=216.0MB lowMemory=false trimLevel=0 importance=125 fdCount=151
  procStatus VmRSS=3153232 kB VmHWM=3163148 kB VmSize=20174336 kB VmSwap=2480 kB Threads=30 FDSize=256
2026-05-29 06:44:22.714 pid=1650 [generation-start] id=37 config=Qwen3.5 2B model=Qwen3.5-2B-UD-Q8_K_XL.gguf promptLen=1066 mediaCount=0
  javaUsed=2.8MB javaTotal=10.5MB javaMax=256.0MB nativeHeap=362.9MB nativeHeapFree=9.4MB nativeHeapSize=376.0MB
  pssTotal=2.9GB privateDirty=173.1MB sharedDirty=51.9MB nativePss=166.9MB dalvikPss=1.5MB otherPss=2.7GB
  systemAvail=14.1GB systemThreshold=216.0MB lowMemory=false trimLevel=0 importance=125 fdCount=151
  procStatus VmRSS=3153360 kB VmHWM=3163148 kB VmSize=20174336 kB VmSwap=2480 kB Threads=30 FDSize=256
2026-05-29 06:44:22.774 pid=1650 [generation-stage] id=37 stage=native-call-start
2026-05-29 06:45:01.135 pid=1650 [generation-stage] id=37 stage=native-call-end resultLen=62
2026-05-29 06:45:01.136 pid=1650 [generation-end] id=37 resultLen=62
  javaUsed=3.1MB javaTotal=10.5MB javaMax=256.0MB nativeHeap=364.1MB nativeHeapFree=9.3MB nativeHeapSize=377.1MB
  pssTotal=2.8GB privateDirty=145.6MB sharedDirty=51.9MB nativePss=139.3MB dalvikPss=1.7MB otherPss=2.7GB
  systemAvail=13.9GB systemThreshold=216.0MB lowMemory=false trimLevel=0 importance=125 fdCount=151
  procStatus VmRSS=3125028 kB VmHWM=3163148 kB VmSize=20174336 kB VmSwap=2480 kB Threads=30 FDSize=256
2026-05-29 06:45:02.303 pid=1650 [model-load] Loading configuration: Qwen3.5 2B MTP
2026-05-29 06:45:02.620 pid=1650 [runtime-memory] Before model load model=Qwen3.5-2B-Q8_0.gguf
  javaUsed=3.3MB javaTotal=10.5MB javaMax=256.0MB nativeHeap=15.2MB nativeHeapFree=50.5MB nativeHeapSize=69.2MB
  pssTotal=30.2MB privateDirty=21.7MB sharedDirty=51.9MB nativePss=15.2MB dalvikPss=1.9MB otherPss=13.1MB
  systemAvail=14.0GB systemThreshold=216.0MB lowMemory=false trimLevel=0 importance=125 fdCount=151
  procStatus VmRSS=183612 kB VmHWM=3163148 kB VmSize=17148116 kB VmSwap=2480 kB Threads=30 FDSize=256
2026-05-29 06:45:02.675 pid=1650 [runtime-memory] After model load cleanup model=Qwen3.5-2B-Q8_0.gguf
  javaUsed=2.6MB javaTotal=10.5MB javaMax=256.0MB nativeHeap=15.2MB nativeHeapFree=50.5MB nativeHeapSize=69.2MB
  pssTotal=29.8MB privateDirty=21.3MB sharedDirty=51.9MB nativePss=15.4MB dalvikPss=1.3MB otherPss=13.1MB
  systemAvail=14.1GB systemThreshold=216.0MB lowMemory=false trimLevel=0 importance=125 fdCount=151
  procStatus VmRSS=183384 kB VmHWM=3163148 kB VmSize=17148116 kB VmSwap=2480 kB Threads=30 FDSize=256
2026-05-29 06:45:03.756 pid=1650 [model-load-complete] config=Qwen3.5 2B MTP model=Qwen3.5-2B-Q8_0.gguf mmproj=(none)
  javaUsed=2.6MB javaTotal=10.5MB javaMax=256.0MB nativeHeap=362.9MB nativeHeapFree=9.4MB nativeHeapSize=376.0MB
  pssTotal=2.1GB privateDirty=172.9MB sharedDirty=51.9MB nativePss=166.9MB dalvikPss=1.4MB otherPss=1.9GB
  systemAvail=13.9GB systemThreshold=216.0MB lowMemory=false trimLevel=0 importance=125 fdCount=151
  procStatus VmRSS=2355884 kB VmHWM=3163148 kB VmSize=19377032 kB VmSwap=2480 kB Threads=30 FDSize=256
2026-05-29 06:45:03.869 pid=1650 [generation-start] id=38 config=Qwen3.5 2B MTP model=Qwen3.5-2B-Q8_0.gguf promptLen=1045 mediaCount=0
  javaUsed=2.9MB javaTotal=10.5MB javaMax=256.0MB nativeHeap=362.9MB nativeHeapFree=9.4MB nativeHeapSize=376.0MB
  pssTotal=2.1GB privateDirty=173.2MB sharedDirty=51.9MB nativePss=167.0MB dalvikPss=1.5MB otherPss=1.9GB
  systemAvail=14.0GB systemThreshold=216.0MB lowMemory=false trimLevel=0 importance=125 fdCount=151
  procStatus VmRSS=2355992 kB VmHWM=3163148 kB VmSize=19377032 kB VmSwap=2480 kB Threads=30 FDSize=256
2026-05-29 06:45:03.985 pid=1650 [generation-stage] id=38 stage=native-call-start
2026-05-29 06:45:36.961 pid=1650 [generation-stage] id=38 stage=native-call-end resultLen=65
2026-05-29 06:45:36.961 pid=1650 [generation-end] id=38 resultLen=65
  javaUsed=2.7MB javaTotal=10.5MB javaMax=256.0MB nativeHeap=364.1MB nativeHeapFree=9.3MB nativeHeapSize=377.1MB
  pssTotal=2.1GB privateDirty=145.3MB sharedDirty=51.9MB nativePss=139.2MB dalvikPss=1.4MB otherPss=1.9GB
  systemAvail=14.1GB systemThreshold=216.0MB lowMemory=false trimLevel=0 importance=125 fdCount=151
  procStatus VmRSS=2327392 kB VmHWM=3163148 kB VmSize=19377032 kB VmSwap=2480 kB Threads=30 FDSize=256
2026-05-29 06:45:37.529 pid=1650 [model-load] Loading configuration: Qwen3.5 2B
2026-05-29 06:45:37.714 pid=1650 [runtime-memory] Before model load model=Qwen3.5-2B-UD-Q8_K_XL.gguf
  javaUsed=3.0MB javaTotal=10.5MB javaMax=256.0MB nativeHeap=15.2MB nativeHeapFree=50.5MB nativeHeapSize=69.2MB
  pssTotal=29.9MB privateDirty=21.4MB sharedDirty=51.9MB nativePss=15.2MB dalvikPss=1.6MB otherPss=13.1MB
  systemAvail=14.2GB systemThreshold=216.0MB lowMemory=false trimLevel=0 importance=125 fdCount=151
  procStatus VmRSS=183312 kB VmHWM=3163148 kB VmSize=17148116 kB VmSwap=2480 kB Threads=30 FDSize=256
2026-05-29 06:45:37.748 pid=1650 [runtime-memory] After model load cleanup model=Qwen3.5-2B-UD-Q8_K_XL.gguf
  javaUsed=2.6MB javaTotal=10.5MB javaMax=256.0MB nativeHeap=15.2MB nativeHeapFree=50.5MB nativeHeapSize=69.2MB
  pssTotal=29.7MB privateDirty=21.2MB sharedDirty=51.9MB nativePss=15.3MB dalvikPss=1.3MB otherPss=13.1MB
  systemAvail=14.2GB systemThreshold=216.0MB lowMemory=false trimLevel=0 importance=125 fdCount=151
  procStatus VmRSS=183148 kB VmHWM=3163148 kB VmSize=17148116 kB VmSwap=2480 kB Threads=30 FDSize=256
2026-05-29 06:45:38.750 pid=1650 [model-load-complete] config=Qwen3.5 2B model=Qwen3.5-2B-UD-Q8_K_XL.gguf mmproj=(none)
  javaUsed=2.7MB javaTotal=10.5MB javaMax=256.0MB nativeHeap=362.9MB nativeHeapFree=9.4MB nativeHeapSize=376.0MB
  pssTotal=2.9GB privateDirty=172.9MB sharedDirty=51.9MB nativePss=166.9MB dalvikPss=1.4MB otherPss=2.7GB
  systemAvail=14.0GB systemThreshold=216.0MB lowMemory=false trimLevel=0 importance=125 fdCount=151
  procStatus VmRSS=3153080 kB VmHWM=3163148 kB VmSize=20174336 kB VmSwap=2480 kB Threads=30 FDSize=256
2026-05-29 06:45:38.874 pid=1650 [generation-start] id=39 config=Qwen3.5 2B model=Qwen3.5-2B-UD-Q8_K_XL.gguf promptLen=1060 mediaCount=0
  javaUsed=2.8MB javaTotal=10.5MB javaMax=256.0MB nativeHeap=362.9MB nativeHeapFree=9.4MB nativeHeapSize=376.0MB
  pssTotal=2.9GB privateDirty=173.1MB sharedDirty=51.9MB nativePss=167.0MB dalvikPss=1.5MB otherPss=2.7GB
  systemAvail=14.0GB systemThreshold=216.0MB lowMemory=false trimLevel=0 importance=125 fdCount=151
  procStatus VmRSS=3153336 kB VmHWM=3163148 kB VmSize=20174336 kB VmSwap=2480 kB Threads=30 FDSize=256
2026-05-29 06:45:38.995 pid=1650 [generation-stage] id=39 stage=native-call-start
2026-05-29 06:46:21.622 pid=1650 [generation-stage] id=39 stage=native-call-end resultLen=114
2026-05-29 06:46:21.622 pid=1650 [generation-end] id=39 resultLen=114
  javaUsed=3.1MB javaTotal=10.5MB javaMax=256.0MB nativeHeap=364.1MB nativeHeapFree=9.3MB nativeHeapSize=377.1MB
  pssTotal=2.8GB privateDirty=145.6MB sharedDirty=51.9MB nativePss=139.3MB dalvikPss=1.7MB otherPss=2.7GB
  systemAvail=14.1GB systemThreshold=216.0MB lowMemory=false trimLevel=0 importance=125 fdCount=151
  procStatus VmRSS=3125268 kB VmHWM=3163148 kB VmSize=20174336 kB VmSwap=2480 kB Threads=30 FDSize=256
2026-05-29 06:46:22.575 pid=1650 [model-load] Loading configuration: Qwen3.5 2B MTP
2026-05-29 06:46:22.863 pid=1650 [runtime-memory] Before model load model=Qwen3.5-2B-Q8_0.gguf
  javaUsed=3.3MB javaTotal=10.5MB javaMax=256.0MB nativeHeap=15.2MB nativeHeapFree=50.5MB nativeHeapSize=69.2MB
  pssTotal=30.2MB privateDirty=21.7MB sharedDirty=51.9MB nativePss=15.2MB dalvikPss=1.9MB otherPss=13.1MB
  systemAvail=14.2GB systemThreshold=216.0MB lowMemory=false trimLevel=0 importance=125 fdCount=151
  procStatus VmRSS=183692 kB VmHWM=3163148 kB VmSize=17148116 kB VmSwap=2480 kB Threads=30 FDSize=256
2026-05-29 06:46:22.917 pid=1650 [runtime-memory] After model load cleanup model=Qwen3.5-2B-Q8_0.gguf
  javaUsed=2.6MB javaTotal=10.5MB javaMax=256.0MB nativeHeap=15.2MB nativeHeapFree=50.5MB nativeHeapSize=69.2MB
  pssTotal=29.7MB privateDirty=21.2MB sharedDirty=51.9MB nativePss=15.3MB dalvikPss=1.3MB otherPss=13.1MB
  systemAvail=14.2GB systemThreshold=216.0MB lowMemory=false trimLevel=0 importance=125 fdCount=151
  procStatus VmRSS=183048 kB VmHWM=3163148 kB VmSize=17148116 kB VmSwap=2480 kB Threads=30 FDSize=256
2026-05-29 06:46:23.827 pid=1650 [model-load-complete] config=Qwen3.5 2B MTP model=Qwen3.5-2B-Q8_0.gguf mmproj=(none)
  javaUsed=2.7MB javaTotal=10.5MB javaMax=256.0MB nativeHeap=362.9MB nativeHeapFree=9.4MB nativeHeapSize=376.0MB
  pssTotal=2.1GB privateDirty=173.0MB sharedDirty=51.9MB nativePss=167.0MB dalvikPss=1.4MB otherPss=1.9GB
  systemAvail=14.1GB systemThreshold=216.0MB lowMemory=false trimLevel=0 importance=125 fdCount=151
  procStatus VmRSS=2355868 kB VmHWM=3163148 kB VmSize=19377032 kB VmSwap=2480 kB Threads=30 FDSize=256
2026-05-29 06:46:23.901 pid=1650 [generation-start] id=40 config=Qwen3.5 2B MTP model=Qwen3.5-2B-Q8_0.gguf promptLen=1042 mediaCount=0
  javaUsed=2.9MB javaTotal=10.5MB javaMax=256.0MB nativeHeap=362.9MB nativeHeapFree=9.4MB nativeHeapSize=376.0MB
  pssTotal=2.1GB privateDirty=173.2MB sharedDirty=51.9MB nativePss=167.0MB dalvikPss=1.5MB otherPss=1.9GB
  systemAvail=14.1GB systemThreshold=216.0MB lowMemory=false trimLevel=0 importance=125 fdCount=151
  procStatus VmRSS=2355996 kB VmHWM=3163148 kB VmSize=19377032 kB VmSwap=2480 kB Threads=30 FDSize=256
2026-05-29 06:46:23.973 pid=1650 [generation-stage] id=40 stage=native-call-start
2026-05-29 06:46:59.529 pid=1650 [generation-stage] id=40 stage=native-call-end resultLen=141
2026-05-29 06:46:59.530 pid=1650 [generation-end] id=40 resultLen=141
  javaUsed=2.6MB javaTotal=10.5MB javaMax=256.0MB nativeHeap=364.1MB nativeHeapFree=9.3MB nativeHeapSize=377.1MB
  pssTotal=2.1GB privateDirty=145.2MB sharedDirty=51.9MB nativePss=139.2MB dalvikPss=1.3MB otherPss=1.9GB
  systemAvail=14.0GB systemThreshold=216.0MB lowMemory=false trimLevel=0 importance=125 fdCount=151
  procStatus VmRSS=2327648 kB VmHWM=3163148 kB VmSize=19377032 kB VmSwap=2480 kB Threads=30 FDSize=256
2026-05-29 06:46:59.640 pid=1650 [model-load] Loading configuration: Qwen3.5 2B MTP
2026-05-29 06:46:59.641 pid=1650 [model-load-skip] config=Qwen3.5 2B MTP model already loaded
  javaUsed=2.9MB javaTotal=10.5MB javaMax=256.0MB nativeHeap=364.1MB nativeHeapFree=9.3MB nativeHeapSize=377.1MB
  pssTotal=2.1GB privateDirty=145.4MB sharedDirty=51.9MB nativePss=139.3MB dalvikPss=1.5MB otherPss=1.9GB
  systemAvail=14.0GB systemThreshold=216.0MB lowMemory=false trimLevel=0 importance=125 fdCount=151
  procStatus VmRSS=2327776 kB VmHWM=3163148 kB VmSize=19377032 kB VmSwap=2480 kB Threads=30 FDSize=256
2026-05-29 06:46:59.753 pid=1650 [generation-start] id=41 config=Qwen3.5 2B MTP model=Qwen3.5-2B-Q8_0.gguf promptLen=1042 mediaCount=0
  javaUsed=3.1MB javaTotal=10.5MB javaMax=256.0MB nativeHeap=364.1MB nativeHeapFree=9.3MB nativeHeapSize=377.1MB
  pssTotal=2.1GB privateDirty=145.6MB sharedDirty=51.9MB nativePss=139.3MB dalvikPss=1.7MB otherPss=1.9GB
  systemAvail=14.0GB systemThreshold=216.0MB lowMemory=false trimLevel=0 importance=125 fdCount=151
  procStatus VmRSS=2327904 kB VmHWM=3163148 kB VmSize=19377032 kB VmSwap=2480 kB Threads=30 FDSize=256
2026-05-29 06:46:59.856 pid=1650 [generation-stage] id=41 stage=native-call-start
2026-05-29 06:47:32.899 pid=1650 [generation-stage] id=41 stage=native-call-end resultLen=59
2026-05-29 06:47:32.900 pid=1650 [generation-end] id=41 resultLen=59
  javaUsed=3.3MB javaTotal=10.5MB javaMax=256.0MB nativeHeap=364.1MB nativeHeapFree=9.3MB nativeHeapSize=377.1MB
  pssTotal=2.1GB privateDirty=145.7MB sharedDirty=51.9MB nativePss=139.3MB dalvikPss=1.8MB otherPss=1.9GB
  systemAvail=14.2GB systemThreshold=216.0MB lowMemory=false trimLevel=0 importance=125 fdCount=151
  procStatus VmRSS=2328028 kB VmHWM=3163148 kB VmSize=19377032 kB VmSwap=2480 kB Threads=30 FDSize=256
2026-05-29 06:47:33.503 pid=1650 [model-load] Loading configuration: Qwen3.5 2B
2026-05-29 06:47:33.785 pid=1650 [runtime-memory] Before model load model=Qwen3.5-2B-UD-Q8_K_XL.gguf
  javaUsed=3.5MB javaTotal=10.5MB javaMax=256.0MB nativeHeap=15.2MB nativeHeapFree=50.5MB nativeHeapSize=69.2MB
  pssTotal=30.4MB privateDirty=21.9MB sharedDirty=51.9MB nativePss=15.3MB dalvikPss=2.0MB otherPss=13.1MB
  systemAvail=14.3GB systemThreshold=216.0MB lowMemory=false trimLevel=0 importance=125 fdCount=151
  procStatus VmRSS=184028 kB VmHWM=3163148 kB VmSize=17148116 kB VmSwap=2480 kB Threads=30 FDSize=256
2026-05-29 06:47:33.840 pid=1650 [runtime-memory] After model load cleanup model=Qwen3.5-2B-UD-Q8_K_XL.gguf
  javaUsed=2.6MB javaTotal=10.5MB javaMax=256.0MB nativeHeap=15.2MB nativeHeapFree=50.5MB nativeHeapSize=69.2MB
  pssTotal=29.7MB privateDirty=21.3MB sharedDirty=51.9MB nativePss=15.3MB dalvikPss=1.3MB otherPss=13.1MB
  systemAvail=14.3GB systemThreshold=216.0MB lowMemory=false trimLevel=0 importance=125 fdCount=151
  procStatus VmRSS=183296 kB VmHWM=3163148 kB VmSize=17148116 kB VmSwap=2480 kB Threads=30 FDSize=256
2026-05-29 06:47:35.064 pid=1650 [model-load-complete] config=Qwen3.5 2B model=Qwen3.5-2B-UD-Q8_K_XL.gguf mmproj=(none)
  javaUsed=2.7MB javaTotal=10.5MB javaMax=256.0MB nativeHeap=362.9MB nativeHeapFree=9.4MB nativeHeapSize=376.0MB
  pssTotal=2.9GB privateDirty=172.9MB sharedDirty=51.9MB nativePss=166.9MB dalvikPss=1.4MB otherPss=2.7GB
  systemAvail=14.1GB systemThreshold=216.0MB lowMemory=false trimLevel=0 importance=125 fdCount=151
  procStatus VmRSS=3153080 kB VmHWM=3163148 kB VmSize=20174336 kB VmSwap=2480 kB Threads=30 FDSize=256
2026-05-29 06:47:35.206 pid=1650 [generation-start] id=42 config=Qwen3.5 2B model=Qwen3.5-2B-UD-Q8_K_XL.gguf promptLen=1060 mediaCount=0
  javaUsed=2.8MB javaTotal=10.5MB javaMax=256.0MB nativeHeap=362.9MB nativeHeapFree=9.4MB nativeHeapSize=376.0MB
  pssTotal=2.9GB privateDirty=173.0MB sharedDirty=51.9MB nativePss=166.9MB dalvikPss=1.5MB otherPss=2.7GB
  systemAvail=14.1GB systemThreshold=216.0MB lowMemory=false trimLevel=0 importance=125 fdCount=151
  procStatus VmRSS=3153336 kB VmHWM=3163148 kB VmSize=20174336 kB VmSwap=2480 kB Threads=30 FDSize=256
2026-05-29 06:47:35.335 pid=1650 [generation-stage] id=42 stage=native-call-start
2026-05-29 06:48:16.245 pid=1650 [generation-stage] id=42 stage=native-call-end resultLen=45
2026-05-29 06:48:16.246 pid=1650 [generation-end] id=42 resultLen=45
  javaUsed=3.0MB javaTotal=10.5MB javaMax=256.0MB nativeHeap=364.1MB nativeHeapFree=9.3MB nativeHeapSize=377.1MB
  pssTotal=2.8GB privateDirty=145.6MB sharedDirty=51.9MB nativePss=139.3MB dalvikPss=1.7MB otherPss=2.7GB
  systemAvail=14.2GB systemThreshold=216.0MB lowMemory=false trimLevel=0 importance=125 fdCount=151
  procStatus VmRSS=3125348 kB VmHWM=3163148 kB VmSize=20174336 kB VmSwap=2480 kB Threads=30 FDSize=256
2026-05-29 06:48:17.187 pid=1650 [model-load] Loading configuration: Qwen3.5 2B MTP
2026-05-29 06:48:17.473 pid=1650 [runtime-memory] Before model load model=Qwen3.5-2B-Q8_0.gguf
  javaUsed=3.3MB javaTotal=10.5MB javaMax=256.0MB nativeHeap=15.2MB nativeHeapFree=50.5MB nativeHeapSize=69.2MB
  pssTotal=30.2MB privateDirty=21.7MB sharedDirty=51.9MB nativePss=15.2MB dalvikPss=1.8MB otherPss=13.1MB
  systemAvail=14.3GB systemThreshold=216.0MB lowMemory=false trimLevel=0 importance=125 fdCount=151
  procStatus VmRSS=183676 kB VmHWM=3163148 kB VmSize=17148116 kB VmSwap=2480 kB Threads=30 FDSize=256
2026-05-29 06:48:17.526 pid=1650 [runtime-memory] After model load cleanup model=Qwen3.5-2B-Q8_0.gguf
  javaUsed=2.5MB javaTotal=10.5MB javaMax=256.0MB nativeHeap=15.2MB nativeHeapFree=50.5MB nativeHeapSize=69.2MB
  pssTotal=31.7MB privateDirty=23.2MB sharedDirty=51.9MB nativePss=15.3MB dalvikPss=3.3MB otherPss=13.1MB
  systemAvail=14.3GB systemThreshold=216.0MB lowMemory=false trimLevel=0 importance=125 fdCount=151
  procStatus VmRSS=185200 kB VmHWM=3163148 kB VmSize=17148116 kB VmSwap=2480 kB Threads=30 FDSize=256
2026-05-29 06:48:18.575 pid=1650 [model-load-complete] config=Qwen3.5 2B MTP model=Qwen3.5-2B-Q8_0.gguf mmproj=(none)
  javaUsed=2.7MB javaTotal=10.5MB javaMax=256.0MB nativeHeap=362.9MB nativeHeapFree=9.4MB nativeHeapSize=376.0MB
  pssTotal=2.1GB privateDirty=174.9MB sharedDirty=51.9MB nativePss=166.9MB dalvikPss=3.4MB otherPss=1.9GB
  systemAvail=14.2GB systemThreshold=216.0MB lowMemory=false trimLevel=0 importance=125 fdCount=151
  procStatus VmRSS=2357764 kB VmHWM=3163148 kB VmSize=19377032 kB VmSwap=2480 kB Threads=30 FDSize=256
2026-05-29 06:48:18.685 pid=1650 [generation-start] id=43 config=Qwen3.5 2B MTP model=Qwen3.5-2B-Q8_0.gguf promptLen=1039 mediaCount=0
  javaUsed=2.8MB javaTotal=10.5MB javaMax=256.0MB nativeHeap=362.9MB nativeHeapFree=9.4MB nativeHeapSize=376.0MB
  pssTotal=2.1GB privateDirty=175.1MB sharedDirty=51.9MB nativePss=167.0MB dalvikPss=3.5MB otherPss=1.9GB
  systemAvail=14.2GB systemThreshold=216.0MB lowMemory=false trimLevel=0 importance=125 fdCount=151
  procStatus VmRSS=2357864 kB VmHWM=3163148 kB VmSize=19377032 kB VmSwap=2480 kB Threads=30 FDSize=256
2026-05-29 06:48:18.799 pid=1650 [generation-stage] id=43 stage=native-call-start
2026-05-29 06:48:48.183 pid=1650 [generation-stage] id=43 stage=native-call-end resultLen=43
2026-05-29 06:48:48.183 pid=1650 [generation-end] id=43 resultLen=43
  javaUsed=2.7MB javaTotal=10.5MB javaMax=256.0MB nativeHeap=364.1MB nativeHeapFree=9.3MB nativeHeapSize=377.1MB
  pssTotal=2.1GB privateDirty=147.3MB sharedDirty=51.9MB nativePss=139.2MB dalvikPss=3.4MB otherPss=1.9GB
  systemAvail=14.2GB systemThreshold=216.0MB lowMemory=false trimLevel=0 importance=125 fdCount=151
  procStatus VmRSS=2329636 kB VmHWM=3163148 kB VmSize=19377032 kB VmSwap=2480 kB Threads=30 FDSize=256
2026-05-29 06:48:48.248 pid=1650 [model-load] Loading configuration: Qwen3.5 2B MTP
2026-05-29 06:48:48.248 pid=1650 [model-load-skip] config=Qwen3.5 2B MTP model already loaded
  javaUsed=3.0MB javaTotal=10.5MB javaMax=256.0MB nativeHeap=364.1MB nativeHeapFree=9.3MB nativeHeapSize=377.1MB
  pssTotal=2.1GB privateDirty=147.4MB sharedDirty=51.9MB nativePss=139.2MB dalvikPss=3.6MB otherPss=1.9GB
  systemAvail=14.2GB systemThreshold=216.0MB lowMemory=false trimLevel=0 importance=125 fdCount=151
  procStatus VmRSS=2329764 kB VmHWM=3163148 kB VmSize=19377032 kB VmSwap=2480 kB Threads=30 FDSize=256
2026-05-29 06:48:48.312 pid=1650 [generation-start] id=44 config=Qwen3.5 2B MTP model=Qwen3.5-2B-Q8_0.gguf promptLen=1039 mediaCount=0
  javaUsed=3.2MB javaTotal=10.5MB javaMax=256.0MB nativeHeap=364.1MB nativeHeapFree=9.3MB nativeHeapSize=377.1MB
  pssTotal=2.1GB privateDirty=147.6MB sharedDirty=51.9MB nativePss=139.2MB dalvikPss=3.8MB otherPss=1.9GB
  systemAvail=14.2GB systemThreshold=216.0MB lowMemory=false trimLevel=0 importance=125 fdCount=151
  procStatus VmRSS=2329892 kB VmHWM=3163148 kB VmSize=19377032 kB VmSwap=2480 kB Threads=30 FDSize=256
2026-05-29 06:48:48.381 pid=1650 [generation-stage] id=44 stage=native-call-start
2026-05-29 06:49:16.598 pid=1650 [generation-stage] id=44 stage=native-call-end resultLen=71
2026-05-29 06:49:16.599 pid=1650 [generation-end] id=44 resultLen=71
  javaUsed=3.3MB javaTotal=10.5MB javaMax=256.0MB nativeHeap=364.1MB nativeHeapFree=9.3MB nativeHeapSize=377.1MB
  pssTotal=2.1GB privateDirty=147.8MB sharedDirty=51.9MB nativePss=139.2MB dalvikPss=3.9MB otherPss=1.9GB
  systemAvail=14.3GB systemThreshold=216.0MB lowMemory=false trimLevel=0 importance=125 fdCount=151
  procStatus VmRSS=2330140 kB VmHWM=3163148 kB VmSize=19377032 kB VmSwap=2480 kB Threads=30 FDSize=256
2026-05-29 06:49:17.324 pid=1650 [model-load] Loading configuration: Qwen3.5 2B
2026-05-29 06:49:17.577 pid=1650 [runtime-memory] Before model load model=Qwen3.5-2B-UD-Q8_K_XL.gguf
  javaUsed=3.6MB javaTotal=10.5MB javaMax=256.0MB nativeHeap=15.2MB nativeHeapFree=50.5MB nativeHeapSize=69.2MB
  pssTotal=32.5MB privateDirty=24.0MB sharedDirty=51.9MB nativePss=15.3MB dalvikPss=4.1MB otherPss=13.1MB
  systemAvail=14.4GB systemThreshold=216.0MB lowMemory=false trimLevel=0 importance=125 fdCount=151
  procStatus VmRSS=186008 kB VmHWM=3163148 kB VmSize=17148116 kB VmSwap=2480 kB Threads=30 FDSize=256
2026-05-29 06:49:17.629 pid=1650 [runtime-memory] After model load cleanup model=Qwen3.5-2B-UD-Q8_K_XL.gguf
  javaUsed=2.6MB javaTotal=10.5MB javaMax=256.0MB nativeHeap=15.2MB nativeHeapFree=50.5MB nativeHeapSize=69.2MB
  pssTotal=29.7MB privateDirty=21.3MB sharedDirty=51.9MB nativePss=15.3MB dalvikPss=1.3MB otherPss=13.1MB
  systemAvail=14.4GB systemThreshold=216.0MB lowMemory=false trimLevel=0 importance=125 fdCount=151
  procStatus VmRSS=183256 kB VmHWM=3163148 kB VmSize=17148116 kB VmSwap=2480 kB Threads=30 FDSize=256
2026-05-29 06:49:18.722 pid=1650 [model-load-complete] config=Qwen3.5 2B model=Qwen3.5-2B-UD-Q8_K_XL.gguf mmproj=(none)
  javaUsed=2.7MB javaTotal=10.5MB javaMax=256.0MB nativeHeap=362.9MB nativeHeapFree=9.4MB nativeHeapSize=376.0MB
  pssTotal=2.9GB privateDirty=172.9MB sharedDirty=51.9MB nativePss=166.9MB dalvikPss=1.4MB otherPss=2.7GB
  systemAvail=14.2GB systemThreshold=216.0MB lowMemory=false trimLevel=0 importance=125 fdCount=151
  procStatus VmRSS=3153124 kB VmHWM=3163148 kB VmSize=20174336 kB VmSwap=2480 kB Threads=30 FDSize=256
2026-05-29 06:49:18.852 pid=1650 [generation-start] id=45 config=Qwen3.5 2B model=Qwen3.5-2B-UD-Q8_K_XL.gguf promptLen=1057 mediaCount=0
  javaUsed=2.8MB javaTotal=10.5MB javaMax=256.0MB nativeHeap=362.9MB nativeHeapFree=9.4MB nativeHeapSize=376.0MB
  pssTotal=2.9GB privateDirty=173.1MB sharedDirty=51.9MB nativePss=167.0MB dalvikPss=1.5MB otherPss=2.7GB
  systemAvail=14.2GB systemThreshold=216.0MB lowMemory=false trimLevel=0 importance=125 fdCount=151
  procStatus VmRSS=3153380 kB VmHWM=3163148 kB VmSize=20174336 kB VmSwap=2480 kB Threads=30 FDSize=256
2026-05-29 06:49:18.980 pid=1650 [generation-stage] id=45 stage=native-call-start
2026-05-29 06:49:45.259 pid=1650 [generation-stage] id=45 stage=native-call-end resultLen=122
2026-05-29 06:49:45.259 pid=1650 [generation-end] id=45 resultLen=122
  javaUsed=3.0MB javaTotal=10.5MB javaMax=256.0MB nativeHeap=364.1MB nativeHeapFree=9.3MB nativeHeapSize=377.1MB
  pssTotal=2.8GB privateDirty=145.6MB sharedDirty=51.9MB nativePss=139.3MB dalvikPss=1.6MB otherPss=2.7GB
  systemAvail=14.1GB systemThreshold=216.0MB lowMemory=false trimLevel=0 importance=125 fdCount=151
  procStatus VmRSS=3125360 kB VmHWM=3163148 kB VmSize=20174336 kB VmSwap=2480 kB Threads=30 FDSize=256
2026-05-29 06:49:46.008 pid=1650 [model-load] Loading configuration: Qwen3.5 2B MTP
2026-05-29 06:49:46.316 pid=1650 [runtime-memory] Before model load model=Qwen3.5-2B-Q8_0.gguf
  javaUsed=2.6MB javaTotal=10.5MB javaMax=256.0MB nativeHeap=15.2MB nativeHeapFree=50.5MB nativeHeapSize=69.2MB
  pssTotal=29.5MB privateDirty=21.0MB sharedDirty=51.9MB nativePss=15.1MB dalvikPss=1.3MB otherPss=13.1MB
  systemAvail=14.2GB systemThreshold=216.0MB lowMemory=false trimLevel=0 importance=125 fdCount=151
  procStatus VmRSS=183484 kB VmHWM=3163148 kB VmSize=17148116 kB VmSwap=2480 kB Threads=30 FDSize=256
2026-05-29 06:49:46.370 pid=1650 [runtime-memory] After model load cleanup model=Qwen3.5-2B-Q8_0.gguf
  javaUsed=2.6MB javaTotal=10.5MB javaMax=256.0MB nativeHeap=15.2MB nativeHeapFree=50.5MB nativeHeapSize=69.2MB
  pssTotal=31.6MB privateDirty=23.1MB sharedDirty=51.9MB nativePss=15.2MB dalvikPss=3.3MB otherPss=13.1MB
  systemAvail=14.2GB systemThreshold=216.0MB lowMemory=false trimLevel=0 importance=125 fdCount=151
  procStatus VmRSS=185648 kB VmHWM=3163148 kB VmSize=17148116 kB VmSwap=2480 kB Threads=30 FDSize=256
2026-05-29 06:49:47.528 pid=1650 [model-load-complete] config=Qwen3.5 2B MTP model=Qwen3.5-2B-Q8_0.gguf mmproj=(none)
  javaUsed=2.7MB javaTotal=10.5MB javaMax=256.0MB nativeHeap=362.9MB nativeHeapFree=9.4MB nativeHeapSize=376.0MB
  pssTotal=2.1GB privateDirty=174.9MB sharedDirty=51.9MB nativePss=166.9MB dalvikPss=3.4MB otherPss=1.9GB
  systemAvail=14.1GB systemThreshold=216.0MB lowMemory=false trimLevel=0 importance=125 fdCount=151
  procStatus VmRSS=2358240 kB VmHWM=3163148 kB VmSize=19377032 kB VmSwap=2480 kB Threads=30 FDSize=256
2026-05-29 06:49:47.642 pid=1650 [generation-start] id=46 config=Qwen3.5 2B MTP model=Qwen3.5-2B-Q8_0.gguf promptLen=1048 mediaCount=0
  javaUsed=2.8MB javaTotal=10.5MB javaMax=256.0MB nativeHeap=362.9MB nativeHeapFree=9.4MB nativeHeapSize=376.0MB
  pssTotal=2.1GB privateDirty=175.1MB sharedDirty=51.9MB nativePss=167.0MB dalvikPss=3.5MB otherPss=1.9GB
  systemAvail=14.1GB systemThreshold=216.0MB lowMemory=false trimLevel=0 importance=125 fdCount=151
  procStatus VmRSS=2358496 kB VmHWM=3163148 kB VmSize=19377032 kB VmSwap=2480 kB Threads=30 FDSize=256
2026-05-29 06:49:47.753 pid=1650 [generation-stage] id=46 stage=native-call-start
2026-05-29 06:50:13.966 pid=1650 [generation-stage] id=46 stage=native-call-end resultLen=67
2026-05-29 06:50:13.967 pid=1650 [generation-end] id=46 resultLen=67
  javaUsed=3.0MB javaTotal=10.5MB javaMax=256.0MB nativeHeap=364.1MB nativeHeapFree=9.3MB nativeHeapSize=377.1MB
  pssTotal=2.1GB privateDirty=147.5MB sharedDirty=51.9MB nativePss=139.2MB dalvikPss=3.6MB otherPss=1.9GB
  systemAvail=14.0GB systemThreshold=216.0MB lowMemory=false trimLevel=0 importance=125 fdCount=151
  procStatus VmRSS=2330208 kB VmHWM=3163148 kB VmSize=19377032 kB VmSwap=2480 kB Threads=30 FDSize=256
2026-05-29 06:50:14.583 pid=1650 [model-load] Loading configuration: Qwen3.5 2B
2026-05-29 06:50:14.857 pid=1650 [runtime-memory] Before model load model=Qwen3.5-2B-UD-Q8_K_XL.gguf
  javaUsed=3.3MB javaTotal=10.5MB javaMax=256.0MB nativeHeap=15.2MB nativeHeapFree=50.5MB nativeHeapSize=69.2MB
  pssTotal=32.2MB privateDirty=23.7MB sharedDirty=51.9MB nativePss=15.2MB dalvikPss=3.8MB otherPss=13.1MB
  systemAvail=14.1GB systemThreshold=216.0MB lowMemory=false trimLevel=0 importance=125 fdCount=151
  procStatus VmRSS=186068 kB VmHWM=3163148 kB VmSize=17148116 kB VmSwap=2480 kB Threads=30 FDSize=256
2026-05-29 06:50:14.910 pid=1650 [runtime-memory] After model load cleanup model=Qwen3.5-2B-UD-Q8_K_XL.gguf
  javaUsed=2.6MB javaTotal=10.5MB javaMax=256.0MB nativeHeap=15.2MB nativeHeapFree=50.5MB nativeHeapSize=69.2MB
  pssTotal=29.7MB privateDirty=21.2MB sharedDirty=51.9MB nativePss=15.3MB dalvikPss=1.3MB otherPss=13.1MB
  systemAvail=14.1GB systemThreshold=216.0MB lowMemory=false trimLevel=0 importance=125 fdCount=151
  procStatus VmRSS=183492 kB VmHWM=3163148 kB VmSize=17148116 kB VmSwap=2480 kB Threads=30 FDSize=256
2026-05-29 06:50:16.031 pid=1650 [model-load-complete] config=Qwen3.5 2B model=Qwen3.5-2B-UD-Q8_K_XL.gguf mmproj=(none)
  javaUsed=2.7MB javaTotal=10.5MB javaMax=256.0MB nativeHeap=362.9MB nativeHeapFree=9.4MB nativeHeapSize=376.0MB
  pssTotal=2.9GB privateDirty=172.9MB sharedDirty=51.9MB nativePss=166.9MB dalvikPss=1.4MB otherPss=2.7GB
  systemAvail=14.0GB systemThreshold=216.0MB lowMemory=false trimLevel=0 importance=125 fdCount=151
  procStatus VmRSS=3153304 kB VmHWM=3163148 kB VmSize=20174336 kB VmSwap=2480 kB Threads=30 FDSize=256
2026-05-29 06:50:16.151 pid=1650 [generation-start] id=47 config=Qwen3.5 2B model=Qwen3.5-2B-UD-Q8_K_XL.gguf promptLen=1054 mediaCount=0
  javaUsed=2.9MB javaTotal=10.5MB javaMax=256.0MB nativeHeap=362.9MB nativeHeapFree=9.4MB nativeHeapSize=376.0MB
  pssTotal=2.9GB privateDirty=173.1MB sharedDirty=51.9MB nativePss=167.0MB dalvikPss=1.5MB otherPss=2.7GB
  systemAvail=14.0GB systemThreshold=216.0MB lowMemory=false trimLevel=0 importance=125 fdCount=151
  procStatus VmRSS=3153560 kB VmHWM=3163148 kB VmSize=20174336 kB VmSwap=2480 kB Threads=30 FDSize=256
2026-05-29 06:50:16.272 pid=1650 [generation-stage] id=47 stage=native-call-start
2026-05-29 06:51:16.204 pid=1650 [generation-stage] id=47 stage=native-call-end resultLen=100
2026-05-29 06:51:16.204 pid=1650 [generation-end] id=47 resultLen=100
  javaUsed=3.2MB javaTotal=10.5MB javaMax=256.0MB nativeHeap=364.1MB nativeHeapFree=9.3MB nativeHeapSize=377.1MB
  pssTotal=2.8GB privateDirty=145.7MB sharedDirty=51.9MB nativePss=139.3MB dalvikPss=1.7MB otherPss=2.7GB
  systemAvail=14.0GB systemThreshold=216.0MB lowMemory=false trimLevel=0 importance=125 fdCount=151
  procStatus VmRSS=3125516 kB VmHWM=3163148 kB VmSize=20174336 kB VmSwap=2480 kB Threads=30 FDSize=256
2026-05-29 06:51:17.026 pid=1650 [model-load] Loading configuration: Qwen3.5 2B MTP
2026-05-29 06:51:17.182 pid=1650 [runtime-memory] Before model load model=Qwen3.5-2B-Q8_0.gguf
  javaUsed=3.4MB javaTotal=10.5MB javaMax=256.0MB nativeHeap=15.2MB nativeHeapFree=50.5MB nativeHeapSize=69.2MB
  pssTotal=30.3MB privateDirty=21.7MB sharedDirty=51.9MB nativePss=15.2MB dalvikPss=1.9MB otherPss=13.1MB
  systemAvail=14.3GB systemThreshold=216.0MB lowMemory=false trimLevel=0 importance=125 fdCount=151
  procStatus VmRSS=183964 kB VmHWM=3163148 kB VmSize=17148116 kB VmSwap=2480 kB Threads=30 FDSize=256
2026-05-29 06:51:17.205 pid=1650 [runtime-memory] After model load cleanup model=Qwen3.5-2B-Q8_0.gguf
  javaUsed=2.6MB javaTotal=10.5MB javaMax=256.0MB nativeHeap=15.2MB nativeHeapFree=50.5MB nativeHeapSize=69.2MB
  pssTotal=29.8MB privateDirty=21.2MB sharedDirty=51.9MB nativePss=15.3MB dalvikPss=1.3MB otherPss=13.1MB
  systemAvail=14.3GB systemThreshold=216.0MB lowMemory=false trimLevel=0 importance=125 fdCount=151
  procStatus VmRSS=183636 kB VmHWM=3163148 kB VmSize=17148116 kB VmSwap=2480 kB Threads=30 FDSize=256
2026-05-29 06:51:17.727 pid=1650 [model-load-complete] config=Qwen3.5 2B MTP model=Qwen3.5-2B-Q8_0.gguf mmproj=(none)
  javaUsed=2.7MB javaTotal=10.5MB javaMax=256.0MB nativeHeap=362.9MB nativeHeapFree=9.4MB nativeHeapSize=376.0MB
  pssTotal=2.1GB privateDirty=173.0MB sharedDirty=51.9MB nativePss=167.0MB dalvikPss=1.4MB otherPss=1.9GB
  systemAvail=14.3GB systemThreshold=216.0MB lowMemory=false trimLevel=0 importance=125 fdCount=151
  procStatus VmRSS=2356072 kB VmHWM=3163148 kB VmSize=19377032 kB VmSwap=2480 kB Threads=30 FDSize=256
2026-05-29 06:51:17.802 pid=1650 [generation-start] id=48 config=Qwen3.5 2B MTP model=Qwen3.5-2B-Q8_0.gguf promptLen=1048 mediaCount=0
  javaUsed=2.8MB javaTotal=10.5MB javaMax=256.0MB nativeHeap=362.9MB nativeHeapFree=9.4MB nativeHeapSize=376.0MB
  pssTotal=2.1GB privateDirty=173.1MB sharedDirty=51.9MB nativePss=167.0MB dalvikPss=1.5MB otherPss=1.9GB
  systemAvail=14.3GB systemThreshold=216.0MB lowMemory=false trimLevel=0 importance=125 fdCount=151
  procStatus VmRSS=2356328 kB VmHWM=3163148 kB VmSize=19377032 kB VmSwap=2480 kB Threads=30 FDSize=256
2026-05-29 06:51:17.864 pid=1650 [generation-stage] id=48 stage=native-call-start
2026-05-29 06:51:51.648 pid=1650 [generation-stage] id=48 stage=native-call-end resultLen=139
2026-05-29 06:51:51.649 pid=1650 [generation-end] id=48 resultLen=139
  javaUsed=3.0MB javaTotal=10.5MB javaMax=256.0MB nativeHeap=364.1MB nativeHeapFree=9.3MB nativeHeapSize=377.1MB
  pssTotal=2.1GB privateDirty=145.5MB sharedDirty=51.9MB nativePss=139.2MB dalvikPss=1.6MB otherPss=1.9GB
  systemAvail=14.3GB systemThreshold=216.0MB lowMemory=false trimLevel=0 importance=125 fdCount=151
  procStatus VmRSS=2328104 kB VmHWM=3163148 kB VmSize=19377032 kB VmSwap=2480 kB Threads=30 FDSize=256
2026-05-29 06:51:52.486 pid=1650 [model-load] Loading configuration: Qwen3.5 2B
2026-05-29 06:51:52.621 pid=1650 [runtime-memory] Before model load model=Qwen3.5-2B-UD-Q8_K_XL.gguf
  javaUsed=3.3MB javaTotal=10.5MB javaMax=256.0MB nativeHeap=15.2MB nativeHeapFree=50.5MB nativeHeapSize=69.2MB
  pssTotal=30.2MB privateDirty=21.7MB sharedDirty=51.9MB nativePss=15.2MB dalvikPss=1.8MB otherPss=13.1MB
  systemAvail=14.4GB systemThreshold=216.0MB lowMemory=false trimLevel=0 importance=125 fdCount=151
  procStatus VmRSS=183900 kB VmHWM=3163148 kB VmSize=17148116 kB VmSwap=2480 kB Threads=30 FDSize=256
2026-05-29 06:51:52.642 pid=1650 [runtime-memory] After model load cleanup model=Qwen3.5-2B-UD-Q8_K_XL.gguf
  javaUsed=2.6MB javaTotal=10.5MB javaMax=256.0MB nativeHeap=15.2MB nativeHeapFree=50.5MB nativeHeapSize=69.2MB
  pssTotal=29.7MB privateDirty=21.2MB sharedDirty=51.9MB nativePss=15.3MB dalvikPss=1.3MB otherPss=13.1MB
  systemAvail=14.4GB systemThreshold=216.0MB lowMemory=false trimLevel=0 importance=125 fdCount=151
  procStatus VmRSS=183616 kB VmHWM=3163148 kB VmSize=17148116 kB VmSwap=2480 kB Threads=30 FDSize=256
2026-05-29 06:51:53.053 pid=1650 [model-load-complete] config=Qwen3.5 2B model=Qwen3.5-2B-UD-Q8_K_XL.gguf mmproj=(none)
  javaUsed=2.7MB javaTotal=10.5MB javaMax=256.0MB nativeHeap=362.9MB nativeHeapFree=9.4MB nativeHeapSize=376.0MB
  pssTotal=2.9GB privateDirty=172.9MB sharedDirty=51.9MB nativePss=167.0MB dalvikPss=1.4MB otherPss=2.7GB
  systemAvail=14.3GB systemThreshold=216.0MB lowMemory=false trimLevel=0 importance=125 fdCount=151
  procStatus VmRSS=3153484 kB VmHWM=3163148 kB VmSize=20174336 kB VmSwap=2480 kB Threads=30 FDSize=256
2026-05-29 06:51:53.115 pid=1650 [generation-start] id=49 config=Qwen3.5 2B model=Qwen3.5-2B-UD-Q8_K_XL.gguf promptLen=1060 mediaCount=0
  javaUsed=2.8MB javaTotal=10.5MB javaMax=256.0MB nativeHeap=362.9MB nativeHeapFree=9.4MB nativeHeapSize=376.0MB
  pssTotal=2.9GB privateDirty=173.1MB sharedDirty=51.9MB nativePss=167.0MB dalvikPss=1.5MB otherPss=2.7GB
  systemAvail=14.3GB systemThreshold=216.0MB lowMemory=false trimLevel=0 importance=125 fdCount=151
  procStatus VmRSS=3153740 kB VmHWM=3163148 kB VmSize=20174336 kB VmSwap=2480 kB Threads=30 FDSize=256
2026-05-29 06:51:53.176 pid=1650 [generation-stage] id=49 stage=native-call-start
2026-05-29 06:52:33.791 pid=1650 [generation-stage] id=49 stage=native-call-end resultLen=31
2026-05-29 06:52:33.792 pid=1650 [generation-end] id=49 resultLen=31
  javaUsed=3.0MB javaTotal=10.5MB javaMax=256.0MB nativeHeap=364.1MB nativeHeapFree=9.3MB nativeHeapSize=377.1MB
  pssTotal=2.8GB privateDirty=145.6MB sharedDirty=51.9MB nativePss=139.3MB dalvikPss=1.6MB otherPss=2.7GB
  systemAvail=14.2GB systemThreshold=216.0MB lowMemory=false trimLevel=0 importance=125 fdCount=151
  procStatus VmRSS=3125404 kB VmHWM=3163148 kB VmSize=20174336 kB VmSwap=2480 kB Threads=30 FDSize=256
2026-05-29 06:52:34.643 pid=1650 [model-load] Loading configuration: Qwen3.5 2B MTP
2026-05-29 06:52:34.798 pid=1650 [runtime-memory] Before model load model=Qwen3.5-2B-Q8_0.gguf
  javaUsed=3.3MB javaTotal=10.5MB javaMax=256.0MB nativeHeap=15.2MB nativeHeapFree=50.5MB nativeHeapSize=69.2MB
  pssTotal=30.2MB privateDirty=21.7MB sharedDirty=51.9MB nativePss=15.2MB dalvikPss=1.8MB otherPss=13.1MB
  systemAvail=14.3GB systemThreshold=216.0MB lowMemory=false trimLevel=0 importance=125 fdCount=151
  procStatus VmRSS=183968 kB VmHWM=3163148 kB VmSize=17148116 kB VmSwap=2480 kB Threads=30 FDSize=256
2026-05-29 06:52:34.819 pid=1650 [runtime-memory] After model load cleanup model=Qwen3.5-2B-Q8_0.gguf
  javaUsed=2.6MB javaTotal=10.5MB javaMax=256.0MB nativeHeap=15.2MB nativeHeapFree=50.5MB nativeHeapSize=69.2MB
  pssTotal=29.7MB privateDirty=21.2MB sharedDirty=51.9MB nativePss=15.3MB dalvikPss=1.3MB otherPss=13.1MB
  systemAvail=14.3GB systemThreshold=216.0MB lowMemory=false trimLevel=0 importance=125 fdCount=151
  procStatus VmRSS=183552 kB VmHWM=3163148 kB VmSize=17148116 kB VmSwap=2480 kB Threads=30 FDSize=256
2026-05-29 06:52:35.204 pid=1650 [model-load-complete] config=Qwen3.5 2B MTP model=Qwen3.5-2B-Q8_0.gguf mmproj=(none)
  javaUsed=2.7MB javaTotal=10.5MB javaMax=256.0MB nativeHeap=362.9MB nativeHeapFree=9.4MB nativeHeapSize=376.0MB
  pssTotal=2.1GB privateDirty=173.0MB sharedDirty=51.9MB nativePss=167.0MB dalvikPss=1.4MB otherPss=1.9GB
  systemAvail=14.2GB systemThreshold=216.0MB lowMemory=false trimLevel=0 importance=125 fdCount=151
  procStatus VmRSS=2356116 kB VmHWM=3163148 kB VmSize=19377032 kB VmSwap=2480 kB Threads=30 FDSize=256
2026-05-29 06:52:35.257 pid=1650 [generation-start] id=50 config=Qwen3.5 2B MTP model=Qwen3.5-2B-Q8_0.gguf promptLen=1048 mediaCount=0
  javaUsed=2.8MB javaTotal=10.5MB javaMax=256.0MB nativeHeap=362.9MB nativeHeapFree=9.4MB nativeHeapSize=376.0MB
  pssTotal=2.1GB privateDirty=173.2MB sharedDirty=51.9MB nativePss=167.0MB dalvikPss=1.5MB otherPss=1.9GB
  systemAvail=14.2GB systemThreshold=216.0MB lowMemory=false trimLevel=0 importance=125 fdCount=151
  procStatus VmRSS=2356160 kB VmHWM=3163148 kB VmSize=19377032 kB VmSwap=2480 kB Threads=30 FDSize=256
2026-05-29 06:52:35.308 pid=1650 [generation-stage] id=50 stage=native-call-start
2026-05-29 06:53:09.252 pid=1650 [generation-stage] id=50 stage=native-call-end resultLen=98
2026-05-29 06:53:09.253 pid=1650 [generation-end] id=50 resultLen=98
  javaUsed=2.7MB javaTotal=10.5MB javaMax=256.0MB nativeHeap=364.1MB nativeHeapFree=9.3MB nativeHeapSize=377.1MB
  pssTotal=2.1GB privateDirty=145.3MB sharedDirty=51.9MB nativePss=139.2MB dalvikPss=1.4MB otherPss=1.9GB
  systemAvail=14.2GB systemThreshold=216.0MB lowMemory=false trimLevel=0 importance=125 fdCount=151
  procStatus VmRSS=2327732 kB VmHWM=3163148 kB VmSize=19377032 kB VmSwap=2480 kB Threads=30 FDSize=256
2026-05-29 06:53:09.357 pid=1650 [model-load] Loading configuration: Qwen3.5 2B MTP
2026-05-29 06:53:09.358 pid=1650 [model-load-skip] config=Qwen3.5 2B MTP model already loaded
  javaUsed=3.0MB javaTotal=10.5MB javaMax=256.0MB nativeHeap=364.1MB nativeHeapFree=9.3MB nativeHeapSize=377.1MB
  pssTotal=2.1GB privateDirty=145.5MB sharedDirty=51.9MB nativePss=139.3MB dalvikPss=1.6MB otherPss=1.9GB
  systemAvail=14.2GB systemThreshold=216.0MB lowMemory=false trimLevel=0 importance=125 fdCount=151
  procStatus VmRSS=2327860 kB VmHWM=3163148 kB VmSize=19377032 kB VmSwap=2480 kB Threads=30 FDSize=256
2026-05-29 06:53:09.468 pid=1650 [generation-start] id=51 config=Qwen3.5 2B MTP model=Qwen3.5-2B-Q8_0.gguf promptLen=1048 mediaCount=0
  javaUsed=3.1MB javaTotal=10.5MB javaMax=256.0MB nativeHeap=364.1MB nativeHeapFree=9.3MB nativeHeapSize=377.1MB
  pssTotal=2.1GB privateDirty=145.6MB sharedDirty=51.9MB nativePss=139.3MB dalvikPss=1.7MB otherPss=1.9GB
  systemAvail=14.2GB systemThreshold=216.0MB lowMemory=false trimLevel=0 importance=125 fdCount=151
  procStatus VmRSS=2327988 kB VmHWM=3163148 kB VmSize=19377032 kB VmSwap=2480 kB Threads=30 FDSize=256
2026-05-29 06:53:09.576 pid=1650 [generation-stage] id=51 stage=native-call-start
2026-05-29 06:53:34.004 pid=1650 [generation-stage] id=51 stage=native-call-end resultLen=131
2026-05-29 06:53:34.005 pid=1650 [generation-end] id=51 resultLen=131
  javaUsed=3.3MB javaTotal=10.5MB javaMax=256.0MB nativeHeap=364.1MB nativeHeapFree=9.3MB nativeHeapSize=377.1MB
  pssTotal=2.1GB privateDirty=145.7MB sharedDirty=51.9MB nativePss=139.3MB dalvikPss=1.9MB otherPss=1.9GB
  systemAvail=14.1GB systemThreshold=216.0MB lowMemory=false trimLevel=0 importance=125 fdCount=151
  procStatus VmRSS=2328364 kB VmHWM=3163148 kB VmSize=19377032 kB VmSwap=2480 kB Threads=30 FDSize=256
2026-05-29 06:53:34.729 pid=1650 [model-load] Loading configuration: Qwen3.5 2B
2026-05-29 06:53:34.943 pid=1650 [runtime-memory] Before model load model=Qwen3.5-2B-UD-Q8_K_XL.gguf
  javaUsed=3.6MB javaTotal=10.5MB javaMax=256.0MB nativeHeap=15.2MB nativeHeapFree=50.5MB nativeHeapSize=69.2MB
  pssTotal=30.4MB privateDirty=21.9MB sharedDirty=51.9MB nativePss=15.2MB dalvikPss=2.0MB otherPss=13.1MB
  systemAvail=14.3GB systemThreshold=216.0MB lowMemory=false trimLevel=0 importance=125 fdCount=151
  procStatus VmRSS=184484 kB VmHWM=3163148 kB VmSize=17148116 kB VmSwap=2480 kB Threads=30 FDSize=256
2026-05-29 06:53:34.965 pid=1650 [runtime-memory] After model load cleanup model=Qwen3.5-2B-UD-Q8_K_XL.gguf
  javaUsed=2.6MB javaTotal=10.5MB javaMax=256.0MB nativeHeap=15.2MB nativeHeapFree=50.5MB nativeHeapSize=69.2MB
  pssTotal=29.7MB privateDirty=21.3MB sharedDirty=51.9MB nativePss=15.3MB dalvikPss=1.3MB otherPss=13.1MB
  systemAvail=14.3GB systemThreshold=216.0MB lowMemory=false trimLevel=0 importance=125 fdCount=151
  procStatus VmRSS=183852 kB VmHWM=3163148 kB VmSize=17148116 kB VmSwap=2480 kB Threads=30 FDSize=256
2026-05-29 06:53:35.389 pid=1650 [model-load-complete] config=Qwen3.5 2B model=Qwen3.5-2B-UD-Q8_K_XL.gguf mmproj=(none)
  javaUsed=2.7MB javaTotal=10.5MB javaMax=256.0MB nativeHeap=362.9MB nativeHeapFree=9.4MB nativeHeapSize=376.0MB
  pssTotal=2.9GB privateDirty=172.9MB sharedDirty=51.9MB nativePss=166.9MB dalvikPss=1.4MB otherPss=2.7GB
  systemAvail=14.1GB systemThreshold=216.0MB lowMemory=false trimLevel=0 importance=125 fdCount=151
  procStatus VmRSS=3153720 kB VmHWM=3163148 kB VmSize=20174336 kB VmSwap=2480 kB Threads=30 FDSize=256
2026-05-29 06:53:35.453 pid=1650 [generation-start] id=52 config=Qwen3.5 2B model=Qwen3.5-2B-UD-Q8_K_XL.gguf promptLen=1063 mediaCount=0
  javaUsed=2.8MB javaTotal=10.5MB javaMax=256.0MB nativeHeap=362.9MB nativeHeapFree=9.4MB nativeHeapSize=376.0MB
  pssTotal=2.9GB privateDirty=173.1MB sharedDirty=51.9MB nativePss=167.0MB dalvikPss=1.5MB otherPss=2.7GB
  systemAvail=14.1GB systemThreshold=216.0MB lowMemory=false trimLevel=0 importance=125 fdCount=151
  procStatus VmRSS=3153848 kB VmHWM=3163148 kB VmSize=20174336 kB VmSwap=2480 kB Threads=30 FDSize=256
2026-05-29 06:53:35.516 pid=1650 [generation-stage] id=52 stage=native-call-start
2026-05-29 06:54:09.377 pid=1650 [generation-stage] id=52 stage=native-call-end resultLen=64
2026-05-29 06:54:09.377 pid=1650 [generation-end] id=52 resultLen=64
  javaUsed=3.0MB javaTotal=10.5MB javaMax=256.0MB nativeHeap=364.1MB nativeHeapFree=9.3MB nativeHeapSize=377.1MB
  pssTotal=2.8GB privateDirty=145.6MB sharedDirty=51.9MB nativePss=139.3MB dalvikPss=1.7MB otherPss=2.7GB
  systemAvail=13.7GB systemThreshold=216.0MB lowMemory=false trimLevel=0 importance=125 fdCount=151
  procStatus VmRSS=3125348 kB VmHWM=3163148 kB VmSize=20174336 kB VmSwap=2480 kB Threads=30 FDSize=256
2026-05-29 06:54:09.467 pid=1650 [model-load] Loading configuration: Qwen3.5 2B
2026-05-29 06:54:09.467 pid=1650 [model-load-skip] config=Qwen3.5 2B model already loaded
  javaUsed=3.3MB javaTotal=10.5MB javaMax=256.0MB nativeHeap=364.1MB nativeHeapFree=9.3MB nativeHeapSize=377.1MB
  pssTotal=2.8GB privateDirty=145.8MB sharedDirty=51.9MB nativePss=139.3MB dalvikPss=1.8MB otherPss=2.7GB
  systemAvail=13.7GB systemThreshold=216.0MB lowMemory=false trimLevel=0 importance=125 fdCount=151
  procStatus VmRSS=3125348 kB VmHWM=3163148 kB VmSize=20174336 kB VmSwap=2480 kB Threads=30 FDSize=256
2026-05-29 06:54:09.566 pid=1650 [generation-start] id=53 config=Qwen3.5 2B model=Qwen3.5-2B-UD-Q8_K_XL.gguf promptLen=1063 mediaCount=0
  javaUsed=3.5MB javaTotal=10.5MB javaMax=256.0MB nativeHeap=364.1MB nativeHeapFree=9.3MB nativeHeapSize=377.1MB
  pssTotal=2.8GB privateDirty=146.0MB sharedDirty=51.9MB nativePss=139.3MB dalvikPss=2.0MB otherPss=2.7GB
  systemAvail=13.7GB systemThreshold=216.0MB lowMemory=false trimLevel=0 importance=125 fdCount=151
  procStatus VmRSS=3125112 kB VmHWM=3163148 kB VmSize=20174336 kB VmSwap=2480 kB Threads=30 FDSize=256
2026-05-29 06:54:09.666 pid=1650 [generation-stage] id=53 stage=native-call-start
2026-05-29 06:55:09.279 pid=1650 [generation-stage] id=53 stage=native-call-end resultLen=366
2026-05-29 06:55:09.279 pid=1650 [generation-end] id=53 resultLen=366
  javaUsed=2.8MB javaTotal=10.5MB javaMax=256.0MB nativeHeap=364.1MB nativeHeapFree=9.3MB nativeHeapSize=377.1MB
  pssTotal=2.8GB privateDirty=145.4MB sharedDirty=51.9MB nativePss=139.3MB dalvikPss=1.4MB otherPss=2.7GB
  systemAvail=13.6GB systemThreshold=216.0MB lowMemory=false trimLevel=0 importance=125 fdCount=151
  procStatus VmRSS=3125208 kB VmHWM=3163148 kB VmSize=20174336 kB VmSwap=2480 kB Threads=30 FDSize=256
2026-05-29 06:55:09.357 pid=1650 [model-load] Loading configuration: Qwen3.5 2B
2026-05-29 06:55:09.357 pid=1650 [model-load-skip] config=Qwen3.5 2B model already loaded
  javaUsed=3.0MB javaTotal=10.5MB javaMax=256.0MB nativeHeap=364.1MB nativeHeapFree=9.3MB nativeHeapSize=377.1MB
  pssTotal=2.8GB privateDirty=145.6MB sharedDirty=51.9MB nativePss=139.3MB dalvikPss=1.6MB otherPss=2.7GB
  systemAvail=13.6GB systemThreshold=216.0MB lowMemory=false trimLevel=0 importance=125 fdCount=151
  procStatus VmRSS=3125464 kB VmHWM=3163148 kB VmSize=20174336 kB VmSwap=2480 kB Threads=30 FDSize=256
2026-05-29 06:55:09.443 pid=1650 [generation-start] id=54 config=Qwen3.5 2B model=Qwen3.5-2B-UD-Q8_K_XL.gguf promptLen=1063 mediaCount=0
  javaUsed=3.2MB javaTotal=10.5MB javaMax=256.0MB nativeHeap=364.1MB nativeHeapFree=9.3MB nativeHeapSize=377.1MB
  pssTotal=2.8GB privateDirty=145.8MB sharedDirty=51.9MB nativePss=139.3MB dalvikPss=1.8MB otherPss=2.7GB
  systemAvail=13.6GB systemThreshold=216.0MB lowMemory=false trimLevel=0 importance=125 fdCount=151
  procStatus VmRSS=3125720 kB VmHWM=3163148 kB VmSize=20174336 kB VmSwap=2480 kB Threads=30 FDSize=256
2026-05-29 06:55:09.529 pid=1650 [generation-stage] id=54 stage=native-call-start
2026-05-29 06:55:48.251 pid=1650 [generation-stage] id=54 stage=native-call-end resultLen=160
2026-05-29 06:55:48.252 pid=1650 [generation-end] id=54 resultLen=160
  javaUsed=3.4MB javaTotal=10.5MB javaMax=256.0MB nativeHeap=364.1MB nativeHeapFree=9.3MB nativeHeapSize=377.1MB
  pssTotal=2.8GB privateDirty=145.9MB sharedDirty=51.9MB nativePss=139.3MB dalvikPss=1.9MB otherPss=2.7GB
  systemAvail=13.5GB systemThreshold=216.0MB lowMemory=false trimLevel=0 importance=125 fdCount=151
  procStatus VmRSS=3125824 kB VmHWM=3163148 kB VmSize=20174336 kB VmSwap=2480 kB Threads=30 FDSize=256
2026-05-29 06:55:49.055 pid=1650 [model-load] Loading configuration: Qwen3.5 2B MTP
2026-05-29 06:55:49.297 pid=1650 [runtime-memory] Before model load model=Qwen3.5-2B-Q8_0.gguf
  javaUsed=3.6MB javaTotal=10.5MB javaMax=256.0MB nativeHeap=15.2MB nativeHeapFree=50.5MB nativeHeapSize=69.2MB
  pssTotal=30.4MB privateDirty=22.0MB sharedDirty=51.9MB nativePss=15.2MB dalvikPss=2.1MB otherPss=13.1MB
  systemAvail=13.6GB systemThreshold=216.0MB lowMemory=false trimLevel=0 importance=125 fdCount=151
  procStatus VmRSS=184456 kB VmHWM=3163148 kB VmSize=17148116 kB VmSwap=2480 kB Threads=30 FDSize=256
2026-05-29 06:55:49.336 pid=1650 [runtime-memory] After model load cleanup model=Qwen3.5-2B-Q8_0.gguf
  javaUsed=2.6MB javaTotal=10.5MB javaMax=256.0MB nativeHeap=15.2MB nativeHeapFree=50.5MB nativeHeapSize=69.2MB
  pssTotal=29.7MB privateDirty=21.3MB sharedDirty=51.9MB nativePss=15.3MB dalvikPss=1.3MB otherPss=13.1MB
  systemAvail=13.6GB systemThreshold=216.0MB lowMemory=false trimLevel=0 importance=125 fdCount=151
  procStatus VmRSS=183864 kB VmHWM=3163148 kB VmSize=17148116 kB VmSwap=2480 kB Threads=30 FDSize=256
2026-05-29 06:55:50.123 pid=1650 [model-load-complete] config=Qwen3.5 2B MTP model=Qwen3.5-2B-Q8_0.gguf mmproj=(none)
  javaUsed=2.7MB javaTotal=10.5MB javaMax=256.0MB nativeHeap=362.9MB nativeHeapFree=9.4MB nativeHeapSize=376.0MB
  pssTotal=2.1GB privateDirty=173.0MB sharedDirty=51.9MB nativePss=167.0MB dalvikPss=1.4MB otherPss=1.9GB
  systemAvail=13.4GB systemThreshold=216.0MB lowMemory=false trimLevel=0 importance=125 fdCount=151
  procStatus VmRSS=2356428 kB VmHWM=3163148 kB VmSize=19377032 kB VmSwap=2480 kB Threads=30 FDSize=256
2026-05-29 06:55:50.196 pid=1650 [generation-start] id=55 config=Qwen3.5 2B MTP model=Qwen3.5-2B-Q8_0.gguf promptLen=1045 mediaCount=0
  javaUsed=2.8MB javaTotal=10.5MB javaMax=256.0MB nativeHeap=362.9MB nativeHeapFree=9.4MB nativeHeapSize=376.0MB
  pssTotal=2.1GB privateDirty=173.2MB sharedDirty=51.9MB nativePss=167.0MB dalvikPss=1.5MB otherPss=1.9GB
  systemAvail=13.4GB systemThreshold=216.0MB lowMemory=false trimLevel=0 importance=125 fdCount=151
  procStatus VmRSS=2356684 kB VmHWM=3163148 kB VmSize=19377032 kB VmSwap=2480 kB Threads=30 FDSize=256
2026-05-29 06:55:50.266 pid=1650 [generation-stage] id=55 stage=native-call-start
2026-05-29 06:56:14.394 pid=1650 [generation-stage] id=55 stage=native-call-end resultLen=94
2026-05-29 06:56:14.395 pid=1650 [generation-end] id=55 resultLen=94
  javaUsed=3.0MB javaTotal=10.5MB javaMax=256.0MB nativeHeap=364.1MB nativeHeapFree=9.3MB nativeHeapSize=377.1MB
  pssTotal=2.1GB privateDirty=145.5MB sharedDirty=51.9MB nativePss=139.2MB dalvikPss=1.6MB otherPss=1.9GB
  systemAvail=13.5GB systemThreshold=216.0MB lowMemory=false trimLevel=0 importance=125 fdCount=151
  procStatus VmRSS=2328260 kB VmHWM=3163148 kB VmSize=19377032 kB VmSwap=2480 kB Threads=30 FDSize=256
2026-05-29 06:56:14.965 pid=1650 [model-load] Loading configuration: Qwen3.5 2B
2026-05-29 06:56:15.145 pid=1650 [runtime-memory] Before model load model=Qwen3.5-2B-UD-Q8_K_XL.gguf
  javaUsed=2.6MB javaTotal=10.5MB javaMax=256.0MB nativeHeap=15.2MB nativeHeapFree=50.5MB nativeHeapSize=69.2MB
  pssTotal=29.5MB privateDirty=21.1MB sharedDirty=51.9MB nativePss=15.1MB dalvikPss=1.3MB otherPss=13.1MB
  systemAvail=13.6GB systemThreshold=216.0MB lowMemory=false trimLevel=0 importance=125 fdCount=151
  procStatus VmRSS=183576 kB VmHWM=3163148 kB VmSize=17148116 kB VmSwap=2480 kB Threads=30 FDSize=256
2026-05-29 06:56:15.179 pid=1650 [runtime-memory] After model load cleanup model=Qwen3.5-2B-UD-Q8_K_XL.gguf
  javaUsed=2.6MB javaTotal=10.5MB javaMax=256.0MB nativeHeap=15.2MB nativeHeapFree=50.5MB nativeHeapSize=69.2MB
  pssTotal=29.6MB privateDirty=21.1MB sharedDirty=51.9MB nativePss=15.2MB dalvikPss=1.3MB otherPss=13.1MB
  systemAvail=13.6GB systemThreshold=216.0MB lowMemory=false trimLevel=0 importance=125 fdCount=151
  procStatus VmRSS=183696 kB VmHWM=3163148 kB VmSize=17148116 kB VmSwap=2480 kB Threads=30 FDSize=256
2026-05-29 06:56:16.122 pid=1650 [model-load-complete] config=Qwen3.5 2B model=Qwen3.5-2B-UD-Q8_K_XL.gguf mmproj=(none)
  javaUsed=2.7MB javaTotal=10.5MB javaMax=256.0MB nativeHeap=362.9MB nativeHeapFree=9.4MB nativeHeapSize=376.0MB
  pssTotal=2.9GB privateDirty=172.9MB sharedDirty=51.9MB nativePss=166.9MB dalvikPss=1.4MB otherPss=2.7GB
  systemAvail=13.5GB systemThreshold=216.0MB lowMemory=false trimLevel=0 importance=125 fdCount=151
  procStatus VmRSS=3153692 kB VmHWM=3163148 kB VmSize=20174336 kB VmSwap=2480 kB Threads=30 FDSize=256
2026-05-29 06:56:16.259 pid=1650 [generation-start] id=56 config=Qwen3.5 2B model=Qwen3.5-2B-UD-Q8_K_XL.gguf promptLen=1066 mediaCount=0
  javaUsed=2.8MB javaTotal=10.5MB javaMax=256.0MB nativeHeap=362.9MB nativeHeapFree=9.4MB nativeHeapSize=376.0MB
  pssTotal=2.9GB privateDirty=173.1MB sharedDirty=51.9MB nativePss=167.0MB dalvikPss=1.5MB otherPss=2.7GB
  systemAvail=13.5GB systemThreshold=216.0MB lowMemory=false trimLevel=0 importance=125 fdCount=151
  procStatus VmRSS=3153820 kB VmHWM=3163148 kB VmSize=20174336 kB VmSwap=2480 kB Threads=30 FDSize=256
2026-05-29 06:56:16.345 pid=1650 [generation-stage] id=56 stage=native-call-start
2026-05-29 06:56:48.446 pid=1650 [generation-stage] id=56 stage=native-call-end resultLen=146
2026-05-29 06:56:48.446 pid=1650 [generation-end] id=56 resultLen=146
  javaUsed=3.0MB javaTotal=10.5MB javaMax=256.0MB nativeHeap=364.1MB nativeHeapFree=9.3MB nativeHeapSize=377.1MB
  pssTotal=2.8GB privateDirty=145.6MB sharedDirty=51.9MB nativePss=139.3MB dalvikPss=1.6MB otherPss=2.7GB
  systemAvail=13.5GB systemThreshold=216.0MB lowMemory=false trimLevel=0 importance=125 fdCount=151
  procStatus VmRSS=3125416 kB VmHWM=3163148 kB VmSize=20174336 kB VmSwap=2480 kB Threads=30 FDSize=256
2026-05-29 06:56:49.031 pid=1650 [model-load] Loading configuration: Qwen3.5 2B MTP
2026-05-29 06:56:49.333 pid=1650 [runtime-memory] Before model load model=Qwen3.5-2B-Q8_0.gguf
  javaUsed=3.3MB javaTotal=10.5MB javaMax=256.0MB nativeHeap=15.2MB nativeHeapFree=50.5MB nativeHeapSize=69.2MB
  pssTotal=30.2MB privateDirty=21.7MB sharedDirty=51.9MB nativePss=15.2MB dalvikPss=1.8MB otherPss=13.1MB
  systemAvail=13.6GB systemThreshold=216.0MB lowMemory=false trimLevel=0 importance=125 fdCount=151
  procStatus VmRSS=183912 kB VmHWM=3163148 kB VmSize=17148116 kB VmSwap=2480 kB Threads=30 FDSize=256
2026-05-29 06:56:49.388 pid=1650 [runtime-memory] After model load cleanup model=Qwen3.5-2B-Q8_0.gguf
  javaUsed=2.6MB javaTotal=10.5MB javaMax=256.0MB nativeHeap=15.2MB nativeHeapFree=50.5MB nativeHeapSize=69.2MB
  pssTotal=29.7MB privateDirty=21.2MB sharedDirty=51.9MB nativePss=15.3MB dalvikPss=1.3MB otherPss=13.1MB
  systemAvail=13.6GB systemThreshold=216.0MB lowMemory=false trimLevel=0 importance=125 fdCount=151
  procStatus VmRSS=183456 kB VmHWM=3163148 kB VmSize=17148116 kB VmSwap=2480 kB Threads=30 FDSize=256
2026-05-29 06:56:50.290 pid=1650 [model-load-complete] config=Qwen3.5 2B MTP model=Qwen3.5-2B-Q8_0.gguf mmproj=(none)
  javaUsed=2.7MB javaTotal=10.5MB javaMax=256.0MB nativeHeap=362.9MB nativeHeapFree=9.4MB nativeHeapSize=376.0MB
  pssTotal=2.1GB privateDirty=172.9MB sharedDirty=51.9MB nativePss=166.9MB dalvikPss=1.4MB otherPss=1.9GB
  systemAvail=13.4GB systemThreshold=216.0MB lowMemory=false trimLevel=0 importance=125 fdCount=151
  procStatus VmRSS=2356020 kB VmHWM=3163148 kB VmSize=19377032 kB VmSwap=2480 kB Threads=30 FDSize=256
2026-05-29 06:56:50.366 pid=1650 [generation-start] id=57 config=Qwen3.5 2B MTP model=Qwen3.5-2B-Q8_0.gguf promptLen=1045 mediaCount=0
  javaUsed=2.8MB javaTotal=10.5MB javaMax=256.0MB nativeHeap=362.9MB nativeHeapFree=9.4MB nativeHeapSize=376.0MB
  pssTotal=2.1GB privateDirty=173.1MB sharedDirty=51.9MB nativePss=167.0MB dalvikPss=1.5MB otherPss=1.9GB
  systemAvail=13.4GB systemThreshold=216.0MB lowMemory=false trimLevel=0 importance=125 fdCount=151
  procStatus VmRSS=2356276 kB VmHWM=3163148 kB VmSize=19377032 kB VmSwap=2480 kB Threads=30 FDSize=256
2026-05-29 06:56:50.439 pid=1650 [generation-stage] id=57 stage=native-call-start
2026-05-29 06:57:15.595 pid=1650 [generation-stage] id=57 stage=native-call-end resultLen=110
2026-05-29 06:57:15.596 pid=1650 [generation-end] id=57 resultLen=110
  javaUsed=3.0MB javaTotal=10.5MB javaMax=256.0MB nativeHeap=364.1MB nativeHeapFree=9.3MB nativeHeapSize=377.1MB
  pssTotal=2.1GB privateDirty=145.5MB sharedDirty=51.9MB nativePss=139.2MB dalvikPss=1.6MB otherPss=1.9GB
  systemAvail=13.5GB systemThreshold=216.0MB lowMemory=false trimLevel=0 importance=125 fdCount=151
  procStatus VmRSS=2328100 kB VmHWM=3163148 kB VmSize=19377032 kB VmSwap=2480 kB Threads=30 FDSize=256
2026-05-29 06:57:16.438 pid=1650 [model-load] Loading configuration: Qwen3.5 2B
2026-05-29 06:57:16.716 pid=1650 [runtime-memory] Before model load model=Qwen3.5-2B-UD-Q8_K_XL.gguf
  javaUsed=3.3MB javaTotal=10.5MB javaMax=256.0MB nativeHeap=15.2MB nativeHeapFree=50.5MB nativeHeapSize=69.2MB
  pssTotal=30.2MB privateDirty=21.7MB sharedDirty=51.9MB nativePss=15.2MB dalvikPss=1.8MB otherPss=13.1MB
  systemAvail=13.6GB systemThreshold=216.0MB lowMemory=false trimLevel=0 importance=125 fdCount=151
  procStatus VmRSS=184188 kB VmHWM=3163148 kB VmSize=17148116 kB VmSwap=2480 kB Threads=30 FDSize=256
2026-05-29 06:57:16.771 pid=1650 [runtime-memory] After model load cleanup model=Qwen3.5-2B-UD-Q8_K_XL.gguf
  javaUsed=2.6MB javaTotal=10.5MB javaMax=256.0MB nativeHeap=15.2MB nativeHeapFree=50.5MB nativeHeapSize=69.2MB
  pssTotal=29.7MB privateDirty=21.2MB sharedDirty=51.9MB nativePss=15.3MB dalvikPss=1.3MB otherPss=13.1MB
  systemAvail=13.6GB systemThreshold=216.0MB lowMemory=false trimLevel=0 importance=125 fdCount=151
  procStatus VmRSS=183660 kB VmHWM=3163148 kB VmSize=17148116 kB VmSwap=2480 kB Threads=30 FDSize=256
2026-05-29 06:57:17.795 pid=1650 [model-load-complete] config=Qwen3.5 2B model=Qwen3.5-2B-UD-Q8_K_XL.gguf mmproj=(none)
  javaUsed=2.7MB javaTotal=10.5MB javaMax=256.0MB nativeHeap=362.9MB nativeHeapFree=9.4MB nativeHeapSize=376.0MB
  pssTotal=2.9GB privateDirty=172.9MB sharedDirty=51.9MB nativePss=166.9MB dalvikPss=1.4MB otherPss=2.7GB
  systemAvail=13.4GB systemThreshold=216.0MB lowMemory=false trimLevel=0 importance=125 fdCount=151
  procStatus VmRSS=3153656 kB VmHWM=3163148 kB VmSize=20174336 kB VmSwap=2480 kB Threads=30 FDSize=256
2026-05-29 06:57:17.882 pid=1650 [generation-start] id=58 config=Qwen3.5 2B model=Qwen3.5-2B-UD-Q8_K_XL.gguf promptLen=1069 mediaCount=0
  javaUsed=2.8MB javaTotal=10.5MB javaMax=256.0MB nativeHeap=362.9MB nativeHeapFree=9.4MB nativeHeapSize=376.0MB
  pssTotal=2.9GB privateDirty=173.1MB sharedDirty=51.9MB nativePss=167.0MB dalvikPss=1.5MB otherPss=2.7GB
  systemAvail=13.4GB systemThreshold=216.0MB lowMemory=false trimLevel=0 importance=125 fdCount=151
  procStatus VmRSS=3153784 kB VmHWM=3163148 kB VmSize=20174336 kB VmSwap=2480 kB Threads=30 FDSize=256
2026-05-29 06:57:17.973 pid=1650 [generation-stage] id=58 stage=native-call-start
2026-05-29 06:58:00.730 pid=1650 [generation-stage] id=58 stage=native-call-end resultLen=195
2026-05-29 06:58:00.731 pid=1650 [generation-end] id=58 resultLen=195
  javaUsed=3.0MB javaTotal=10.5MB javaMax=256.0MB nativeHeap=364.1MB nativeHeapFree=9.3MB nativeHeapSize=377.1MB
  pssTotal=2.8GB privateDirty=145.6MB sharedDirty=51.9MB nativePss=139.3MB dalvikPss=1.6MB otherPss=2.7GB
  systemAvail=13.6GB systemThreshold=216.0MB lowMemory=false trimLevel=0 importance=125 fdCount=151
  procStatus VmRSS=3125676 kB VmHWM=3163148 kB VmSize=20174336 kB VmSwap=2480 kB Threads=30 FDSize=256
2026-05-29 06:58:01.372 pid=1650 [model-load] Loading configuration: Qwen3.5 2B MTP
2026-05-29 06:58:01.678 pid=1650 [runtime-memory] Before model load model=Qwen3.5-2B-Q8_0.gguf
  javaUsed=3.3MB javaTotal=10.5MB javaMax=256.0MB nativeHeap=15.2MB nativeHeapFree=50.5MB nativeHeapSize=69.2MB
  pssTotal=30.2MB privateDirty=21.8MB sharedDirty=51.9MB nativePss=15.3MB dalvikPss=1.8MB otherPss=13.1MB
  systemAvail=13.7GB systemThreshold=216.0MB lowMemory=false trimLevel=0 importance=125 fdCount=151
  procStatus VmRSS=184192 kB VmHWM=3163148 kB VmSize=17148116 kB VmSwap=2480 kB Threads=30 FDSize=256
2026-05-29 06:58:01.733 pid=1650 [runtime-memory] After model load cleanup model=Qwen3.5-2B-Q8_0.gguf
  javaUsed=2.6MB javaTotal=10.5MB javaMax=256.0MB nativeHeap=15.2MB nativeHeapFree=50.5MB nativeHeapSize=69.2MB
  pssTotal=29.8MB privateDirty=21.3MB sharedDirty=51.9MB nativePss=15.4MB dalvikPss=1.3MB otherPss=13.1MB
  systemAvail=13.7GB systemThreshold=216.0MB lowMemory=false trimLevel=0 importance=125 fdCount=151
  procStatus VmRSS=183876 kB VmHWM=3163148 kB VmSize=17148116 kB VmSwap=2480 kB Threads=30 FDSize=256
2026-05-29 06:58:02.808 pid=1650 [model-load-complete] config=Qwen3.5 2B MTP model=Qwen3.5-2B-Q8_0.gguf mmproj=(none)
  javaUsed=2.7MB javaTotal=10.5MB javaMax=256.0MB nativeHeap=362.9MB nativeHeapFree=9.4MB nativeHeapSize=376.0MB
  pssTotal=2.1GB privateDirty=172.9MB sharedDirty=51.9MB nativePss=167.0MB dalvikPss=1.4MB otherPss=1.9GB
  systemAvail=13.6GB systemThreshold=216.0MB lowMemory=false trimLevel=0 importance=125 fdCount=151
  procStatus VmRSS=2356440 kB VmHWM=3163148 kB VmSize=19377032 kB VmSwap=2480 kB Threads=30 FDSize=256
2026-05-29 06:58:02.920 pid=1650 [generation-start] id=59 config=Qwen3.5 2B MTP model=Qwen3.5-2B-Q8_0.gguf promptLen=1051 mediaCount=0
  javaUsed=2.8MB javaTotal=10.5MB javaMax=256.0MB nativeHeap=362.9MB nativeHeapFree=9.4MB nativeHeapSize=376.0MB
  pssTotal=2.1GB privateDirty=173.1MB sharedDirty=51.9MB nativePss=167.0MB dalvikPss=1.5MB otherPss=1.9GB
  systemAvail=13.6GB systemThreshold=216.0MB lowMemory=false trimLevel=0 importance=125 fdCount=151
  procStatus VmRSS=2356568 kB VmHWM=3163148 kB VmSize=19377032 kB VmSwap=2480 kB Threads=30 FDSize=256
2026-05-29 06:58:03.029 pid=1650 [generation-stage] id=59 stage=native-call-start
2026-05-29 06:58:34.202 pid=1650 [generation-stage] id=59 stage=native-call-end resultLen=98
2026-05-29 06:58:34.203 pid=1650 [generation-end] id=59 resultLen=98
  javaUsed=3.0MB javaTotal=10.5MB javaMax=256.0MB nativeHeap=364.1MB nativeHeapFree=9.3MB nativeHeapSize=377.1MB
  pssTotal=2.1GB privateDirty=145.5MB sharedDirty=51.9MB nativePss=139.2MB dalvikPss=1.7MB otherPss=1.9GB
  systemAvail=13.7GB systemThreshold=216.0MB lowMemory=false trimLevel=0 importance=125 fdCount=151
  procStatus VmRSS=2328348 kB VmHWM=3163148 kB VmSize=19377032 kB VmSwap=2480 kB Threads=30 FDSize=256
2026-05-29 06:58:35.037 pid=1650 [model-load] Loading configuration: Qwen3.5 2B
2026-05-29 06:58:35.301 pid=1650 [runtime-memory] Before model load model=Qwen3.5-2B-UD-Q8_K_XL.gguf
  javaUsed=3.3MB javaTotal=10.5MB javaMax=256.0MB nativeHeap=15.2MB nativeHeapFree=50.5MB nativeHeapSize=69.2MB
  pssTotal=30.2MB privateDirty=21.7MB sharedDirty=51.9MB nativePss=15.3MB dalvikPss=1.9MB otherPss=13.1MB
  systemAvail=13.8GB systemThreshold=216.0MB lowMemory=false trimLevel=0 importance=125 fdCount=151
  procStatus VmRSS=184232 kB VmHWM=3163148 kB VmSize=17148116 kB VmSwap=2480 kB Threads=30 FDSize=256
2026-05-29 06:58:35.360 pid=1650 [runtime-memory] After model load cleanup model=Qwen3.5-2B-UD-Q8_K_XL.gguf
  javaUsed=2.6MB javaTotal=10.5MB javaMax=256.0MB nativeHeap=15.2MB nativeHeapFree=50.5MB nativeHeapSize=69.2MB
  pssTotal=29.7MB privateDirty=21.3MB sharedDirty=51.9MB nativePss=15.3MB dalvikPss=1.3MB otherPss=13.1MB
  systemAvail=13.8GB systemThreshold=216.0MB lowMemory=false trimLevel=0 importance=125 fdCount=151
  procStatus VmRSS=183720 kB VmHWM=3163148 kB VmSize=17148116 kB VmSwap=2480 kB Threads=30 FDSize=256
2026-05-29 06:58:36.549 pid=1650 [model-load-complete] config=Qwen3.5 2B model=Qwen3.5-2B-UD-Q8_K_XL.gguf mmproj=(none)
  javaUsed=2.7MB javaTotal=10.5MB javaMax=256.0MB nativeHeap=362.9MB nativeHeapFree=9.4MB nativeHeapSize=376.0MB
  pssTotal=2.9GB privateDirty=172.9MB sharedDirty=51.9MB nativePss=166.9MB dalvikPss=1.4MB otherPss=2.7GB
  systemAvail=13.6GB systemThreshold=216.0MB lowMemory=false trimLevel=0 importance=125 fdCount=151
  procStatus VmRSS=3153508 kB VmHWM=3163148 kB VmSize=20174336 kB VmSwap=2480 kB Threads=30 FDSize=256
2026-05-29 06:58:36.684 pid=1650 [generation-start] id=60 config=Qwen3.5 2B model=Qwen3.5-2B-UD-Q8_K_XL.gguf promptLen=1066 mediaCount=0
  javaUsed=2.8MB javaTotal=10.5MB javaMax=256.0MB nativeHeap=362.9MB nativeHeapFree=9.4MB nativeHeapSize=376.0MB
  pssTotal=2.9GB privateDirty=173.0MB sharedDirty=51.9MB nativePss=166.9MB dalvikPss=1.5MB otherPss=2.7GB
  systemAvail=13.6GB systemThreshold=216.0MB lowMemory=false trimLevel=0 importance=125 fdCount=151
  procStatus VmRSS=3153636 kB VmHWM=3163148 kB VmSize=20174336 kB VmSwap=2480 kB Threads=30 FDSize=256
2026-05-29 06:58:36.817 pid=1650 [generation-stage] id=60 stage=native-call-start
2026-05-29 06:59:23.118 pid=1650 [generation-stage] id=60 stage=native-call-end resultLen=89
2026-05-29 06:59:23.119 pid=1650 [generation-end] id=60 resultLen=89
  javaUsed=2.6MB javaTotal=10.5MB javaMax=256.0MB nativeHeap=364.1MB nativeHeapFree=9.3MB nativeHeapSize=377.1MB
  pssTotal=2.8GB privateDirty=145.3MB sharedDirty=51.9MB nativePss=139.3MB dalvikPss=1.3MB otherPss=2.7GB
  systemAvail=13.7GB systemThreshold=216.0MB lowMemory=false trimLevel=0 importance=125 fdCount=151
  procStatus VmRSS=3125500 kB VmHWM=3163148 kB VmSize=20174336 kB VmSwap=2480 kB Threads=30 FDSize=256
2026-05-29 06:59:23.758 pid=1650 [model-load] Loading configuration: Qwen3.5 2B MTP
2026-05-29 06:59:23.976 pid=1650 [runtime-memory] Before model load model=Qwen3.5-2B-Q8_0.gguf
  javaUsed=2.9MB javaTotal=10.5MB javaMax=256.0MB nativeHeap=15.2MB nativeHeapFree=50.5MB nativeHeapSize=69.2MB
  pssTotal=29.8MB privateDirty=21.4MB sharedDirty=51.9MB nativePss=15.2MB dalvikPss=1.5MB otherPss=13.1MB
  systemAvail=13.8GB systemThreshold=216.0MB lowMemory=false trimLevel=0 importance=125 fdCount=151
  procStatus VmRSS=183816 kB VmHWM=3163148 kB VmSize=17148116 kB VmSwap=2480 kB Threads=30 FDSize=256
2026-05-29 06:59:24.010 pid=1650 [runtime-memory] After model load cleanup model=Qwen3.5-2B-Q8_0.gguf
  javaUsed=2.5MB javaTotal=10.5MB javaMax=256.0MB nativeHeap=15.2MB nativeHeapFree=50.5MB nativeHeapSize=69.2MB
  pssTotal=29.7MB privateDirty=21.2MB sharedDirty=51.9MB nativePss=15.3MB dalvikPss=1.3MB otherPss=13.1MB
  systemAvail=13.8GB systemThreshold=216.0MB lowMemory=false trimLevel=0 importance=125 fdCount=151
  procStatus VmRSS=183816 kB VmHWM=3163148 kB VmSize=17148116 kB VmSwap=2480 kB Threads=30 FDSize=256
2026-05-29 06:59:24.595 pid=1650 [model-load-complete] config=Qwen3.5 2B MTP model=Qwen3.5-2B-Q8_0.gguf mmproj=(none)
  javaUsed=2.7MB javaTotal=10.5MB javaMax=256.0MB nativeHeap=362.9MB nativeHeapFree=9.4MB nativeHeapSize=376.0MB
  pssTotal=2.1GB privateDirty=172.9MB sharedDirty=51.9MB nativePss=166.9MB dalvikPss=1.4MB otherPss=1.9GB
  systemAvail=13.6GB systemThreshold=216.0MB lowMemory=false trimLevel=0 importance=125 fdCount=151
  procStatus VmRSS=2356380 kB VmHWM=3163148 kB VmSize=19377032 kB VmSwap=2480 kB Threads=30 FDSize=256
2026-05-29 06:59:24.667 pid=1650 [generation-start] id=61 config=Qwen3.5 2B MTP model=Qwen3.5-2B-Q8_0.gguf promptLen=1045 mediaCount=0
  javaUsed=2.9MB javaTotal=10.5MB javaMax=256.0MB nativeHeap=362.9MB nativeHeapFree=9.4MB nativeHeapSize=376.0MB
  pssTotal=2.1GB privateDirty=173.1MB sharedDirty=51.9MB nativePss=167.0MB dalvikPss=1.5MB otherPss=1.9GB
  systemAvail=13.6GB systemThreshold=216.0MB lowMemory=false trimLevel=0 importance=125 fdCount=151
  procStatus VmRSS=2356636 kB VmHWM=3163148 kB VmSize=19377032 kB VmSwap=2480 kB Threads=30 FDSize=256
2026-05-29 06:59:24.738 pid=1650 [generation-stage] id=61 stage=native-call-start
