2026-05-29 12:04:47.740 pid=12590 [model-load] Loading configuration: Qwen3.5 2B MTP
2026-05-29 12:04:47.900 pid=12590 [runtime-memory] Before model load model=Qwen3.5-2B-Q8_0.gguf
  javaUsed=3.2MB javaTotal=10.5MB javaMax=256.0MB nativeHeap=14.4MB nativeHeapFree=50.2MB nativeHeapSize=68.0MB
  pssTotal=28.8MB privateDirty=20.2MB sharedDirty=52.0MB nativePss=14.0MB dalvikPss=1.8MB otherPss=13.0MB
  systemAvail=14.3GB systemThreshold=216.0MB lowMemory=false trimLevel=0 importance=125 fdCount=151
  procStatus VmRSS=180852 kB VmHWM=3159440 kB VmSize=17127468 kB VmSwap=2492 kB Threads=30 FDSize=256
2026-05-29 12:04:47.922 pid=12590 [runtime-memory] After model load cleanup model=Qwen3.5-2B-Q8_0.gguf
  javaUsed=2.6MB javaTotal=10.5MB javaMax=256.0MB nativeHeap=14.4MB nativeHeapFree=50.2MB nativeHeapSize=68.0MB
  pssTotal=30.4MB privateDirty=21.8MB sharedDirty=52.0MB nativePss=14.1MB dalvikPss=3.3MB otherPss=13.0MB
  systemAvail=14.3GB systemThreshold=216.0MB lowMemory=false trimLevel=0 importance=125 fdCount=151
  procStatus VmRSS=182540 kB VmHWM=3159440 kB VmSize=17127468 kB VmSwap=2492 kB Threads=30 FDSize=256
2026-05-29 12:04:48.308 pid=12590 [model-load-complete] config=Qwen3.5 2B MTP model=Qwen3.5-2B-Q8_0.gguf mmproj=(none)
  javaUsed=2.6MB javaTotal=10.5MB javaMax=256.0MB nativeHeap=362.1MB nativeHeapFree=9.1MB nativeHeapSize=374.8MB
  pssTotal=2.1GB privateDirty=173.7MB sharedDirty=52.0MB nativePss=165.9MB dalvikPss=3.3MB otherPss=1.9GB
  systemAvail=14.2GB systemThreshold=216.0MB lowMemory=false trimLevel=0 importance=125 fdCount=151
  procStatus VmRSS=2355232 kB VmHWM=3159440 kB VmSize=19356384 kB VmSwap=2492 kB Threads=30 FDSize=256
2026-05-29 12:04:48.361 pid=12590 [generation-start] id=22 config=Qwen3.5 2B MTP model=Qwen3.5-2B-Q8_0.gguf promptLen=1054 mediaCount=0
  javaUsed=2.8MB javaTotal=10.5MB javaMax=256.0MB nativeHeap=362.1MB nativeHeapFree=9.1MB nativeHeapSize=374.8MB
  pssTotal=2.1GB privateDirty=173.9MB sharedDirty=52.0MB nativePss=165.9MB dalvikPss=3.5MB otherPss=1.9GB
  systemAvail=14.2GB systemThreshold=216.0MB lowMemory=false trimLevel=0 importance=125 fdCount=151
  procStatus VmRSS=2355488 kB VmHWM=3159440 kB VmSize=19356384 kB VmSwap=2492 kB Threads=30 FDSize=256
2026-05-29 12:04:48.412 pid=12590 [generation-stage] id=22 stage=native-call-start
2026-05-29 12:05:24.004 pid=12590 [generation-stage] id=22 stage=native-call-end resultLen=124
2026-05-29 12:05:24.005 pid=12590 [generation-end] id=22 resultLen=124
  javaUsed=3.0MB javaTotal=10.5MB javaMax=256.0MB nativeHeap=363.3MB nativeHeapFree=9.0MB nativeHeapSize=376.0MB
  pssTotal=2.1GB privateDirty=146.3MB sharedDirty=52.0MB nativePss=138.2MB dalvikPss=3.6MB otherPss=1.9GB
  systemAvail=14.3GB systemThreshold=216.0MB lowMemory=false trimLevel=0 importance=125 fdCount=151
  procStatus VmRSS=2327204 kB VmHWM=3159440 kB VmSize=19356384 kB VmSwap=2492 kB Threads=30 FDSize=256
2026-05-29 12:05:24.620 pid=12590 [model-load] Loading configuration: Qwen3.5 2B
2026-05-29 12:05:24.755 pid=12590 [runtime-memory] Before model load model=Qwen3.5-2B-UD-Q8_K_XL.gguf
  javaUsed=3.2MB javaTotal=10.5MB javaMax=256.0MB nativeHeap=14.4MB nativeHeapFree=50.2MB nativeHeapSize=68.0MB
  pssTotal=30.9MB privateDirty=22.3MB sharedDirty=52.0MB nativePss=14.0MB dalvikPss=3.8MB otherPss=13.0MB
  systemAvail=14.4GB systemThreshold=216.0MB lowMemory=false trimLevel=0 importance=125 fdCount=151
  procStatus VmRSS=182904 kB VmHWM=3159440 kB VmSize=17127468 kB VmSwap=2492 kB Threads=30 FDSize=256
2026-05-29 12:05:24.777 pid=12590 [runtime-memory] After model load cleanup model=Qwen3.5-2B-UD-Q8_K_XL.gguf
  javaUsed=2.5MB javaTotal=10.5MB javaMax=256.0MB nativeHeap=14.4MB nativeHeapFree=50.2MB nativeHeapSize=68.0MB
  pssTotal=28.4MB privateDirty=19.9MB sharedDirty=52.0MB nativePss=14.1MB dalvikPss=1.3MB otherPss=13.0MB
  systemAvail=14.4GB systemThreshold=216.0MB lowMemory=false trimLevel=0 importance=125 fdCount=151
  procStatus VmRSS=180452 kB VmHWM=3159440 kB VmSize=17127468 kB VmSwap=2492 kB Threads=30 FDSize=256
2026-05-29 12:05:25.188 pid=12590 [model-load-complete] config=Qwen3.5 2B model=Qwen3.5-2B-UD-Q8_K_XL.gguf mmproj=(none)
  javaUsed=2.6MB javaTotal=10.5MB javaMax=256.0MB nativeHeap=362.1MB nativeHeapFree=9.1MB nativeHeapSize=374.8MB
  pssTotal=2.9GB privateDirty=171.7MB sharedDirty=52.0MB nativePss=165.9MB dalvikPss=1.3MB otherPss=2.7GB
  systemAvail=14.2GB systemThreshold=216.0MB lowMemory=false trimLevel=0 importance=125 fdCount=151
  procStatus VmRSS=3150448 kB VmHWM=3159440 kB VmSize=20153688 kB VmSwap=2492 kB Threads=30 FDSize=256
2026-05-29 12:05:25.253 pid=12590 [generation-start] id=23 config=Qwen3.5 2B model=Qwen3.5-2B-UD-Q8_K_XL.gguf promptLen=1063 mediaCount=0
  javaUsed=2.8MB javaTotal=10.5MB javaMax=256.0MB nativeHeap=362.1MB nativeHeapFree=9.1MB nativeHeapSize=374.8MB
  pssTotal=2.9GB privateDirty=171.9MB sharedDirty=52.0MB nativePss=165.9MB dalvikPss=1.5MB otherPss=2.7GB
  systemAvail=14.2GB systemThreshold=216.0MB lowMemory=false trimLevel=0 importance=125 fdCount=151
  procStatus VmRSS=3150576 kB VmHWM=3159440 kB VmSize=20153688 kB VmSwap=2492 kB Threads=30 FDSize=256
2026-05-29 12:05:25.313 pid=12590 [generation-stage] id=23 stage=native-call-start
2026-05-29 12:06:11.631 pid=12590 [generation-stage] id=23 stage=native-call-end resultLen=103
2026-05-29 12:06:11.632 pid=12590 [generation-end] id=23 resultLen=103
  javaUsed=2.6MB javaTotal=10.5MB javaMax=256.0MB nativeHeap=363.3MB nativeHeapFree=9.0MB nativeHeapSize=376.0MB
  pssTotal=2.8GB privateDirty=144.0MB sharedDirty=52.0MB nativePss=138.2MB dalvikPss=1.3MB otherPss=2.7GB
  systemAvail=14.2GB systemThreshold=216.0MB lowMemory=false trimLevel=0 importance=125 fdCount=151
  procStatus VmRSS=3122132 kB VmHWM=3159440 kB VmSize=20153688 kB VmSwap=2492 kB Threads=30 FDSize=256
2026-05-29 12:06:12.388 pid=12590 [model-load] Loading configuration: Qwen3.5 2B MTP
2026-05-29 12:06:12.543 pid=12590 [runtime-memory] Before model load model=Qwen3.5-2B-Q8_0.gguf
  javaUsed=2.9MB javaTotal=10.5MB javaMax=256.0MB nativeHeap=14.4MB nativeHeapFree=50.2MB nativeHeapSize=68.0MB
  pssTotal=28.5MB privateDirty=19.9MB sharedDirty=52.0MB nativePss=14.0MB dalvikPss=1.5MB otherPss=13.0MB
  systemAvail=14.4GB systemThreshold=216.0MB lowMemory=false trimLevel=0 importance=125 fdCount=151
  procStatus VmRSS=180508 kB VmHWM=3159440 kB VmSize=17127468 kB VmSwap=2492 kB Threads=30 FDSize=256
2026-05-29 12:06:12.565 pid=12590 [runtime-memory] After model load cleanup model=Qwen3.5-2B-Q8_0.gguf
  javaUsed=2.5MB javaTotal=10.5MB javaMax=256.0MB nativeHeap=14.4MB nativeHeapFree=50.2MB nativeHeapSize=68.0MB
  pssTotal=28.4MB privateDirty=19.8MB sharedDirty=52.0MB nativePss=14.0MB dalvikPss=1.3MB otherPss=13.0MB
  systemAvail=14.4GB systemThreshold=216.0MB lowMemory=false trimLevel=0 importance=125 fdCount=151
  procStatus VmRSS=180416 kB VmHWM=3159440 kB VmSize=17127468 kB VmSwap=2492 kB Threads=30 FDSize=256
2026-05-29 12:06:12.952 pid=12590 [model-load-complete] config=Qwen3.5 2B MTP model=Qwen3.5-2B-Q8_0.gguf mmproj=(none)
  javaUsed=2.6MB javaTotal=10.5MB javaMax=256.0MB nativeHeap=362.1MB nativeHeapFree=9.1MB nativeHeapSize=374.8MB
  pssTotal=2.1GB privateDirty=171.7MB sharedDirty=52.0MB nativePss=165.8MB dalvikPss=1.3MB otherPss=1.9GB
  systemAvail=14.2GB systemThreshold=216.0MB lowMemory=false trimLevel=0 importance=125 fdCount=151
  procStatus VmRSS=2353108 kB VmHWM=3159440 kB VmSize=19356384 kB VmSwap=2492 kB Threads=30 FDSize=256
2026-05-29 12:06:13.005 pid=12590 [generation-start] id=24 config=Qwen3.5 2B MTP model=Qwen3.5-2B-Q8_0.gguf promptLen=1051 mediaCount=0
  javaUsed=2.8MB javaTotal=10.5MB javaMax=256.0MB nativeHeap=362.1MB nativeHeapFree=9.1MB nativeHeapSize=374.8MB
  pssTotal=2.1GB privateDirty=171.9MB sharedDirty=52.0MB nativePss=165.9MB dalvikPss=1.5MB otherPss=1.9GB
  systemAvail=14.2GB systemThreshold=216.0MB lowMemory=false trimLevel=0 importance=125 fdCount=151
  procStatus VmRSS=2353364 kB VmHWM=3159440 kB VmSize=19356384 kB VmSwap=2492 kB Threads=30 FDSize=256
2026-05-29 12:06:13.057 pid=12590 [generation-stage] id=24 stage=native-call-start
2026-05-29 12:06:50.620 pid=12590 [generation-stage] id=24 stage=native-call-end resultLen=163
2026-05-29 12:06:50.621 pid=12590 [generation-end] id=24 resultLen=163
  javaUsed=3.0MB javaTotal=10.5MB javaMax=256.0MB nativeHeap=363.3MB nativeHeapFree=9.0MB nativeHeapSize=376.0MB
  pssTotal=2.1GB privateDirty=144.3MB sharedDirty=52.0MB nativePss=138.1MB dalvikPss=1.6MB otherPss=1.9GB
  systemAvail=14.3GB systemThreshold=216.0MB lowMemory=false trimLevel=0 importance=125 fdCount=151
  procStatus VmRSS=2324972 kB VmHWM=3159440 kB VmSize=19356384 kB VmSwap=2492 kB Threads=30 FDSize=256
2026-05-29 12:06:51.216 pid=12590 [model-load] Loading configuration: Qwen3.5 2B
2026-05-29 12:06:51.353 pid=12590 [runtime-memory] Before model load model=Qwen3.5-2B-UD-Q8_K_XL.gguf
  javaUsed=3.3MB javaTotal=10.5MB javaMax=256.0MB nativeHeap=14.4MB nativeHeapFree=50.2MB nativeHeapSize=68.0MB
  pssTotal=28.9MB privateDirty=20.3MB sharedDirty=52.0MB nativePss=14.0MB dalvikPss=1.8MB otherPss=13.0MB
  systemAvail=14.4GB systemThreshold=216.0MB lowMemory=false trimLevel=0 importance=125 fdCount=151
  procStatus VmRSS=180852 kB VmHWM=3159440 kB VmSize=17127468 kB VmSwap=2492 kB Threads=30 FDSize=256
2026-05-29 12:06:51.374 pid=12590 [runtime-memory] After model load cleanup model=Qwen3.5-2B-UD-Q8_K_XL.gguf
  javaUsed=2.6MB javaTotal=10.5MB javaMax=256.0MB nativeHeap=14.4MB nativeHeapFree=50.2MB nativeHeapSize=68.0MB
  pssTotal=30.4MB privateDirty=21.9MB sharedDirty=52.0MB nativePss=14.1MB dalvikPss=3.3MB otherPss=13.0MB
  systemAvail=14.4GB systemThreshold=216.0MB lowMemory=false trimLevel=0 importance=125 fdCount=151
  procStatus VmRSS=182488 kB VmHWM=3159440 kB VmSize=17127468 kB VmSwap=2492 kB Threads=30 FDSize=256
2026-05-29 12:06:51.787 pid=12590 [model-load-complete] config=Qwen3.5 2B model=Qwen3.5-2B-UD-Q8_K_XL.gguf mmproj=(none)
  javaUsed=2.6MB javaTotal=10.5MB javaMax=256.0MB nativeHeap=362.1MB nativeHeapFree=9.1MB nativeHeapSize=374.8MB
  pssTotal=2.9GB privateDirty=173.7MB sharedDirty=52.0MB nativePss=165.9MB dalvikPss=3.3MB otherPss=2.7GB
  systemAvail=14.3GB systemThreshold=216.0MB lowMemory=false trimLevel=0 importance=125 fdCount=151
  procStatus VmRSS=3152484 kB VmHWM=3159440 kB VmSize=20153688 kB VmSwap=2492 kB Threads=30 FDSize=256
2026-05-29 12:06:51.851 pid=12590 [generation-start] id=25 config=Qwen3.5 2B model=Qwen3.5-2B-UD-Q8_K_XL.gguf promptLen=1066 mediaCount=0
  javaUsed=2.8MB javaTotal=10.5MB javaMax=256.0MB nativeHeap=362.1MB nativeHeapFree=9.1MB nativeHeapSize=374.8MB
  pssTotal=2.9GB privateDirty=173.9MB sharedDirty=52.0MB nativePss=165.9MB dalvikPss=3.5MB otherPss=2.7GB
  systemAvail=14.2GB systemThreshold=216.0MB lowMemory=false trimLevel=0 importance=125 fdCount=151
  procStatus VmRSS=3152612 kB VmHWM=3159440 kB VmSize=20153688 kB VmSwap=2492 kB Threads=30 FDSize=256
2026-05-29 12:06:51.914 pid=12590 [generation-stage] id=25 stage=native-call-start
2026-05-29 12:07:27.980 pid=12590 [generation-stage] id=25 stage=native-call-end resultLen=44
2026-05-29 12:07:27.981 pid=12590 [generation-end] id=25 resultLen=44
  javaUsed=3.0MB javaTotal=10.5MB javaMax=256.0MB nativeHeap=363.3MB nativeHeapFree=9.0MB nativeHeapSize=376.0MB
  pssTotal=2.8GB privateDirty=146.4MB sharedDirty=52.0MB nativePss=138.2MB dalvikPss=3.6MB otherPss=2.7GB
  systemAvail=14.3GB systemThreshold=216.0MB lowMemory=false trimLevel=0 importance=125 fdCount=151
  procStatus VmRSS=3124516 kB VmHWM=3159524 kB VmSize=20153688 kB VmSwap=2492 kB Threads=30 FDSize=256
2026-05-29 12:07:28.736 pid=12590 [model-load] Loading configuration: Qwen3.5 2B MTP
2026-05-29 12:07:29.033 pid=12590 [runtime-memory] Before model load model=Qwen3.5-2B-Q8_0.gguf
  javaUsed=2.6MB javaTotal=10.5MB javaMax=256.0MB nativeHeap=14.4MB nativeHeapFree=50.2MB nativeHeapSize=68.0MB
  pssTotal=28.2MB privateDirty=19.7MB sharedDirty=52.0MB nativePss=13.9MB dalvikPss=1.3MB otherPss=13.0MB
  systemAvail=14.4GB systemThreshold=216.0MB lowMemory=false trimLevel=0 importance=125 fdCount=151
  procStatus VmRSS=180116 kB VmHWM=3159524 kB VmSize=17127468 kB VmSwap=2492 kB Threads=30 FDSize=256
2026-05-29 12:07:29.095 pid=12590 [runtime-memory] After model load cleanup model=Qwen3.5-2B-Q8_0.gguf
  javaUsed=2.6MB javaTotal=10.5MB javaMax=256.0MB nativeHeap=14.4MB nativeHeapFree=50.2MB nativeHeapSize=68.0MB
  pssTotal=30.3MB privateDirty=21.8MB sharedDirty=52.0MB nativePss=14.0MB dalvikPss=3.3MB otherPss=13.0MB
  systemAvail=14.4GB systemThreshold=216.0MB lowMemory=false trimLevel=0 importance=125 fdCount=151
  procStatus VmRSS=182196 kB VmHWM=3159524 kB VmSize=17127468 kB VmSwap=2492 kB Threads=30 FDSize=256
2026-05-29 12:07:30.166 pid=12590 [model-load-complete] config=Qwen3.5 2B MTP model=Qwen3.5-2B-Q8_0.gguf mmproj=(none)
  javaUsed=2.6MB javaTotal=10.5MB javaMax=256.0MB nativeHeap=362.1MB nativeHeapFree=9.1MB nativeHeapSize=374.8MB
  pssTotal=2.1GB privateDirty=173.7MB sharedDirty=52.0MB nativePss=165.8MB dalvikPss=3.3MB otherPss=1.9GB
  systemAvail=14.2GB systemThreshold=216.0MB lowMemory=false trimLevel=0 importance=125 fdCount=151
  procStatus VmRSS=2355016 kB VmHWM=3159524 kB VmSize=19356384 kB VmSwap=2492 kB Threads=30 FDSize=256
2026-05-29 12:07:30.282 pid=12590 [generation-start] id=26 config=Qwen3.5 2B MTP model=Qwen3.5-2B-Q8_0.gguf promptLen=1048 mediaCount=0
  javaUsed=2.8MB javaTotal=10.5MB javaMax=256.0MB nativeHeap=362.1MB nativeHeapFree=9.1MB nativeHeapSize=374.8MB
  pssTotal=2.1GB privateDirty=173.9MB sharedDirty=52.0MB nativePss=165.9MB dalvikPss=3.5MB otherPss=1.9GB
  systemAvail=14.2GB systemThreshold=216.0MB lowMemory=false trimLevel=0 importance=125 fdCount=151
  procStatus VmRSS=2355144 kB VmHWM=3159524 kB VmSize=19356384 kB VmSwap=2492 kB Threads=30 FDSize=256
2026-05-29 12:07:30.398 pid=12590 [generation-stage] id=26 stage=native-call-start
2026-05-29 12:08:06.763 pid=12590 [generation-stage] id=26 stage=native-call-end resultLen=121
2026-05-29 12:08:06.763 pid=12590 [generation-end] id=26 resultLen=121
  javaUsed=3.0MB javaTotal=10.5MB javaMax=256.0MB nativeHeap=363.3MB nativeHeapFree=9.0MB nativeHeapSize=376.0MB
  pssTotal=2.1GB privateDirty=146.2MB sharedDirty=52.0MB nativePss=138.1MB dalvikPss=3.6MB otherPss=1.9GB
  systemAvail=14.2GB systemThreshold=216.0MB lowMemory=false trimLevel=0 importance=125 fdCount=151
  procStatus VmRSS=2327104 kB VmHWM=3159524 kB VmSize=19356384 kB VmSwap=2492 kB Threads=30 FDSize=256
2026-05-29 12:08:07.480 pid=12590 [model-load] Loading configuration: Qwen3.5 2B
2026-05-29 12:08:07.741 pid=12590 [runtime-memory] Before model load model=Qwen3.5-2B-UD-Q8_K_XL.gguf
  javaUsed=3.3MB javaTotal=10.5MB javaMax=256.0MB nativeHeap=14.4MB nativeHeapFree=50.2MB nativeHeapSize=68.0MB
  pssTotal=30.9MB privateDirty=22.3MB sharedDirty=52.0MB nativePss=14.0MB dalvikPss=3.8MB otherPss=13.0MB
  systemAvail=14.4GB systemThreshold=216.0MB lowMemory=false trimLevel=0 importance=125 fdCount=151
  procStatus VmRSS=182896 kB VmHWM=3159524 kB VmSize=17127468 kB VmSwap=2492 kB Threads=30 FDSize=256
2026-05-29 12:08:07.807 pid=12590 [runtime-memory] After model load cleanup model=Qwen3.5-2B-UD-Q8_K_XL.gguf
  javaUsed=2.6MB javaTotal=10.5MB javaMax=256.0MB nativeHeap=14.4MB nativeHeapFree=50.2MB nativeHeapSize=68.0MB
  pssTotal=30.4MB privateDirty=21.9MB sharedDirty=52.0MB nativePss=14.1MB dalvikPss=3.3MB otherPss=13.0MB
  systemAvail=14.4GB systemThreshold=216.0MB lowMemory=false trimLevel=0 importance=125 fdCount=151
  procStatus VmRSS=182512 kB VmHWM=3159524 kB VmSize=17127468 kB VmSwap=2492 kB Threads=30 FDSize=256
2026-05-29 12:08:08.937 pid=12590 [model-load-complete] config=Qwen3.5 2B model=Qwen3.5-2B-UD-Q8_K_XL.gguf mmproj=(none)
  javaUsed=2.6MB javaTotal=10.5MB javaMax=256.0MB nativeHeap=362.1MB nativeHeapFree=9.1MB nativeHeapSize=374.8MB
  pssTotal=2.9GB privateDirty=173.7MB sharedDirty=52.0MB nativePss=165.9MB dalvikPss=3.3MB otherPss=2.7GB
  systemAvail=14.2GB systemThreshold=216.0MB lowMemory=false trimLevel=0 importance=125 fdCount=151
  procStatus VmRSS=3152508 kB VmHWM=3159524 kB VmSize=20153688 kB VmSwap=2492 kB Threads=30 FDSize=256
2026-05-29 12:08:09.066 pid=12590 [generation-start] id=27 config=Qwen3.5 2B model=Qwen3.5-2B-UD-Q8_K_XL.gguf promptLen=1063 mediaCount=0
  javaUsed=2.8MB javaTotal=10.5MB javaMax=256.0MB nativeHeap=362.1MB nativeHeapFree=9.1MB nativeHeapSize=374.8MB
  pssTotal=2.9GB privateDirty=173.9MB sharedDirty=52.0MB nativePss=165.9MB dalvikPss=3.5MB otherPss=2.7GB
  systemAvail=14.2GB systemThreshold=216.0MB lowMemory=false trimLevel=0 importance=125 fdCount=151
  procStatus VmRSS=3152636 kB VmHWM=3159524 kB VmSize=20153688 kB VmSwap=2492 kB Threads=30 FDSize=256
2026-05-29 12:08:09.209 pid=12590 [generation-stage] id=27 stage=native-call-start
2026-05-29 12:08:52.180 pid=12590 [generation-stage] id=27 stage=native-call-end resultLen=68
2026-05-29 12:08:52.180 pid=12590 [generation-end] id=27 resultLen=68
  javaUsed=3.0MB javaTotal=10.5MB javaMax=256.0MB nativeHeap=363.3MB nativeHeapFree=9.0MB nativeHeapSize=376.0MB
  pssTotal=2.8GB privateDirty=146.4MB sharedDirty=52.0MB nativePss=138.2MB dalvikPss=3.6MB otherPss=2.7GB
  systemAvail=14.2GB systemThreshold=216.0MB lowMemory=false trimLevel=0 importance=125 fdCount=151
  procStatus VmRSS=3124520 kB VmHWM=3159676 kB VmSize=20153688 kB VmSwap=2492 kB Threads=30 FDSize=256
2026-05-29 12:08:52.924 pid=12590 [model-load] Loading configuration: Qwen3.5 2B MTP
2026-05-29 12:08:53.209 pid=12590 [runtime-memory] Before model load model=Qwen3.5-2B-Q8_0.gguf
  javaUsed=3.3MB javaTotal=10.5MB javaMax=256.0MB nativeHeap=14.4MB nativeHeapFree=50.2MB nativeHeapSize=68.0MB
  pssTotal=30.9MB privateDirty=22.3MB sharedDirty=52.0MB nativePss=14.0MB dalvikPss=3.8MB otherPss=13.0MB
  systemAvail=14.3GB systemThreshold=216.0MB lowMemory=false trimLevel=0 importance=125 fdCount=151
  procStatus VmRSS=182772 kB VmHWM=3159676 kB VmSize=17127468 kB VmSwap=2492 kB Threads=30 FDSize=256
2026-05-29 12:08:53.262 pid=12590 [runtime-memory] After model load cleanup model=Qwen3.5-2B-Q8_0.gguf
  javaUsed=2.6MB javaTotal=10.5MB javaMax=256.0MB nativeHeap=14.4MB nativeHeapFree=50.2MB nativeHeapSize=68.0MB
  pssTotal=28.4MB privateDirty=19.9MB sharedDirty=52.0MB nativePss=14.1MB dalvikPss=1.3MB otherPss=13.0MB
  systemAvail=14.3GB systemThreshold=216.0MB lowMemory=false trimLevel=0 importance=125 fdCount=151
  procStatus VmRSS=180244 kB VmHWM=3159676 kB VmSize=17127468 kB VmSwap=2492 kB Threads=30 FDSize=256
2026-05-29 12:08:54.330 pid=12590 [model-load-complete] config=Qwen3.5 2B MTP model=Qwen3.5-2B-Q8_0.gguf mmproj=(none)
  javaUsed=2.6MB javaTotal=10.5MB javaMax=256.0MB nativeHeap=362.1MB nativeHeapFree=9.1MB nativeHeapSize=374.8MB
  pssTotal=2.1GB privateDirty=171.7MB sharedDirty=52.0MB nativePss=165.9MB dalvikPss=1.3MB otherPss=1.9GB
  systemAvail=14.2GB systemThreshold=216.0MB lowMemory=false trimLevel=0 importance=125 fdCount=151
  procStatus VmRSS=2352936 kB VmHWM=3159676 kB VmSize=19356384 kB VmSwap=2492 kB Threads=30 FDSize=256
2026-05-29 12:08:54.452 pid=12590 [generation-start] id=28 config=Qwen3.5 2B MTP model=Qwen3.5-2B-Q8_0.gguf promptLen=1048 mediaCount=0
  javaUsed=2.8MB javaTotal=10.5MB javaMax=256.0MB nativeHeap=362.1MB nativeHeapFree=9.1MB nativeHeapSize=374.8MB
  pssTotal=2.1GB privateDirty=171.9MB sharedDirty=52.0MB nativePss=165.9MB dalvikPss=1.5MB otherPss=1.9GB
  systemAvail=14.2GB systemThreshold=216.0MB lowMemory=false trimLevel=0 importance=125 fdCount=151
  procStatus VmRSS=2353192 kB VmHWM=3159676 kB VmSize=19356384 kB VmSwap=2492 kB Threads=30 FDSize=256
2026-05-29 12:08:54.571 pid=12590 [generation-stage] id=28 stage=native-call-start
2026-05-29 12:09:29.445 pid=12590 [generation-stage] id=28 stage=native-call-end resultLen=88
2026-05-29 12:09:29.445 pid=12590 [generation-end] id=28 resultLen=88
  javaUsed=3.0MB javaTotal=10.5MB javaMax=256.0MB nativeHeap=363.3MB nativeHeapFree=9.0MB nativeHeapSize=376.0MB
  pssTotal=2.1GB privateDirty=144.3MB sharedDirty=52.0MB nativePss=138.1MB dalvikPss=1.6MB otherPss=1.9GB
  systemAvail=14.2GB systemThreshold=216.0MB lowMemory=false trimLevel=0 importance=125 fdCount=151
  procStatus VmRSS=2325312 kB VmHWM=3159676 kB VmSize=19356384 kB VmSwap=2492 kB Threads=30 FDSize=256
2026-05-29 12:09:29.549 pid=12590 [model-load] Loading configuration: Qwen3.5 2B MTP
2026-05-29 12:09:29.550 pid=12590 [model-load-skip] config=Qwen3.5 2B MTP model already loaded
  javaUsed=3.3MB javaTotal=10.5MB javaMax=256.0MB nativeHeap=363.3MB nativeHeapFree=9.0MB nativeHeapSize=376.0MB
  pssTotal=2.1GB privateDirty=144.4MB sharedDirty=52.0MB nativePss=138.2MB dalvikPss=1.8MB otherPss=1.9GB
  systemAvail=14.2GB systemThreshold=216.0MB lowMemory=false trimLevel=0 importance=125 fdCount=151
  procStatus VmRSS=2325440 kB VmHWM=3159676 kB VmSize=19356384 kB VmSwap=2492 kB Threads=30 FDSize=256
2026-05-29 12:09:29.660 pid=12590 [generation-start] id=29 config=Qwen3.5 2B MTP model=Qwen3.5-2B-Q8_0.gguf promptLen=1048 mediaCount=0
  javaUsed=3.5MB javaTotal=10.5MB javaMax=256.0MB nativeHeap=363.3MB nativeHeapFree=9.0MB nativeHeapSize=376.0MB
  pssTotal=2.1GB privateDirty=144.6MB sharedDirty=52.0MB nativePss=138.2MB dalvikPss=2.0MB otherPss=1.9GB
  systemAvail=14.2GB systemThreshold=216.0MB lowMemory=false trimLevel=0 importance=125 fdCount=151
  procStatus VmRSS=2325568 kB VmHWM=3159676 kB VmSize=19356384 kB VmSwap=2492 kB Threads=30 FDSize=256
2026-05-29 12:09:29.769 pid=12590 [generation-stage] id=29 stage=native-call-start
2026-05-29 12:10:03.664 pid=12590 [generation-stage] id=29 stage=native-call-end resultLen=79
2026-05-29 12:10:03.665 pid=12590 [generation-end] id=29 resultLen=79
  javaUsed=3.6MB javaTotal=10.5MB javaMax=256.0MB nativeHeap=363.3MB nativeHeapFree=9.0MB nativeHeapSize=376.0MB
  pssTotal=2.1GB privateDirty=144.7MB sharedDirty=52.0MB nativePss=138.2MB dalvikPss=2.1MB otherPss=1.9GB
  systemAvail=14.2GB systemThreshold=216.0MB lowMemory=false trimLevel=0 importance=125 fdCount=151
  procStatus VmRSS=2325688 kB VmHWM=3159676 kB VmSize=19356384 kB VmSwap=2492 kB Threads=30 FDSize=256
2026-05-29 12:10:04.618 pid=12590 [model-load] Loading configuration: Qwen3.5 2B
2026-05-29 12:10:04.872 pid=12590 [runtime-memory] Before model load model=Qwen3.5-2B-UD-Q8_K_XL.gguf
  javaUsed=3.8MB javaTotal=10.5MB javaMax=256.0MB nativeHeap=14.4MB nativeHeapFree=50.2MB nativeHeapSize=68.0MB
  pssTotal=29.4MB privateDirty=20.8MB sharedDirty=52.0MB nativePss=14.1MB dalvikPss=2.3MB otherPss=13.0MB
  systemAvail=14.3GB systemThreshold=216.0MB lowMemory=false trimLevel=0 importance=125 fdCount=151
  procStatus VmRSS=181456 kB VmHWM=3159676 kB VmSize=17127468 kB VmSwap=2492 kB Threads=30 FDSize=256
2026-05-29 12:10:04.933 pid=12590 [runtime-memory] After model load cleanup model=Qwen3.5-2B-UD-Q8_K_XL.gguf
  javaUsed=2.6MB javaTotal=10.5MB javaMax=256.0MB nativeHeap=14.4MB nativeHeapFree=50.2MB nativeHeapSize=68.0MB
  pssTotal=28.5MB privateDirty=19.9MB sharedDirty=52.0MB nativePss=14.2MB dalvikPss=1.3MB otherPss=13.0MB
  systemAvail=14.3GB systemThreshold=216.0MB lowMemory=false trimLevel=0 importance=125 fdCount=151
  procStatus VmRSS=180684 kB VmHWM=3159676 kB VmSize=17127468 kB VmSwap=2492 kB Threads=30 FDSize=256
2026-05-29 12:10:06.047 pid=12590 [model-load-complete] config=Qwen3.5 2B model=Qwen3.5-2B-UD-Q8_K_XL.gguf mmproj=(none)
  javaUsed=2.6MB javaTotal=10.5MB javaMax=256.0MB nativeHeap=362.1MB nativeHeapFree=9.1MB nativeHeapSize=374.8MB
  pssTotal=2.9GB privateDirty=171.7MB sharedDirty=52.0MB nativePss=165.9MB dalvikPss=1.3MB otherPss=2.7GB
  systemAvail=14.1GB systemThreshold=216.0MB lowMemory=false trimLevel=0 importance=125 fdCount=151
  procStatus VmRSS=3150552 kB VmHWM=3159676 kB VmSize=20153688 kB VmSwap=2492 kB Threads=30 FDSize=256
2026-05-29 12:10:06.187 pid=12590 [generation-start] id=30 config=Qwen3.5 2B model=Qwen3.5-2B-UD-Q8_K_XL.gguf promptLen=1063 mediaCount=0
  javaUsed=2.8MB javaTotal=10.5MB javaMax=256.0MB nativeHeap=362.1MB nativeHeapFree=9.1MB nativeHeapSize=374.8MB
  pssTotal=2.9GB privateDirty=171.9MB sharedDirty=52.0MB nativePss=165.9MB dalvikPss=1.5MB otherPss=2.7GB
  systemAvail=14.1GB systemThreshold=216.0MB lowMemory=false trimLevel=0 importance=125 fdCount=151
  procStatus VmRSS=3150640 kB VmHWM=3159676 kB VmSize=20153688 kB VmSwap=2492 kB Threads=30 FDSize=256
2026-05-29 12:10:06.325 pid=12590 [generation-stage] id=30 stage=native-call-start
2026-05-29 12:10:53.191 pid=12590 [generation-stage] id=30 stage=native-call-end resultLen=112
2026-05-29 12:10:53.191 pid=12590 [generation-end] id=30 resultLen=112
  javaUsed=2.7MB javaTotal=10.5MB javaMax=256.0MB nativeHeap=363.3MB nativeHeapFree=9.0MB nativeHeapSize=376.0MB
  pssTotal=2.8GB privateDirty=144.1MB sharedDirty=52.0MB nativePss=138.3MB dalvikPss=1.4MB otherPss=2.7GB
  systemAvail=14.2GB systemThreshold=216.0MB lowMemory=false trimLevel=0 importance=125 fdCount=151
  procStatus VmRSS=3122224 kB VmHWM=3159676 kB VmSize=20153688 kB VmSwap=2492 kB Threads=30 FDSize=256
2026-05-29 12:10:54.462 pid=12590 [model-load] Loading configuration: Qwen3.5 2B MTP
2026-05-29 12:10:54.752 pid=12590 [runtime-memory] Before model load model=Qwen3.5-2B-Q8_0.gguf
  javaUsed=3.0MB javaTotal=10.5MB javaMax=256.0MB nativeHeap=14.4MB nativeHeapFree=50.2MB nativeHeapSize=68.0MB
  pssTotal=28.6MB privateDirty=20.1MB sharedDirty=52.0MB nativePss=14.0MB dalvikPss=1.6MB otherPss=13.0MB
  systemAvail=14.4GB systemThreshold=216.0MB lowMemory=false trimLevel=0 importance=125 fdCount=151
  procStatus VmRSS=180412 kB VmHWM=3159676 kB VmSize=17127468 kB VmSwap=2492 kB Threads=30 FDSize=256
2026-05-29 12:10:54.819 pid=12590 [runtime-memory] After model load cleanup model=Qwen3.5-2B-Q8_0.gguf
  javaUsed=2.6MB javaTotal=10.5MB javaMax=256.0MB nativeHeap=14.4MB nativeHeapFree=50.2MB nativeHeapSize=68.0MB
  pssTotal=28.4MB privateDirty=19.9MB sharedDirty=52.0MB nativePss=14.1MB dalvikPss=1.3MB otherPss=13.0MB
  systemAvail=14.4GB systemThreshold=216.0MB lowMemory=false trimLevel=0 importance=125 fdCount=151
  procStatus VmRSS=180284 kB VmHWM=3159676 kB VmSize=17127468 kB VmSwap=2492 kB Threads=30 FDSize=256
2026-05-29 12:10:55.893 pid=12590 [model-load-complete] config=Qwen3.5 2B MTP model=Qwen3.5-2B-Q8_0.gguf mmproj=(none)
  javaUsed=2.6MB javaTotal=10.5MB javaMax=256.0MB nativeHeap=362.1MB nativeHeapFree=9.1MB nativeHeapSize=374.8MB
  pssTotal=2.1GB privateDirty=171.7MB sharedDirty=52.0MB nativePss=165.9MB dalvikPss=1.3MB otherPss=1.9GB
  systemAvail=14.2GB systemThreshold=216.0MB lowMemory=false trimLevel=0 importance=125 fdCount=151
  procStatus VmRSS=2352976 kB VmHWM=3159676 kB VmSize=19356384 kB VmSwap=2492 kB Threads=30 FDSize=256
2026-05-29 12:10:56.015 pid=12590 [generation-start] id=31 config=Qwen3.5 2B MTP model=Qwen3.5-2B-Q8_0.gguf promptLen=1057 mediaCount=0
  javaUsed=2.8MB javaTotal=10.5MB javaMax=256.0MB nativeHeap=362.1MB nativeHeapFree=9.1MB nativeHeapSize=374.8MB
  pssTotal=2.1GB privateDirty=171.9MB sharedDirty=52.0MB nativePss=165.9MB dalvikPss=1.5MB otherPss=1.9GB
  systemAvail=14.2GB systemThreshold=216.0MB lowMemory=false trimLevel=0 importance=125 fdCount=151
  procStatus VmRSS=2353232 kB VmHWM=3159676 kB VmSize=19356384 kB VmSwap=2492 kB Threads=30 FDSize=256
2026-05-29 12:10:56.132 pid=12590 [generation-stage] id=31 stage=native-call-start
2026-05-29 12:15:49.554 pid=11339 [app] Application created
2026-05-29 12:15:49.554 pid=11339 [app-start] Application onCreate
  javaUsed=33.1MB javaTotal=256.0MB javaMax=256.0MB nativeHeap=6.7MB nativeHeapFree=1.9MB nativeHeapSize=13.1MB
  pssTotal=12.2MB privateDirty=4.7MB sharedDirty=53.0MB nativePss=2.2MB dalvikPss=849.0KB otherPss=7.4MB
  systemAvail=14.2GB systemThreshold=216.0MB lowMemory=false trimLevel=0 importance=100 fdCount=113
  procStatus VmRSS=121220 kB VmHWM=121220 kB VmSize=16958836 kB VmSwap=7672 kB Threads=13 FDSize=128
2026-05-29 12:15:56.755 pid=11339 [model-load] Loading configuration: Qwen3.5 2B MTP
2026-05-29 12:15:56.757 pid=11339 [runtime-memory] Before model load model=Qwen3.5-2B-Q8_0.gguf
  javaUsed=2.8MB javaTotal=10.5MB javaMax=256.0MB nativeHeap=12.4MB nativeHeapFree=3.6MB nativeHeapSize=20.0MB
  pssTotal=22.6MB privateDirty=15.9MB sharedDirty=52.1MB nativePss=10.5MB dalvikPss=1.4MB otherPss=10.7MB
  systemAvail=14.3GB systemThreshold=216.0MB lowMemory=false trimLevel=0 importance=125 fdCount=152
  procStatus VmRSS=173372 kB VmHWM=175716 kB VmSize=17022796 kB VmSwap=2204 kB Threads=30 FDSize=256
2026-05-29 12:15:56.817 pid=11339 [runtime-memory] After model load cleanup model=Qwen3.5-2B-Q8_0.gguf
  javaUsed=2.5MB javaTotal=10.4MB javaMax=256.0MB nativeHeap=12.4MB nativeHeapFree=3.6MB nativeHeapSize=20.0MB
  pssTotal=22.5MB privateDirty=15.8MB sharedDirty=52.1MB nativePss=10.5MB dalvikPss=1.3MB otherPss=10.7MB
  systemAvail=14.3GB systemThreshold=216.0MB lowMemory=false trimLevel=0 importance=125 fdCount=152
  procStatus VmRSS=173180 kB VmHWM=175716 kB VmSize=17022796 kB VmSwap=2204 kB Threads=30 FDSize=256
2026-05-29 12:15:57.207 pid=11339 [model-load-complete] config=Qwen3.5 2B MTP model=Qwen3.5-2B-Q8_0.gguf mmproj=(none)
  javaUsed=2.7MB javaTotal=10.4MB javaMax=256.0MB nativeHeap=362.4MB nativeHeapFree=5.6MB nativeHeapSize=372.2MB
  pssTotal=2.1GB privateDirty=171.3MB sharedDirty=52.1MB nativePss=165.4MB dalvikPss=1.3MB otherPss=1.9GB
  systemAvail=14.1GB systemThreshold=216.0MB lowMemory=false trimLevel=0 importance=125 fdCount=152
  procStatus VmRSS=2350944 kB VmHWM=2350944 kB VmSize=19391892 kB VmSwap=2204 kB Threads=30 FDSize=256
2026-05-29 12:15:57.255 pid=11339 [generation-start] id=1 config=Qwen3.5 2B MTP model=Qwen3.5-2B-Q8_0.gguf promptLen=1045 mediaCount=0
  javaUsed=2.9MB javaTotal=10.4MB javaMax=256.0MB nativeHeap=362.4MB nativeHeapFree=5.6MB nativeHeapSize=372.2MB
  pssTotal=2.1GB privateDirty=171.5MB sharedDirty=52.1MB nativePss=165.4MB dalvikPss=1.5MB otherPss=1.9GB
  systemAvail=14.1GB systemThreshold=216.0MB lowMemory=false trimLevel=0 importance=125 fdCount=152
  procStatus VmRSS=2351072 kB VmHWM=2351072 kB VmSize=19391892 kB VmSwap=2204 kB Threads=30 FDSize=256
2026-05-29 12:15:57.303 pid=11339 [generation-stage] id=1 stage=native-call-start
2026-05-29 12:16:17.652 pid=11339 [generation-stage] id=1 stage=native-call-end resultLen=142
2026-05-29 12:16:17.653 pid=11339 [generation-end] id=1 resultLen=142
  javaUsed=3.0MB javaTotal=10.4MB javaMax=256.0MB nativeHeap=363.5MB nativeHeapFree=5.6MB nativeHeapSize=373.3MB
  pssTotal=2.1GB privateDirty=143.0MB sharedDirty=52.1MB nativePss=136.8MB dalvikPss=1.6MB otherPss=1.9GB
  systemAvail=14.2GB systemThreshold=216.0MB lowMemory=false trimLevel=0 importance=125 fdCount=152
  procStatus VmRSS=2322524 kB VmHWM=2358508 kB VmSize=19375384 kB VmSwap=2204 kB Threads=29 FDSize=256
2026-05-29 12:16:18.217 pid=11339 [model-load] Loading configuration: Qwen3.5 2B
2026-05-29 12:16:18.411 pid=11339 [runtime-memory] Before model load model=Qwen3.5-2B-UD-Q8_K_XL.gguf
  javaUsed=3.3MB javaTotal=10.4MB javaMax=256.0MB nativeHeap=14.6MB nativeHeapFree=49.4MB nativeHeapSize=67.9MB
  pssTotal=28.8MB privateDirty=20.3MB sharedDirty=52.1MB nativePss=14.0MB dalvikPss=1.8MB otherPss=13.1MB
  systemAvail=14.3GB systemThreshold=216.0MB lowMemory=false trimLevel=0 importance=125 fdCount=152
  procStatus VmRSS=179632 kB VmHWM=2358508 kB VmSize=17146468 kB VmSwap=2204 kB Threads=29 FDSize=256
2026-05-29 12:16:18.458 pid=11339 [runtime-memory] After model load cleanup model=Qwen3.5-2B-UD-Q8_K_XL.gguf
  javaUsed=2.5MB javaTotal=10.5MB javaMax=256.0MB nativeHeap=14.6MB nativeHeapFree=49.4MB nativeHeapSize=67.9MB
  pssTotal=28.3MB privateDirty=19.8MB sharedDirty=52.0MB nativePss=14.0MB dalvikPss=1.3MB otherPss=13.1MB
  systemAvail=14.3GB systemThreshold=216.0MB lowMemory=false trimLevel=0 importance=125 fdCount=152
  procStatus VmRSS=179140 kB VmHWM=2358508 kB VmSize=17146468 kB VmSwap=2204 kB Threads=29 FDSize=256
2026-05-29 12:16:19.346 pid=11339 [model-load-complete] config=Qwen3.5 2B model=Qwen3.5-2B-UD-Q8_K_XL.gguf mmproj=(none)
  javaUsed=2.6MB javaTotal=10.5MB javaMax=256.0MB nativeHeap=362.3MB nativeHeapFree=8.2MB nativeHeapSize=374.7MB
  pssTotal=2.9GB privateDirty=171.9MB sharedDirty=52.0MB nativePss=166.0MB dalvikPss=1.3MB otherPss=2.7GB
  systemAvail=14.1GB systemThreshold=216.0MB lowMemory=false trimLevel=0 importance=125 fdCount=152
  procStatus VmRSS=3149392 kB VmHWM=3149392 kB VmSize=20172688 kB VmSwap=2204 kB Threads=29 FDSize=256
2026-05-29 12:16:19.455 pid=11339 [generation-start] id=2 config=Qwen3.5 2B model=Qwen3.5-2B-UD-Q8_K_XL.gguf promptLen=1042 mediaCount=0
  javaUsed=2.8MB javaTotal=10.5MB javaMax=256.0MB nativeHeap=362.4MB nativeHeapFree=8.2MB nativeHeapSize=374.7MB
  pssTotal=2.9GB privateDirty=172.1MB sharedDirty=52.0MB nativePss=166.0MB dalvikPss=1.5MB otherPss=2.7GB
  systemAvail=14.1GB systemThreshold=216.0MB lowMemory=false trimLevel=0 importance=125 fdCount=152
  procStatus VmRSS=3149520 kB VmHWM=3149520 kB VmSize=20172688 kB VmSwap=2204 kB Threads=29 FDSize=256
2026-05-29 12:16:19.561 pid=11339 [generation-stage] id=2 stage=native-call-start
2026-05-29 12:16:49.344 pid=11339 [generation-stage] id=2 stage=native-call-end resultLen=58
2026-05-29 12:16:49.345 pid=11339 [generation-end] id=2 resultLen=58
  javaUsed=2.6MB javaTotal=10.5MB javaMax=256.0MB nativeHeap=363.5MB nativeHeapFree=8.2MB nativeHeapSize=375.8MB
  pssTotal=2.8GB privateDirty=144.3MB sharedDirty=52.0MB nativePss=138.4MB dalvikPss=1.3MB otherPss=2.7GB
  systemAvail=14.2GB systemThreshold=216.0MB lowMemory=false trimLevel=0 importance=125 fdCount=152
  procStatus VmRSS=3121368 kB VmHWM=3156384 kB VmSize=20190160 kB VmSwap=2204 kB Threads=30 FDSize=256
2026-05-29 12:16:49.964 pid=11339 [model-load] Loading configuration: Qwen3.5 2B MTP
2026-05-29 12:16:50.251 pid=11339 [runtime-memory] Before model load model=Qwen3.5-2B-Q8_0.gguf
  javaUsed=2.9MB javaTotal=10.5MB javaMax=256.0MB nativeHeap=14.6MB nativeHeapFree=49.4MB nativeHeapSize=67.9MB
  pssTotal=28.6MB privateDirty=20.1MB sharedDirty=52.0MB nativePss=14.0MB dalvikPss=1.5MB otherPss=13.0MB
  systemAvail=14.3GB systemThreshold=216.0MB lowMemory=false trimLevel=0 importance=125 fdCount=152
  procStatus VmRSS=179724 kB VmHWM=3156384 kB VmSize=17146388 kB VmSwap=2204 kB Threads=29 FDSize=256
2026-05-29 12:16:50.305 pid=11339 [runtime-memory] After model load cleanup model=Qwen3.5-2B-Q8_0.gguf
  javaUsed=2.5MB javaTotal=10.5MB javaMax=256.0MB nativeHeap=14.6MB nativeHeapFree=49.4MB nativeHeapSize=67.9MB
  pssTotal=28.4MB privateDirty=19.9MB sharedDirty=52.0MB nativePss=14.0MB dalvikPss=1.3MB otherPss=13.0MB
  systemAvail=14.3GB systemThreshold=216.0MB lowMemory=false trimLevel=0 importance=125 fdCount=152
  procStatus VmRSS=179440 kB VmHWM=3156384 kB VmSize=17146388 kB VmSwap=2204 kB Threads=29 FDSize=256
2026-05-29 12:16:51.350 pid=11339 [model-load-complete] config=Qwen3.5 2B MTP model=Qwen3.5-2B-Q8_0.gguf mmproj=(none)
  javaUsed=2.6MB javaTotal=10.5MB javaMax=256.0MB nativeHeap=362.3MB nativeHeapFree=8.2MB nativeHeapSize=374.7MB
  pssTotal=2.1GB privateDirty=171.9MB sharedDirty=52.0MB nativePss=166.0MB dalvikPss=1.3MB otherPss=1.9GB
  systemAvail=14.1GB systemThreshold=216.0MB lowMemory=false trimLevel=0 importance=125 fdCount=152
  procStatus VmRSS=2352388 kB VmHWM=3156384 kB VmSize=19375304 kB VmSwap=2204 kB Threads=29 FDSize=256
2026-05-29 12:16:51.458 pid=11339 [generation-start] id=3 config=Qwen3.5 2B MTP model=Qwen3.5-2B-Q8_0.gguf promptLen=1045 mediaCount=0
  javaUsed=2.8MB javaTotal=10.5MB javaMax=256.0MB nativeHeap=362.4MB nativeHeapFree=8.2MB nativeHeapSize=374.7MB
  pssTotal=2.1GB privateDirty=172.1MB sharedDirty=52.0MB nativePss=166.1MB dalvikPss=1.5MB otherPss=1.9GB
  systemAvail=14.1GB systemThreshold=216.0MB lowMemory=false trimLevel=0 importance=125 fdCount=152
  procStatus VmRSS=2352516 kB VmHWM=3156384 kB VmSize=19375304 kB VmSwap=2204 kB Threads=29 FDSize=256
2026-05-29 12:16:51.574 pid=11339 [generation-stage] id=3 stage=native-call-start
2026-05-29 12:17:26.486 pid=11339 [generation-stage] id=3 stage=native-call-end resultLen=108
2026-05-29 12:17:26.487 pid=11339 [generation-end] id=3 resultLen=108
  javaUsed=3.0MB javaTotal=10.5MB javaMax=256.0MB nativeHeap=363.5MB nativeHeapFree=8.2MB nativeHeapSize=375.8MB
  pssTotal=2.1GB privateDirty=144.5MB sharedDirty=52.0MB nativePss=138.3MB dalvikPss=1.6MB otherPss=1.9GB
  systemAvail=14.2GB systemThreshold=216.0MB lowMemory=false trimLevel=0 importance=125 fdCount=152
  procStatus VmRSS=2324496 kB VmHWM=3156384 kB VmSize=19375304 kB VmSwap=2204 kB Threads=29 FDSize=256
2026-05-29 12:17:27.099 pid=11339 [model-load] Loading configuration: Qwen3.5 2B
2026-05-29 12:17:27.360 pid=11339 [runtime-memory] Before model load model=Qwen3.5-2B-UD-Q8_K_XL.gguf
  javaUsed=3.3MB javaTotal=10.5MB javaMax=256.0MB nativeHeap=14.6MB nativeHeapFree=49.4MB nativeHeapSize=67.9MB
  pssTotal=28.9MB privateDirty=20.4MB sharedDirty=52.0MB nativePss=14.0MB dalvikPss=1.8MB otherPss=13.1MB
  systemAvail=14.3GB systemThreshold=216.0MB lowMemory=false trimLevel=0 importance=125 fdCount=152
  procStatus VmRSS=180160 kB VmHWM=3156384 kB VmSize=17146388 kB VmSwap=2204 kB Threads=29 FDSize=256
2026-05-29 12:17:27.415 pid=11339 [runtime-memory] After model load cleanup model=Qwen3.5-2B-UD-Q8_K_XL.gguf
  javaUsed=2.5MB javaTotal=10.5MB javaMax=256.0MB nativeHeap=14.6MB nativeHeapFree=49.4MB nativeHeapSize=67.9MB
  pssTotal=28.5MB privateDirty=19.9MB sharedDirty=52.0MB nativePss=14.1MB dalvikPss=1.3MB otherPss=13.1MB
  systemAvail=14.3GB systemThreshold=216.0MB lowMemory=false trimLevel=0 importance=125 fdCount=152
  procStatus VmRSS=179620 kB VmHWM=3156384 kB VmSize=17146388 kB VmSwap=2204 kB Threads=29 FDSize=256
2026-05-29 12:17:28.525 pid=11339 [model-load-complete] config=Qwen3.5 2B model=Qwen3.5-2B-UD-Q8_K_XL.gguf mmproj=(none)
  javaUsed=2.6MB javaTotal=10.5MB javaMax=256.0MB nativeHeap=362.3MB nativeHeapFree=8.2MB nativeHeapSize=374.7MB
  pssTotal=2.9GB privateDirty=171.9MB sharedDirty=52.0MB nativePss=166.0MB dalvikPss=1.3MB otherPss=2.7GB
  systemAvail=14.1GB systemThreshold=216.0MB lowMemory=false trimLevel=0 importance=125 fdCount=152
  procStatus VmRSS=3149936 kB VmHWM=3156384 kB VmSize=20172608 kB VmSwap=2204 kB Threads=29 FDSize=256
2026-05-29 12:17:28.660 pid=11339 [generation-start] id=4 config=Qwen3.5 2B model=Qwen3.5-2B-UD-Q8_K_XL.gguf promptLen=1051 mediaCount=0
  javaUsed=2.8MB javaTotal=10.5MB javaMax=256.0MB nativeHeap=362.4MB nativeHeapFree=8.2MB nativeHeapSize=374.7MB
  pssTotal=2.9GB privateDirty=172.1MB sharedDirty=52.0MB nativePss=166.1MB dalvikPss=1.5MB otherPss=2.7GB
  systemAvail=14.1GB systemThreshold=216.0MB lowMemory=false trimLevel=0 importance=125 fdCount=152
  procStatus VmRSS=3150064 kB VmHWM=3156384 kB VmSize=20172608 kB VmSwap=2204 kB Threads=29 FDSize=256
2026-05-29 12:17:28.790 pid=11339 [generation-stage] id=4 stage=native-call-start
2026-05-29 12:18:09.331 pid=11339 [generation-stage] id=4 stage=native-call-end resultLen=57
2026-05-29 12:18:09.332 pid=11339 [generation-end] id=4 resultLen=57
  javaUsed=3.0MB javaTotal=10.5MB javaMax=256.0MB nativeHeap=363.5MB nativeHeapFree=8.2MB nativeHeapSize=375.8MB
  pssTotal=2.8GB privateDirty=144.6MB sharedDirty=52.0MB nativePss=138.4MB dalvikPss=1.6MB otherPss=2.7GB
  systemAvail=14.2GB systemThreshold=216.0MB lowMemory=false trimLevel=0 importance=125 fdCount=152
  procStatus VmRSS=3121816 kB VmHWM=3156976 kB VmSize=20172608 kB VmSwap=2204 kB Threads=29 FDSize=256
2026-05-29 12:18:09.943 pid=11339 [model-load] Loading configuration: Qwen3.5 2B MTP
2026-05-29 12:18:10.181 pid=11339 [runtime-memory] Before model load model=Qwen3.5-2B-Q8_0.gguf
  javaUsed=2.6MB javaTotal=10.5MB javaMax=256.0MB nativeHeap=14.6MB nativeHeapFree=49.4MB nativeHeapSize=67.9MB
  pssTotal=28.4MB privateDirty=19.8MB sharedDirty=52.0MB nativePss=14.0MB dalvikPss=1.3MB otherPss=13.1MB
  systemAvail=14.3GB systemThreshold=216.0MB lowMemory=false trimLevel=0 importance=125 fdCount=152
  procStatus VmRSS=179720 kB VmHWM=3156976 kB VmSize=17146388 kB VmSwap=2204 kB Threads=29 FDSize=256
2026-05-29 12:18:10.231 pid=11339 [runtime-memory] After model load cleanup model=Qwen3.5-2B-Q8_0.gguf
  javaUsed=2.5MB javaTotal=10.5MB javaMax=256.0MB nativeHeap=14.6MB nativeHeapFree=49.4MB nativeHeapSize=67.9MB
  pssTotal=28.4MB privateDirty=19.9MB sharedDirty=52.0MB nativePss=14.1MB dalvikPss=1.3MB otherPss=13.1MB
  systemAvail=14.3GB systemThreshold=216.0MB lowMemory=false trimLevel=0 importance=125 fdCount=152
  procStatus VmRSS=179764 kB VmHWM=3156976 kB VmSize=17146388 kB VmSwap=2204 kB Threads=29 FDSize=256
2026-05-29 12:18:11.079 pid=11339 [model-load-complete] config=Qwen3.5 2B MTP model=Qwen3.5-2B-Q8_0.gguf mmproj=(none)
  javaUsed=2.6MB javaTotal=10.5MB javaMax=256.0MB nativeHeap=362.3MB nativeHeapFree=8.2MB nativeHeapSize=374.7MB
  pssTotal=2.1GB privateDirty=171.9MB sharedDirty=52.0MB nativePss=166.0MB dalvikPss=1.3MB otherPss=1.9GB
  systemAvail=14.1GB systemThreshold=216.0MB lowMemory=false trimLevel=0 importance=125 fdCount=152
  procStatus VmRSS=2352584 kB VmHWM=3156976 kB VmSize=19375304 kB VmSwap=2204 kB Threads=29 FDSize=256
2026-05-29 12:18:11.169 pid=11339 [generation-start] id=5 config=Qwen3.5 2B MTP model=Qwen3.5-2B-Q8_0.gguf promptLen=1045 mediaCount=0
  javaUsed=2.8MB javaTotal=10.5MB javaMax=256.0MB nativeHeap=362.4MB nativeHeapFree=8.2MB nativeHeapSize=374.7MB
  pssTotal=2.1GB privateDirty=172.1MB sharedDirty=52.0MB nativePss=166.1MB dalvikPss=1.5MB otherPss=1.9GB
  systemAvail=14.1GB systemThreshold=216.0MB lowMemory=false trimLevel=0 importance=125 fdCount=152
  procStatus VmRSS=2352840 kB VmHWM=3156976 kB VmSize=19375304 kB VmSwap=2204 kB Threads=29 FDSize=256
2026-05-29 12:18:11.256 pid=11339 [generation-stage] id=5 stage=native-call-start
2026-05-29 12:18:43.762 pid=11339 [generation-stage] id=5 stage=native-call-end resultLen=56
2026-05-29 12:18:43.763 pid=11339 [generation-end] id=5 resultLen=56
  javaUsed=3.0MB javaTotal=10.5MB javaMax=256.0MB nativeHeap=363.5MB nativeHeapFree=8.2MB nativeHeapSize=375.8MB
  pssTotal=2.1GB privateDirty=144.5MB sharedDirty=52.0MB nativePss=138.3MB dalvikPss=1.6MB otherPss=1.9GB
  systemAvail=14.2GB systemThreshold=216.0MB lowMemory=false trimLevel=0 importance=125 fdCount=152
  procStatus VmRSS=2324660 kB VmHWM=3156976 kB VmSize=19375304 kB VmSwap=2204 kB Threads=29 FDSize=256
2026-05-29 12:18:44.332 pid=11339 [model-load] Loading configuration: Qwen3.5 2B
2026-05-29 12:18:44.520 pid=11339 [runtime-memory] Before model load model=Qwen3.5-2B-UD-Q8_K_XL.gguf
  javaUsed=3.3MB javaTotal=10.5MB javaMax=256.0MB nativeHeap=14.6MB nativeHeapFree=49.4MB nativeHeapSize=67.9MB
  pssTotal=29.0MB privateDirty=20.5MB sharedDirty=52.0MB nativePss=14.1MB dalvikPss=1.8MB otherPss=13.1MB
  systemAvail=14.3GB systemThreshold=216.0MB lowMemory=false trimLevel=0 importance=125 fdCount=152
  procStatus VmRSS=180368 kB VmHWM=3156976 kB VmSize=17146388 kB VmSwap=2204 kB Threads=29 FDSize=256
2026-05-29 12:18:44.560 pid=11339 [runtime-memory] After model load cleanup model=Qwen3.5-2B-UD-Q8_K_XL.gguf
  javaUsed=2.5MB javaTotal=10.5MB javaMax=256.0MB nativeHeap=14.6MB nativeHeapFree=49.4MB nativeHeapSize=67.9MB
  pssTotal=28.5MB privateDirty=20.0MB sharedDirty=52.0MB nativePss=14.2MB dalvikPss=1.3MB otherPss=13.1MB
  systemAvail=14.3GB systemThreshold=216.0MB lowMemory=false trimLevel=0 importance=125 fdCount=152
  procStatus VmRSS=179836 kB VmHWM=3156976 kB VmSize=17146388 kB VmSwap=2204 kB Threads=29 FDSize=256
2026-05-29 12:18:45.376 pid=11339 [model-load-complete] config=Qwen3.5 2B model=Qwen3.5-2B-UD-Q8_K_XL.gguf mmproj=(none)
  javaUsed=2.7MB javaTotal=10.5MB javaMax=256.0MB nativeHeap=362.3MB nativeHeapFree=8.2MB nativeHeapSize=374.7MB
  pssTotal=2.9GB privateDirty=171.9MB sharedDirty=52.0MB nativePss=166.0MB dalvikPss=1.3MB otherPss=2.7GB
  systemAvail=14.2GB systemThreshold=216.0MB lowMemory=false trimLevel=0 importance=125 fdCount=152
  procStatus VmRSS=3149960 kB VmHWM=3156976 kB VmSize=20172608 kB VmSwap=2204 kB Threads=29 FDSize=256
2026-05-29 12:18:45.482 pid=11339 [generation-start] id=6 config=Qwen3.5 2B model=Qwen3.5-2B-UD-Q8_K_XL.gguf promptLen=1054 mediaCount=0
  javaUsed=2.9MB javaTotal=10.5MB javaMax=256.0MB nativeHeap=362.4MB nativeHeapFree=8.2MB nativeHeapSize=374.7MB
  pssTotal=2.9GB privateDirty=172.1MB sharedDirty=52.0MB nativePss=166.1MB dalvikPss=1.5MB otherPss=2.7GB
  systemAvail=14.2GB systemThreshold=216.0MB lowMemory=false trimLevel=0 importance=125 fdCount=152
  procStatus VmRSS=3150088 kB VmHWM=3156976 kB VmSize=20172608 kB VmSwap=2204 kB Threads=29 FDSize=256
2026-05-29 12:18:45.582 pid=11339 [generation-stage] id=6 stage=native-call-start
2026-05-29 12:19:22.899 pid=11339 [generation-stage] id=6 stage=native-call-end resultLen=50
2026-05-29 12:19:22.899 pid=11339 [generation-end] id=6 resultLen=50
  javaUsed=3.0MB javaTotal=10.5MB javaMax=256.0MB nativeHeap=363.5MB nativeHeapFree=8.2MB nativeHeapSize=375.8MB
  pssTotal=2.8GB privateDirty=144.6MB sharedDirty=52.0MB nativePss=138.4MB dalvikPss=1.6MB otherPss=2.7GB
  systemAvail=14.2GB systemThreshold=216.0MB lowMemory=false trimLevel=0 importance=125 fdCount=152
  procStatus VmRSS=3122032 kB VmHWM=3157000 kB VmSize=20172608 kB VmSwap=2204 kB Threads=29 FDSize=256
2026-05-29 12:19:23.492 pid=11339 [model-load] Loading configuration: Qwen3.5 2B MTP
2026-05-29 12:19:23.736 pid=11339 [runtime-memory] Before model load model=Qwen3.5-2B-Q8_0.gguf
  javaUsed=3.3MB javaTotal=10.5MB javaMax=256.0MB nativeHeap=14.6MB nativeHeapFree=49.4MB nativeHeapSize=67.9MB
  pssTotal=29.0MB privateDirty=20.5MB sharedDirty=52.0MB nativePss=14.2MB dalvikPss=1.8MB otherPss=13.1MB
  systemAvail=14.3GB systemThreshold=216.0MB lowMemory=false trimLevel=0 importance=125 fdCount=152
  procStatus VmRSS=180284 kB VmHWM=3157000 kB VmSize=17146388 kB VmSwap=2204 kB Threads=29 FDSize=256
2026-05-29 12:19:23.786 pid=11339 [runtime-memory] After model load cleanup model=Qwen3.5-2B-Q8_0.gguf
  javaUsed=2.5MB javaTotal=10.5MB javaMax=256.0MB nativeHeap=14.6MB nativeHeapFree=49.4MB nativeHeapSize=67.9MB
  pssTotal=28.6MB privateDirty=20.0MB sharedDirty=52.0MB nativePss=14.2MB dalvikPss=1.3MB otherPss=13.1MB
  systemAvail=14.3GB systemThreshold=216.0MB lowMemory=false trimLevel=0 importance=125 fdCount=152
  procStatus VmRSS=179820 kB VmHWM=3157000 kB VmSize=17146388 kB VmSwap=2204 kB Threads=29 FDSize=256
2026-05-29 12:19:24.658 pid=11339 [model-load-complete] config=Qwen3.5 2B MTP model=Qwen3.5-2B-Q8_0.gguf mmproj=(none)
  javaUsed=2.6MB javaTotal=10.5MB javaMax=256.0MB nativeHeap=362.3MB nativeHeapFree=8.2MB nativeHeapSize=374.7MB
  pssTotal=2.1GB privateDirty=171.9MB sharedDirty=52.0MB nativePss=166.0MB dalvikPss=1.3MB otherPss=1.9GB
  systemAvail=14.1GB systemThreshold=216.0MB lowMemory=false trimLevel=0 importance=125 fdCount=152
  procStatus VmRSS=2352512 kB VmHWM=3157000 kB VmSize=19375304 kB VmSwap=2204 kB Threads=29 FDSize=256
2026-05-29 12:19:24.751 pid=11339 [generation-start] id=7 config=Qwen3.5 2B MTP model=Qwen3.5-2B-Q8_0.gguf promptLen=1048 mediaCount=0
  javaUsed=2.8MB javaTotal=10.5MB javaMax=256.0MB nativeHeap=362.4MB nativeHeapFree=8.2MB nativeHeapSize=374.7MB
  pssTotal=2.1GB privateDirty=172.1MB sharedDirty=52.0MB nativePss=166.1MB dalvikPss=1.5MB otherPss=1.9GB
  systemAvail=14.1GB systemThreshold=216.0MB lowMemory=false trimLevel=0 importance=125 fdCount=152
  procStatus VmRSS=2352768 kB VmHWM=3157000 kB VmSize=19375304 kB VmSwap=2204 kB Threads=29 FDSize=256
2026-05-29 12:19:24.840 pid=11339 [generation-stage] id=7 stage=native-call-start
2026-05-29 12:19:54.051 pid=11339 [generation-stage] id=7 stage=native-call-end resultLen=47
2026-05-29 12:19:54.051 pid=11339 [generation-end] id=7 resultLen=47
  javaUsed=3.0MB javaTotal=10.5MB javaMax=256.0MB nativeHeap=363.5MB nativeHeapFree=8.2MB nativeHeapSize=375.8MB
  pssTotal=2.1GB privateDirty=144.5MB sharedDirty=52.0MB nativePss=138.3MB dalvikPss=1.6MB otherPss=1.9GB
  systemAvail=14.2GB systemThreshold=216.0MB lowMemory=false trimLevel=0 importance=125 fdCount=152
  procStatus VmRSS=2324516 kB VmHWM=3157000 kB VmSize=19375304 kB VmSwap=2204 kB Threads=29 FDSize=256
2026-05-29 12:19:54.615 pid=11339 [model-load] Loading configuration: Qwen3.5 2B
2026-05-29 12:19:54.821 pid=11339 [runtime-memory] Before model load model=Qwen3.5-2B-UD-Q8_K_XL.gguf
  javaUsed=3.3MB javaTotal=10.5MB javaMax=256.0MB nativeHeap=14.6MB nativeHeapFree=49.4MB nativeHeapSize=67.9MB
  pssTotal=29.0MB privateDirty=20.5MB sharedDirty=52.0MB nativePss=14.1MB dalvikPss=1.8MB otherPss=13.1MB
  systemAvail=14.3GB systemThreshold=216.0MB lowMemory=false trimLevel=0 importance=125 fdCount=152
  procStatus VmRSS=180216 kB VmHWM=3157000 kB VmSize=17146388 kB VmSwap=2204 kB Threads=29 FDSize=256
2026-05-29 12:19:54.864 pid=11339 [runtime-memory] After model load cleanup model=Qwen3.5-2B-UD-Q8_K_XL.gguf
  javaUsed=2.5MB javaTotal=10.5MB javaMax=256.0MB nativeHeap=14.6MB nativeHeapFree=49.4MB nativeHeapSize=67.9MB
  pssTotal=28.5MB privateDirty=20.0MB sharedDirty=52.0MB nativePss=14.2MB dalvikPss=1.3MB otherPss=13.1MB
  systemAvail=14.3GB systemThreshold=216.0MB lowMemory=false trimLevel=0 importance=125 fdCount=152
  procStatus VmRSS=179788 kB VmHWM=3157000 kB VmSize=17146388 kB VmSwap=2204 kB Threads=29 FDSize=256
2026-05-29 12:19:55.729 pid=11339 [model-load-complete] config=Qwen3.5 2B model=Qwen3.5-2B-UD-Q8_K_XL.gguf mmproj=(none)
  javaUsed=2.6MB javaTotal=10.5MB javaMax=256.0MB nativeHeap=362.3MB nativeHeapFree=8.2MB nativeHeapSize=374.7MB
  pssTotal=2.9GB privateDirty=171.9MB sharedDirty=52.0MB nativePss=166.0MB dalvikPss=1.3MB otherPss=2.7GB
  systemAvail=14.2GB systemThreshold=216.0MB lowMemory=false trimLevel=0 importance=125 fdCount=152
  procStatus VmRSS=3149784 kB VmHWM=3157000 kB VmSize=20172608 kB VmSwap=2204 kB Threads=29 FDSize=256
2026-05-29 12:19:55.830 pid=11339 [generation-start] id=8 config=Qwen3.5 2B model=Qwen3.5-2B-UD-Q8_K_XL.gguf promptLen=1057 mediaCount=0
  javaUsed=2.8MB javaTotal=10.5MB javaMax=256.0MB nativeHeap=362.4MB nativeHeapFree=8.2MB nativeHeapSize=374.7MB
  pssTotal=2.9GB privateDirty=172.1MB sharedDirty=52.0MB nativePss=166.1MB dalvikPss=1.5MB otherPss=2.7GB
  systemAvail=14.2GB systemThreshold=216.0MB lowMemory=false trimLevel=0 importance=125 fdCount=152
  procStatus VmRSS=3150040 kB VmHWM=3157000 kB VmSize=20172608 kB VmSwap=2204 kB Threads=29 FDSize=256
2026-05-29 12:19:55.930 pid=11339 [generation-stage] id=8 stage=native-call-start
2026-05-29 12:20:39.784 pid=11339 [generation-stage] id=8 stage=native-call-end resultLen=145
2026-05-29 12:20:39.785 pid=11339 [generation-end] id=8 resultLen=145
  javaUsed=3.0MB javaTotal=10.5MB javaMax=256.0MB nativeHeap=363.5MB nativeHeapFree=8.2MB nativeHeapSize=375.8MB
  pssTotal=2.8GB privateDirty=144.6MB sharedDirty=52.0MB nativePss=138.4MB dalvikPss=1.6MB otherPss=2.7GB
  systemAvail=14.1GB systemThreshold=216.0MB lowMemory=false trimLevel=0 importance=125 fdCount=152
  procStatus VmRSS=3121904 kB VmHWM=3157072 kB VmSize=20172608 kB VmSwap=2204 kB Threads=29 FDSize=256
2026-05-29 12:20:40.473 pid=11339 [model-load] Loading configuration: Qwen3.5 2B MTP
2026-05-29 12:20:40.710 pid=11339 [runtime-memory] Before model load model=Qwen3.5-2B-Q8_0.gguf
  javaUsed=3.3MB javaTotal=10.5MB javaMax=256.0MB nativeHeap=14.6MB nativeHeapFree=49.4MB nativeHeapSize=67.9MB
  pssTotal=29.0MB privateDirty=20.5MB sharedDirty=52.0MB nativePss=14.1MB dalvikPss=1.8MB otherPss=13.1MB
  systemAvail=14.3GB systemThreshold=216.0MB lowMemory=false trimLevel=0 importance=125 fdCount=152
  procStatus VmRSS=180188 kB VmHWM=3157072 kB VmSize=17146388 kB VmSwap=2204 kB Threads=29 FDSize=256
2026-05-29 12:20:40.761 pid=11339 [runtime-memory] After model load cleanup model=Qwen3.5-2B-Q8_0.gguf
  javaUsed=2.5MB javaTotal=10.5MB javaMax=256.0MB nativeHeap=14.6MB nativeHeapFree=49.4MB nativeHeapSize=67.9MB
  pssTotal=28.6MB privateDirty=20.1MB sharedDirty=52.0MB nativePss=14.2MB dalvikPss=1.3MB otherPss=13.1MB
  systemAvail=14.3GB systemThreshold=216.0MB lowMemory=false trimLevel=0 importance=125 fdCount=152
  procStatus VmRSS=179828 kB VmHWM=3157072 kB VmSize=17146388 kB VmSwap=2204 kB Threads=29 FDSize=256
2026-05-29 12:20:41.605 pid=11339 [model-load-complete] config=Qwen3.5 2B MTP model=Qwen3.5-2B-Q8_0.gguf mmproj=(none)
  javaUsed=2.6MB javaTotal=10.5MB javaMax=256.0MB nativeHeap=362.3MB nativeHeapFree=8.2MB nativeHeapSize=374.7MB
  pssTotal=2.1GB privateDirty=171.9MB sharedDirty=52.0MB nativePss=166.1MB dalvikPss=1.3MB otherPss=1.9GB
  systemAvail=14.1GB systemThreshold=216.0MB lowMemory=false trimLevel=0 importance=125 fdCount=152
  procStatus VmRSS=2352648 kB VmHWM=3157072 kB VmSize=19375304 kB VmSwap=2204 kB Threads=29 FDSize=256
2026-05-29 12:20:41.695 pid=11339 [generation-start] id=9 config=Qwen3.5 2B MTP model=Qwen3.5-2B-Q8_0.gguf promptLen=1045 mediaCount=0
  javaUsed=2.8MB javaTotal=10.5MB javaMax=256.0MB nativeHeap=362.4MB nativeHeapFree=8.2MB nativeHeapSize=374.7MB
  pssTotal=2.1GB privateDirty=172.1MB sharedDirty=52.0MB nativePss=166.1MB dalvikPss=1.5MB otherPss=1.9GB
  systemAvail=14.1GB systemThreshold=216.0MB lowMemory=false trimLevel=0 importance=125 fdCount=152
  procStatus VmRSS=2352668 kB VmHWM=3157072 kB VmSize=19375304 kB VmSwap=2204 kB Threads=29 FDSize=256
2026-05-29 12:20:41.786 pid=11339 [generation-stage] id=9 stage=native-call-start
2026-05-29 12:21:13.199 pid=11339 [generation-stage] id=9 stage=native-call-end resultLen=37
2026-05-29 12:21:13.200 pid=11339 [generation-end] id=9 resultLen=37
  javaUsed=2.7MB javaTotal=10.5MB javaMax=256.0MB nativeHeap=363.5MB nativeHeapFree=8.2MB nativeHeapSize=375.8MB
  pssTotal=2.1GB privateDirty=144.2MB sharedDirty=52.0MB nativePss=138.3MB dalvikPss=1.4MB otherPss=1.9GB
  systemAvail=14.2GB systemThreshold=216.0MB lowMemory=false trimLevel=0 importance=125 fdCount=152
  procStatus VmRSS=2324404 kB VmHWM=3157072 kB VmSize=19375304 kB VmSwap=2204 kB Threads=29 FDSize=256
2026-05-29 12:21:13.983 pid=11339 [model-load] Loading configuration: Qwen3.5 2B
2026-05-29 12:21:14.184 pid=11339 [runtime-memory] Before model load model=Qwen3.5-2B-UD-Q8_K_XL.gguf
  javaUsed=3.0MB javaTotal=10.5MB javaMax=256.0MB nativeHeap=14.6MB nativeHeapFree=49.4MB nativeHeapSize=67.9MB
  pssTotal=28.8MB privateDirty=20.3MB sharedDirty=52.0MB nativePss=14.2MB dalvikPss=1.6MB otherPss=13.1MB
  systemAvail=14.3GB systemThreshold=216.0MB lowMemory=false trimLevel=0 importance=125 fdCount=152
  procStatus VmRSS=180148 kB VmHWM=3157072 kB VmSize=17146388 kB VmSwap=2204 kB Threads=29 FDSize=256
2026-05-29 12:21:14.230 pid=11339 [runtime-memory] After model load cleanup model=Qwen3.5-2B-UD-Q8_K_XL.gguf
  javaUsed=2.5MB javaTotal=10.5MB javaMax=256.0MB nativeHeap=14.6MB nativeHeapFree=49.4MB nativeHeapSize=67.9MB
  pssTotal=28.6MB privateDirty=20.0MB sharedDirty=52.0MB nativePss=14.2MB dalvikPss=1.3MB otherPss=13.1MB
  systemAvail=14.3GB systemThreshold=216.0MB lowMemory=false trimLevel=0 importance=125 fdCount=152
  procStatus VmRSS=179884 kB VmHWM=3157072 kB VmSize=17146388 kB VmSwap=2204 kB Threads=29 FDSize=256
2026-05-29 12:21:15.122 pid=11339 [model-load-complete] config=Qwen3.5 2B model=Qwen3.5-2B-UD-Q8_K_XL.gguf mmproj=(none)
  javaUsed=2.6MB javaTotal=10.5MB javaMax=256.0MB nativeHeap=362.3MB nativeHeapFree=8.2MB nativeHeapSize=374.7MB
  pssTotal=2.9GB privateDirty=171.9MB sharedDirty=52.0MB nativePss=166.0MB dalvikPss=1.3MB otherPss=2.7GB
  systemAvail=14.2GB systemThreshold=216.0MB lowMemory=false trimLevel=0 importance=125 fdCount=152
  procStatus VmRSS=3150008 kB VmHWM=3157072 kB VmSize=20172608 kB VmSwap=2204 kB Threads=29 FDSize=256
2026-05-29 12:21:15.224 pid=11339 [generation-start] id=10 config=Qwen3.5 2B model=Qwen3.5-2B-UD-Q8_K_XL.gguf promptLen=1051 mediaCount=0
  javaUsed=2.8MB javaTotal=10.5MB javaMax=256.0MB nativeHeap=362.4MB nativeHeapFree=8.2MB nativeHeapSize=374.7MB
  pssTotal=2.9GB privateDirty=172.1MB sharedDirty=52.0MB nativePss=166.1MB dalvikPss=1.5MB otherPss=2.7GB
  systemAvail=14.2GB systemThreshold=216.0MB lowMemory=false trimLevel=0 importance=125 fdCount=152
  procStatus VmRSS=3150136 kB VmHWM=3157072 kB VmSize=20172608 kB VmSwap=2204 kB Threads=29 FDSize=256
2026-05-29 12:21:15.329 pid=11339 [generation-stage] id=10 stage=native-call-start
2026-05-29 12:21:55.570 pid=11339 [generation-stage] id=10 stage=native-call-end resultLen=157
2026-05-29 12:21:55.571 pid=11339 [generation-end] id=10 resultLen=157
  javaUsed=3.0MB javaTotal=10.5MB javaMax=256.0MB nativeHeap=363.5MB nativeHeapFree=8.2MB nativeHeapSize=375.8MB
  pssTotal=2.8GB privateDirty=144.6MB sharedDirty=52.0MB nativePss=138.4MB dalvikPss=1.6MB otherPss=2.7GB
  systemAvail=14.2GB systemThreshold=216.0MB lowMemory=false trimLevel=0 importance=125 fdCount=152
  procStatus VmRSS=3122972 kB VmHWM=3157072 kB VmSize=20172992 kB VmSwap=2204 kB Threads=29 FDSize=256
2026-05-29 12:21:56.184 pid=11339 [model-load] Loading configuration: Qwen3.5 2B MTP
2026-05-29 12:21:56.472 pid=11339 [runtime-memory] Before model load model=Qwen3.5-2B-Q8_0.gguf
  javaUsed=3.3MB javaTotal=10.5MB javaMax=256.0MB nativeHeap=14.6MB nativeHeapFree=49.3MB nativeHeapSize=67.9MB
  pssTotal=29.1MB privateDirty=20.5MB sharedDirty=52.1MB nativePss=14.2MB dalvikPss=1.8MB otherPss=13.1MB
  systemAvail=14.3GB systemThreshold=216.0MB lowMemory=false trimLevel=0 importance=125 fdCount=152
  procStatus VmRSS=181428 kB VmHWM=3157072 kB VmSize=17146772 kB VmSwap=2204 kB Threads=29 FDSize=256
2026-05-29 12:21:56.528 pid=11339 [runtime-memory] After model load cleanup model=Qwen3.5-2B-Q8_0.gguf
  javaUsed=2.5MB javaTotal=10.5MB javaMax=256.0MB nativeHeap=14.6MB nativeHeapFree=49.4MB nativeHeapSize=67.9MB
  pssTotal=28.6MB privateDirty=20.1MB sharedDirty=52.1MB nativePss=14.3MB dalvikPss=1.3MB otherPss=13.1MB
  systemAvail=14.3GB systemThreshold=216.0MB lowMemory=false trimLevel=0 importance=125 fdCount=152
  procStatus VmRSS=180912 kB VmHWM=3157072 kB VmSize=17146772 kB VmSwap=2204 kB Threads=29 FDSize=256
2026-05-29 12:21:57.569 pid=11339 [model-load-complete] config=Qwen3.5 2B MTP model=Qwen3.5-2B-Q8_0.gguf mmproj=(none)
  javaUsed=2.6MB javaTotal=10.5MB javaMax=256.0MB nativeHeap=362.4MB nativeHeapFree=8.2MB nativeHeapSize=374.7MB
  pssTotal=2.1GB privateDirty=171.9MB sharedDirty=52.1MB nativePss=166.1MB dalvikPss=1.3MB otherPss=1.9GB
  systemAvail=14.2GB systemThreshold=216.0MB lowMemory=false trimLevel=0 importance=125 fdCount=152
  procStatus VmRSS=2353732 kB VmHWM=3157072 kB VmSize=19375688 kB VmSwap=2204 kB Threads=29 FDSize=256
2026-05-29 12:21:57.680 pid=11339 [generation-start] id=11 config=Qwen3.5 2B MTP model=Qwen3.5-2B-Q8_0.gguf promptLen=1054 mediaCount=0
  javaUsed=2.8MB javaTotal=10.5MB javaMax=256.0MB nativeHeap=362.4MB nativeHeapFree=8.2MB nativeHeapSize=374.7MB
  pssTotal=2.1GB privateDirty=172.1MB sharedDirty=52.1MB nativePss=166.1MB dalvikPss=1.5MB otherPss=1.9GB
  systemAvail=14.2GB systemThreshold=216.0MB lowMemory=false trimLevel=0 importance=125 fdCount=152
  procStatus VmRSS=2353988 kB VmHWM=3157072 kB VmSize=19375688 kB VmSwap=2204 kB Threads=29 FDSize=256
2026-05-29 12:21:57.797 pid=11339 [generation-stage] id=11 stage=native-call-start
2026-05-29 12:22:35.946 pid=11339 [generation-stage] id=11 stage=native-call-end resultLen=148
2026-05-29 12:22:35.947 pid=11339 [generation-end] id=11 resultLen=148
  javaUsed=3.0MB javaTotal=10.5MB javaMax=256.0MB nativeHeap=363.5MB nativeHeapFree=8.2MB nativeHeapSize=375.8MB
  pssTotal=2.1GB privateDirty=144.5MB sharedDirty=52.1MB nativePss=138.4MB dalvikPss=1.6MB otherPss=1.9GB
  systemAvail=14.1GB systemThreshold=216.0MB lowMemory=false trimLevel=0 importance=125 fdCount=152
  procStatus VmRSS=2327344 kB VmHWM=3157072 kB VmSize=19375688 kB VmSwap=2204 kB Threads=29 FDSize=256
2026-05-29 12:22:36.550 pid=11339 [model-load] Loading configuration: Qwen3.5 2B
2026-05-29 12:22:36.806 pid=11339 [runtime-memory] Before model load model=Qwen3.5-2B-UD-Q8_K_XL.gguf
  javaUsed=2.8MB javaTotal=10.5MB javaMax=256.0MB nativeHeap=14.6MB nativeHeapFree=49.4MB nativeHeapSize=67.9MB
  pssTotal=30.7MB privateDirty=22.1MB sharedDirty=52.1MB nativePss=14.2MB dalvikPss=3.5MB otherPss=13.1MB
  systemAvail=14.3GB systemThreshold=216.0MB lowMemory=false trimLevel=0 importance=125 fdCount=152
  procStatus VmRSS=182920 kB VmHWM=3157072 kB VmSize=17146772 kB VmSwap=2204 kB Threads=29 FDSize=256
2026-05-29 12:22:36.870 pid=11339 [runtime-memory] After model load cleanup model=Qwen3.5-2B-UD-Q8_K_XL.gguf
  javaUsed=2.5MB javaTotal=10.5MB javaMax=256.0MB nativeHeap=14.6MB nativeHeapFree=49.4MB nativeHeapSize=67.9MB
  pssTotal=28.6MB privateDirty=20.0MB sharedDirty=52.1MB nativePss=14.3MB dalvikPss=1.3MB otherPss=13.1MB
  systemAvail=14.3GB systemThreshold=216.0MB lowMemory=false trimLevel=0 importance=125 fdCount=152
  procStatus VmRSS=180780 kB VmHWM=3157072 kB VmSize=17146772 kB VmSwap=2204 kB Threads=29 FDSize=256
2026-05-29 12:22:38.020 pid=11339 [model-load-complete] config=Qwen3.5 2B model=Qwen3.5-2B-UD-Q8_K_XL.gguf mmproj=(none)
  javaUsed=2.6MB javaTotal=10.5MB javaMax=256.0MB nativeHeap=362.4MB nativeHeapFree=8.2MB nativeHeapSize=374.7MB
  pssTotal=2.9GB privateDirty=171.9MB sharedDirty=52.1MB nativePss=166.0MB dalvikPss=1.3MB otherPss=2.7GB
  systemAvail=14.1GB systemThreshold=216.0MB lowMemory=false trimLevel=0 importance=125 fdCount=152
  procStatus VmRSS=3150772 kB VmHWM=3157072 kB VmSize=20172992 kB VmSwap=2204 kB Threads=29 FDSize=256
2026-05-29 12:22:38.165 pid=11339 [generation-start] id=12 config=Qwen3.5 2B model=Qwen3.5-2B-UD-Q8_K_XL.gguf promptLen=1051 mediaCount=0
  javaUsed=2.8MB javaTotal=10.5MB javaMax=256.0MB nativeHeap=362.4MB nativeHeapFree=8.2MB nativeHeapSize=374.7MB
  pssTotal=2.9GB privateDirty=172.1MB sharedDirty=52.1MB nativePss=166.1MB dalvikPss=1.5MB otherPss=2.7GB
  systemAvail=14.1GB systemThreshold=216.0MB lowMemory=false trimLevel=0 importance=125 fdCount=152
  procStatus VmRSS=3151028 kB VmHWM=3157072 kB VmSize=20172992 kB VmSwap=2204 kB Threads=29 FDSize=256
2026-05-29 12:22:38.304 pid=11339 [generation-stage] id=12 stage=native-call-start
2026-05-29 12:23:21.744 pid=11339 [generation-stage] id=12 stage=native-call-end resultLen=70
2026-05-29 12:23:21.745 pid=11339 [generation-end] id=12 resultLen=70
  javaUsed=3.0MB javaTotal=10.5MB javaMax=256.0MB nativeHeap=363.5MB nativeHeapFree=8.2MB nativeHeapSize=375.8MB
  pssTotal=2.8GB privateDirty=144.5MB sharedDirty=52.1MB nativePss=138.4MB dalvikPss=1.6MB otherPss=2.7GB
  systemAvail=14.2GB systemThreshold=216.0MB lowMemory=false trimLevel=0 importance=125 fdCount=152
  procStatus VmRSS=3122712 kB VmHWM=3157812 kB VmSize=20172992 kB VmSwap=2204 kB Threads=29 FDSize=256
2026-05-29 12:23:22.373 pid=11339 [model-load] Loading configuration: Qwen3.5 2B MTP
2026-05-29 12:23:22.678 pid=11339 [runtime-memory] Before model load model=Qwen3.5-2B-Q8_0.gguf
  javaUsed=3.3MB javaTotal=10.5MB javaMax=256.0MB nativeHeap=14.6MB nativeHeapFree=49.3MB nativeHeapSize=67.9MB
  pssTotal=29.1MB privateDirty=20.5MB sharedDirty=52.1MB nativePss=14.2MB dalvikPss=1.8MB otherPss=13.1MB
  systemAvail=14.3GB systemThreshold=216.0MB lowMemory=false trimLevel=0 importance=125 fdCount=152
  procStatus VmRSS=181116 kB VmHWM=3157812 kB VmSize=17146772 kB VmSwap=2204 kB Threads=29 FDSize=256
2026-05-29 12:23:22.717 pid=11339 [runtime-memory] After model load cleanup model=Qwen3.5-2B-Q8_0.gguf
  javaUsed=2.5MB javaTotal=10.5MB javaMax=256.0MB nativeHeap=14.6MB nativeHeapFree=49.4MB nativeHeapSize=67.9MB
  pssTotal=28.6MB privateDirty=20.1MB sharedDirty=52.1MB nativePss=14.3MB dalvikPss=1.3MB otherPss=13.1MB
  systemAvail=14.3GB systemThreshold=216.0MB lowMemory=false trimLevel=0 importance=125 fdCount=152
  procStatus VmRSS=180808 kB VmHWM=3157812 kB VmSize=17146772 kB VmSwap=2204 kB Threads=29 FDSize=256
2026-05-29 12:23:23.390 pid=11339 [model-load-complete] config=Qwen3.5 2B MTP model=Qwen3.5-2B-Q8_0.gguf mmproj=(none)
  javaUsed=2.6MB javaTotal=10.5MB javaMax=256.0MB nativeHeap=362.4MB nativeHeapFree=8.2MB nativeHeapSize=374.7MB
  pssTotal=2.1GB privateDirty=171.9MB sharedDirty=52.1MB nativePss=166.1MB dalvikPss=1.3MB otherPss=1.9GB
  systemAvail=14.2GB systemThreshold=216.0MB lowMemory=false trimLevel=0 importance=125 fdCount=152
  procStatus VmRSS=2353628 kB VmHWM=3157812 kB VmSize=19375688 kB VmSwap=2204 kB Threads=29 FDSize=256
2026-05-29 12:23:23.476 pid=11339 [generation-start] id=13 config=Qwen3.5 2B MTP model=Qwen3.5-2B-Q8_0.gguf promptLen=1048 mediaCount=0
  javaUsed=2.8MB javaTotal=10.5MB javaMax=256.0MB nativeHeap=362.4MB nativeHeapFree=8.2MB nativeHeapSize=374.7MB
  pssTotal=2.1GB privateDirty=172.1MB sharedDirty=52.1MB nativePss=166.1MB dalvikPss=1.5MB otherPss=1.9GB
  systemAvail=14.2GB systemThreshold=216.0MB lowMemory=false trimLevel=0 importance=125 fdCount=152
  procStatus VmRSS=2355704 kB VmHWM=3157812 kB VmSize=19375688 kB VmSwap=2204 kB Threads=29 FDSize=256
2026-05-29 12:23:23.582 pid=11339 [generation-stage] id=13 stage=native-call-start
2026-05-29 12:23:59.546 pid=11339 [generation-stage] id=13 stage=native-call-end resultLen=94
2026-05-29 12:23:59.546 pid=11339 [generation-end] id=13 resultLen=94
  javaUsed=2.7MB javaTotal=10.5MB javaMax=256.0MB nativeHeap=363.5MB nativeHeapFree=8.2MB nativeHeapSize=375.8MB
  pssTotal=2.1GB privateDirty=146.2MB sharedDirty=52.1MB nativePss=138.3MB dalvikPss=3.4MB otherPss=1.9GB
  systemAvail=14.2GB systemThreshold=216.0MB lowMemory=false trimLevel=0 importance=125 fdCount=152
  procStatus VmRSS=2327248 kB VmHWM=3157812 kB VmSize=19375688 kB VmSwap=2204 kB Threads=29 FDSize=256
2026-05-29 12:24:00.369 pid=11339 [model-load] Loading configuration: Qwen3.5 2B
2026-05-29 12:24:00.642 pid=11339 [runtime-memory] Before model load model=Qwen3.5-2B-UD-Q8_K_XL.gguf
  javaUsed=3.0MB javaTotal=10.5MB javaMax=256.0MB nativeHeap=14.6MB nativeHeapFree=49.4MB nativeHeapSize=67.9MB
  pssTotal=30.8MB privateDirty=22.3MB sharedDirty=52.1MB nativePss=14.2MB dalvikPss=3.6MB otherPss=13.1MB
  systemAvail=14.3GB systemThreshold=216.0MB lowMemory=false trimLevel=0 importance=125 fdCount=152
  procStatus VmRSS=182920 kB VmHWM=3157812 kB VmSize=17146772 kB VmSwap=2204 kB Threads=29 FDSize=256
2026-05-29 12:24:00.700 pid=11339 [runtime-memory] After model load cleanup model=Qwen3.5-2B-UD-Q8_K_XL.gguf
  javaUsed=2.5MB javaTotal=10.5MB javaMax=256.0MB nativeHeap=14.6MB nativeHeapFree=49.4MB nativeHeapSize=67.9MB
  pssTotal=28.6MB privateDirty=20.1MB sharedDirty=52.1MB nativePss=14.3MB dalvikPss=1.3MB otherPss=13.1MB
  systemAvail=14.3GB systemThreshold=216.0MB lowMemory=false trimLevel=0 importance=125 fdCount=152
  procStatus VmRSS=180612 kB VmHWM=3157812 kB VmSize=17146772 kB VmSwap=2204 kB Threads=29 FDSize=256
2026-05-29 12:24:01.798 pid=11339 [model-load-complete] config=Qwen3.5 2B model=Qwen3.5-2B-UD-Q8_K_XL.gguf mmproj=(none)
  javaUsed=2.7MB javaTotal=10.5MB javaMax=256.0MB nativeHeap=362.4MB nativeHeapFree=8.2MB nativeHeapSize=374.7MB
  pssTotal=2.9GB privateDirty=171.9MB sharedDirty=52.1MB nativePss=166.0MB dalvikPss=1.3MB otherPss=2.7GB
  systemAvail=14.1GB systemThreshold=216.0MB lowMemory=false trimLevel=0 importance=125 fdCount=152
  procStatus VmRSS=3150912 kB VmHWM=3157812 kB VmSize=20172992 kB VmSwap=2204 kB Threads=29 FDSize=256
2026-05-29 12:24:01.895 pid=11339 [generation-start] id=14 config=Qwen3.5 2B model=Qwen3.5-2B-UD-Q8_K_XL.gguf promptLen=1066 mediaCount=0
  javaUsed=2.9MB javaTotal=10.5MB javaMax=256.0MB nativeHeap=362.4MB nativeHeapFree=8.2MB nativeHeapSize=374.7MB
  pssTotal=2.9GB privateDirty=172.1MB sharedDirty=52.1MB nativePss=166.1MB dalvikPss=1.5MB otherPss=2.7GB
  systemAvail=14.1GB systemThreshold=216.0MB lowMemory=false trimLevel=0 importance=125 fdCount=152
  procStatus VmRSS=3151040 kB VmHWM=3157812 kB VmSize=20172992 kB VmSwap=2204 kB Threads=29 FDSize=256
2026-05-29 12:24:01.991 pid=11339 [generation-stage] id=14 stage=native-call-start
2026-05-29 12:24:45.539 pid=11339 [generation-stage] id=14 stage=native-call-end resultLen=58
2026-05-29 12:24:45.540 pid=11339 [generation-end] id=14 resultLen=58
  javaUsed=3.0MB javaTotal=10.5MB javaMax=256.0MB nativeHeap=363.5MB nativeHeapFree=8.2MB nativeHeapSize=375.8MB
  pssTotal=2.8GB privateDirty=144.6MB sharedDirty=52.1MB nativePss=138.4MB dalvikPss=1.6MB otherPss=2.7GB
  systemAvail=14.2GB systemThreshold=216.0MB lowMemory=false trimLevel=0 importance=125 fdCount=152
  procStatus VmRSS=3122696 kB VmHWM=3157824 kB VmSize=20172992 kB VmSwap=2204 kB Threads=29 FDSize=256
2026-05-29 12:24:46.384 pid=11339 [model-load] Loading configuration: Qwen3.5 2B MTP
2026-05-29 12:24:46.687 pid=11339 [runtime-memory] Before model load model=Qwen3.5-2B-Q8_0.gguf
  javaUsed=3.3MB javaTotal=10.5MB javaMax=256.0MB nativeHeap=14.6MB nativeHeapFree=49.3MB nativeHeapSize=67.9MB
  pssTotal=29.1MB privateDirty=20.6MB sharedDirty=52.1MB nativePss=14.2MB dalvikPss=1.8MB otherPss=13.1MB
  systemAvail=14.3GB systemThreshold=216.0MB lowMemory=false trimLevel=0 importance=125 fdCount=152
  procStatus VmRSS=181108 kB VmHWM=3157824 kB VmSize=17146772 kB VmSwap=2204 kB Threads=29 FDSize=256
2026-05-29 12:24:46.754 pid=11339 [runtime-memory] After model load cleanup model=Qwen3.5-2B-Q8_0.gguf
  javaUsed=2.5MB javaTotal=10.5MB javaMax=256.0MB nativeHeap=14.6MB nativeHeapFree=49.4MB nativeHeapSize=67.9MB
  pssTotal=28.7MB privateDirty=20.1MB sharedDirty=52.1MB nativePss=14.3MB dalvikPss=1.3MB otherPss=13.1MB
  systemAvail=14.3GB systemThreshold=216.0MB lowMemory=false trimLevel=0 importance=125 fdCount=152
  procStatus VmRSS=180672 kB VmHWM=3157824 kB VmSize=17146772 kB VmSwap=2204 kB Threads=29 FDSize=256
2026-05-29 12:24:47.803 pid=11339 [model-load-complete] config=Qwen3.5 2B MTP model=Qwen3.5-2B-Q8_0.gguf mmproj=(none)
  javaUsed=2.6MB javaTotal=10.5MB javaMax=256.0MB nativeHeap=362.4MB nativeHeapFree=8.2MB nativeHeapSize=374.7MB
  pssTotal=2.1GB privateDirty=171.9MB sharedDirty=52.1MB nativePss=166.0MB dalvikPss=1.3MB otherPss=1.9GB
  systemAvail=14.2GB systemThreshold=216.0MB lowMemory=false trimLevel=0 importance=125 fdCount=152
  procStatus VmRSS=2353364 kB VmHWM=3157824 kB VmSize=19375688 kB VmSwap=2204 kB Threads=29 FDSize=256
2026-05-29 12:24:47.922 pid=11339 [generation-start] id=15 config=Qwen3.5 2B MTP model=Qwen3.5-2B-Q8_0.gguf promptLen=1048 mediaCount=0
  javaUsed=2.8MB javaTotal=10.5MB javaMax=256.0MB nativeHeap=362.4MB nativeHeapFree=8.2MB nativeHeapSize=374.7MB
  pssTotal=2.1GB privateDirty=172.1MB sharedDirty=52.1MB nativePss=166.1MB dalvikPss=1.5MB otherPss=1.9GB
  systemAvail=14.2GB systemThreshold=216.0MB lowMemory=false trimLevel=0 importance=125 fdCount=152
  procStatus VmRSS=2353492 kB VmHWM=3157824 kB VmSize=19375688 kB VmSwap=2204 kB Threads=29 FDSize=256
2026-05-29 12:24:48.043 pid=11339 [generation-stage] id=15 stage=native-call-start
2026-05-29 12:25:20.664 pid=11339 [generation-stage] id=15 stage=native-call-end resultLen=42
2026-05-29 12:25:20.665 pid=11339 [generation-end] id=15 resultLen=42
  javaUsed=3.0MB javaTotal=10.5MB javaMax=256.0MB nativeHeap=363.5MB nativeHeapFree=8.2MB nativeHeapSize=375.8MB
  pssTotal=2.1GB privateDirty=144.5MB sharedDirty=52.1MB nativePss=138.3MB dalvikPss=1.6MB otherPss=1.9GB
  systemAvail=14.2GB systemThreshold=216.0MB lowMemory=false trimLevel=0 importance=125 fdCount=152
  procStatus VmRSS=2325600 kB VmHWM=3157824 kB VmSize=19375688 kB VmSwap=2204 kB Threads=29 FDSize=256
2026-05-29 12:25:21.262 pid=11339 [model-load] Loading configuration: Qwen3.5 2B
2026-05-29 12:25:21.515 pid=11339 [runtime-memory] Before model load model=Qwen3.5-2B-UD-Q8_K_XL.gguf
  javaUsed=3.3MB javaTotal=10.5MB javaMax=256.0MB nativeHeap=14.6MB nativeHeapFree=49.3MB nativeHeapSize=67.9MB
  pssTotal=29.1MB privateDirty=20.6MB sharedDirty=52.1MB nativePss=14.2MB dalvikPss=1.8MB otherPss=13.1MB
  systemAvail=14.3GB systemThreshold=216.0MB lowMemory=false trimLevel=0 importance=125 fdCount=152
  procStatus VmRSS=181336 kB VmHWM=3157824 kB VmSize=17146772 kB VmSwap=2204 kB Threads=29 FDSize=256
2026-05-29 12:25:21.567 pid=11339 [runtime-memory] After model load cleanup model=Qwen3.5-2B-UD-Q8_K_XL.gguf
  javaUsed=2.5MB javaTotal=10.5MB javaMax=256.0MB nativeHeap=14.6MB nativeHeapFree=49.4MB nativeHeapSize=67.9MB
  pssTotal=28.7MB privateDirty=20.1MB sharedDirty=52.1MB nativePss=14.3MB dalvikPss=1.3MB otherPss=13.1MB
  systemAvail=14.3GB systemThreshold=216.0MB lowMemory=false trimLevel=0 importance=125 fdCount=152
  procStatus VmRSS=180892 kB VmHWM=3157824 kB VmSize=17146772 kB VmSwap=2204 kB Threads=29 FDSize=256
2026-05-29 12:25:22.663 pid=11339 [model-load-complete] config=Qwen3.5 2B model=Qwen3.5-2B-UD-Q8_K_XL.gguf mmproj=(none)
  javaUsed=2.6MB javaTotal=10.5MB javaMax=256.0MB nativeHeap=362.4MB nativeHeapFree=8.2MB nativeHeapSize=374.7MB
  pssTotal=2.9GB privateDirty=171.9MB sharedDirty=52.1MB nativePss=166.1MB dalvikPss=1.3MB otherPss=2.7GB
  systemAvail=14.1GB systemThreshold=216.0MB lowMemory=false trimLevel=0 importance=125 fdCount=152
  procStatus VmRSS=3150888 kB VmHWM=3157824 kB VmSize=20172992 kB VmSwap=2204 kB Threads=29 FDSize=256
2026-05-29 12:25:22.796 pid=11339 [generation-start] id=16 config=Qwen3.5 2B model=Qwen3.5-2B-UD-Q8_K_XL.gguf promptLen=1072 mediaCount=0
  javaUsed=2.8MB javaTotal=10.5MB javaMax=256.0MB nativeHeap=362.4MB nativeHeapFree=8.2MB nativeHeapSize=374.7MB
  pssTotal=2.9GB privateDirty=172.1MB sharedDirty=52.1MB nativePss=166.1MB dalvikPss=1.5MB otherPss=2.7GB
  systemAvail=14.1GB systemThreshold=216.0MB lowMemory=false trimLevel=0 importance=125 fdCount=152
  procStatus VmRSS=3151016 kB VmHWM=3157824 kB VmSize=20172992 kB VmSwap=2204 kB Threads=29 FDSize=256
2026-05-29 12:25:22.932 pid=11339 [generation-stage] id=16 stage=native-call-start
2026-05-29 12:26:12.275 pid=11339 [generation-stage] id=16 stage=native-call-end resultLen=168
2026-05-29 12:26:12.276 pid=11339 [generation-end] id=16 resultLen=168
  javaUsed=3.0MB javaTotal=10.5MB javaMax=256.0MB nativeHeap=363.5MB nativeHeapFree=8.2MB nativeHeapSize=375.8MB
  pssTotal=2.8GB privateDirty=144.6MB sharedDirty=52.1MB nativePss=138.4MB dalvikPss=1.6MB otherPss=2.7GB
  systemAvail=14.2GB systemThreshold=216.0MB lowMemory=false trimLevel=0 importance=125 fdCount=152
  procStatus VmRSS=3122744 kB VmHWM=3157928 kB VmSize=20172992 kB VmSwap=2204 kB Threads=29 FDSize=256
2026-05-29 12:26:12.909 pid=11339 [model-load] Loading configuration: Qwen3.5 2B MTP
2026-05-29 12:26:13.211 pid=11339 [runtime-memory] Before model load model=Qwen3.5-2B-Q8_0.gguf
  javaUsed=3.3MB javaTotal=10.5MB javaMax=256.0MB nativeHeap=14.6MB nativeHeapFree=49.3MB nativeHeapSize=67.9MB
  pssTotal=29.1MB privateDirty=20.6MB sharedDirty=52.1MB nativePss=14.2MB dalvikPss=1.8MB otherPss=13.1MB
  systemAvail=14.4GB systemThreshold=216.0MB lowMemory=false trimLevel=0 importance=125 fdCount=152
  procStatus VmRSS=181116 kB VmHWM=3157928 kB VmSize=17146772 kB VmSwap=2204 kB Threads=29 FDSize=256
2026-05-29 12:26:13.278 pid=11339 [runtime-memory] After model load cleanup model=Qwen3.5-2B-Q8_0.gguf
  javaUsed=2.5MB javaTotal=10.5MB javaMax=256.0MB nativeHeap=14.6MB nativeHeapFree=49.4MB nativeHeapSize=67.9MB
  pssTotal=28.7MB privateDirty=20.1MB sharedDirty=52.1MB nativePss=14.3MB dalvikPss=1.3MB otherPss=13.1MB
  systemAvail=14.3GB systemThreshold=216.0MB lowMemory=false trimLevel=0 importance=125 fdCount=152
  procStatus VmRSS=180692 kB VmHWM=3157928 kB VmSize=17146772 kB VmSwap=2204 kB Threads=29 FDSize=256
2026-05-29 12:26:14.336 pid=11339 [model-load-complete] config=Qwen3.5 2B MTP model=Qwen3.5-2B-Q8_0.gguf mmproj=(none)
  javaUsed=2.6MB javaTotal=10.5MB javaMax=256.0MB nativeHeap=362.4MB nativeHeapFree=8.2MB nativeHeapSize=374.7MB
  pssTotal=2.1GB privateDirty=171.9MB sharedDirty=52.1MB nativePss=166.1MB dalvikPss=1.3MB otherPss=1.9GB
  systemAvail=14.2GB systemThreshold=216.0MB lowMemory=false trimLevel=0 importance=125 fdCount=152
  procStatus VmRSS=2353384 kB VmHWM=3157928 kB VmSize=19375688 kB VmSwap=2204 kB Threads=29 FDSize=256
2026-05-29 12:26:14.454 pid=11339 [generation-start] id=17 config=Qwen3.5 2B MTP model=Qwen3.5-2B-Q8_0.gguf promptLen=1063 mediaCount=0
  javaUsed=2.8MB javaTotal=10.5MB javaMax=256.0MB nativeHeap=362.4MB nativeHeapFree=8.2MB nativeHeapSize=374.7MB
  pssTotal=2.1GB privateDirty=172.1MB sharedDirty=52.1MB nativePss=166.1MB dalvikPss=1.5MB otherPss=1.9GB
  systemAvail=14.2GB systemThreshold=216.0MB lowMemory=false trimLevel=0 importance=125 fdCount=152
  procStatus VmRSS=2353512 kB VmHWM=3157928 kB VmSize=19375688 kB VmSwap=2204 kB Threads=29 FDSize=256
2026-05-29 12:26:14.570 pid=11339 [generation-stage] id=17 stage=native-call-start
2026-05-29 12:26:48.987 pid=11339 [generation-stage] id=17 stage=native-call-end resultLen=47
2026-05-29 12:26:48.987 pid=11339 [generation-end] id=17 resultLen=47
  javaUsed=3.0MB javaTotal=10.5MB javaMax=256.0MB nativeHeap=363.5MB nativeHeapFree=8.2MB nativeHeapSize=375.8MB
  pssTotal=2.1GB privateDirty=144.5MB sharedDirty=52.1MB nativePss=138.4MB dalvikPss=1.6MB otherPss=1.9GB
  systemAvail=14.2GB systemThreshold=216.0MB lowMemory=false trimLevel=0 importance=125 fdCount=152
  procStatus VmRSS=2325264 kB VmHWM=3157928 kB VmSize=19375688 kB VmSwap=2204 kB Threads=29 FDSize=256
2026-05-29 12:26:49.691 pid=11339 [model-load] Loading configuration: Qwen3.5 2B
2026-05-29 12:26:49.891 pid=11339 [runtime-memory] Before model load model=Qwen3.5-2B-UD-Q8_K_XL.gguf
  javaUsed=3.3MB javaTotal=10.5MB javaMax=256.0MB nativeHeap=14.6MB nativeHeapFree=49.3MB nativeHeapSize=67.9MB
  pssTotal=29.1MB privateDirty=20.5MB sharedDirty=52.1MB nativePss=14.2MB dalvikPss=1.8MB otherPss=13.1MB
  systemAvail=14.3GB systemThreshold=216.0MB lowMemory=false trimLevel=0 importance=125 fdCount=152
  procStatus VmRSS=181072 kB VmHWM=3157928 kB VmSize=17146772 kB VmSwap=2204 kB Threads=29 FDSize=256
2026-05-29 12:26:49.931 pid=11339 [runtime-memory] After model load cleanup model=Qwen3.5-2B-UD-Q8_K_XL.gguf
  javaUsed=2.5MB javaTotal=10.5MB javaMax=256.0MB nativeHeap=14.6MB nativeHeapFree=49.4MB nativeHeapSize=67.9MB
  pssTotal=28.7MB privateDirty=20.1MB sharedDirty=52.1MB nativePss=14.3MB dalvikPss=1.3MB otherPss=13.1MB
  systemAvail=14.3GB systemThreshold=216.0MB lowMemory=false trimLevel=0 importance=125 fdCount=152
  procStatus VmRSS=180784 kB VmHWM=3157928 kB VmSize=17146772 kB VmSwap=2204 kB Threads=29 FDSize=256
2026-05-29 12:26:50.865 pid=11339 [model-load-complete] config=Qwen3.5 2B model=Qwen3.5-2B-UD-Q8_K_XL.gguf mmproj=(none)
  javaUsed=2.7MB javaTotal=10.5MB javaMax=256.0MB nativeHeap=362.4MB nativeHeapFree=8.2MB nativeHeapSize=374.7MB
  pssTotal=2.9GB privateDirty=171.9MB sharedDirty=52.1MB nativePss=166.0MB dalvikPss=1.3MB otherPss=2.7GB
  systemAvail=14.2GB systemThreshold=216.0MB lowMemory=false trimLevel=0 importance=125 fdCount=152
  procStatus VmRSS=3150908 kB VmHWM=3157928 kB VmSize=20172992 kB VmSwap=2204 kB Threads=29 FDSize=256
2026-05-29 12:26:51.005 pid=11339 [generation-start] id=18 config=Qwen3.5 2B model=Qwen3.5-2B-UD-Q8_K_XL.gguf promptLen=1069 mediaCount=0
  javaUsed=2.9MB javaTotal=10.5MB javaMax=256.0MB nativeHeap=362.4MB nativeHeapFree=8.2MB nativeHeapSize=374.7MB
  pssTotal=2.9GB privateDirty=172.1MB sharedDirty=52.1MB nativePss=166.1MB dalvikPss=1.5MB otherPss=2.7GB
  systemAvail=14.2GB systemThreshold=216.0MB lowMemory=false trimLevel=0 importance=125 fdCount=152
  procStatus VmRSS=3151036 kB VmHWM=3157928 kB VmSize=20172992 kB VmSwap=2204 kB Threads=29 FDSize=256
2026-05-29 12:26:51.151 pid=11339 [generation-stage] id=18 stage=native-call-start
2026-05-29 12:27:37.313 pid=11339 [generation-stage] id=18 stage=native-call-end resultLen=111
2026-05-29 12:27:37.314 pid=11339 [generation-end] id=18 resultLen=111
  javaUsed=2.6MB javaTotal=10.5MB javaMax=256.0MB nativeHeap=363.5MB nativeHeapFree=8.2MB nativeHeapSize=375.8MB
  pssTotal=2.8GB privateDirty=144.3MB sharedDirty=52.1MB nativePss=138.4MB dalvikPss=1.3MB otherPss=2.7GB
  systemAvail=14.2GB systemThreshold=216.0MB lowMemory=false trimLevel=0 importance=125 fdCount=152
  procStatus VmRSS=3122652 kB VmHWM=3157928 kB VmSize=20172992 kB VmSwap=2204 kB Threads=29 FDSize=256
2026-05-29 12:27:37.447 pid=11339 [model-load] Loading configuration: Qwen3.5 2B
2026-05-29 12:27:37.448 pid=11339 [model-load-skip] config=Qwen3.5 2B model already loaded
  javaUsed=2.8MB javaTotal=10.5MB javaMax=256.0MB nativeHeap=363.5MB nativeHeapFree=8.2MB nativeHeapSize=375.8MB
  pssTotal=2.8GB privateDirty=144.5MB sharedDirty=52.1MB nativePss=138.4MB dalvikPss=1.5MB otherPss=2.7GB
  systemAvail=14.2GB systemThreshold=216.0MB lowMemory=false trimLevel=0 importance=125 fdCount=152
  procStatus VmRSS=3122652 kB VmHWM=3157928 kB VmSize=20172992 kB VmSwap=2204 kB Threads=29 FDSize=256
2026-05-29 12:27:37.590 pid=11339 [generation-start] id=19 config=Qwen3.5 2B model=Qwen3.5-2B-UD-Q8_K_XL.gguf promptLen=1069 mediaCount=0
  javaUsed=3.0MB javaTotal=10.5MB javaMax=256.0MB nativeHeap=363.5MB nativeHeapFree=8.2MB nativeHeapSize=375.8MB
  pssTotal=2.8GB privateDirty=144.6MB sharedDirty=52.1MB nativePss=138.4MB dalvikPss=1.7MB otherPss=2.7GB
  systemAvail=14.2GB systemThreshold=216.0MB lowMemory=false trimLevel=0 importance=125 fdCount=152
  procStatus VmRSS=3122908 kB VmHWM=3157928 kB VmSize=20172992 kB VmSwap=2204 kB Threads=29 FDSize=256
2026-05-29 12:27:37.718 pid=11339 [generation-stage] id=19 stage=native-call-start
2026-05-29 12:28:20.510 pid=11339 [generation-stage] id=19 stage=native-call-end resultLen=53
2026-05-29 12:28:20.511 pid=11339 [generation-end] id=19 resultLen=53
  javaUsed=3.2MB javaTotal=10.5MB javaMax=256.0MB nativeHeap=363.5MB nativeHeapFree=8.2MB nativeHeapSize=375.8MB
  pssTotal=2.8GB privateDirty=144.8MB sharedDirty=52.1MB nativePss=138.4MB dalvikPss=1.8MB otherPss=2.7GB
  systemAvail=14.2GB systemThreshold=216.0MB lowMemory=false trimLevel=0 importance=125 fdCount=152
  procStatus VmRSS=3123028 kB VmHWM=3157928 kB VmSize=20172992 kB VmSwap=2204 kB Threads=29 FDSize=256
2026-05-29 12:28:21.158 pid=11339 [model-load] Loading configuration: Qwen3.5 2B MTP
2026-05-29 12:28:21.448 pid=11339 [runtime-memory] Before model load model=Qwen3.5-2B-Q8_0.gguf
  javaUsed=3.5MB javaTotal=10.5MB javaMax=256.0MB nativeHeap=14.6MB nativeHeapFree=49.3MB nativeHeapSize=67.9MB
  pssTotal=29.3MB privateDirty=20.7MB sharedDirty=52.1MB nativePss=14.2MB dalvikPss=2.0MB otherPss=13.1MB
  systemAvail=14.4GB systemThreshold=216.0MB lowMemory=false trimLevel=0 importance=125 fdCount=152
  procStatus VmRSS=181344 kB VmHWM=3157928 kB VmSize=17146772 kB VmSwap=2204 kB Threads=29 FDSize=256
2026-05-29 12:28:21.514 pid=11339 [runtime-memory] After model load cleanup model=Qwen3.5-2B-Q8_0.gguf
  javaUsed=2.5MB javaTotal=10.5MB javaMax=256.0MB nativeHeap=14.6MB nativeHeapFree=49.4MB nativeHeapSize=67.9MB
  pssTotal=30.7MB privateDirty=22.1MB sharedDirty=52.1MB nativePss=14.3MB dalvikPss=3.3MB otherPss=13.1MB
  systemAvail=14.4GB systemThreshold=216.0MB lowMemory=false trimLevel=0 importance=125 fdCount=152
  procStatus VmRSS=182840 kB VmHWM=3157928 kB VmSize=17146772 kB VmSwap=2204 kB Threads=29 FDSize=256
2026-05-29 12:28:22.576 pid=11339 [model-load-complete] config=Qwen3.5 2B MTP model=Qwen3.5-2B-Q8_0.gguf mmproj=(none)
  javaUsed=2.6MB javaTotal=10.5MB javaMax=256.0MB nativeHeap=362.4MB nativeHeapFree=8.2MB nativeHeapSize=374.7MB
  pssTotal=2.1GB privateDirty=173.9MB sharedDirty=52.1MB nativePss=166.1MB dalvikPss=3.3MB otherPss=1.9GB
  systemAvail=14.2GB systemThreshold=216.0MB lowMemory=false trimLevel=0 importance=125 fdCount=152
  procStatus VmRSS=2355532 kB VmHWM=3157928 kB VmSize=19375688 kB VmSwap=2204 kB Threads=29 FDSize=256
2026-05-29 12:28:22.695 pid=11339 [generation-start] id=20 config=Qwen3.5 2B MTP model=Qwen3.5-2B-Q8_0.gguf promptLen=1060 mediaCount=0
  javaUsed=2.8MB javaTotal=10.5MB javaMax=256.0MB nativeHeap=362.4MB nativeHeapFree=8.2MB nativeHeapSize=374.7MB
  pssTotal=2.1GB privateDirty=174.1MB sharedDirty=52.1MB nativePss=166.1MB dalvikPss=3.5MB otherPss=1.9GB
  systemAvail=14.2GB systemThreshold=216.0MB lowMemory=false trimLevel=0 importance=125 fdCount=152
  procStatus VmRSS=2355788 kB VmHWM=3157928 kB VmSize=19375688 kB VmSwap=2204 kB Threads=29 FDSize=256
2026-05-29 12:28:22.816 pid=11339 [generation-stage] id=20 stage=native-call-start
2026-05-29 12:29:00.981 pid=11339 [generation-stage] id=20 stage=native-call-end resultLen=127
2026-05-29 12:29:00.982 pid=11339 [generation-end] id=20 resultLen=127
  javaUsed=3.0MB javaTotal=10.5MB javaMax=256.0MB nativeHeap=363.5MB nativeHeapFree=8.2MB nativeHeapSize=375.8MB
  pssTotal=2.1GB privateDirty=146.5MB sharedDirty=52.1MB nativePss=138.4MB dalvikPss=3.6MB otherPss=1.9GB
  systemAvail=14.2GB systemThreshold=216.0MB lowMemory=false trimLevel=0 importance=125 fdCount=152
  procStatus VmRSS=2327560 kB VmHWM=3157928 kB VmSize=19375688 kB VmSwap=2204 kB Threads=29 FDSize=256
2026-05-29 12:29:01.093 pid=11339 [model-load] Loading configuration: Qwen3.5 2B MTP
2026-05-29 12:29:01.094 pid=11339 [model-load-skip] config=Qwen3.5 2B MTP model already loaded
  javaUsed=3.2MB javaTotal=10.5MB javaMax=256.0MB nativeHeap=363.5MB nativeHeapFree=8.2MB nativeHeapSize=375.8MB
  pssTotal=2.1GB privateDirty=146.7MB sharedDirty=52.1MB nativePss=138.4MB dalvikPss=3.8MB otherPss=1.9GB
  systemAvail=14.2GB systemThreshold=216.0MB lowMemory=false trimLevel=0 importance=125 fdCount=152
  procStatus VmRSS=2327560 kB VmHWM=3157928 kB VmSize=19375688 kB VmSwap=2204 kB Threads=29 FDSize=256
2026-05-29 12:29:01.212 pid=11339 [generation-start] id=21 config=Qwen3.5 2B MTP model=Qwen3.5-2B-Q8_0.gguf promptLen=1060 mediaCount=0
  javaUsed=3.4MB javaTotal=10.5MB javaMax=256.0MB nativeHeap=363.5MB nativeHeapFree=8.2MB nativeHeapSize=375.8MB
  pssTotal=2.1GB privateDirty=146.8MB sharedDirty=52.1MB nativePss=138.4MB dalvikPss=4.0MB otherPss=1.9GB
  systemAvail=14.2GB systemThreshold=216.0MB lowMemory=false trimLevel=0 importance=125 fdCount=152
  procStatus VmRSS=2325280 kB VmHWM=3157928 kB VmSize=19375688 kB VmSwap=2204 kB Threads=29 FDSize=256
2026-05-29 12:29:01.321 pid=11339 [generation-stage] id=21 stage=native-call-start
2026-05-29 12:29:33.414 pid=11339 [generation-stage] id=21 stage=native-call-end resultLen=64
2026-05-29 12:29:33.415 pid=11339 [generation-end] id=21 resultLen=64
  javaUsed=2.7MB javaTotal=10.5MB javaMax=256.0MB nativeHeap=363.5MB nativeHeapFree=8.2MB nativeHeapSize=375.8MB
  pssTotal=2.1GB privateDirty=144.3MB sharedDirty=52.1MB nativePss=138.4MB dalvikPss=1.4MB otherPss=1.9GB
  systemAvail=14.1GB systemThreshold=216.0MB lowMemory=false trimLevel=0 importance=125 fdCount=152
  procStatus VmRSS=2325276 kB VmHWM=3157928 kB VmSize=19375688 kB VmSwap=2204 kB Threads=29 FDSize=256
2026-05-29 12:29:34.021 pid=11339 [model-load] Loading configuration: Qwen3.5 2B
2026-05-29 12:29:34.250 pid=11339 [runtime-memory] Before model load model=Qwen3.5-2B-UD-Q8_K_XL.gguf
  javaUsed=3.0MB javaTotal=10.5MB javaMax=256.0MB nativeHeap=14.6MB nativeHeapFree=49.4MB nativeHeapSize=67.9MB
  pssTotal=28.8MB privateDirty=20.3MB sharedDirty=52.1MB nativePss=14.2MB dalvikPss=1.6MB otherPss=13.0MB
  systemAvail=14.2GB systemThreshold=216.0MB lowMemory=false trimLevel=0 importance=125 fdCount=152
  procStatus VmRSS=180848 kB VmHWM=3157928 kB VmSize=17146772 kB VmSwap=2204 kB Threads=29 FDSize=256
2026-05-29 12:29:34.291 pid=11339 [runtime-memory] After model load cleanup model=Qwen3.5-2B-UD-Q8_K_XL.gguf
  javaUsed=2.5MB javaTotal=10.5MB javaMax=256.0MB nativeHeap=14.6MB nativeHeapFree=49.4MB nativeHeapSize=67.9MB
  pssTotal=28.6MB privateDirty=20.0MB sharedDirty=52.1MB nativePss=14.2MB dalvikPss=1.3MB otherPss=13.0MB
  systemAvail=14.2GB systemThreshold=216.0MB lowMemory=false trimLevel=0 importance=125 fdCount=152
  procStatus VmRSS=180764 kB VmHWM=3157928 kB VmSize=17146772 kB VmSwap=2204 kB Threads=29 FDSize=256
2026-05-29 12:29:35.081 pid=11339 [model-load-complete] config=Qwen3.5 2B model=Qwen3.5-2B-UD-Q8_K_XL.gguf mmproj=(none)
  javaUsed=2.6MB javaTotal=10.5MB javaMax=256.0MB nativeHeap=362.4MB nativeHeapFree=8.2MB nativeHeapSize=374.7MB
  pssTotal=2.9GB privateDirty=171.9MB sharedDirty=52.1MB nativePss=166.0MB dalvikPss=1.3MB otherPss=2.7GB
  systemAvail=14.0GB systemThreshold=216.0MB lowMemory=false trimLevel=0 importance=125 fdCount=152
  procStatus VmRSS=3150888 kB VmHWM=3157928 kB VmSize=20172992 kB VmSwap=2204 kB Threads=29 FDSize=256
2026-05-29 12:29:35.215 pid=11339 [generation-start] id=22 config=Qwen3.5 2B model=Qwen3.5-2B-UD-Q8_K_XL.gguf promptLen=1072 mediaCount=0
  javaUsed=2.9MB javaTotal=10.5MB javaMax=256.0MB nativeHeap=362.4MB nativeHeapFree=8.2MB nativeHeapSize=374.7MB
  pssTotal=2.9GB privateDirty=172.1MB sharedDirty=52.1MB nativePss=166.1MB dalvikPss=1.5MB otherPss=2.7GB
  systemAvail=14.0GB systemThreshold=216.0MB lowMemory=false trimLevel=0 importance=125 fdCount=152
  procStatus VmRSS=3151016 kB VmHWM=3157928 kB VmSize=20172992 kB VmSwap=2204 kB Threads=29 FDSize=256
2026-05-29 12:29:35.338 pid=11339 [generation-stage] id=22 stage=native-call-start
2026-05-29 12:30:21.114 pid=11339 [generation-stage] id=22 stage=native-call-end resultLen=103
2026-05-29 12:30:21.115 pid=11339 [generation-end] id=22 resultLen=103
  javaUsed=3.0MB javaTotal=10.5MB javaMax=256.0MB nativeHeap=363.5MB nativeHeapFree=8.2MB nativeHeapSize=375.8MB
  pssTotal=2.8GB privateDirty=144.6MB sharedDirty=52.1MB nativePss=138.4MB dalvikPss=1.6MB otherPss=2.7GB
  systemAvail=14.0GB systemThreshold=216.0MB lowMemory=false trimLevel=0 importance=125 fdCount=152
  procStatus VmRSS=3122720 kB VmHWM=3157928 kB VmSize=20172992 kB VmSwap=2204 kB Threads=29 FDSize=256
2026-05-29 12:30:21.775 pid=11339 [model-load] Loading configuration: Qwen3.5 2B MTP
2026-05-29 12:30:22.077 pid=11339 [runtime-memory] Before model load model=Qwen3.5-2B-Q8_0.gguf
  javaUsed=3.3MB javaTotal=10.5MB javaMax=256.0MB nativeHeap=14.6MB nativeHeapFree=49.3MB nativeHeapSize=67.9MB
  pssTotal=29.1MB privateDirty=20.6MB sharedDirty=52.1MB nativePss=14.2MB dalvikPss=1.8MB otherPss=13.0MB
  systemAvail=14.2GB systemThreshold=216.0MB lowMemory=false trimLevel=0 importance=125 fdCount=152
  procStatus VmRSS=181188 kB VmHWM=3157928 kB VmSize=17146772 kB VmSwap=2204 kB Threads=29 FDSize=256
2026-05-29 12:30:22.142 pid=11339 [runtime-memory] After model load cleanup model=Qwen3.5-2B-Q8_0.gguf
  javaUsed=2.5MB javaTotal=10.5MB javaMax=256.0MB nativeHeap=14.6MB nativeHeapFree=49.4MB nativeHeapSize=67.9MB
  pssTotal=28.6MB privateDirty=20.1MB sharedDirty=52.1MB nativePss=14.3MB dalvikPss=1.3MB otherPss=13.0MB
  systemAvail=14.2GB systemThreshold=216.0MB lowMemory=false trimLevel=0 importance=125 fdCount=152
  procStatus VmRSS=180872 kB VmHWM=3157928 kB VmSize=17146772 kB VmSwap=2204 kB Threads=29 FDSize=256
2026-05-29 12:30:23.194 pid=11339 [model-load-complete] config=Qwen3.5 2B MTP model=Qwen3.5-2B-Q8_0.gguf mmproj=(none)
  javaUsed=2.6MB javaTotal=10.5MB javaMax=256.0MB nativeHeap=362.4MB nativeHeapFree=8.2MB nativeHeapSize=374.7MB
  pssTotal=2.1GB privateDirty=171.9MB sharedDirty=52.1MB nativePss=166.1MB dalvikPss=1.3MB otherPss=1.9GB
  systemAvail=14.0GB systemThreshold=216.0MB lowMemory=false trimLevel=0 importance=125 fdCount=152
  procStatus VmRSS=2353564 kB VmHWM=3157928 kB VmSize=19375688 kB VmSwap=2204 kB Threads=29 FDSize=256
2026-05-29 12:30:23.311 pid=11339 [generation-start] id=23 config=Qwen3.5 2B MTP model=Qwen3.5-2B-Q8_0.gguf promptLen=1054 mediaCount=0
  javaUsed=2.8MB javaTotal=10.5MB javaMax=256.0MB nativeHeap=362.4MB nativeHeapFree=8.2MB nativeHeapSize=374.7MB
  pssTotal=2.1GB privateDirty=172.1MB sharedDirty=52.1MB nativePss=166.1MB dalvikPss=1.5MB otherPss=1.9GB
  systemAvail=14.0GB systemThreshold=216.0MB lowMemory=false trimLevel=0 importance=125 fdCount=152
  procStatus VmRSS=2353692 kB VmHWM=3157928 kB VmSize=19375688 kB VmSwap=2204 kB Threads=29 FDSize=256
2026-05-29 12:30:23.426 pid=11339 [generation-stage] id=23 stage=native-call-start
2026-05-29 12:30:58.130 pid=11339 [generation-stage] id=23 stage=native-call-end resultLen=92
2026-05-29 12:30:58.131 pid=11339 [generation-end] id=23 resultLen=92
  javaUsed=3.0MB javaTotal=10.5MB javaMax=256.0MB nativeHeap=363.5MB nativeHeapFree=8.2MB nativeHeapSize=375.8MB
  pssTotal=2.1GB privateDirty=144.5MB sharedDirty=52.1MB nativePss=138.3MB dalvikPss=1.6MB otherPss=1.9GB
  systemAvail=14.0GB systemThreshold=216.0MB lowMemory=false trimLevel=0 importance=125 fdCount=152
  procStatus VmRSS=2325284 kB VmHWM=3157928 kB VmSize=19375688 kB VmSwap=2204 kB Threads=29 FDSize=256
2026-05-29 12:30:59.077 pid=11339 [model-load] Loading configuration: Qwen3.5 2B
2026-05-29 12:30:59.343 pid=11339 [runtime-memory] Before model load model=Qwen3.5-2B-UD-Q8_K_XL.gguf
  javaUsed=2.7MB javaTotal=10.5MB javaMax=256.0MB nativeHeap=14.6MB nativeHeapFree=49.4MB nativeHeapSize=67.9MB
  pssTotal=28.6MB privateDirty=20.1MB sharedDirty=52.1MB nativePss=14.1MB dalvikPss=1.4MB otherPss=13.0MB
  systemAvail=14.1GB systemThreshold=216.0MB lowMemory=false trimLevel=0 importance=125 fdCount=152
  procStatus VmRSS=180848 kB VmHWM=3157928 kB VmSize=17146772 kB VmSwap=2204 kB Threads=29 FDSize=256
2026-05-29 12:30:59.408 pid=11339 [runtime-memory] After model load cleanup model=Qwen3.5-2B-UD-Q8_K_XL.gguf
  javaUsed=2.5MB javaTotal=10.5MB javaMax=256.0MB nativeHeap=14.6MB nativeHeapFree=49.4MB nativeHeapSize=67.9MB
  pssTotal=28.5MB privateDirty=20.0MB sharedDirty=52.1MB nativePss=14.2MB dalvikPss=1.3MB otherPss=13.0MB
  systemAvail=14.1GB systemThreshold=216.0MB lowMemory=false trimLevel=0 importance=125 fdCount=152
  procStatus VmRSS=180792 kB VmHWM=3157928 kB VmSize=17146772 kB VmSwap=2204 kB Threads=29 FDSize=256
2026-05-29 12:31:00.541 pid=11339 [model-load-complete] config=Qwen3.5 2B model=Qwen3.5-2B-UD-Q8_K_XL.gguf mmproj=(none)
  javaUsed=2.6MB javaTotal=10.5MB javaMax=256.0MB nativeHeap=362.4MB nativeHeapFree=8.2MB nativeHeapSize=374.7MB
  pssTotal=2.9GB privateDirty=171.9MB sharedDirty=52.1MB nativePss=166.0MB dalvikPss=1.3MB otherPss=2.7GB
  systemAvail=14.0GB systemThreshold=216.0MB lowMemory=false trimLevel=0 importance=125 fdCount=152
  procStatus VmRSS=3150916 kB VmHWM=3157928 kB VmSize=20172992 kB VmSwap=2204 kB Threads=29 FDSize=256
2026-05-29 12:31:00.673 pid=11339 [generation-start] id=24 config=Qwen3.5 2B model=Qwen3.5-2B-UD-Q8_K_XL.gguf promptLen=1072 mediaCount=0
  javaUsed=2.8MB javaTotal=10.5MB javaMax=256.0MB nativeHeap=362.4MB nativeHeapFree=8.2MB nativeHeapSize=374.7MB
  pssTotal=2.9GB privateDirty=172.1MB sharedDirty=52.1MB nativePss=166.1MB dalvikPss=1.5MB otherPss=2.7GB
  systemAvail=14.0GB systemThreshold=216.0MB lowMemory=false trimLevel=0 importance=125 fdCount=152
  procStatus VmRSS=3151044 kB VmHWM=3157928 kB VmSize=20172992 kB VmSwap=2204 kB Threads=29 FDSize=256
2026-05-29 12:31:00.810 pid=11339 [generation-stage] id=24 stage=native-call-start
2026-05-29 12:31:45.303 pid=11339 [generation-stage] id=24 stage=native-call-end resultLen=53
2026-05-29 12:31:45.304 pid=11339 [generation-end] id=24 resultLen=53
  javaUsed=3.0MB javaTotal=10.5MB javaMax=256.0MB nativeHeap=363.5MB nativeHeapFree=8.2MB nativeHeapSize=375.8MB
  pssTotal=2.8GB privateDirty=144.6MB sharedDirty=52.1MB nativePss=138.4MB dalvikPss=1.6MB otherPss=2.7GB
  systemAvail=14.0GB systemThreshold=216.0MB lowMemory=false trimLevel=0 importance=125 fdCount=152
  procStatus VmRSS=3123040 kB VmHWM=3158084 kB VmSize=20172992 kB VmSwap=2204 kB Threads=29 FDSize=256
2026-05-29 12:31:45.438 pid=11339 [model-load] Loading configuration: Qwen3.5 2B
2026-05-29 12:31:45.439 pid=11339 [model-load-skip] config=Qwen3.5 2B model already loaded
  javaUsed=3.2MB javaTotal=10.5MB javaMax=256.0MB nativeHeap=363.5MB nativeHeapFree=8.2MB nativeHeapSize=375.8MB
  pssTotal=2.8GB privateDirty=144.7MB sharedDirty=52.1MB nativePss=138.4MB dalvikPss=1.8MB otherPss=2.7GB
  systemAvail=14.0GB systemThreshold=216.0MB lowMemory=false trimLevel=0 importance=125 fdCount=152
  procStatus VmRSS=3123168 kB VmHWM=3158084 kB VmSize=20172992 kB VmSwap=2204 kB Threads=29 FDSize=256
2026-05-29 12:31:45.577 pid=11339 [generation-start] id=25 config=Qwen3.5 2B model=Qwen3.5-2B-UD-Q8_K_XL.gguf promptLen=1072 mediaCount=0
  javaUsed=3.4MB javaTotal=10.5MB javaMax=256.0MB nativeHeap=363.5MB nativeHeapFree=8.2MB nativeHeapSize=375.8MB
  pssTotal=2.8GB privateDirty=144.9MB sharedDirty=52.1MB nativePss=138.4MB dalvikPss=2.0MB otherPss=2.7GB
  systemAvail=14.0GB systemThreshold=216.0MB lowMemory=false trimLevel=0 importance=125 fdCount=152
  procStatus VmRSS=3123296 kB VmHWM=3158084 kB VmSize=20172992 kB VmSwap=2204 kB Threads=29 FDSize=256
2026-05-29 12:31:45.714 pid=11339 [generation-stage] id=25 stage=native-call-start
2026-05-29 22:12:07.882 pid=7755 [app] Application created
2026-05-29 22:12:07.882 pid=7755 [app-start] Application onCreate
  javaUsed=2.4MB javaTotal=256.0MB javaMax=256.0MB nativeHeap=6.6MB nativeHeapFree=1.9MB nativeHeapSize=13.1MB
  pssTotal=10.2MB privateDirty=4.6MB sharedDirty=53.2MB nativePss=2.1MB dalvikPss=823.0KB otherPss=7.2MB
  systemAvail=14.0GB systemThreshold=216.0MB lowMemory=false trimLevel=0 importance=100 fdCount=113
  procStatus VmRSS=120944 kB VmHWM=120944 kB VmSize=16960812 kB VmSwap=2720 kB Threads=13 FDSize=128
2026-05-29 22:12:18.384 pid=7755 [model-load] Loading configuration: Qwen3.5 2B MTP
2026-05-29 22:12:18.386 pid=7755 [runtime-memory] Before model load model=Qwen3.5-2B-Q8_0.gguf
  javaUsed=4.5MB javaTotal=16.0MB javaMax=256.0MB nativeHeap=12.4MB nativeHeapFree=3.8MB nativeHeapSize=19.9MB
  pssTotal=23.7MB privateDirty=17.1MB sharedDirty=52.3MB nativePss=10.5MB dalvikPss=2.5MB otherPss=10.7MB
  systemAvail=14.0GB systemThreshold=216.0MB lowMemory=false trimLevel=0 importance=125 fdCount=152
  procStatus VmRSS=174836 kB VmHWM=174836 kB VmSize=17273396 kB VmSwap=2720 kB Threads=29 FDSize=256
2026-05-29 22:12:18.452 pid=7755 [runtime-memory] After model load cleanup model=Qwen3.5-2B-Q8_0.gguf
  javaUsed=2.5MB javaTotal=10.5MB javaMax=256.0MB nativeHeap=12.3MB nativeHeapFree=3.9MB nativeHeapSize=19.9MB
  pssTotal=22.4MB privateDirty=15.8MB sharedDirty=52.1MB nativePss=10.4MB dalvikPss=1.3MB otherPss=10.8MB
  systemAvail=14.0GB systemThreshold=216.0MB lowMemory=false trimLevel=0 importance=125 fdCount=151
  procStatus VmRSS=173656 kB VmHWM=178432 kB VmSize=17004336 kB VmSwap=2720 kB Threads=29 FDSize=256
2026-05-29 22:12:19.446 pid=7755 [model-load-complete] config=Qwen3.5 2B MTP model=Qwen3.5-2B-Q8_0.gguf mmproj=(none)
  javaUsed=2.6MB javaTotal=10.5MB javaMax=256.0MB nativeHeap=362.2MB nativeHeapFree=5.9MB nativeHeapSize=372.1MB
  pssTotal=2.1GB privateDirty=171.2MB sharedDirty=52.1MB nativePss=165.3MB dalvikPss=1.3MB otherPss=1.9GB
  systemAvail=13.9GB systemThreshold=216.0MB lowMemory=false trimLevel=0 importance=125 fdCount=151
  procStatus VmRSS=2351084 kB VmHWM=2351084 kB VmSize=19373432 kB VmSwap=2720 kB Threads=29 FDSize=256
2026-05-29 22:12:19.557 pid=7755 [generation-start] id=1 config=Qwen3.5 2B MTP model=Qwen3.5-2B-Q8_0.gguf promptLen=1045 mediaCount=0
  javaUsed=2.9MB javaTotal=10.5MB javaMax=256.0MB nativeHeap=362.2MB nativeHeapFree=5.9MB nativeHeapSize=372.1MB
  pssTotal=2.1GB privateDirty=171.4MB sharedDirty=52.1MB nativePss=165.3MB dalvikPss=1.5MB otherPss=1.9GB
  systemAvail=13.9GB systemThreshold=216.0MB lowMemory=false trimLevel=0 importance=125 fdCount=151
  procStatus VmRSS=2351340 kB VmHWM=2351340 kB VmSize=19373432 kB VmSwap=2720 kB Threads=29 FDSize=256
2026-05-29 22:12:19.668 pid=7755 [generation-stage] id=1 stage=native-call-start
2026-05-29 22:12:56.805 pid=7755 [generation-stage] id=1 stage=native-call-end resultLen=152
2026-05-29 22:12:56.806 pid=7755 [generation-end] id=1 resultLen=152
  javaUsed=3.1MB javaTotal=10.5MB javaMax=256.0MB nativeHeap=363.5MB nativeHeapFree=5.9MB nativeHeapSize=373.2MB
  pssTotal=2.1GB privateDirty=152.8MB sharedDirty=52.1MB nativePss=146.7MB dalvikPss=1.6MB otherPss=1.9GB
  systemAvail=14.1GB systemThreshold=216.0MB lowMemory=false trimLevel=0 importance=125 fdCount=151
  procStatus VmRSS=2332912 kB VmHWM=2362800 kB VmSize=19394988 kB VmSwap=2720 kB Threads=30 FDSize=256
2026-05-29 22:12:57.410 pid=7755 [model-load] Loading configuration: Qwen3.5 2B
2026-05-29 22:12:57.665 pid=7755 [runtime-memory] Before model load model=Qwen3.5-2B-UD-Q8_K_XL.gguf
  javaUsed=3.3MB javaTotal=10.5MB javaMax=256.0MB nativeHeap=14.5MB nativeHeapFree=49.8MB nativeHeapSize=67.8MB
  pssTotal=28.4MB privateDirty=20.0MB sharedDirty=52.1MB nativePss=13.7MB dalvikPss=1.8MB otherPss=12.9MB
  systemAvail=14.2GB systemThreshold=216.0MB lowMemory=false trimLevel=0 importance=125 fdCount=151
  procStatus VmRSS=179896 kB VmHWM=2362800 kB VmSize=17166072 kB VmSwap=2720 kB Threads=30 FDSize=256
2026-05-29 22:12:57.717 pid=7755 [runtime-memory] After model load cleanup model=Qwen3.5-2B-UD-Q8_K_XL.gguf
  javaUsed=2.6MB javaTotal=10.5MB javaMax=256.0MB nativeHeap=14.5MB nativeHeapFree=49.8MB nativeHeapSize=67.8MB
  pssTotal=27.9MB privateDirty=19.5MB sharedDirty=52.1MB nativePss=13.8MB dalvikPss=1.3MB otherPss=12.9MB
  systemAvail=14.2GB systemThreshold=216.0MB lowMemory=false trimLevel=0 importance=125 fdCount=151
  procStatus VmRSS=179280 kB VmHWM=2362800 kB VmSize=17166072 kB VmSwap=2720 kB Threads=30 FDSize=256
2026-05-29 22:13:00.065 pid=7755 [model-load-complete] config=Qwen3.5 2B model=Qwen3.5-2B-UD-Q8_K_XL.gguf mmproj=(none)
  javaUsed=2.6MB javaTotal=10.5MB javaMax=256.0MB nativeHeap=362.2MB nativeHeapFree=8.7MB nativeHeapSize=374.6MB
  pssTotal=2.8GB privateDirty=148.9MB sharedDirty=52.1MB nativePss=143.1MB dalvikPss=1.3MB otherPss=2.7GB
  systemAvail=14.1GB systemThreshold=216.0MB lowMemory=false trimLevel=0 importance=125 fdCount=151
  procStatus VmRSS=3126016 kB VmHWM=3126016 kB VmSize=20192292 kB VmSwap=2720 kB Threads=30 FDSize=256
2026-05-29 22:13:00.184 pid=7755 [generation-start] id=2 config=Qwen3.5 2B model=Qwen3.5-2B-UD-Q8_K_XL.gguf promptLen=1042 mediaCount=0
  javaUsed=2.8MB javaTotal=10.5MB javaMax=256.0MB nativeHeap=362.2MB nativeHeapFree=8.7MB nativeHeapSize=374.6MB
  pssTotal=2.8GB privateDirty=149.1MB sharedDirty=52.1MB nativePss=143.1MB dalvikPss=1.5MB otherPss=2.7GB
  systemAvail=14.1GB systemThreshold=216.0MB lowMemory=false trimLevel=0 importance=125 fdCount=151
  procStatus VmRSS=3126272 kB VmHWM=3126272 kB VmSize=20192292 kB VmSwap=2720 kB Threads=30 FDSize=256
2026-05-29 22:13:00.300 pid=7755 [generation-stage] id=2 stage=native-call-start
2026-05-29 22:13:35.040 pid=7755 [generation-stage] id=2 stage=native-call-end resultLen=39
2026-05-29 22:13:35.040 pid=7755 [generation-end] id=2 resultLen=39
  javaUsed=3.0MB javaTotal=10.5MB javaMax=256.0MB nativeHeap=363.5MB nativeHeapFree=8.5MB nativeHeapSize=375.7MB
  pssTotal=2.8GB privateDirty=154.4MB sharedDirty=52.1MB nativePss=148.2MB dalvikPss=1.7MB otherPss=2.7GB
  systemAvail=14.3GB systemThreshold=216.0MB lowMemory=false trimLevel=0 importance=125 fdCount=151
  procStatus VmRSS=3131860 kB VmHWM=3143680 kB VmSize=20174740 kB VmSwap=2720 kB Threads=29 FDSize=256
2026-05-29 22:13:35.155 pid=7755 [model-load] Loading configuration: Qwen3.5 2B
2026-05-29 22:13:35.155 pid=7755 [model-load-skip] config=Qwen3.5 2B model already loaded
  javaUsed=3.3MB javaTotal=10.5MB javaMax=256.0MB nativeHeap=363.5MB nativeHeapFree=8.5MB nativeHeapSize=375.7MB
  pssTotal=2.8GB privateDirty=154.5MB sharedDirty=52.1MB nativePss=148.2MB dalvikPss=1.8MB otherPss=2.7GB
  systemAvail=14.3GB systemThreshold=216.0MB lowMemory=false trimLevel=0 importance=125 fdCount=151
  procStatus VmRSS=3131736 kB VmHWM=3143680 kB VmSize=20174740 kB VmSwap=2720 kB Threads=29 FDSize=256
2026-05-29 22:13:35.270 pid=7755 [generation-start] id=3 config=Qwen3.5 2B model=Qwen3.5-2B-UD-Q8_K_XL.gguf promptLen=1042 mediaCount=0
  javaUsed=2.8MB javaTotal=10.5MB javaMax=256.0MB nativeHeap=363.5MB nativeHeapFree=8.5MB nativeHeapSize=375.7MB
  pssTotal=2.8GB privateDirty=154.1MB sharedDirty=52.1MB nativePss=148.2MB dalvikPss=1.4MB otherPss=2.7GB
  systemAvail=14.3GB systemThreshold=216.0MB lowMemory=false trimLevel=0 importance=125 fdCount=151
  procStatus VmRSS=3131864 kB VmHWM=3143680 kB VmSize=20174740 kB VmSwap=2720 kB Threads=29 FDSize=256
2026-05-29 22:13:35.382 pid=7755 [generation-stage] id=3 stage=native-call-start
2026-05-29 22:14:16.743 pid=7755 [generation-stage] id=3 stage=native-call-end resultLen=56
2026-05-29 22:14:16.744 pid=7755 [generation-end] id=3 resultLen=56
  javaUsed=2.9MB javaTotal=10.5MB javaMax=256.0MB nativeHeap=363.5MB nativeHeapFree=8.5MB nativeHeapSize=375.7MB
  pssTotal=2.8GB privateDirty=154.3MB sharedDirty=52.1MB nativePss=148.2MB dalvikPss=1.6MB otherPss=2.7GB
  systemAvail=14.3GB systemThreshold=216.0MB lowMemory=false trimLevel=0 importance=125 fdCount=151
  procStatus VmRSS=3131856 kB VmHWM=3143680 kB VmSize=20174740 kB VmSwap=2720 kB Threads=29 FDSize=256
2026-05-29 22:14:16.865 pid=7755 [model-load] Loading configuration: Qwen3.5 2B
2026-05-29 22:14:16.866 pid=7755 [model-load-skip] config=Qwen3.5 2B model already loaded
  javaUsed=3.2MB javaTotal=10.5MB javaMax=256.0MB nativeHeap=363.5MB nativeHeapFree=8.5MB nativeHeapSize=375.7MB
  pssTotal=2.8GB privateDirty=154.4MB sharedDirty=52.1MB nativePss=148.2MB dalvikPss=1.7MB otherPss=2.7GB
  systemAvail=14.3GB systemThreshold=216.0MB lowMemory=false trimLevel=0 importance=125 fdCount=151
  procStatus VmRSS=3132112 kB VmHWM=3143680 kB VmSize=20174740 kB VmSwap=2720 kB Threads=29 FDSize=256
2026-05-29 22:14:16.989 pid=7755 [generation-start] id=4 config=Qwen3.5 2B model=Qwen3.5-2B-UD-Q8_K_XL.gguf promptLen=1042 mediaCount=0
  javaUsed=3.4MB javaTotal=10.5MB javaMax=256.0MB nativeHeap=363.5MB nativeHeapFree=8.5MB nativeHeapSize=375.7MB
  pssTotal=2.8GB privateDirty=154.6MB sharedDirty=52.1MB nativePss=148.2MB dalvikPss=1.9MB otherPss=2.7GB
  systemAvail=14.3GB systemThreshold=216.0MB lowMemory=false trimLevel=0 importance=125 fdCount=151
  procStatus VmRSS=3132240 kB VmHWM=3143680 kB VmSize=20174740 kB VmSwap=2720 kB Threads=29 FDSize=256
2026-05-29 22:14:17.110 pid=7755 [generation-stage] id=4 stage=native-call-start
2026-05-29 22:14:50.614 pid=7755 [generation-stage] id=4 stage=native-call-end resultLen=38
2026-05-29 22:14:50.615 pid=7755 [generation-end] id=4 resultLen=38
  javaUsed=3.5MB javaTotal=10.5MB javaMax=256.0MB nativeHeap=363.5MB nativeHeapFree=8.5MB nativeHeapSize=375.7MB
  pssTotal=2.8GB privateDirty=154.7MB sharedDirty=52.1MB nativePss=148.2MB dalvikPss=2.0MB otherPss=2.7GB
  systemAvail=14.2GB systemThreshold=216.0MB lowMemory=false trimLevel=0 importance=125 fdCount=151
  procStatus VmRSS=3132356 kB VmHWM=3143680 kB VmSize=20174740 kB VmSwap=2720 kB Threads=29 FDSize=256
2026-05-29 22:14:51.205 pid=7755 [model-load] Loading configuration: Qwen3.5 2B MTP
2026-05-29 22:14:51.520 pid=7755 [runtime-memory] Before model load model=Qwen3.5-2B-Q8_0.gguf
  javaUsed=3.8MB javaTotal=10.5MB javaMax=256.0MB nativeHeap=14.5MB nativeHeapFree=49.8MB nativeHeapSize=67.8MB
  pssTotal=28.8MB privateDirty=20.5MB sharedDirty=52.1MB nativePss=13.8MB dalvikPss=2.2MB otherPss=12.8MB
  systemAvail=14.4GB systemThreshold=216.0MB lowMemory=false trimLevel=0 importance=125 fdCount=151
  procStatus VmRSS=180496 kB VmHWM=3143680 kB VmSize=17148520 kB VmSwap=2720 kB Threads=29 FDSize=256
2026-05-29 22:14:51.576 pid=7755 [runtime-memory] After model load cleanup model=Qwen3.5-2B-Q8_0.gguf
  javaUsed=2.6MB javaTotal=10.5MB javaMax=256.0MB nativeHeap=14.4MB nativeHeapFree=49.8MB nativeHeapSize=67.8MB
  pssTotal=27.9MB privateDirty=19.6MB sharedDirty=52.1MB nativePss=13.8MB dalvikPss=1.3MB otherPss=12.8MB
  systemAvail=14.4GB systemThreshold=216.0MB lowMemory=false trimLevel=0 importance=125 fdCount=151
  procStatus VmRSS=179588 kB VmHWM=3143680 kB VmSize=17148520 kB VmSwap=2720 kB Threads=29 FDSize=256
2026-05-29 22:14:52.360 pid=7755 [model-load-complete] config=Qwen3.5 2B MTP model=Qwen3.5-2B-Q8_0.gguf mmproj=(none)
  javaUsed=2.6MB javaTotal=10.5MB javaMax=256.0MB nativeHeap=362.2MB nativeHeapFree=8.7MB nativeHeapSize=374.6MB
  pssTotal=2.1GB privateDirty=171.7MB sharedDirty=52.1MB nativePss=165.8MB dalvikPss=1.3MB otherPss=1.9GB
  systemAvail=14.1GB systemThreshold=216.0MB lowMemory=false trimLevel=0 importance=125 fdCount=151
  procStatus VmRSS=2352788 kB VmHWM=3143680 kB VmSize=19377436 kB VmSwap=2720 kB Threads=29 FDSize=256
2026-05-29 22:14:52.422 pid=7755 [generation-start] id=5 config=Qwen3.5 2B MTP model=Qwen3.5-2B-Q8_0.gguf promptLen=1045 mediaCount=0
  javaUsed=2.8MB javaTotal=10.5MB javaMax=256.0MB nativeHeap=362.2MB nativeHeapFree=8.7MB nativeHeapSize=374.6MB
  pssTotal=2.1GB privateDirty=171.9MB sharedDirty=52.1MB nativePss=165.9MB dalvikPss=1.5MB otherPss=1.9GB
  systemAvail=14.1GB systemThreshold=216.0MB lowMemory=false trimLevel=0 importance=125 fdCount=151
  procStatus VmRSS=2353044 kB VmHWM=3143680 kB VmSize=19377436 kB VmSwap=2720 kB Threads=29 FDSize=256
2026-05-29 22:14:52.483 pid=7755 [generation-stage] id=5 stage=native-call-start
2026-05-29 22:15:27.306 pid=7755 [generation-stage] id=5 stage=native-call-end resultLen=129
2026-05-29 22:15:27.306 pid=7755 [generation-end] id=5 resultLen=129
  javaUsed=3.1MB javaTotal=10.5MB javaMax=256.0MB nativeHeap=363.5MB nativeHeapFree=8.5MB nativeHeapSize=375.7MB
  pssTotal=2.1GB privateDirty=154.3MB sharedDirty=52.1MB nativePss=148.1MB dalvikPss=1.7MB otherPss=1.9GB
  systemAvail=14.1GB systemThreshold=216.0MB lowMemory=false trimLevel=0 importance=125 fdCount=151
  procStatus VmRSS=2335064 kB VmHWM=3143680 kB VmSize=19377436 kB VmSwap=2720 kB Threads=29 FDSize=256
2026-05-29 22:15:27.891 pid=7755 [model-load] Loading configuration: Qwen3.5 2B
2026-05-29 22:15:28.196 pid=7755 [runtime-memory] Before model load model=Qwen3.5-2B-UD-Q8_K_XL.gguf
  javaUsed=2.7MB javaTotal=10.5MB javaMax=256.0MB nativeHeap=14.5MB nativeHeapFree=49.8MB nativeHeapSize=67.8MB
  pssTotal=27.9MB privateDirty=19.6MB sharedDirty=52.1MB nativePss=13.7MB dalvikPss=1.4MB otherPss=12.8MB
  systemAvail=14.3GB systemThreshold=216.0MB lowMemory=false trimLevel=0 importance=125 fdCount=151
  procStatus VmRSS=179976 kB VmHWM=3143680 kB VmSize=17148520 kB VmSwap=2720 kB Threads=29 FDSize=256
2026-05-29 22:15:28.252 pid=7755 [runtime-memory] After model load cleanup model=Qwen3.5-2B-UD-Q8_K_XL.gguf
  javaUsed=2.6MB javaTotal=10.5MB javaMax=256.0MB nativeHeap=14.4MB nativeHeapFree=49.8MB nativeHeapSize=67.8MB
  pssTotal=27.9MB privateDirty=19.6MB sharedDirty=52.1MB nativePss=13.8MB dalvikPss=1.3MB otherPss=12.8MB
  systemAvail=14.3GB systemThreshold=216.0MB lowMemory=false trimLevel=0 importance=125 fdCount=151
  procStatus VmRSS=179992 kB VmHWM=3143680 kB VmSize=17148520 kB VmSwap=2720 kB Threads=29 FDSize=256
2026-05-29 22:15:29.454 pid=7755 [model-load-complete] config=Qwen3.5 2B model=Qwen3.5-2B-UD-Q8_K_XL.gguf mmproj=(none)
  javaUsed=2.6MB javaTotal=10.5MB javaMax=256.0MB nativeHeap=362.2MB nativeHeapFree=8.7MB nativeHeapSize=374.6MB
  pssTotal=2.9GB privateDirty=171.6MB sharedDirty=52.1MB nativePss=165.7MB dalvikPss=1.3MB otherPss=2.7GB
  systemAvail=14.1GB systemThreshold=216.0MB lowMemory=false trimLevel=0 importance=125 fdCount=151
  procStatus VmRSS=3150228 kB VmHWM=3150228 kB VmSize=20174740 kB VmSwap=2720 kB Threads=29 FDSize=256
2026-05-29 22:15:29.562 pid=7755 [generation-start] id=6 config=Qwen3.5 2B model=Qwen3.5-2B-UD-Q8_K_XL.gguf promptLen=1039 mediaCount=0
  javaUsed=2.8MB javaTotal=10.5MB javaMax=256.0MB nativeHeap=362.2MB nativeHeapFree=8.7MB nativeHeapSize=374.6MB
  pssTotal=2.9GB privateDirty=171.8MB sharedDirty=52.1MB nativePss=165.8MB dalvikPss=1.5MB otherPss=2.7GB
  systemAvail=14.1GB systemThreshold=216.0MB lowMemory=false trimLevel=0 importance=125 fdCount=151
  procStatus VmRSS=3150356 kB VmHWM=3150356 kB VmSize=20174740 kB VmSwap=2720 kB Threads=29 FDSize=256
2026-05-29 22:15:29.674 pid=7755 [generation-stage] id=6 stage=native-call-start
2026-05-29 22:16:18.634 pid=7755 [generation-stage] id=6 stage=native-call-end resultLen=133
2026-05-29 22:16:18.635 pid=7755 [generation-end] id=6 resultLen=133
  javaUsed=3.0MB javaTotal=10.5MB javaMax=256.0MB nativeHeap=363.5MB nativeHeapFree=8.5MB nativeHeapSize=375.7MB
  pssTotal=2.8GB privateDirty=154.4MB sharedDirty=52.1MB nativePss=148.2MB dalvikPss=1.7MB otherPss=2.7GB
  systemAvail=14.2GB systemThreshold=216.0MB lowMemory=false trimLevel=0 importance=125 fdCount=151
  procStatus VmRSS=3132380 kB VmHWM=3150356 kB VmSize=20174740 kB VmSwap=2720 kB Threads=29 FDSize=256
2026-05-29 22:16:18.744 pid=7755 [model-load] Loading configuration: Qwen3.5 2B
2026-05-29 22:16:18.744 pid=7755 [model-load-skip] config=Qwen3.5 2B model already loaded
  javaUsed=3.3MB javaTotal=10.5MB javaMax=256.0MB nativeHeap=363.5MB nativeHeapFree=8.5MB nativeHeapSize=375.7MB
  pssTotal=2.8GB privateDirty=154.5MB sharedDirty=52.1MB nativePss=148.2MB dalvikPss=1.8MB otherPss=2.7GB
  systemAvail=14.2GB systemThreshold=216.0MB lowMemory=false trimLevel=0 importance=125 fdCount=151
  procStatus VmRSS=3132508 kB VmHWM=3150356 kB VmSize=20174740 kB VmSwap=2720 kB Threads=29 FDSize=256
2026-05-29 22:16:18.863 pid=7755 [generation-start] id=7 config=Qwen3.5 2B model=Qwen3.5-2B-UD-Q8_K_XL.gguf promptLen=1039 mediaCount=0
  javaUsed=3.5MB javaTotal=10.5MB javaMax=256.0MB nativeHeap=363.5MB nativeHeapFree=8.5MB nativeHeapSize=375.7MB
  pssTotal=2.8GB privateDirty=154.7MB sharedDirty=52.1MB nativePss=148.2MB dalvikPss=2.0MB otherPss=2.7GB
  systemAvail=14.2GB systemThreshold=216.0MB lowMemory=false trimLevel=0 importance=125 fdCount=151
  procStatus VmRSS=3132764 kB VmHWM=3150356 kB VmSize=20174740 kB VmSwap=2720 kB Threads=29 FDSize=256
2026-05-29 22:16:18.979 pid=7755 [generation-stage] id=7 stage=native-call-start
2026-05-29 22:17:02.566 pid=7755 [generation-stage] id=7 stage=native-call-end resultLen=78
2026-05-29 22:17:02.566 pid=7755 [generation-end] id=7 resultLen=78
  javaUsed=3.6MB javaTotal=10.5MB javaMax=256.0MB nativeHeap=363.5MB nativeHeapFree=8.5MB nativeHeapSize=375.7MB
  pssTotal=2.8GB privateDirty=154.8MB sharedDirty=52.1MB nativePss=148.2MB dalvikPss=2.1MB otherPss=2.7GB
  systemAvail=14.3GB systemThreshold=216.0MB lowMemory=false trimLevel=0 importance=125 fdCount=151
  procStatus VmRSS=3133020 kB VmHWM=3150356 kB VmSize=20174740 kB VmSwap=2720 kB Threads=29 FDSize=256
2026-05-29 22:17:03.265 pid=7755 [model-load] Loading configuration: Qwen3.5 2B MTP
2026-05-29 22:17:03.545 pid=7755 [runtime-memory] Before model load model=Qwen3.5-2B-Q8_0.gguf
  javaUsed=3.9MB javaTotal=10.5MB javaMax=256.0MB nativeHeap=14.5MB nativeHeapFree=49.8MB nativeHeapSize=67.8MB
  pssTotal=29.0MB privateDirty=20.7MB sharedDirty=52.1MB nativePss=13.9MB dalvikPss=2.3MB otherPss=12.8MB
  systemAvail=14.4GB systemThreshold=216.0MB lowMemory=false trimLevel=0 importance=125 fdCount=151
  procStatus VmRSS=180840 kB VmHWM=3150356 kB VmSize=17148520 kB VmSwap=2720 kB Threads=29 FDSize=256
2026-05-29 22:17:03.597 pid=7755 [runtime-memory] After model load cleanup model=Qwen3.5-2B-Q8_0.gguf
  javaUsed=2.5MB javaTotal=10.5MB javaMax=256.0MB nativeHeap=14.4MB nativeHeapFree=49.8MB nativeHeapSize=67.8MB
  pssTotal=28.1MB privateDirty=19.7MB sharedDirty=52.1MB nativePss=14.0MB dalvikPss=1.3MB otherPss=12.8MB
  systemAvail=14.4GB systemThreshold=216.0MB lowMemory=false trimLevel=0 importance=125 fdCount=151
  procStatus VmRSS=180040 kB VmHWM=3150356 kB VmSize=17148520 kB VmSwap=2720 kB Threads=29 FDSize=256
2026-05-29 22:17:04.696 pid=7755 [model-load-complete] config=Qwen3.5 2B MTP model=Qwen3.5-2B-Q8_0.gguf mmproj=(none)
  javaUsed=2.7MB javaTotal=10.5MB javaMax=256.0MB nativeHeap=362.2MB nativeHeapFree=8.7MB nativeHeapSize=374.6MB
  pssTotal=2.1GB privateDirty=171.7MB sharedDirty=52.1MB nativePss=165.8MB dalvikPss=1.3MB otherPss=1.9GB
  systemAvail=14.2GB systemThreshold=216.0MB lowMemory=false trimLevel=0 importance=125 fdCount=151
  procStatus VmRSS=2352860 kB VmHWM=3150356 kB VmSize=19377436 kB VmSwap=2720 kB Threads=29 FDSize=256
2026-05-29 22:17:04.806 pid=7755 [generation-start] id=8 config=Qwen3.5 2B MTP model=Qwen3.5-2B-Q8_0.gguf promptLen=1060 mediaCount=0
  javaUsed=2.9MB javaTotal=10.5MB javaMax=256.0MB nativeHeap=362.2MB nativeHeapFree=8.7MB nativeHeapSize=374.6MB
  pssTotal=2.1GB privateDirty=171.9MB sharedDirty=52.1MB nativePss=165.9MB dalvikPss=1.5MB otherPss=1.9GB
  systemAvail=14.2GB systemThreshold=216.0MB lowMemory=false trimLevel=0 importance=125 fdCount=151
  procStatus VmRSS=2352848 kB VmHWM=3150356 kB VmSize=19377436 kB VmSwap=2720 kB Threads=29 FDSize=256
2026-05-29 22:17:04.919 pid=7755 [generation-stage] id=8 stage=native-call-start
2026-05-29 22:17:49.317 pid=7755 [generation-stage] id=8 stage=native-call-end resultLen=255
2026-05-29 22:17:49.318 pid=7755 [generation-end] id=8 resultLen=255
  javaUsed=2.7MB javaTotal=10.5MB javaMax=256.0MB nativeHeap=363.5MB nativeHeapFree=8.5MB nativeHeapSize=375.7MB
  pssTotal=2.1GB privateDirty=154.0MB sharedDirty=52.1MB nativePss=148.2MB dalvikPss=1.4MB otherPss=1.9GB
  systemAvail=14.0GB systemThreshold=216.0MB lowMemory=false trimLevel=0 importance=125 fdCount=151
  procStatus VmRSS=2334940 kB VmHWM=3150356 kB VmSize=19377436 kB VmSwap=2720 kB Threads=29 FDSize=256
2026-05-29 22:17:49.901 pid=7755 [model-load] Loading configuration: Qwen3.5 2B
2026-05-29 22:17:50.158 pid=7755 [runtime-memory] Before model load model=Qwen3.5-2B-UD-Q8_K_XL.gguf
  javaUsed=3.0MB javaTotal=10.5MB javaMax=256.0MB nativeHeap=14.5MB nativeHeapFree=49.8MB nativeHeapSize=67.8MB
  pssTotal=28.3MB privateDirty=19.9MB sharedDirty=52.1MB nativePss=13.8MB dalvikPss=1.6MB otherPss=12.8MB
  systemAvail=14.1GB systemThreshold=216.0MB lowMemory=false trimLevel=0 importance=125 fdCount=151
  procStatus VmRSS=180236 kB VmHWM=3150356 kB VmSize=17148520 kB VmSwap=2720 kB Threads=29 FDSize=256
2026-05-29 22:17:50.210 pid=7755 [runtime-memory] After model load cleanup model=Qwen3.5-2B-UD-Q8_K_XL.gguf
  javaUsed=2.6MB javaTotal=10.5MB javaMax=256.0MB nativeHeap=14.4MB nativeHeapFree=49.8MB nativeHeapSize=67.8MB
  pssTotal=28.0MB privateDirty=19.7MB sharedDirty=52.1MB nativePss=13.9MB dalvikPss=1.3MB otherPss=12.8MB
  systemAvail=14.1GB systemThreshold=216.0MB lowMemory=false trimLevel=0 importance=125 fdCount=151
  procStatus VmRSS=180056 kB VmHWM=3150356 kB VmSize=17148520 kB VmSwap=2720 kB Threads=29 FDSize=256
2026-05-29 22:17:51.398 pid=7755 [model-load-complete] config=Qwen3.5 2B model=Qwen3.5-2B-UD-Q8_K_XL.gguf mmproj=(none)
  javaUsed=2.6MB javaTotal=10.5MB javaMax=256.0MB nativeHeap=362.2MB nativeHeapFree=8.7MB nativeHeapSize=374.6MB
  pssTotal=2.9GB privateDirty=171.6MB sharedDirty=52.1MB nativePss=165.7MB dalvikPss=1.3MB otherPss=2.7GB
  systemAvail=13.9GB systemThreshold=216.0MB lowMemory=false trimLevel=0 importance=125 fdCount=151
  procStatus VmRSS=3150184 kB VmHWM=3150356 kB VmSize=20174740 kB VmSwap=2720 kB Threads=29 FDSize=256
2026-05-29 22:17:51.512 pid=7755 [generation-start] id=9 config=Qwen3.5 2B model=Qwen3.5-2B-UD-Q8_K_XL.gguf promptLen=1054 mediaCount=0
  javaUsed=2.8MB javaTotal=10.5MB javaMax=256.0MB nativeHeap=362.2MB nativeHeapFree=8.7MB nativeHeapSize=374.6MB
  pssTotal=2.9GB privateDirty=171.8MB sharedDirty=52.1MB nativePss=165.8MB dalvikPss=1.5MB otherPss=2.7GB
  systemAvail=13.9GB systemThreshold=216.0MB lowMemory=false trimLevel=0 importance=125 fdCount=151
  procStatus VmRSS=3150312 kB VmHWM=3150356 kB VmSize=20174740 kB VmSwap=2720 kB Threads=29 FDSize=256
2026-05-29 22:17:51.624 pid=7755 [generation-stage] id=9 stage=native-call-start
2026-05-29 22:18:29.755 pid=7755 [generation-stage] id=9 stage=native-call-end resultLen=134
2026-05-29 22:18:29.755 pid=7755 [generation-end] id=9 resultLen=134
  javaUsed=3.0MB javaTotal=10.5MB javaMax=256.0MB nativeHeap=363.5MB nativeHeapFree=8.5MB nativeHeapSize=375.7MB
  pssTotal=2.8GB privateDirty=154.3MB sharedDirty=52.1MB nativePss=148.2MB dalvikPss=1.6MB otherPss=2.7GB
  systemAvail=14.0GB systemThreshold=216.0MB lowMemory=false trimLevel=0 importance=125 fdCount=151
  procStatus VmRSS=3132316 kB VmHWM=3150440 kB VmSize=20174740 kB VmSwap=2720 kB Threads=29 FDSize=256
2026-05-29 22:18:30.464 pid=7755 [model-load] Loading configuration: Qwen3.5 2B MTP
2026-05-29 22:18:30.764 pid=7755 [runtime-memory] Before model load model=Qwen3.5-2B-Q8_0.gguf
  javaUsed=3.3MB javaTotal=10.5MB javaMax=256.0MB nativeHeap=14.5MB nativeHeapFree=49.8MB nativeHeapSize=67.8MB
  pssTotal=28.5MB privateDirty=20.2MB sharedDirty=52.1MB nativePss=13.9MB dalvikPss=1.8MB otherPss=12.8MB
  systemAvail=14.2GB systemThreshold=216.0MB lowMemory=false trimLevel=0 importance=125 fdCount=151
  procStatus VmRSS=180228 kB VmHWM=3150440 kB VmSize=17148520 kB VmSwap=2720 kB Threads=29 FDSize=256
2026-05-29 22:18:30.813 pid=7755 [runtime-memory] After model load cleanup model=Qwen3.5-2B-Q8_0.gguf
  javaUsed=2.6MB javaTotal=10.5MB javaMax=256.0MB nativeHeap=14.4MB nativeHeapFree=49.8MB nativeHeapSize=67.8MB
  pssTotal=28.0MB privateDirty=19.7MB sharedDirty=52.1MB nativePss=14.0MB dalvikPss=1.3MB otherPss=12.8MB
  systemAvail=14.2GB systemThreshold=216.0MB lowMemory=false trimLevel=0 importance=125 fdCount=151
  procStatus VmRSS=179700 kB VmHWM=3150440 kB VmSize=17148520 kB VmSwap=2720 kB Threads=29 FDSize=256
2026-05-29 22:18:31.360 pid=7755 [model-load-complete] config=Qwen3.5 2B MTP model=Qwen3.5-2B-Q8_0.gguf mmproj=(none)
  javaUsed=2.6MB javaTotal=10.5MB javaMax=256.0MB nativeHeap=362.2MB nativeHeapFree=8.7MB nativeHeapSize=374.6MB
  pssTotal=2.1GB privateDirty=171.7MB sharedDirty=52.1MB nativePss=165.8MB dalvikPss=1.3MB otherPss=1.9GB
  systemAvail=14.0GB systemThreshold=216.0MB lowMemory=false trimLevel=0 importance=125 fdCount=151
  procStatus VmRSS=2352520 kB VmHWM=3150440 kB VmSize=19377436 kB VmSwap=2720 kB Threads=29 FDSize=256
2026-05-29 22:18:31.477 pid=7755 [generation-start] id=10 config=Qwen3.5 2B MTP model=Qwen3.5-2B-Q8_0.gguf promptLen=1051 mediaCount=0
  javaUsed=2.8MB javaTotal=10.5MB javaMax=256.0MB nativeHeap=362.2MB nativeHeapFree=8.7MB nativeHeapSize=374.6MB
  pssTotal=2.1GB privateDirty=171.9MB sharedDirty=52.1MB nativePss=165.9MB dalvikPss=1.5MB otherPss=1.9GB
  systemAvail=14.0GB systemThreshold=216.0MB lowMemory=false trimLevel=0 importance=125 fdCount=151
  procStatus VmRSS=2352648 kB VmHWM=3150440 kB VmSize=19377436 kB VmSwap=2720 kB Threads=29 FDSize=256
2026-05-29 22:18:31.583 pid=7755 [generation-stage] id=10 stage=native-call-start
2026-05-29 22:19:01.339 pid=7755 [generation-stage] id=10 stage=native-call-end resultLen=37
2026-05-29 22:19:01.340 pid=7755 [generation-end] id=10 resultLen=37
  javaUsed=3.0MB javaTotal=10.5MB javaMax=256.0MB nativeHeap=363.5MB nativeHeapFree=8.5MB nativeHeapSize=375.7MB
  pssTotal=2.1GB privateDirty=154.3MB sharedDirty=52.1MB nativePss=148.1MB dalvikPss=1.7MB otherPss=1.9GB
  systemAvail=13.6GB systemThreshold=216.0MB lowMemory=false trimLevel=0 importance=125 fdCount=151
  procStatus VmRSS=2334308 kB VmHWM=3150440 kB VmSize=19377436 kB VmSwap=2720 kB Threads=29 FDSize=256
2026-05-29 22:19:02.026 pid=7755 [model-load] Loading configuration: Qwen3.5 2B
2026-05-29 22:19:02.317 pid=7755 [runtime-memory] Before model load model=Qwen3.5-2B-UD-Q8_K_XL.gguf
  javaUsed=2.8MB javaTotal=10.5MB javaMax=256.0MB nativeHeap=14.5MB nativeHeapFree=49.8MB nativeHeapSize=67.8MB
  pssTotal=28.1MB privateDirty=19.8MB sharedDirty=52.1MB nativePss=13.8MB dalvikPss=1.5MB otherPss=12.8MB
  systemAvail=13.8GB systemThreshold=216.0MB lowMemory=false trimLevel=0 importance=125 fdCount=151
  procStatus VmRSS=179756 kB VmHWM=3150440 kB VmSize=17148520 kB VmSwap=2720 kB Threads=29 FDSize=256
2026-05-29 22:19:02.374 pid=7755 [runtime-memory] After model load cleanup model=Qwen3.5-2B-UD-Q8_K_XL.gguf
  javaUsed=2.6MB javaTotal=10.5MB javaMax=256.0MB nativeHeap=14.4MB nativeHeapFree=49.8MB nativeHeapSize=67.8MB
  pssTotal=28.0MB privateDirty=19.7MB sharedDirty=52.1MB nativePss=13.9MB dalvikPss=1.3MB otherPss=12.8MB
  systemAvail=13.8GB systemThreshold=216.0MB lowMemory=false trimLevel=0 importance=125 fdCount=151
  procStatus VmRSS=179712 kB VmHWM=3150440 kB VmSize=17148520 kB VmSwap=2720 kB Threads=29 FDSize=256
2026-05-29 22:19:03.578 pid=7755 [model-load-complete] config=Qwen3.5 2B model=Qwen3.5-2B-UD-Q8_K_XL.gguf mmproj=(none)
  javaUsed=2.7MB javaTotal=10.5MB javaMax=256.0MB nativeHeap=362.2MB nativeHeapFree=8.7MB nativeHeapSize=374.6MB
  pssTotal=2.9GB privateDirty=171.6MB sharedDirty=52.1MB nativePss=165.7MB dalvikPss=1.3MB otherPss=2.7GB
  systemAvail=13.6GB systemThreshold=216.0MB lowMemory=false trimLevel=0 importance=125 fdCount=151
  procStatus VmRSS=3149832 kB VmHWM=3150440 kB VmSize=20174740 kB VmSwap=2720 kB Threads=29 FDSize=256
2026-05-29 22:19:03.696 pid=7755 [generation-start] id=11 config=Qwen3.5 2B model=Qwen3.5-2B-UD-Q8_K_XL.gguf promptLen=1054 mediaCount=0
  javaUsed=2.9MB javaTotal=10.5MB javaMax=256.0MB nativeHeap=362.2MB nativeHeapFree=8.7MB nativeHeapSize=374.6MB
  pssTotal=2.9GB privateDirty=171.8MB sharedDirty=52.1MB nativePss=165.8MB dalvikPss=1.5MB otherPss=2.7GB
  systemAvail=13.6GB systemThreshold=216.0MB lowMemory=false trimLevel=0 importance=125 fdCount=151
  procStatus VmRSS=3149960 kB VmHWM=3150440 kB VmSize=20174740 kB VmSwap=2720 kB Threads=29 FDSize=256
2026-05-29 22:19:03.815 pid=7755 [generation-stage] id=11 stage=native-call-start
2026-05-29 22:19:45.808 pid=7755 [generation-stage] id=11 stage=native-call-end resultLen=96
2026-05-29 22:19:45.809 pid=7755 [generation-end] id=11 resultLen=96
  javaUsed=3.0MB javaTotal=10.5MB javaMax=256.0MB nativeHeap=363.5MB nativeHeapFree=8.5MB nativeHeapSize=375.7MB
  pssTotal=2.8GB privateDirty=154.4MB sharedDirty=52.1MB nativePss=148.2MB dalvikPss=1.7MB otherPss=2.7GB
  systemAvail=13.8GB systemThreshold=216.0MB lowMemory=false trimLevel=0 importance=125 fdCount=151
  procStatus VmRSS=3131968 kB VmHWM=3150440 kB VmSize=20174740 kB VmSwap=2720 kB Threads=29 FDSize=256
2026-05-29 22:19:46.364 pid=7755 [model-load] Loading configuration: Qwen3.5 2B MTP
2026-05-29 22:19:46.564 pid=7755 [runtime-memory] Before model load model=Qwen3.5-2B-Q8_0.gguf
  javaUsed=3.3MB javaTotal=10.5MB javaMax=256.0MB nativeHeap=14.5MB nativeHeapFree=49.8MB nativeHeapSize=67.8MB
  pssTotal=28.4MB privateDirty=20.2MB sharedDirty=52.1MB nativePss=13.9MB dalvikPss=1.8MB otherPss=12.7MB
  systemAvail=13.9GB systemThreshold=216.0MB lowMemory=false trimLevel=0 importance=125 fdCount=151
  procStatus VmRSS=179952 kB VmHWM=3150440 kB VmSize=17148520 kB VmSwap=2720 kB Threads=29 FDSize=256
2026-05-29 22:19:46.595 pid=7755 [runtime-memory] After model load cleanup model=Qwen3.5-2B-Q8_0.gguf
  javaUsed=2.6MB javaTotal=10.5MB javaMax=256.0MB nativeHeap=14.5MB nativeHeapFree=49.8MB nativeHeapSize=67.8MB
  pssTotal=28.1MB privateDirty=19.9MB sharedDirty=52.1MB nativePss=14.1MB dalvikPss=1.3MB otherPss=12.7MB
  systemAvail=13.9GB systemThreshold=216.0MB lowMemory=false trimLevel=0 importance=125 fdCount=151
  procStatus VmRSS=180612 kB VmHWM=3150440 kB VmSize=17148904 kB VmSwap=2720 kB Threads=29 FDSize=256
2026-05-29 22:19:47.139 pid=7755 [model-load-complete] config=Qwen3.5 2B MTP model=Qwen3.5-2B-Q8_0.gguf mmproj=(none)
  javaUsed=2.6MB javaTotal=10.5MB javaMax=256.0MB nativeHeap=362.2MB nativeHeapFree=8.7MB nativeHeapSize=374.6MB
  pssTotal=2.1GB privateDirty=171.6MB sharedDirty=52.1MB nativePss=165.8MB dalvikPss=1.3MB otherPss=1.9GB
  systemAvail=13.7GB systemThreshold=216.0MB lowMemory=false trimLevel=0 importance=125 fdCount=151
  procStatus VmRSS=2353076 kB VmHWM=3150440 kB VmSize=19377820 kB VmSwap=2720 kB Threads=29 FDSize=256
2026-05-29 22:19:47.208 pid=7755 [generation-start] id=12 config=Qwen3.5 2B MTP model=Qwen3.5-2B-Q8_0.gguf promptLen=1060 mediaCount=0
  javaUsed=2.8MB javaTotal=10.5MB javaMax=256.0MB nativeHeap=362.2MB nativeHeapFree=8.7MB nativeHeapSize=374.6MB
  pssTotal=2.1GB privateDirty=171.9MB sharedDirty=52.1MB nativePss=165.9MB dalvikPss=1.5MB otherPss=1.9GB
  systemAvail=13.7GB systemThreshold=216.0MB lowMemory=false trimLevel=0 importance=125 fdCount=151
  procStatus VmRSS=2353204 kB VmHWM=3150440 kB VmSize=19377820 kB VmSwap=2720 kB Threads=29 FDSize=256
2026-05-29 22:19:47.274 pid=7755 [generation-stage] id=12 stage=native-call-start
2026-05-29 22:20:12.591 pid=7755 [generation-stage] id=12 stage=native-call-end resultLen=38
2026-05-29 22:20:12.591 pid=7755 [generation-end] id=12 resultLen=38
  javaUsed=3.0MB javaTotal=10.5MB javaMax=256.0MB nativeHeap=363.5MB nativeHeapFree=8.5MB nativeHeapSize=375.7MB
  pssTotal=2.1GB privateDirty=154.3MB sharedDirty=52.1MB nativePss=148.2MB dalvikPss=1.6MB otherPss=1.9GB
  systemAvail=14.0GB systemThreshold=216.0MB lowMemory=false trimLevel=0 importance=125 fdCount=151
  procStatus VmRSS=2335720 kB VmHWM=3150440 kB VmSize=19377820 kB VmSwap=2720 kB Threads=29 FDSize=256
2026-05-29 22:20:12.704 pid=7755 [model-load] Loading configuration: Qwen3.5 2B MTP
2026-05-29 22:20:12.705 pid=7755 [model-load-skip] config=Qwen3.5 2B MTP model already loaded
  javaUsed=3.3MB javaTotal=10.5MB javaMax=256.0MB nativeHeap=363.5MB nativeHeapFree=8.5MB nativeHeapSize=375.7MB
  pssTotal=2.1GB privateDirty=154.4MB sharedDirty=52.1MB nativePss=148.2MB dalvikPss=1.8MB otherPss=1.9GB
  systemAvail=14.0GB systemThreshold=216.0MB lowMemory=false trimLevel=0 importance=125 fdCount=151
  procStatus VmRSS=2335296 kB VmHWM=3150440 kB VmSize=19377820 kB VmSwap=2720 kB Threads=29 FDSize=256
2026-05-29 22:20:12.820 pid=7755 [generation-start] id=13 config=Qwen3.5 2B MTP model=Qwen3.5-2B-Q8_0.gguf promptLen=1060 mediaCount=0
  javaUsed=2.8MB javaTotal=10.5MB javaMax=256.0MB nativeHeap=363.5MB nativeHeapFree=8.5MB nativeHeapSize=375.7MB
  pssTotal=2.1GB privateDirty=154.1MB sharedDirty=52.1MB nativePss=148.2MB dalvikPss=1.4MB otherPss=1.9GB
  systemAvail=14.0GB systemThreshold=216.0MB lowMemory=false trimLevel=0 importance=125 fdCount=151
  procStatus VmRSS=2335424 kB VmHWM=3150440 kB VmSize=19377820 kB VmSwap=2720 kB Threads=29 FDSize=256
2026-05-29 22:20:12.932 pid=7755 [generation-stage] id=13 stage=native-call-start
2026-05-29 22:20:50.619 pid=7755 [generation-stage] id=13 stage=native-call-end resultLen=58
2026-05-29 22:20:50.619 pid=7755 [generation-end] id=13 resultLen=58
  javaUsed=2.9MB javaTotal=10.5MB javaMax=256.0MB nativeHeap=363.5MB nativeHeapFree=8.6MB nativeHeapSize=375.7MB
  pssTotal=2.1GB privateDirty=154.3MB sharedDirty=52.1MB nativePss=148.3MB dalvikPss=1.6MB otherPss=1.9GB
  systemAvail=14.0GB systemThreshold=216.0MB lowMemory=false trimLevel=0 importance=125 fdCount=151
  procStatus VmRSS=2335808 kB VmHWM=3150440 kB VmSize=19377820 kB VmSwap=2720 kB Threads=29 FDSize=256
2026-05-29 22:20:51.335 pid=7755 [model-load] Loading configuration: Qwen3.5 2B
2026-05-29 22:20:51.611 pid=7755 [runtime-memory] Before model load model=Qwen3.5-2B-UD-Q8_K_XL.gguf
  javaUsed=3.2MB javaTotal=10.5MB javaMax=256.0MB nativeHeap=14.5MB nativeHeapFree=49.9MB nativeHeapSize=67.8MB
  pssTotal=28.4MB privateDirty=20.1MB sharedDirty=52.1MB nativePss=13.9MB dalvikPss=1.7MB otherPss=12.8MB
  systemAvail=14.1GB systemThreshold=216.0MB lowMemory=false trimLevel=0 importance=125 fdCount=151
  procStatus VmRSS=181008 kB VmHWM=3150440 kB VmSize=17148904 kB VmSwap=2720 kB Threads=29 FDSize=256
2026-05-29 22:20:51.664 pid=7755 [runtime-memory] After model load cleanup model=Qwen3.5-2B-UD-Q8_K_XL.gguf
  javaUsed=2.6MB javaTotal=10.5MB javaMax=256.0MB nativeHeap=14.5MB nativeHeapFree=49.9MB nativeHeapSize=67.8MB
  pssTotal=28.0MB privateDirty=19.7MB sharedDirty=52.1MB nativePss=14.0MB dalvikPss=1.3MB otherPss=12.8MB
  systemAvail=14.1GB systemThreshold=216.0MB lowMemory=false trimLevel=0 importance=125 fdCount=151
  procStatus VmRSS=180680 kB VmHWM=3150440 kB VmSize=17148904 kB VmSwap=2720 kB Threads=29 FDSize=256
2026-05-29 22:20:52.823 pid=7755 [model-load-complete] config=Qwen3.5 2B model=Qwen3.5-2B-UD-Q8_K_XL.gguf mmproj=(none)
  javaUsed=2.6MB javaTotal=10.5MB javaMax=256.0MB nativeHeap=362.2MB nativeHeapFree=8.8MB nativeHeapSize=374.6MB
  pssTotal=2.9GB privateDirty=171.6MB sharedDirty=52.1MB nativePss=165.8MB dalvikPss=1.3MB otherPss=2.7GB
  systemAvail=14.0GB systemThreshold=216.0MB lowMemory=false trimLevel=0 importance=125 fdCount=151
  procStatus VmRSS=3150696 kB VmHWM=3150696 kB VmSize=20175124 kB VmSwap=2720 kB Threads=29 FDSize=256
2026-05-29 22:20:52.941 pid=7755 [generation-start] id=14 config=Qwen3.5 2B model=Qwen3.5-2B-UD-Q8_K_XL.gguf promptLen=1069 mediaCount=0
  javaUsed=2.8MB javaTotal=10.5MB javaMax=256.0MB nativeHeap=362.2MB nativeHeapFree=8.8MB nativeHeapSize=374.6MB
  pssTotal=2.9GB privateDirty=171.8MB sharedDirty=52.1MB nativePss=165.9MB dalvikPss=1.5MB otherPss=2.7GB
  systemAvail=14.0GB systemThreshold=216.0MB lowMemory=false trimLevel=0 importance=125 fdCount=151
  procStatus VmRSS=3150952 kB VmHWM=3150952 kB VmSize=20175124 kB VmSwap=2720 kB Threads=29 FDSize=256
2026-05-29 22:20:53.057 pid=7755 [generation-stage] id=14 stage=native-call-start
2026-05-29 22:21:38.205 pid=7755 [generation-stage] id=14 stage=native-call-end resultLen=70
2026-05-29 22:21:38.205 pid=7755 [generation-end] id=14 resultLen=70
  javaUsed=3.0MB javaTotal=10.5MB javaMax=256.0MB nativeHeap=363.5MB nativeHeapFree=8.6MB nativeHeapSize=375.7MB
  pssTotal=2.8GB privateDirty=154.3MB sharedDirty=52.1MB nativePss=148.2MB dalvikPss=1.6MB otherPss=2.7GB
  systemAvail=14.0GB systemThreshold=216.0MB lowMemory=false trimLevel=0 importance=125 fdCount=151
  procStatus VmRSS=3133016 kB VmHWM=3151080 kB VmSize=20175124 kB VmSwap=2720 kB Threads=29 FDSize=256
2026-05-29 22:21:38.811 pid=7755 [model-load] Loading configuration: Qwen3.5 2B MTP
2026-05-29 22:21:39.099 pid=7755 [runtime-memory] Before model load model=Qwen3.5-2B-Q8_0.gguf
  javaUsed=3.2MB javaTotal=10.5MB javaMax=256.0MB nativeHeap=14.5MB nativeHeapFree=49.9MB nativeHeapSize=67.8MB
  pssTotal=28.5MB privateDirty=20.2MB sharedDirty=52.1MB nativePss=13.9MB dalvikPss=1.8MB otherPss=12.8MB
  systemAvail=14.1GB systemThreshold=216.0MB lowMemory=false trimLevel=0 importance=125 fdCount=151
  procStatus VmRSS=180948 kB VmHWM=3151080 kB VmSize=17148904 kB VmSwap=2720 kB Threads=29 FDSize=256
2026-05-29 22:21:39.153 pid=7755 [runtime-memory] After model load cleanup model=Qwen3.5-2B-Q8_0.gguf
  javaUsed=2.6MB javaTotal=10.5MB javaMax=256.0MB nativeHeap=14.5MB nativeHeapFree=49.9MB nativeHeapSize=67.8MB
  pssTotal=28.1MB privateDirty=19.7MB sharedDirty=52.1MB nativePss=14.0MB dalvikPss=1.3MB otherPss=12.8MB
  systemAvail=14.1GB systemThreshold=216.0MB lowMemory=false trimLevel=0 importance=125 fdCount=151
  procStatus VmRSS=180792 kB VmHWM=3151080 kB VmSize=17148904 kB VmSwap=2720 kB Threads=29 FDSize=256
2026-05-29 22:21:40.242 pid=7755 [model-load-complete] config=Qwen3.5 2B MTP model=Qwen3.5-2B-Q8_0.gguf mmproj=(none)
  javaUsed=2.6MB javaTotal=10.5MB javaMax=256.0MB nativeHeap=362.2MB nativeHeapFree=8.8MB nativeHeapSize=374.6MB
  pssTotal=2.1GB privateDirty=171.7MB sharedDirty=52.1MB nativePss=165.8MB dalvikPss=1.3MB otherPss=1.9GB
  systemAvail=14.0GB systemThreshold=216.0MB lowMemory=false trimLevel=0 importance=125 fdCount=151
  procStatus VmRSS=2353612 kB VmHWM=3151080 kB VmSize=19377820 kB VmSwap=2720 kB Threads=29 FDSize=256
2026-05-29 22:21:40.350 pid=7755 [generation-start] id=15 config=Qwen3.5 2B MTP model=Qwen3.5-2B-Q8_0.gguf promptLen=1066 mediaCount=0
  javaUsed=2.8MB javaTotal=10.5MB javaMax=256.0MB nativeHeap=362.2MB nativeHeapFree=8.8MB nativeHeapSize=374.6MB
  pssTotal=2.1GB privateDirty=171.9MB sharedDirty=52.1MB nativePss=165.9MB dalvikPss=1.5MB otherPss=1.9GB
  systemAvail=14.0GB systemThreshold=216.0MB lowMemory=false trimLevel=0 importance=125 fdCount=151
  procStatus VmRSS=2353524 kB VmHWM=3151080 kB VmSize=19377820 kB VmSwap=2720 kB Threads=29 FDSize=256
2026-05-29 22:21:40.464 pid=7755 [generation-stage] id=15 stage=native-call-start
2026-05-29 22:22:13.070 pid=7755 [generation-stage] id=15 stage=native-call-end resultLen=66
2026-05-29 22:22:13.070 pid=7755 [generation-end] id=15 resultLen=66
  javaUsed=2.7MB javaTotal=10.5MB javaMax=256.0MB nativeHeap=363.5MB nativeHeapFree=8.7MB nativeHeapSize=375.7MB
  pssTotal=2.1GB privateDirty=154.0MB sharedDirty=52.1MB nativePss=148.2MB dalvikPss=1.4MB otherPss=1.9GB
  systemAvail=13.6GB systemThreshold=216.0MB lowMemory=false trimLevel=0 importance=125 fdCount=151
  procStatus VmRSS=2335548 kB VmHWM=3151080 kB VmSize=19377820 kB VmSwap=2720 kB Threads=29 FDSize=256
2026-05-29 22:22:13.766 pid=7755 [model-load] Loading configuration: Qwen3.5 2B
2026-05-29 22:22:14.040 pid=7755 [runtime-memory] Before model load model=Qwen3.5-2B-UD-Q8_K_XL.gguf
  javaUsed=3.0MB javaTotal=10.5MB javaMax=256.0MB nativeHeap=14.5MB nativeHeapFree=49.9MB nativeHeapSize=67.8MB
  pssTotal=28.3MB privateDirty=20.0MB sharedDirty=52.1MB nativePss=13.9MB dalvikPss=1.6MB otherPss=12.8MB
  systemAvail=13.8GB systemThreshold=216.0MB lowMemory=false trimLevel=0 importance=125 fdCount=151
  procStatus VmRSS=180844 kB VmHWM=3151080 kB VmSize=17148904 kB VmSwap=2720 kB Threads=29 FDSize=256
2026-05-29 22:22:14.099 pid=7755 [runtime-memory] After model load cleanup model=Qwen3.5-2B-UD-Q8_K_XL.gguf
  javaUsed=2.6MB javaTotal=10.5MB javaMax=256.0MB nativeHeap=14.5MB nativeHeapFree=49.9MB nativeHeapSize=67.8MB
  pssTotal=28.0MB privateDirty=19.7MB sharedDirty=52.1MB nativePss=14.0MB dalvikPss=1.3MB otherPss=12.8MB
  systemAvail=13.8GB systemThreshold=216.0MB lowMemory=false trimLevel=0 importance=125 fdCount=151
  procStatus VmRSS=180824 kB VmHWM=3151080 kB VmSize=17148904 kB VmSwap=2720 kB Threads=29 FDSize=256
2026-05-29 22:22:15.253 pid=7755 [model-load-complete] config=Qwen3.5 2B model=Qwen3.5-2B-UD-Q8_K_XL.gguf mmproj=(none)
  javaUsed=2.7MB javaTotal=10.5MB javaMax=256.0MB nativeHeap=362.2MB nativeHeapFree=8.8MB nativeHeapSize=374.6MB
  pssTotal=2.9GB privateDirty=171.7MB sharedDirty=52.1MB nativePss=165.8MB dalvikPss=1.3MB otherPss=2.7GB
  systemAvail=13.6GB systemThreshold=216.0MB lowMemory=false trimLevel=0 importance=125 fdCount=151
  procStatus VmRSS=3150952 kB VmHWM=3151080 kB VmSize=20175124 kB VmSwap=2720 kB Threads=29 FDSize=256
2026-05-29 22:22:15.377 pid=7755 [generation-start] id=16 config=Qwen3.5 2B model=Qwen3.5-2B-UD-Q8_K_XL.gguf promptLen=1069 mediaCount=0
  javaUsed=2.9MB javaTotal=10.5MB javaMax=256.0MB nativeHeap=362.2MB nativeHeapFree=8.8MB nativeHeapSize=374.6MB
  pssTotal=2.9GB privateDirty=171.8MB sharedDirty=52.1MB nativePss=165.9MB dalvikPss=1.5MB otherPss=2.7GB
  systemAvail=13.6GB systemThreshold=216.0MB lowMemory=false trimLevel=0 importance=125 fdCount=151
  procStatus VmRSS=3151080 kB VmHWM=3151080 kB VmSize=20175124 kB VmSwap=2720 kB Threads=29 FDSize=256
2026-05-29 22:22:15.498 pid=7755 [generation-stage] id=16 stage=native-call-start
2026-05-29 22:22:51.200 pid=7755 [generation-stage] id=16 stage=native-call-end resultLen=51
2026-05-29 22:22:51.200 pid=7755 [generation-end] id=16 resultLen=51
  javaUsed=3.0MB javaTotal=10.5MB javaMax=256.0MB nativeHeap=363.5MB nativeHeapFree=8.6MB nativeHeapSize=375.7MB
  pssTotal=2.8GB privateDirty=154.3MB sharedDirty=52.1MB nativePss=148.2MB dalvikPss=1.6MB otherPss=2.7GB
  systemAvail=13.7GB systemThreshold=216.0MB lowMemory=false trimLevel=0 importance=125 fdCount=151
  procStatus VmRSS=3132684 kB VmHWM=3151208 kB VmSize=20175124 kB VmSwap=2720 kB Threads=29 FDSize=256
2026-05-29 22:22:51.754 pid=7755 [model-load] Loading configuration: Qwen3.5 2B MTP
2026-05-29 22:22:51.946 pid=7755 [runtime-memory] Before model load model=Qwen3.5-2B-Q8_0.gguf
  javaUsed=3.3MB javaTotal=10.5MB javaMax=256.0MB nativeHeap=14.5MB nativeHeapFree=49.9MB nativeHeapSize=67.8MB
  pssTotal=28.5MB privateDirty=20.2MB sharedDirty=52.1MB nativePss=13.9MB dalvikPss=1.8MB otherPss=12.8MB
  systemAvail=13.9GB systemThreshold=216.0MB lowMemory=false trimLevel=0 importance=125 fdCount=151
  procStatus VmRSS=180972 kB VmHWM=3151208 kB VmSize=17148904 kB VmSwap=2720 kB Threads=29 FDSize=256
2026-05-29 22:22:51.977 pid=7755 [runtime-memory] After model load cleanup model=Qwen3.5-2B-Q8_0.gguf
  javaUsed=2.6MB javaTotal=10.5MB javaMax=256.0MB nativeHeap=14.5MB nativeHeapFree=49.9MB nativeHeapSize=67.8MB
  pssTotal=28.1MB privateDirty=19.8MB sharedDirty=52.1MB nativePss=14.0MB dalvikPss=1.3MB otherPss=12.8MB
  systemAvail=13.9GB systemThreshold=216.0MB lowMemory=false trimLevel=0 importance=125 fdCount=151
  procStatus VmRSS=180564 kB VmHWM=3151208 kB VmSize=17148904 kB VmSwap=2720 kB Threads=29 FDSize=256
2026-05-29 22:22:52.503 pid=7755 [model-load-complete] config=Qwen3.5 2B MTP model=Qwen3.5-2B-Q8_0.gguf mmproj=(none)
  javaUsed=2.7MB javaTotal=10.5MB javaMax=256.0MB nativeHeap=362.2MB nativeHeapFree=8.8MB nativeHeapSize=374.6MB
  pssTotal=2.1GB privateDirty=171.8MB sharedDirty=52.1MB nativePss=165.9MB dalvikPss=1.3MB otherPss=1.9GB
  systemAvail=13.7GB systemThreshold=216.0MB lowMemory=false trimLevel=0 importance=125 fdCount=151
  procStatus VmRSS=2353384 kB VmHWM=3151208 kB VmSize=19377820 kB VmSwap=2720 kB Threads=29 FDSize=256
2026-05-29 22:22:52.569 pid=7755 [generation-start] id=17 config=Qwen3.5 2B MTP model=Qwen3.5-2B-Q8_0.gguf promptLen=1057 mediaCount=0
  javaUsed=2.9MB javaTotal=10.5MB javaMax=256.0MB nativeHeap=362.2MB nativeHeapFree=8.8MB nativeHeapSize=374.6MB
  pssTotal=2.1GB privateDirty=172.0MB sharedDirty=52.1MB nativePss=166.0MB dalvikPss=1.5MB otherPss=1.9GB
  systemAvail=13.7GB systemThreshold=216.0MB lowMemory=false trimLevel=0 importance=125 fdCount=151
  procStatus VmRSS=2353640 kB VmHWM=3151208 kB VmSize=19377820 kB VmSwap=2720 kB Threads=29 FDSize=256
2026-05-29 22:22:52.632 pid=7755 [generation-stage] id=17 stage=native-call-start
2026-05-29 22:23:21.321 pid=7755 [generation-stage] id=17 stage=native-call-end resultLen=42
2026-05-29 22:23:21.321 pid=7755 [generation-end] id=17 resultLen=42
  javaUsed=3.0MB javaTotal=10.5MB javaMax=256.0MB nativeHeap=363.5MB nativeHeapFree=8.6MB nativeHeapSize=375.7MB
  pssTotal=2.1GB privateDirty=154.4MB sharedDirty=52.1MB nativePss=148.3MB dalvikPss=1.6MB otherPss=1.9GB
  systemAvail=13.7GB systemThreshold=216.0MB lowMemory=false trimLevel=0 importance=125 fdCount=151
  procStatus VmRSS=2336060 kB VmHWM=3151208 kB VmSize=19377820 kB VmSwap=2720 kB Threads=29 FDSize=256
2026-05-29 22:23:22.028 pid=7755 [model-load] Loading configuration: Qwen3.5 2B
2026-05-29 22:23:22.299 pid=7755 [runtime-memory] Before model load model=Qwen3.5-2B-UD-Q8_K_XL.gguf
  javaUsed=2.6MB javaTotal=10.5MB javaMax=256.0MB nativeHeap=14.5MB nativeHeapFree=49.9MB nativeHeapSize=67.8MB
  pssTotal=27.9MB privateDirty=19.6MB sharedDirty=52.1MB nativePss=13.8MB dalvikPss=1.3MB otherPss=12.8MB
  systemAvail=13.8GB systemThreshold=216.0MB lowMemory=false trimLevel=0 importance=125 fdCount=151
  procStatus VmRSS=180692 kB VmHWM=3151208 kB VmSize=17148904 kB VmSwap=2720 kB Threads=29 FDSize=256
2026-05-29 22:23:22.354 pid=7755 [runtime-memory] After model load cleanup model=Qwen3.5-2B-UD-Q8_K_XL.gguf
  javaUsed=2.5MB javaTotal=10.5MB javaMax=256.0MB nativeHeap=14.5MB nativeHeapFree=49.9MB nativeHeapSize=67.8MB
  pssTotal=28.0MB privateDirty=19.7MB sharedDirty=52.1MB nativePss=13.9MB dalvikPss=1.3MB otherPss=12.8MB
  systemAvail=13.8GB systemThreshold=216.0MB lowMemory=false trimLevel=0 importance=125 fdCount=151
  procStatus VmRSS=180904 kB VmHWM=3151208 kB VmSize=17148904 kB VmSwap=2720 kB Threads=29 FDSize=256
2026-05-29 22:23:23.607 pid=7755 [model-load-complete] config=Qwen3.5 2B model=Qwen3.5-2B-UD-Q8_K_XL.gguf mmproj=(none)
  javaUsed=2.6MB javaTotal=10.5MB javaMax=256.0MB nativeHeap=362.2MB nativeHeapFree=8.8MB nativeHeapSize=374.6MB
  pssTotal=2.9GB privateDirty=171.6MB sharedDirty=52.1MB nativePss=165.7MB dalvikPss=1.3MB otherPss=2.7GB
  systemAvail=13.5GB systemThreshold=216.0MB lowMemory=false trimLevel=0 importance=125 fdCount=151
  procStatus VmRSS=3150972 kB VmHWM=3151208 kB VmSize=20175124 kB VmSwap=2720 kB Threads=29 FDSize=256
2026-05-29 22:23:23.720 pid=7755 [generation-start] id=18 config=Qwen3.5 2B model=Qwen3.5-2B-UD-Q8_K_XL.gguf promptLen=1075 mediaCount=0
  javaUsed=2.8MB javaTotal=10.5MB javaMax=256.0MB nativeHeap=362.2MB nativeHeapFree=8.8MB nativeHeapSize=374.6MB
  pssTotal=2.9GB privateDirty=171.8MB sharedDirty=52.1MB nativePss=165.8MB dalvikPss=1.5MB otherPss=2.7GB
  systemAvail=13.5GB systemThreshold=216.0MB lowMemory=false trimLevel=0 importance=125 fdCount=151
  procStatus VmRSS=3151100 kB VmHWM=3151208 kB VmSize=20175124 kB VmSwap=2720 kB Threads=29 FDSize=256
2026-05-29 22:23:23.832 pid=7755 [generation-stage] id=18 stage=native-call-start
2026-05-29 22:24:18.115 pid=7755 [generation-stage] id=18 stage=native-call-end resultLen=53
2026-05-29 22:24:18.118 pid=7755 [generation-end] id=18 resultLen=53
  javaUsed=3.0MB javaTotal=10.5MB javaMax=256.0MB nativeHeap=363.5MB nativeHeapFree=8.6MB nativeHeapSize=375.7MB
  pssTotal=2.8GB privateDirty=154.3MB sharedDirty=52.1MB nativePss=148.3MB dalvikPss=1.6MB otherPss=2.7GB
  systemAvail=13.8GB systemThreshold=216.0MB lowMemory=false trimLevel=0 importance=125 fdCount=151
  procStatus VmRSS=3133228 kB VmHWM=3151208 kB VmSize=20175124 kB VmSwap=2720 kB Threads=29 FDSize=256
2026-05-29 22:24:18.776 pid=7755 [model-load] Loading configuration: Qwen3.5 2B MTP
2026-05-29 22:24:19.085 pid=7755 [runtime-memory] Before model load model=Qwen3.5-2B-Q8_0.gguf
  javaUsed=3.3MB javaTotal=10.5MB javaMax=256.0MB nativeHeap=14.5MB nativeHeapFree=49.9MB nativeHeapSize=67.8MB
  pssTotal=28.5MB privateDirty=20.2MB sharedDirty=52.1MB nativePss=13.9MB dalvikPss=1.8MB otherPss=12.7MB
  systemAvail=13.9GB systemThreshold=216.0MB lowMemory=false trimLevel=0 importance=125 fdCount=151
  procStatus VmRSS=181348 kB VmHWM=3151208 kB VmSize=17148904 kB VmSwap=2720 kB Threads=29 FDSize=256
2026-05-29 22:24:19.142 pid=7755 [runtime-memory] After model load cleanup model=Qwen3.5-2B-Q8_0.gguf
  javaUsed=2.6MB javaTotal=10.5MB javaMax=256.0MB nativeHeap=14.5MB nativeHeapFree=49.9MB nativeHeapSize=67.8MB
  pssTotal=28.0MB privateDirty=19.8MB sharedDirty=52.1MB nativePss=14.0MB dalvikPss=1.3MB otherPss=12.8MB
  systemAvail=13.9GB systemThreshold=216.0MB lowMemory=false trimLevel=0 importance=125 fdCount=151
  procStatus VmRSS=180860 kB VmHWM=3151208 kB VmSize=17148904 kB VmSwap=2720 kB Threads=29 FDSize=256
2026-05-29 22:24:20.340 pid=7755 [model-load-complete] config=Qwen3.5 2B MTP model=Qwen3.5-2B-Q8_0.gguf mmproj=(none)
  javaUsed=2.6MB javaTotal=10.5MB javaMax=256.0MB nativeHeap=362.2MB nativeHeapFree=8.8MB nativeHeapSize=374.6MB
  pssTotal=2.1GB privateDirty=171.6MB sharedDirty=52.1MB nativePss=165.8MB dalvikPss=1.3MB otherPss=1.9GB
  systemAvail=13.7GB systemThreshold=216.0MB lowMemory=false trimLevel=0 importance=125 fdCount=151
  procStatus VmRSS=2353444 kB VmHWM=3151208 kB VmSize=19377820 kB VmSwap=2720 kB Threads=29 FDSize=256
2026-05-29 22:24:20.456 pid=7755 [generation-start] id=19 config=Qwen3.5 2B MTP model=Qwen3.5-2B-Q8_0.gguf promptLen=1063 mediaCount=0
  javaUsed=2.8MB javaTotal=10.5MB javaMax=256.0MB nativeHeap=362.2MB nativeHeapFree=8.8MB nativeHeapSize=374.6MB
  pssTotal=2.1GB privateDirty=171.8MB sharedDirty=52.1MB nativePss=165.8MB dalvikPss=1.5MB otherPss=1.9GB
  systemAvail=13.7GB systemThreshold=216.0MB lowMemory=false trimLevel=0 importance=125 fdCount=151
  procStatus VmRSS=2353572 kB VmHWM=3151208 kB VmSize=19377820 kB VmSwap=2720 kB Threads=29 FDSize=256
2026-05-29 22:24:20.572 pid=7755 [generation-stage] id=19 stage=native-call-start
2026-05-29 22:24:45.655 pid=7755 [generation-stage] id=19 stage=native-call-end resultLen=42
2026-05-29 22:24:45.656 pid=7755 [generation-end] id=19 resultLen=42
  javaUsed=3.0MB javaTotal=10.5MB javaMax=256.0MB nativeHeap=363.5MB nativeHeapFree=8.6MB nativeHeapSize=375.7MB
  pssTotal=2.1GB privateDirty=154.3MB sharedDirty=52.1MB nativePss=148.2MB dalvikPss=1.6MB otherPss=1.9GB
  systemAvail=13.8GB systemThreshold=216.0MB lowMemory=false trimLevel=0 importance=125 fdCount=151
  procStatus VmRSS=2335656 kB VmHWM=3151208 kB VmSize=19377820 kB VmSwap=2720 kB Threads=29 FDSize=256
2026-05-29 22:24:46.258 pid=7755 [model-load] Loading configuration: Qwen3.5 2B
2026-05-29 22:24:46.536 pid=7755 [runtime-memory] Before model load model=Qwen3.5-2B-UD-Q8_K_XL.gguf
  javaUsed=3.3MB javaTotal=10.5MB javaMax=256.0MB nativeHeap=14.5MB nativeHeapFree=49.9MB nativeHeapSize=67.8MB
  pssTotal=28.5MB privateDirty=20.2MB sharedDirty=52.1MB nativePss=13.9MB dalvikPss=1.8MB otherPss=12.8MB
  systemAvail=14.0GB systemThreshold=216.0MB lowMemory=false trimLevel=0 importance=125 fdCount=151
  procStatus VmRSS=181064 kB VmHWM=3151208 kB VmSize=17148904 kB VmSwap=2720 kB Threads=29 FDSize=256
2026-05-29 22:24:46.591 pid=7755 [runtime-memory] After model load cleanup model=Qwen3.5-2B-UD-Q8_K_XL.gguf
  javaUsed=2.6MB javaTotal=10.5MB javaMax=256.0MB nativeHeap=14.5MB nativeHeapFree=49.9MB nativeHeapSize=67.8MB
  pssTotal=28.1MB privateDirty=19.8MB sharedDirty=52.1MB nativePss=14.0MB dalvikPss=1.3MB otherPss=12.8MB
  systemAvail=14.0GB systemThreshold=216.0MB lowMemory=false trimLevel=0 importance=125 fdCount=151
  procStatus VmRSS=180732 kB VmHWM=3151208 kB VmSize=17148904 kB VmSwap=2720 kB Threads=29 FDSize=256
2026-05-29 22:24:47.793 pid=7755 [model-load-complete] config=Qwen3.5 2B model=Qwen3.5-2B-UD-Q8_K_XL.gguf mmproj=(none)
  javaUsed=2.6MB javaTotal=10.5MB javaMax=256.0MB nativeHeap=362.2MB nativeHeapFree=8.8MB nativeHeapSize=374.6MB
  pssTotal=2.9GB privateDirty=171.6MB sharedDirty=52.1MB nativePss=165.8MB dalvikPss=1.3MB otherPss=2.7GB
  systemAvail=13.8GB systemThreshold=216.0MB lowMemory=false trimLevel=0 importance=125 fdCount=151
  procStatus VmRSS=3150632 kB VmHWM=3151208 kB VmSize=20175124 kB VmSwap=2720 kB Threads=29 FDSize=256
2026-05-29 22:24:47.914 pid=7755 [generation-start] id=20 config=Qwen3.5 2B model=Qwen3.5-2B-UD-Q8_K_XL.gguf promptLen=1072 mediaCount=0
  javaUsed=2.8MB javaTotal=10.5MB javaMax=256.0MB nativeHeap=362.2MB nativeHeapFree=8.8MB nativeHeapSize=374.6MB
  pssTotal=2.9GB privateDirty=171.8MB sharedDirty=52.1MB nativePss=165.8MB dalvikPss=1.5MB otherPss=2.7GB
  systemAvail=13.8GB systemThreshold=216.0MB lowMemory=false trimLevel=0 importance=125 fdCount=151
  procStatus VmRSS=3150760 kB VmHWM=3151208 kB VmSize=20175124 kB VmSwap=2720 kB Threads=29 FDSize=256
2026-05-29 22:24:48.033 pid=7755 [generation-stage] id=20 stage=native-call-start
2026-05-29 22:25:35.686 pid=7755 [generation-stage] id=20 stage=native-call-end resultLen=49
2026-05-29 22:25:35.687 pid=7755 [generation-end] id=20 resultLen=49
  javaUsed=3.0MB javaTotal=10.5MB javaMax=256.0MB nativeHeap=363.5MB nativeHeapFree=8.6MB nativeHeapSize=375.7MB
  pssTotal=2.8GB privateDirty=154.4MB sharedDirty=52.1MB nativePss=148.3MB dalvikPss=1.6MB otherPss=2.7GB
  systemAvail=13.9GB systemThreshold=216.0MB lowMemory=false trimLevel=0 importance=125 fdCount=151
  procStatus VmRSS=3133216 kB VmHWM=3151208 kB VmSize=20175124 kB VmSwap=2720 kB Threads=29 FDSize=256
2026-05-29 22:25:36.296 pid=7755 [model-load] Loading configuration: Qwen3.5 2B MTP
2026-05-29 22:25:36.587 pid=7755 [runtime-memory] Before model load model=Qwen3.5-2B-Q8_0.gguf
  javaUsed=3.3MB javaTotal=10.5MB javaMax=256.0MB nativeHeap=14.5MB nativeHeapFree=49.9MB nativeHeapSize=67.8MB
  pssTotal=28.5MB privateDirty=20.2MB sharedDirty=52.1MB nativePss=13.9MB dalvikPss=1.8MB otherPss=12.8MB
  systemAvail=14.0GB systemThreshold=216.0MB lowMemory=false trimLevel=0 importance=125 fdCount=151
  procStatus VmRSS=180984 kB VmHWM=3151208 kB VmSize=17148904 kB VmSwap=2720 kB Threads=29 FDSize=256
2026-05-29 22:25:36.644 pid=7755 [runtime-memory] After model load cleanup model=Qwen3.5-2B-Q8_0.gguf
  javaUsed=2.6MB javaTotal=10.5MB javaMax=256.0MB nativeHeap=14.5MB nativeHeapFree=49.9MB nativeHeapSize=67.8MB
  pssTotal=28.1MB privateDirty=19.8MB sharedDirty=52.1MB nativePss=14.0MB dalvikPss=1.3MB otherPss=12.8MB
  systemAvail=14.0GB systemThreshold=216.0MB lowMemory=false trimLevel=0 importance=125 fdCount=151
  procStatus VmRSS=180552 kB VmHWM=3151208 kB VmSize=17148904 kB VmSwap=2720 kB Threads=29 FDSize=256
2026-05-29 22:25:38.069 pid=7755 [model-load-complete] config=Qwen3.5 2B MTP model=Qwen3.5-2B-Q8_0.gguf mmproj=(none)
  javaUsed=2.6MB javaTotal=10.5MB javaMax=256.0MB nativeHeap=362.2MB nativeHeapFree=8.8MB nativeHeapSize=374.6MB
  pssTotal=2.1GB privateDirty=152.0MB sharedDirty=52.1MB nativePss=146.2MB dalvikPss=1.3MB otherPss=1.9GB
  systemAvail=13.9GB systemThreshold=216.0MB lowMemory=false trimLevel=0 importance=125 fdCount=151
  procStatus VmRSS=2333020 kB VmHWM=3151208 kB VmSize=19377820 kB VmSwap=2720 kB Threads=29 FDSize=256
2026-05-29 22:25:38.245 pid=7755 [generation-start] id=21 config=Qwen3.5 2B MTP model=Qwen3.5-2B-Q8_0.gguf promptLen=1057 mediaCount=0
  javaUsed=2.8MB javaTotal=10.5MB javaMax=256.0MB nativeHeap=362.2MB nativeHeapFree=8.8MB nativeHeapSize=374.6MB
  pssTotal=2.1GB privateDirty=152.2MB sharedDirty=52.1MB nativePss=146.2MB dalvikPss=1.5MB otherPss=1.9GB
  systemAvail=13.9GB systemThreshold=216.0MB lowMemory=false trimLevel=0 importance=125 fdCount=151
  procStatus VmRSS=2333276 kB VmHWM=3151208 kB VmSize=19377820 kB VmSwap=2720 kB Threads=29 FDSize=256
2026-05-29 22:25:38.357 pid=7755 [generation-stage] id=21 stage=native-call-start
2026-05-29 22:26:10.400 pid=7755 [generation-stage] id=21 stage=native-call-end resultLen=40
2026-05-29 22:26:10.401 pid=7755 [generation-end] id=21 resultLen=40
  javaUsed=3.0MB javaTotal=10.5MB javaMax=256.0MB nativeHeap=363.5MB nativeHeapFree=8.6MB nativeHeapSize=375.7MB
  pssTotal=2.1GB privateDirty=154.3MB sharedDirty=52.1MB nativePss=148.2MB dalvikPss=1.6MB otherPss=1.9GB
  systemAvail=14.0GB systemThreshold=216.0MB lowMemory=false trimLevel=0 importance=125 fdCount=151
  procStatus VmRSS=2335752 kB VmHWM=3151208 kB VmSize=19377820 kB VmSwap=2720 kB Threads=29 FDSize=256
2026-05-29 22:26:10.990 pid=7755 [model-load] Loading configuration: Qwen3.5 2B
2026-05-29 22:26:11.378 pid=7755 [runtime-memory] Before model load model=Qwen3.5-2B-UD-Q8_K_XL.gguf
  javaUsed=3.3MB javaTotal=10.5MB javaMax=256.0MB nativeHeap=14.5MB nativeHeapFree=49.9MB nativeHeapSize=67.8MB
  pssTotal=28.5MB privateDirty=20.2MB sharedDirty=52.1MB nativePss=13.9MB dalvikPss=1.8MB otherPss=12.8MB
  systemAvail=14.1GB systemThreshold=216.0MB lowMemory=false trimLevel=0 importance=125 fdCount=151
  procStatus VmRSS=181136 kB VmHWM=3151208 kB VmSize=17148904 kB VmSwap=2720 kB Threads=29 FDSize=256
2026-05-29 22:26:11.459 pid=7755 [runtime-memory] After model load cleanup model=Qwen3.5-2B-UD-Q8_K_XL.gguf
  javaUsed=2.6MB javaTotal=10.5MB javaMax=256.0MB nativeHeap=14.5MB nativeHeapFree=49.9MB nativeHeapSize=67.8MB
  pssTotal=28.1MB privateDirty=19.8MB sharedDirty=52.1MB nativePss=14.0MB dalvikPss=1.3MB otherPss=12.8MB
  systemAvail=14.1GB systemThreshold=216.0MB lowMemory=false trimLevel=0 importance=125 fdCount=151
  procStatus VmRSS=180680 kB VmHWM=3151208 kB VmSize=17148904 kB VmSwap=2720 kB Threads=29 FDSize=256
2026-05-29 22:26:12.624 pid=7755 [model-load-complete] config=Qwen3.5 2B model=Qwen3.5-2B-UD-Q8_K_XL.gguf mmproj=(none)
  javaUsed=2.6MB javaTotal=10.5MB javaMax=256.0MB nativeHeap=362.2MB nativeHeapFree=8.8MB nativeHeapSize=374.6MB
  pssTotal=2.9GB privateDirty=171.7MB sharedDirty=52.1MB nativePss=165.8MB dalvikPss=1.3MB otherPss=2.7GB
  systemAvail=13.9GB systemThreshold=216.0MB lowMemory=false trimLevel=0 importance=125 fdCount=151
  procStatus VmRSS=3150788 kB VmHWM=3151208 kB VmSize=20175124 kB VmSwap=2720 kB Threads=29 FDSize=256
2026-05-29 22:26:12.748 pid=7755 [generation-start] id=22 config=Qwen3.5 2B model=Qwen3.5-2B-UD-Q8_K_XL.gguf promptLen=1066 mediaCount=0
  javaUsed=2.8MB javaTotal=10.5MB javaMax=256.0MB nativeHeap=362.2MB nativeHeapFree=8.8MB nativeHeapSize=374.6MB
  pssTotal=2.9GB privateDirty=171.9MB sharedDirty=52.1MB nativePss=165.9MB dalvikPss=1.5MB otherPss=2.7GB
  systemAvail=13.9GB systemThreshold=216.0MB lowMemory=false trimLevel=0 importance=125 fdCount=151
  procStatus VmRSS=3150816 kB VmHWM=3152068 kB VmSize=20175124 kB VmSwap=2720 kB Threads=29 FDSize=256
2026-05-29 22:26:12.865 pid=7755 [generation-stage] id=22 stage=native-call-start
2026-05-29 22:26:57.486 pid=7755 [generation-stage] id=22 stage=native-call-end resultLen=48
2026-05-29 22:26:57.487 pid=7755 [generation-end] id=22 resultLen=48
  javaUsed=2.7MB javaTotal=10.5MB javaMax=256.0MB nativeHeap=363.5MB nativeHeapFree=8.7MB nativeHeapSize=375.7MB
  pssTotal=2.8GB privateDirty=154.1MB sharedDirty=52.1MB nativePss=148.3MB dalvikPss=1.4MB otherPss=2.7GB
  systemAvail=14.0GB systemThreshold=216.0MB lowMemory=false trimLevel=0 importance=125 fdCount=151
  procStatus VmRSS=3132880 kB VmHWM=3152068 kB VmSize=20175124 kB VmSwap=2720 kB Threads=29 FDSize=256
2026-05-29 22:26:58.098 pid=7755 [model-load] Loading configuration: Qwen3.5 2B MTP
2026-05-29 22:26:58.381 pid=7755 [runtime-memory] Before model load model=Qwen3.5-2B-Q8_0.gguf
  javaUsed=3.0MB javaTotal=10.5MB javaMax=256.0MB nativeHeap=14.5MB nativeHeapFree=49.9MB nativeHeapSize=67.8MB
  pssTotal=28.3MB privateDirty=20.0MB sharedDirty=52.1MB nativePss=13.9MB dalvikPss=1.6MB otherPss=12.8MB
  systemAvail=14.1GB systemThreshold=216.0MB lowMemory=false trimLevel=0 importance=125 fdCount=151
  procStatus VmRSS=180848 kB VmHWM=3152068 kB VmSize=17148904 kB VmSwap=2720 kB Threads=29 FDSize=256
2026-05-29 22:26:58.434 pid=7755 [runtime-memory] After model load cleanup model=Qwen3.5-2B-Q8_0.gguf
  javaUsed=2.6MB javaTotal=10.5MB javaMax=256.0MB nativeHeap=14.5MB nativeHeapFree=49.9MB nativeHeapSize=67.8MB
  pssTotal=28.0MB privateDirty=19.7MB sharedDirty=52.1MB nativePss=14.0MB dalvikPss=1.3MB otherPss=12.8MB
  systemAvail=14.1GB systemThreshold=216.0MB lowMemory=false trimLevel=0 importance=125 fdCount=151
  procStatus VmRSS=180808 kB VmHWM=3152068 kB VmSize=17148904 kB VmSwap=2720 kB Threads=29 FDSize=256
2026-05-29 22:26:59.492 pid=7755 [model-load-complete] config=Qwen3.5 2B MTP model=Qwen3.5-2B-Q8_0.gguf mmproj=(none)
  javaUsed=2.6MB javaTotal=10.5MB javaMax=256.0MB nativeHeap=362.2MB nativeHeapFree=8.8MB nativeHeapSize=374.6MB
  pssTotal=2.1GB privateDirty=171.7MB sharedDirty=52.1MB nativePss=165.9MB dalvikPss=1.3MB otherPss=1.9GB
  systemAvail=14.0GB systemThreshold=216.0MB lowMemory=false trimLevel=0 importance=125 fdCount=151
  procStatus VmRSS=2353628 kB VmHWM=3152068 kB VmSize=19377820 kB VmSwap=2720 kB Threads=29 FDSize=256
2026-05-29 22:26:59.599 pid=7755 [generation-start] id=23 config=Qwen3.5 2B MTP model=Qwen3.5-2B-Q8_0.gguf promptLen=1054 mediaCount=0
  javaUsed=2.8MB javaTotal=10.5MB javaMax=256.0MB nativeHeap=362.2MB nativeHeapFree=8.8MB nativeHeapSize=374.6MB
  pssTotal=2.1GB privateDirty=171.9MB sharedDirty=52.1MB nativePss=165.9MB dalvikPss=1.5MB otherPss=1.9GB
  systemAvail=14.0GB systemThreshold=216.0MB lowMemory=false trimLevel=0 importance=125 fdCount=151
  procStatus VmRSS=2353756 kB VmHWM=3152068 kB VmSize=19377820 kB VmSwap=2720 kB Threads=29 FDSize=256
2026-05-29 22:26:59.704 pid=7755 [generation-stage] id=23 stage=native-call-start
2026-05-29 22:27:45.634 pid=7755 [generation-stage] id=23 stage=native-call-end resultLen=261
2026-05-29 22:27:45.635 pid=7755 [generation-end] id=23 resultLen=261
  javaUsed=3.0MB javaTotal=10.5MB javaMax=256.0MB nativeHeap=363.5MB nativeHeapFree=8.6MB nativeHeapSize=375.7MB
  pssTotal=2.1GB privateDirty=154.3MB sharedDirty=52.1MB nativePss=148.2MB dalvikPss=1.6MB otherPss=1.9GB
  systemAvail=14.0GB systemThreshold=216.0MB lowMemory=false trimLevel=0 importance=125 fdCount=151
  procStatus VmRSS=2335704 kB VmHWM=3152068 kB VmSize=19377820 kB VmSwap=2720 kB Threads=29 FDSize=256
2026-05-29 22:27:46.457 pid=7755 [model-load] Loading configuration: Qwen3.5 2B
2026-05-29 22:27:46.731 pid=7755 [runtime-memory] Before model load model=Qwen3.5-2B-UD-Q8_K_XL.gguf
  javaUsed=3.3MB javaTotal=10.5MB javaMax=256.0MB nativeHeap=14.5MB nativeHeapFree=49.9MB nativeHeapSize=67.8MB
  pssTotal=28.6MB privateDirty=20.3MB sharedDirty=52.1MB nativePss=14.0MB dalvikPss=1.8MB otherPss=12.8MB
  systemAvail=14.1GB systemThreshold=216.0MB lowMemory=false trimLevel=0 importance=125 fdCount=151
  procStatus VmRSS=181164 kB VmHWM=3152068 kB VmSize=17148904 kB VmSwap=2720 kB Threads=29 FDSize=256
2026-05-29 22:27:46.790 pid=7755 [runtime-memory] After model load cleanup model=Qwen3.5-2B-UD-Q8_K_XL.gguf
  javaUsed=2.6MB javaTotal=10.5MB javaMax=256.0MB nativeHeap=14.5MB nativeHeapFree=49.9MB nativeHeapSize=67.8MB
  pssTotal=28.1MB privateDirty=19.8MB sharedDirty=52.1MB nativePss=14.1MB dalvikPss=1.3MB otherPss=12.8MB
  systemAvail=14.1GB systemThreshold=216.0MB lowMemory=false trimLevel=0 importance=125 fdCount=151
  procStatus VmRSS=180928 kB VmHWM=3152068 kB VmSize=17148904 kB VmSwap=2720 kB Threads=29 FDSize=256
2026-05-29 22:27:47.987 pid=7755 [model-load-complete] config=Qwen3.5 2B model=Qwen3.5-2B-UD-Q8_K_XL.gguf mmproj=(none)
  javaUsed=2.6MB javaTotal=10.5MB javaMax=256.0MB nativeHeap=362.2MB nativeHeapFree=8.8MB nativeHeapSize=374.6MB
  pssTotal=2.9GB privateDirty=171.6MB sharedDirty=52.1MB nativePss=165.8MB dalvikPss=1.3MB otherPss=2.7GB
  systemAvail=14.0GB systemThreshold=216.0MB lowMemory=false trimLevel=0 importance=125 fdCount=151
  procStatus VmRSS=3150796 kB VmHWM=3152068 kB VmSize=20175124 kB VmSwap=2720 kB Threads=29 FDSize=256
2026-05-29 22:27:48.110 pid=7755 [generation-start] id=24 config=Qwen3.5 2B model=Qwen3.5-2B-UD-Q8_K_XL.gguf promptLen=1066 mediaCount=0
  javaUsed=2.8MB javaTotal=10.5MB javaMax=256.0MB nativeHeap=362.2MB nativeHeapFree=8.8MB nativeHeapSize=374.6MB
  pssTotal=2.9GB privateDirty=171.8MB sharedDirty=52.1MB nativePss=165.8MB dalvikPss=1.5MB otherPss=2.7GB
  systemAvail=14.0GB systemThreshold=216.0MB lowMemory=false trimLevel=0 importance=125 fdCount=151
  procStatus VmRSS=3151052 kB VmHWM=3152068 kB VmSize=20175124 kB VmSwap=2720 kB Threads=29 FDSize=256
2026-05-29 22:27:48.234 pid=7755 [generation-stage] id=24 stage=native-call-start
2026-05-29 22:28:33.977 pid=7755 [generation-stage] id=24 stage=native-call-end resultLen=92
2026-05-29 22:28:33.977 pid=7755 [generation-end] id=24 resultLen=92
  javaUsed=3.0MB javaTotal=10.5MB javaMax=256.0MB nativeHeap=363.5MB nativeHeapFree=8.6MB nativeHeapSize=375.7MB
  pssTotal=2.8GB privateDirty=154.4MB sharedDirty=52.1MB nativePss=148.3MB dalvikPss=1.6MB otherPss=2.7GB
  systemAvail=13.9GB systemThreshold=216.0MB lowMemory=false trimLevel=0 importance=125 fdCount=151
  procStatus VmRSS=3133080 kB VmHWM=3152068 kB VmSize=20175124 kB VmSwap=2720 kB Threads=29 FDSize=256
2026-05-29 22:28:34.729 pid=7755 [model-load] Loading configuration: Qwen3.5 2B MTP
2026-05-29 22:28:34.932 pid=7755 [runtime-memory] Before model load model=Qwen3.5-2B-Q8_0.gguf
  javaUsed=2.7MB javaTotal=10.5MB javaMax=256.0MB nativeHeap=14.5MB nativeHeapFree=49.9MB nativeHeapSize=67.8MB
  pssTotal=28.0MB privateDirty=19.7MB sharedDirty=52.1MB nativePss=13.9MB dalvikPss=1.4MB otherPss=12.7MB
  systemAvail=13.9GB systemThreshold=216.0MB lowMemory=false trimLevel=0 importance=125 fdCount=151
  procStatus VmRSS=180556 kB VmHWM=3152068 kB VmSize=17148904 kB VmSwap=2720 kB Threads=29 FDSize=256
2026-05-29 22:28:34.965 pid=7755 [runtime-memory] After model load cleanup model=Qwen3.5-2B-Q8_0.gguf
  javaUsed=2.5MB javaTotal=10.5MB javaMax=256.0MB nativeHeap=14.5MB nativeHeapFree=49.9MB nativeHeapSize=67.8MB
  pssTotal=30.0MB privateDirty=21.7MB sharedDirty=52.1MB nativePss=14.0MB dalvikPss=3.3MB otherPss=12.7MB
  systemAvail=13.9GB systemThreshold=216.0MB lowMemory=false trimLevel=0 importance=125 fdCount=151
  procStatus VmRSS=182632 kB VmHWM=3152068 kB VmSize=17148904 kB VmSwap=2720 kB Threads=29 FDSize=256
2026-05-29 22:28:35.563 pid=7755 [model-load-complete] config=Qwen3.5 2B MTP model=Qwen3.5-2B-Q8_0.gguf mmproj=(none)
  javaUsed=2.6MB javaTotal=10.5MB javaMax=256.0MB nativeHeap=362.2MB nativeHeapFree=8.8MB nativeHeapSize=374.6MB
  pssTotal=2.1GB privateDirty=173.7MB sharedDirty=52.1MB nativePss=165.8MB dalvikPss=3.3MB otherPss=1.9GB
  systemAvail=13.8GB systemThreshold=216.0MB lowMemory=false trimLevel=0 importance=125 fdCount=151
  procStatus VmRSS=2355452 kB VmHWM=3152068 kB VmSize=19377820 kB VmSwap=2720 kB Threads=29 FDSize=256
2026-05-29 22:28:35.634 pid=7755 [generation-start] id=25 config=Qwen3.5 2B MTP model=Qwen3.5-2B-Q8_0.gguf promptLen=1063 mediaCount=0
  javaUsed=2.8MB javaTotal=10.5MB javaMax=256.0MB nativeHeap=362.2MB nativeHeapFree=8.8MB nativeHeapSize=374.6MB
  pssTotal=2.1GB privateDirty=173.9MB sharedDirty=52.1MB nativePss=165.9MB dalvikPss=3.5MB otherPss=1.9GB
  systemAvail=13.8GB systemThreshold=216.0MB lowMemory=false trimLevel=0 importance=125 fdCount=151
  procStatus VmRSS=2355708 kB VmHWM=3152068 kB VmSize=19377820 kB VmSwap=2720 kB Threads=29 FDSize=256
2026-05-29 22:28:35.703 pid=7755 [generation-stage] id=25 stage=native-call-start
2026-05-29 22:29:24.475 pid=7755 [generation-stage] id=25 stage=native-call-end resultLen=249
2026-05-29 22:29:24.476 pid=7755 [generation-end] id=25 resultLen=249
  javaUsed=3.0MB javaTotal=10.5MB javaMax=256.0MB nativeHeap=363.5MB nativeHeapFree=8.6MB nativeHeapSize=375.7MB
  pssTotal=2.1GB privateDirty=156.3MB sharedDirty=52.1MB nativePss=148.2MB dalvikPss=3.6MB otherPss=1.9GB
  systemAvail=13.2GB systemThreshold=216.0MB lowMemory=false trimLevel=0 importance=125 fdCount=151
  procStatus VmRSS=2337884 kB VmHWM=3152068 kB VmSize=19377820 kB VmSwap=2720 kB Threads=29 FDSize=256
2026-05-29 22:29:25.398 pid=7755 [model-load] Loading configuration: Qwen3.5 2B
2026-05-29 22:29:25.684 pid=7755 [runtime-memory] Before model load model=Qwen3.5-2B-UD-Q8_K_XL.gguf
  javaUsed=3.3MB javaTotal=10.5MB javaMax=256.0MB nativeHeap=14.5MB nativeHeapFree=49.9MB nativeHeapSize=67.8MB
  pssTotal=30.5MB privateDirty=22.2MB sharedDirty=52.1MB nativePss=13.9MB dalvikPss=3.8MB otherPss=12.8MB
  systemAvail=13.3GB systemThreshold=216.0MB lowMemory=false trimLevel=0 importance=125 fdCount=151
  procStatus VmRSS=183228 kB VmHWM=3152068 kB VmSize=17148904 kB VmSwap=2720 kB Threads=29 FDSize=256
2026-05-29 22:29:25.743 pid=7755 [runtime-memory] After model load cleanup model=Qwen3.5-2B-UD-Q8_K_XL.gguf
  javaUsed=2.6MB javaTotal=10.5MB javaMax=256.0MB nativeHeap=14.5MB nativeHeapFree=49.9MB nativeHeapSize=67.8MB
  pssTotal=28.1MB privateDirty=19.8MB sharedDirty=52.1MB nativePss=14.0MB dalvikPss=1.3MB otherPss=12.8MB
  systemAvail=13.3GB systemThreshold=216.0MB lowMemory=false trimLevel=0 importance=125 fdCount=151
  procStatus VmRSS=180692 kB VmHWM=3152068 kB VmSize=17148904 kB VmSwap=2720 kB Threads=29 FDSize=256
2026-05-29 22:29:27.123 pid=7755 [model-load-complete] config=Qwen3.5 2B model=Qwen3.5-2B-UD-Q8_K_XL.gguf mmproj=(none)
  javaUsed=2.6MB javaTotal=10.5MB javaMax=256.0MB nativeHeap=362.2MB nativeHeapFree=8.8MB nativeHeapSize=374.6MB
  pssTotal=2.8GB privateDirty=152.0MB sharedDirty=52.1MB nativePss=146.2MB dalvikPss=1.3MB otherPss=2.7GB
  systemAvail=13.1GB systemThreshold=216.0MB lowMemory=false trimLevel=0 importance=125 fdCount=151
  procStatus VmRSS=3130532 kB VmHWM=3152068 kB VmSize=20175124 kB VmSwap=2720 kB Threads=29 FDSize=256
2026-05-29 22:29:27.246 pid=7755 [generation-start] id=26 config=Qwen3.5 2B model=Qwen3.5-2B-UD-Q8_K_XL.gguf promptLen=1057 mediaCount=0
  javaUsed=2.8MB javaTotal=10.5MB javaMax=256.0MB nativeHeap=362.2MB nativeHeapFree=8.8MB nativeHeapSize=374.6MB
  pssTotal=2.8GB privateDirty=152.2MB sharedDirty=52.1MB nativePss=146.2MB dalvikPss=1.5MB otherPss=2.7GB
  systemAvail=13.1GB systemThreshold=216.0MB lowMemory=false trimLevel=0 importance=125 fdCount=151
  procStatus VmRSS=3130660 kB VmHWM=3152068 kB VmSize=20175124 kB VmSwap=2720 kB Threads=29 FDSize=256
2026-05-29 22:29:27.369 pid=7755 [generation-stage] id=26 stage=native-call-start
2026-05-29 22:35:10.285 pid=29672 [app] Application created
2026-05-29 22:35:10.285 pid=29672 [app-start] Application onCreate
  javaUsed=2.4MB javaTotal=256.0MB javaMax=256.0MB nativeHeap=6.6MB nativeHeapFree=1.9MB nativeHeapSize=13.1MB
  pssTotal=10.5MB privateDirty=4.7MB sharedDirty=53.1MB nativePss=2.2MB dalvikPss=817.0KB otherPss=7.5MB
  systemAvail=13.9GB systemThreshold=216.0MB lowMemory=false trimLevel=0 importance=100 fdCount=113
  procStatus VmRSS=121748 kB VmHWM=121748 kB VmSize=16934256 kB VmSwap=2504 kB Threads=13 FDSize=128
2026-05-29 22:35:26.858 pid=29672 [model-load] Loading configuration: Qwen3.5 2B MTP
2026-05-29 22:35:26.861 pid=29672 [runtime-memory] Before model load model=Qwen3.5-2B-Q8_0.gguf
  javaUsed=4.8MB javaTotal=16.0MB javaMax=256.0MB nativeHeap=12.6MB nativeHeapFree=3.7MB nativeHeapSize=20.2MB
  pssTotal=24.3MB privateDirty=17.4MB sharedDirty=52.3MB nativePss=10.7MB dalvikPss=2.8MB otherPss=10.9MB
  systemAvail=14.0GB systemThreshold=216.0MB lowMemory=false trimLevel=0 importance=125 fdCount=153
  procStatus VmRSS=175656 kB VmHWM=175796 kB VmSize=17264156 kB VmSwap=2376 kB Threads=30 FDSize=256
2026-05-29 22:35:26.932 pid=29672 [runtime-memory] After model load cleanup model=Qwen3.5-2B-Q8_0.gguf
  javaUsed=2.5MB javaTotal=10.4MB javaMax=256.0MB nativeHeap=12.4MB nativeHeapFree=3.9MB nativeHeapSize=20.2MB
  pssTotal=22.7MB privateDirty=15.8MB sharedDirty=52.1MB nativePss=10.5MB dalvikPss=1.2MB otherPss=10.9MB
  systemAvail=14.0GB systemThreshold=216.0MB lowMemory=false trimLevel=0 importance=125 fdCount=152
  procStatus VmRSS=174584 kB VmHWM=179356 kB VmSize=16995096 kB VmSwap=2376 kB Threads=30 FDSize=256
2026-05-29 22:35:28.020 pid=29672 [model-load-complete] config=Qwen3.5 2B MTP model=Qwen3.5-2B-Q8_0.gguf mmproj=(none)
  javaUsed=2.6MB javaTotal=10.4MB javaMax=256.0MB nativeHeap=362.3MB nativeHeapFree=6.2MB nativeHeapSize=372.4MB
  pssTotal=2.1GB privateDirty=171.3MB sharedDirty=52.1MB nativePss=165.4MB dalvikPss=1.3MB otherPss=1.9GB
  systemAvail=13.9GB systemThreshold=216.0MB lowMemory=false trimLevel=0 importance=125 fdCount=152
  procStatus VmRSS=2352204 kB VmHWM=2352204 kB VmSize=19364192 kB VmSwap=2376 kB Threads=30 FDSize=256
2026-05-29 22:35:28.125 pid=29672 [generation-start] id=1 config=Qwen3.5 2B MTP model=Qwen3.5-2B-Q8_0.gguf promptLen=1045 mediaCount=0
  javaUsed=2.8MB javaTotal=10.4MB javaMax=256.0MB nativeHeap=362.3MB nativeHeapFree=6.2MB nativeHeapSize=372.4MB
  pssTotal=2.1GB privateDirty=171.4MB sharedDirty=52.1MB nativePss=165.4MB dalvikPss=1.5MB otherPss=1.9GB
  systemAvail=13.9GB systemThreshold=216.0MB lowMemory=false trimLevel=0 importance=125 fdCount=152
  procStatus VmRSS=2352332 kB VmHWM=2352332 kB VmSize=19364192 kB VmSwap=2376 kB Threads=30 FDSize=256
2026-05-29 22:35:28.232 pid=29672 [generation-stage] id=1 stage=native-call-start
2026-05-29 22:35:54.968 pid=29672 [generation-stage] id=1 stage=native-call-end resultLen=31
2026-05-29 22:35:54.969 pid=29672 [generation-end] id=1 resultLen=31
  javaUsed=3.0MB javaTotal=10.4MB javaMax=256.0MB nativeHeap=363.6MB nativeHeapFree=6.2MB nativeHeapSize=373.6MB
  pssTotal=2.1GB privateDirty=152.9MB sharedDirty=52.1MB nativePss=146.8MB dalvikPss=1.6MB otherPss=1.9GB
  systemAvail=13.9GB systemThreshold=216.0MB lowMemory=false trimLevel=0 importance=125 fdCount=152
  procStatus VmRSS=2333708 kB VmHWM=2358924 kB VmSize=19368276 kB VmSwap=2376 kB Threads=30 FDSize=256
2026-05-29 22:35:55.077 pid=29672 [model-load] Loading configuration: Qwen3.5 2B MTP
2026-05-29 22:35:55.078 pid=29672 [model-load-skip] config=Qwen3.5 2B MTP model already loaded
  javaUsed=3.3MB javaTotal=10.4MB javaMax=256.0MB nativeHeap=363.6MB nativeHeapFree=6.1MB nativeHeapSize=373.6MB
  pssTotal=2.1GB privateDirty=153.1MB sharedDirty=52.1MB nativePss=146.8MB dalvikPss=1.8MB otherPss=1.9GB
  systemAvail=13.9GB systemThreshold=216.0MB lowMemory=false trimLevel=0 importance=125 fdCount=152
  procStatus VmRSS=2333708 kB VmHWM=2358924 kB VmSize=19368276 kB VmSwap=2376 kB Threads=30 FDSize=256
2026-05-29 22:35:55.191 pid=29672 [generation-start] id=2 config=Qwen3.5 2B MTP model=Qwen3.5-2B-Q8_0.gguf promptLen=1045 mediaCount=0
  javaUsed=3.4MB javaTotal=10.4MB javaMax=256.0MB nativeHeap=363.6MB nativeHeapFree=6.1MB nativeHeapSize=373.6MB
  pssTotal=2.1GB privateDirty=153.3MB sharedDirty=52.1MB nativePss=146.8MB dalvikPss=1.9MB otherPss=1.9GB
  systemAvail=13.9GB systemThreshold=216.0MB lowMemory=false trimLevel=0 importance=125 fdCount=152
  procStatus VmRSS=2333836 kB VmHWM=2358924 kB VmSize=19368276 kB VmSwap=2376 kB Threads=30 FDSize=256
2026-05-29 22:35:55.307 pid=29672 [generation-stage] id=2 stage=native-call-start
2026-05-29 22:36:16.851 pid=29672 [generation-stage] id=2 stage=native-call-end resultLen=68
2026-05-29 22:36:16.852 pid=29672 [generation-end] id=2 resultLen=68
  javaUsed=3.6MB javaTotal=10.4MB javaMax=256.0MB nativeHeap=363.6MB nativeHeapFree=6.1MB nativeHeapSize=373.6MB
  pssTotal=2.1GB privateDirty=153.4MB sharedDirty=52.1MB nativePss=146.8MB dalvikPss=2.1MB otherPss=1.9GB
  systemAvail=13.9GB systemThreshold=216.0MB lowMemory=false trimLevel=0 importance=125 fdCount=152
  procStatus VmRSS=2334472 kB VmHWM=2358924 kB VmSize=19350724 kB VmSwap=2376 kB Threads=29 FDSize=256
2026-05-29 22:36:17.449 pid=29672 [model-load] Loading configuration: Qwen3.5 2B
2026-05-29 22:36:17.693 pid=29672 [runtime-memory] Before model load model=Qwen3.5-2B-UD-Q8_K_XL.gguf
  javaUsed=3.8MB javaTotal=10.4MB javaMax=256.0MB nativeHeap=14.6MB nativeHeapFree=50.0MB nativeHeapSize=68.1MB
  pssTotal=29.2MB privateDirty=20.7MB sharedDirty=52.1MB nativePss=13.9MB dalvikPss=2.3MB otherPss=13.0MB
  systemAvail=14.0GB systemThreshold=216.0MB lowMemory=false trimLevel=0 importance=125 fdCount=152
  procStatus VmRSS=181368 kB VmHWM=2358924 kB VmSize=17121808 kB VmSwap=2376 kB Threads=29 FDSize=256
2026-05-29 22:36:17.746 pid=29672 [runtime-memory] After model load cleanup model=Qwen3.5-2B-UD-Q8_K_XL.gguf
  javaUsed=2.5MB javaTotal=10.5MB javaMax=256.0MB nativeHeap=14.6MB nativeHeapFree=50.0MB nativeHeapSize=68.1MB
  pssTotal=30.2MB privateDirty=21.7MB sharedDirty=52.1MB nativePss=14.0MB dalvikPss=3.3MB otherPss=13.0MB
  systemAvail=14.0GB systemThreshold=216.0MB lowMemory=false trimLevel=0 importance=125 fdCount=152
  procStatus VmRSS=182564 kB VmHWM=2358924 kB VmSize=17121808 kB VmSwap=2376 kB Threads=29 FDSize=256
2026-05-29 22:36:18.830 pid=29672 [model-load-complete] config=Qwen3.5 2B model=Qwen3.5-2B-UD-Q8_K_XL.gguf mmproj=(none)
  javaUsed=2.6MB javaTotal=10.5MB javaMax=256.0MB nativeHeap=362.3MB nativeHeapFree=8.9MB nativeHeapSize=374.9MB
  pssTotal=2.9GB privateDirty=173.9MB sharedDirty=52.1MB nativePss=166.0MB dalvikPss=3.3MB otherPss=2.7GB
  systemAvail=13.9GB systemThreshold=216.0MB lowMemory=false trimLevel=0 importance=125 fdCount=152
  procStatus VmRSS=3152824 kB VmHWM=3152824 kB VmSize=20148028 kB VmSwap=2376 kB Threads=29 FDSize=256
2026-05-29 22:36:18.946 pid=29672 [generation-start] id=3 config=Qwen3.5 2B model=Qwen3.5-2B-UD-Q8_K_XL.gguf promptLen=1042 mediaCount=0
  javaUsed=2.8MB javaTotal=10.5MB javaMax=256.0MB nativeHeap=362.3MB nativeHeapFree=8.9MB nativeHeapSize=374.9MB
  pssTotal=2.9GB privateDirty=174.0MB sharedDirty=52.1MB nativePss=166.0MB dalvikPss=3.5MB otherPss=2.7GB
  systemAvail=13.9GB systemThreshold=216.0MB lowMemory=false trimLevel=0 importance=125 fdCount=152
  procStatus VmRSS=3152952 kB VmHWM=3152952 kB VmSize=20148028 kB VmSwap=2376 kB Threads=29 FDSize=256
2026-05-29 22:36:19.059 pid=29672 [generation-stage] id=3 stage=native-call-start
2026-05-29 22:37:04.215 pid=29672 [generation-stage] id=3 stage=native-call-end resultLen=106
2026-05-29 22:37:04.216 pid=29672 [generation-end] id=3 resultLen=106
  javaUsed=2.6MB javaTotal=10.5MB javaMax=256.0MB nativeHeap=363.6MB nativeHeapFree=8.8MB nativeHeapSize=376.1MB
  pssTotal=2.8GB privateDirty=154.2MB sharedDirty=52.1MB nativePss=148.4MB dalvikPss=1.3MB otherPss=2.7GB
  systemAvail=13.9GB systemThreshold=216.0MB lowMemory=false trimLevel=0 importance=125 fdCount=152
  procStatus VmRSS=3132628 kB VmHWM=3153080 kB VmSize=20148028 kB VmSwap=2376 kB Threads=29 FDSize=256
2026-05-29 22:37:04.822 pid=29672 [model-load] Loading configuration: Qwen3.5 2B MTP
2026-05-29 22:37:05.113 pid=29672 [runtime-memory] Before model load model=Qwen3.5-2B-Q8_0.gguf
  javaUsed=2.9MB javaTotal=10.5MB javaMax=256.0MB nativeHeap=14.6MB nativeHeapFree=50.0MB nativeHeapSize=68.1MB
  pssTotal=28.4MB privateDirty=19.9MB sharedDirty=52.1MB nativePss=13.9MB dalvikPss=1.5MB otherPss=13.0MB
  systemAvail=14.0GB systemThreshold=216.0MB lowMemory=false trimLevel=0 importance=125 fdCount=152
  procStatus VmRSS=180436 kB VmHWM=3153080 kB VmSize=17121808 kB VmSwap=2376 kB Threads=29 FDSize=256
2026-05-29 22:37:05.166 pid=29672 [runtime-memory] After model load cleanup model=Qwen3.5-2B-Q8_0.gguf
  javaUsed=2.5MB javaTotal=10.5MB javaMax=256.0MB nativeHeap=14.6MB nativeHeapFree=50.0MB nativeHeapSize=68.1MB
  pssTotal=28.2MB privateDirty=19.7MB sharedDirty=52.1MB nativePss=14.0MB dalvikPss=1.3MB otherPss=13.0MB
  systemAvail=14.0GB systemThreshold=216.0MB lowMemory=false trimLevel=0 importance=125 fdCount=152
  procStatus VmRSS=180280 kB VmHWM=3153080 kB VmSize=17121808 kB VmSwap=2376 kB Threads=29 FDSize=256
2026-05-29 22:37:06.202 pid=29672 [model-load-complete] config=Qwen3.5 2B MTP model=Qwen3.5-2B-Q8_0.gguf mmproj=(none)
  javaUsed=2.6MB javaTotal=10.5MB javaMax=256.0MB nativeHeap=362.3MB nativeHeapFree=8.9MB nativeHeapSize=374.9MB
  pssTotal=2.1GB privateDirty=171.8MB sharedDirty=52.1MB nativePss=166.0MB dalvikPss=1.3MB otherPss=1.9GB
  systemAvail=13.9GB systemThreshold=216.0MB lowMemory=false trimLevel=0 importance=125 fdCount=152
  procStatus VmRSS=2353356 kB VmHWM=3153080 kB VmSize=19350724 kB VmSwap=2376 kB Threads=29 FDSize=256
2026-05-29 22:37:06.316 pid=29672 [generation-start] id=4 config=Qwen3.5 2B MTP model=Qwen3.5-2B-Q8_0.gguf promptLen=1048 mediaCount=0
  javaUsed=2.8MB javaTotal=10.5MB javaMax=256.0MB nativeHeap=362.3MB nativeHeapFree=8.9MB nativeHeapSize=374.9MB
  pssTotal=2.1GB privateDirty=172.0MB sharedDirty=52.1MB nativePss=166.0MB dalvikPss=1.5MB otherPss=1.9GB
  systemAvail=13.9GB systemThreshold=216.0MB lowMemory=false trimLevel=0 importance=125 fdCount=152
  procStatus VmRSS=2353484 kB VmHWM=3153080 kB VmSize=19350724 kB VmSwap=2376 kB Threads=29 FDSize=256
2026-05-29 22:37:06.424 pid=29672 [generation-stage] id=4 stage=native-call-start
2026-05-29 22:37:40.161 pid=29672 [generation-stage] id=4 stage=native-call-end resultLen=85
2026-05-29 22:37:40.161 pid=29672 [generation-end] id=4 resultLen=85
  javaUsed=3.0MB javaTotal=10.5MB javaMax=256.0MB nativeHeap=363.6MB nativeHeapFree=8.7MB nativeHeapSize=376.1MB
  pssTotal=2.1GB privateDirty=154.4MB sharedDirty=52.1MB nativePss=148.3MB dalvikPss=1.6MB otherPss=1.9GB
  systemAvail=13.9GB systemThreshold=216.0MB lowMemory=false trimLevel=0 importance=125 fdCount=152
  procStatus VmRSS=2335576 kB VmHWM=3153080 kB VmSize=19350724 kB VmSwap=2376 kB Threads=29 FDSize=256
2026-05-29 22:37:40.893 pid=29672 [model-load] Loading configuration: Qwen3.5 2B
2026-05-29 22:37:41.158 pid=29672 [runtime-memory] Before model load model=Qwen3.5-2B-UD-Q8_K_XL.gguf
  javaUsed=3.3MB javaTotal=10.5MB javaMax=256.0MB nativeHeap=14.6MB nativeHeapFree=50.0MB nativeHeapSize=68.1MB
  pssTotal=28.8MB privateDirty=20.3MB sharedDirty=52.1MB nativePss=14.0MB dalvikPss=1.8MB otherPss=13.0MB
  systemAvail=14.0GB systemThreshold=216.0MB lowMemory=false trimLevel=0 importance=125 fdCount=152
  procStatus VmRSS=180904 kB VmHWM=3153080 kB VmSize=17121808 kB VmSwap=2376 kB Threads=29 FDSize=256
2026-05-29 22:37:41.219 pid=29672 [runtime-memory] After model load cleanup model=Qwen3.5-2B-UD-Q8_K_XL.gguf
  javaUsed=2.5MB javaTotal=10.5MB javaMax=256.0MB nativeHeap=14.6MB nativeHeapFree=50.0MB nativeHeapSize=68.1MB
  pssTotal=28.3MB privateDirty=19.9MB sharedDirty=52.1MB nativePss=14.1MB dalvikPss=1.3MB otherPss=13.0MB
  systemAvail=14.0GB systemThreshold=216.0MB lowMemory=false trimLevel=0 importance=125 fdCount=152
  procStatus VmRSS=180500 kB VmHWM=3153080 kB VmSize=17121808 kB VmSwap=2376 kB Threads=29 FDSize=256
2026-05-29 22:37:42.318 pid=29672 [model-load-complete] config=Qwen3.5 2B model=Qwen3.5-2B-UD-Q8_K_XL.gguf mmproj=(none)
  javaUsed=2.6MB javaTotal=10.5MB javaMax=256.0MB nativeHeap=362.3MB nativeHeapFree=8.9MB nativeHeapSize=374.9MB
  pssTotal=2.9GB privateDirty=171.8MB sharedDirty=52.1MB nativePss=166.0MB dalvikPss=1.3MB otherPss=2.7GB
  systemAvail=13.9GB systemThreshold=216.0MB lowMemory=false trimLevel=0 importance=125 fdCount=152
  procStatus VmRSS=3150624 kB VmHWM=3153080 kB VmSize=20148028 kB VmSwap=2376 kB Threads=29 FDSize=256
2026-05-29 22:37:42.444 pid=29672 [generation-start] id=5 config=Qwen3.5 2B model=Qwen3.5-2B-UD-Q8_K_XL.gguf promptLen=1042 mediaCount=0
  javaUsed=2.8MB javaTotal=10.5MB javaMax=256.0MB nativeHeap=362.3MB nativeHeapFree=8.9MB nativeHeapSize=374.9MB
  pssTotal=2.9GB privateDirty=172.0MB sharedDirty=52.1MB nativePss=166.0MB dalvikPss=1.5MB otherPss=2.7GB
  systemAvail=13.9GB systemThreshold=216.0MB lowMemory=false trimLevel=0 importance=125 fdCount=152
  procStatus VmRSS=3150880 kB VmHWM=3153080 kB VmSize=20148028 kB VmSwap=2376 kB Threads=29 FDSize=256
2026-05-29 22:37:42.565 pid=29672 [generation-stage] id=5 stage=native-call-start
2026-05-29 22:38:11.938 pid=29672 [generation-stage] id=5 stage=native-call-end resultLen=80
2026-05-29 22:38:11.938 pid=29672 [generation-end] id=5 resultLen=80
  javaUsed=3.0MB javaTotal=10.5MB javaMax=256.0MB nativeHeap=363.6MB nativeHeapFree=8.7MB nativeHeapSize=376.1MB
  pssTotal=2.8GB privateDirty=154.5MB sharedDirty=52.1MB nativePss=148.4MB dalvikPss=1.6MB otherPss=2.7GB
  systemAvail=13.6GB systemThreshold=216.0MB lowMemory=false trimLevel=0 importance=125 fdCount=152
  procStatus VmRSS=3132656 kB VmHWM=3153080 kB VmSize=20148028 kB VmSwap=2376 kB Threads=29 FDSize=256
2026-05-29 22:38:12.504 pid=29672 [model-load] Loading configuration: Qwen3.5 2B MTP
2026-05-29 22:38:12.811 pid=29672 [runtime-memory] Before model load model=Qwen3.5-2B-Q8_0.gguf
  javaUsed=2.6MB javaTotal=10.5MB javaMax=256.0MB nativeHeap=14.6MB nativeHeapFree=50.0MB nativeHeapSize=68.1MB
  pssTotal=28.2MB privateDirty=19.7MB sharedDirty=52.1MB nativePss=14.0MB dalvikPss=1.3MB otherPss=13.0MB
  systemAvail=13.7GB systemThreshold=216.0MB lowMemory=false trimLevel=0 importance=125 fdCount=152
  procStatus VmRSS=180176 kB VmHWM=3153080 kB VmSize=17121808 kB VmSwap=2376 kB Threads=29 FDSize=256
2026-05-29 22:38:12.867 pid=29672 [runtime-memory] After model load cleanup model=Qwen3.5-2B-Q8_0.gguf
  javaUsed=2.5MB javaTotal=10.5MB javaMax=256.0MB nativeHeap=14.6MB nativeHeapFree=50.0MB nativeHeapSize=68.1MB
  pssTotal=28.3MB privateDirty=19.8MB sharedDirty=52.1MB nativePss=14.0MB dalvikPss=1.3MB otherPss=13.0MB
  systemAvail=13.7GB systemThreshold=216.0MB lowMemory=false trimLevel=0 importance=125 fdCount=152
  procStatus VmRSS=180316 kB VmHWM=3153080 kB VmSize=17121808 kB VmSwap=2376 kB Threads=29 FDSize=256
2026-05-29 22:38:14.085 pid=29672 [model-load-complete] config=Qwen3.5 2B MTP model=Qwen3.5-2B-Q8_0.gguf mmproj=(none)
  javaUsed=2.6MB javaTotal=10.5MB javaMax=256.0MB nativeHeap=362.3MB nativeHeapFree=8.9MB nativeHeapSize=374.9MB
  pssTotal=2.1GB privateDirty=171.7MB sharedDirty=52.1MB nativePss=165.9MB dalvikPss=1.3MB otherPss=1.9GB
  systemAvail=13.5GB systemThreshold=216.0MB lowMemory=false trimLevel=0 importance=125 fdCount=152
  procStatus VmRSS=2353088 kB VmHWM=3153080 kB VmSize=19350724 kB VmSwap=2376 kB Threads=29 FDSize=256
2026-05-29 22:38:14.194 pid=29672 [generation-start] id=6 config=Qwen3.5 2B MTP model=Qwen3.5-2B-Q8_0.gguf promptLen=1048 mediaCount=0
  javaUsed=2.8MB javaTotal=10.5MB javaMax=256.0MB nativeHeap=362.3MB nativeHeapFree=8.9MB nativeHeapSize=374.9MB
  pssTotal=2.1GB privateDirty=171.9MB sharedDirty=52.1MB nativePss=165.9MB dalvikPss=1.5MB otherPss=1.9GB
  systemAvail=13.5GB systemThreshold=216.0MB lowMemory=false trimLevel=0 importance=125 fdCount=152
  procStatus VmRSS=2353344 kB VmHWM=3153080 kB VmSize=19350724 kB VmSwap=2376 kB Threads=29 FDSize=256
2026-05-29 22:38:14.302 pid=29672 [generation-stage] id=6 stage=native-call-start
2026-05-29 22:38:45.566 pid=29672 [generation-stage] id=6 stage=native-call-end resultLen=85
2026-05-29 22:38:45.567 pid=29672 [generation-end] id=6 resultLen=85
  javaUsed=3.0MB javaTotal=10.5MB javaMax=256.0MB nativeHeap=363.6MB nativeHeapFree=8.7MB nativeHeapSize=376.1MB
  pssTotal=2.1GB privateDirty=154.4MB sharedDirty=52.1MB nativePss=148.3MB dalvikPss=1.6MB otherPss=1.9GB
  systemAvail=13.3GB systemThreshold=216.0MB lowMemory=false trimLevel=0 importance=125 fdCount=152
  procStatus VmRSS=2335512 kB VmHWM=3153080 kB VmSize=19350724 kB VmSwap=2376 kB Threads=29 FDSize=256
2026-05-29 22:38:46.150 pid=29672 [model-load] Loading configuration: Qwen3.5 2B
2026-05-29 22:38:46.442 pid=29672 [runtime-memory] Before model load model=Qwen3.5-2B-UD-Q8_K_XL.gguf
  javaUsed=3.3MB javaTotal=10.5MB javaMax=256.0MB nativeHeap=14.6MB nativeHeapFree=50.0MB nativeHeapSize=68.1MB
  pssTotal=28.8MB privateDirty=20.4MB sharedDirty=52.1MB nativePss=14.0MB dalvikPss=1.8MB otherPss=12.9MB
  systemAvail=13.5GB systemThreshold=216.0MB lowMemory=false trimLevel=0 importance=125 fdCount=152
  procStatus VmRSS=181020 kB VmHWM=3153080 kB VmSize=17121808 kB VmSwap=2376 kB Threads=29 FDSize=256
2026-05-29 22:38:46.499 pid=29672 [runtime-memory] After model load cleanup model=Qwen3.5-2B-UD-Q8_K_XL.gguf
  javaUsed=2.5MB javaTotal=10.5MB javaMax=256.0MB nativeHeap=14.6MB nativeHeapFree=50.0MB nativeHeapSize=68.1MB
  pssTotal=30.3MB privateDirty=21.9MB sharedDirty=52.1MB nativePss=14.1MB dalvikPss=3.2MB otherPss=12.9MB
  systemAvail=13.5GB systemThreshold=216.0MB lowMemory=false trimLevel=0 importance=125 fdCount=152
  procStatus VmRSS=182672 kB VmHWM=3153080 kB VmSize=17121808 kB VmSwap=2376 kB Threads=29 FDSize=256
2026-05-29 22:38:47.695 pid=29672 [model-load-complete] config=Qwen3.5 2B model=Qwen3.5-2B-UD-Q8_K_XL.gguf mmproj=(none)
  javaUsed=2.6MB javaTotal=10.5MB javaMax=256.0MB nativeHeap=362.3MB nativeHeapFree=8.9MB nativeHeapSize=374.9MB
  pssTotal=2.9GB privateDirty=173.8MB sharedDirty=52.1MB nativePss=165.9MB dalvikPss=3.3MB otherPss=2.7GB
  systemAvail=13.3GB systemThreshold=216.0MB lowMemory=false trimLevel=0 importance=125 fdCount=152
  procStatus VmRSS=3152636 kB VmHWM=3153080 kB VmSize=20148028 kB VmSwap=2376 kB Threads=29 FDSize=256
2026-05-29 22:38:47.821 pid=29672 [generation-start] id=7 config=Qwen3.5 2B model=Qwen3.5-2B-UD-Q8_K_XL.gguf promptLen=1045 mediaCount=0
  javaUsed=2.8MB javaTotal=10.5MB javaMax=256.0MB nativeHeap=362.3MB nativeHeapFree=8.9MB nativeHeapSize=374.9MB
  pssTotal=2.9GB privateDirty=173.9MB sharedDirty=52.1MB nativePss=165.9MB dalvikPss=3.5MB otherPss=2.7GB
  systemAvail=13.3GB systemThreshold=216.0MB lowMemory=false trimLevel=0 importance=125 fdCount=152
  procStatus VmRSS=3152892 kB VmHWM=3153080 kB VmSize=20148028 kB VmSwap=2376 kB Threads=29 FDSize=256
2026-05-29 22:38:47.940 pid=29672 [generation-stage] id=7 stage=native-call-start
2026-05-29 22:39:31.413 pid=29672 [generation-stage] id=7 stage=native-call-end resultLen=124
2026-05-29 22:39:31.414 pid=29672 [generation-end] id=7 resultLen=124
  javaUsed=3.0MB javaTotal=10.5MB javaMax=256.0MB nativeHeap=363.6MB nativeHeapFree=8.7MB nativeHeapSize=376.1MB
  pssTotal=2.8GB privateDirty=156.5MB sharedDirty=52.1MB nativePss=148.4MB dalvikPss=3.6MB otherPss=2.7GB
  systemAvail=13.4GB systemThreshold=216.0MB lowMemory=false trimLevel=0 importance=125 fdCount=152
  procStatus VmRSS=3135048 kB VmHWM=3153080 kB VmSize=20148028 kB VmSwap=2376 kB Threads=29 FDSize=256
2026-05-29 22:39:32.022 pid=29672 [model-load] Loading configuration: Qwen3.5 2B MTP
2026-05-29 22:39:32.320 pid=29672 [runtime-memory] Before model load model=Qwen3.5-2B-Q8_0.gguf
  javaUsed=3.3MB javaTotal=10.5MB javaMax=256.0MB nativeHeap=14.6MB nativeHeapFree=50.0MB nativeHeapSize=68.1MB
  pssTotal=30.8MB privateDirty=22.4MB sharedDirty=52.1MB nativePss=14.1MB dalvikPss=3.8MB otherPss=12.9MB
  systemAvail=13.6GB systemThreshold=216.0MB lowMemory=false trimLevel=0 importance=125 fdCount=152
  procStatus VmRSS=183120 kB VmHWM=3153080 kB VmSize=17121808 kB VmSwap=2376 kB Threads=29 FDSize=256
2026-05-29 22:39:32.377 pid=29672 [runtime-memory] After model load cleanup model=Qwen3.5-2B-Q8_0.gguf
  javaUsed=2.5MB javaTotal=10.5MB javaMax=256.0MB nativeHeap=14.6MB nativeHeapFree=50.0MB nativeHeapSize=68.1MB
  pssTotal=30.4MB privateDirty=21.9MB sharedDirty=52.1MB nativePss=14.2MB dalvikPss=3.3MB otherPss=12.9MB
  systemAvail=13.6GB systemThreshold=216.0MB lowMemory=false trimLevel=0 importance=125 fdCount=152
  procStatus VmRSS=182712 kB VmHWM=3153080 kB VmSize=17121808 kB VmSwap=2376 kB Threads=29 FDSize=256
2026-05-29 22:39:33.584 pid=29672 [model-load-complete] config=Qwen3.5 2B MTP model=Qwen3.5-2B-Q8_0.gguf mmproj=(none)
  javaUsed=2.6MB javaTotal=10.5MB javaMax=256.0MB nativeHeap=362.3MB nativeHeapFree=8.9MB nativeHeapSize=374.9MB
  pssTotal=2.1GB privateDirty=173.7MB sharedDirty=52.1MB nativePss=165.9MB dalvikPss=3.3MB otherPss=1.9GB
  systemAvail=13.5GB systemThreshold=216.0MB lowMemory=false trimLevel=0 importance=125 fdCount=152
  procStatus VmRSS=2355308 kB VmHWM=3153080 kB VmSize=19350724 kB VmSwap=2376 kB Threads=29 FDSize=256
2026-05-29 22:39:33.700 pid=29672 [generation-start] id=8 config=Qwen3.5 2B MTP model=Qwen3.5-2B-Q8_0.gguf promptLen=1051 mediaCount=0
  javaUsed=2.8MB javaTotal=10.5MB javaMax=256.0MB nativeHeap=362.3MB nativeHeapFree=8.9MB nativeHeapSize=374.9MB
  pssTotal=2.1GB privateDirty=173.9MB sharedDirty=52.1MB nativePss=165.9MB dalvikPss=3.5MB otherPss=1.9GB
  systemAvail=13.5GB systemThreshold=216.0MB lowMemory=false trimLevel=0 importance=125 fdCount=152
  procStatus VmRSS=2355564 kB VmHWM=3153080 kB VmSize=19350724 kB VmSwap=2376 kB Threads=29 FDSize=256
2026-05-29 22:39:33.812 pid=29672 [generation-stage] id=8 stage=native-call-start
2026-05-29 22:40:03.331 pid=29672 [generation-stage] id=8 stage=native-call-end resultLen=51
2026-05-29 22:40:03.332 pid=29672 [generation-end] id=8 resultLen=51
  javaUsed=3.0MB javaTotal=10.5MB javaMax=256.0MB nativeHeap=363.6MB nativeHeapFree=8.7MB nativeHeapSize=376.1MB
  pssTotal=2.1GB privateDirty=156.4MB sharedDirty=52.1MB nativePss=148.3MB dalvikPss=3.6MB otherPss=1.9GB
  systemAvail=13.7GB systemThreshold=216.0MB lowMemory=false trimLevel=0 importance=125 fdCount=152
  procStatus VmRSS=2337596 kB VmHWM=3153080 kB VmSize=19350724 kB VmSwap=2376 kB Threads=29 FDSize=256
2026-05-29 22:40:03.443 pid=29672 [model-load] Loading configuration: Qwen3.5 2B MTP
2026-05-29 22:40:03.444 pid=29672 [model-load-skip] config=Qwen3.5 2B MTP model already loaded
  javaUsed=3.3MB javaTotal=10.5MB javaMax=256.0MB nativeHeap=363.6MB nativeHeapFree=8.7MB nativeHeapSize=376.1MB
  pssTotal=2.1GB privateDirty=156.6MB sharedDirty=52.1MB nativePss=148.3MB dalvikPss=3.8MB otherPss=1.9GB
  systemAvail=13.7GB systemThreshold=216.0MB lowMemory=false trimLevel=0 importance=125 fdCount=152
  procStatus VmRSS=2337724 kB VmHWM=3153080 kB VmSize=19350724 kB VmSwap=2376 kB Threads=29 FDSize=256
2026-05-29 22:40:03.554 pid=29672 [generation-start] id=9 config=Qwen3.5 2B MTP model=Qwen3.5-2B-Q8_0.gguf promptLen=1051 mediaCount=0
  javaUsed=3.5MB javaTotal=10.5MB javaMax=256.0MB nativeHeap=363.6MB nativeHeapFree=8.7MB nativeHeapSize=376.1MB
  pssTotal=2.1GB privateDirty=156.8MB sharedDirty=52.1MB nativePss=148.3MB dalvikPss=4.0MB otherPss=1.9GB
  systemAvail=13.7GB systemThreshold=216.0MB lowMemory=false trimLevel=0 importance=125 fdCount=152
  procStatus VmRSS=2337852 kB VmHWM=3153080 kB VmSize=19350724 kB VmSwap=2376 kB Threads=29 FDSize=256
2026-05-29 22:40:03.658 pid=29672 [generation-stage] id=9 stage=native-call-start
2026-05-29 22:40:34.034 pid=29672 [generation-stage] id=9 stage=native-call-end resultLen=27
2026-05-29 22:40:34.034 pid=29672 [generation-end] id=9 resultLen=27
  javaUsed=3.6MB javaTotal=10.5MB javaMax=256.0MB nativeHeap=363.6MB nativeHeapFree=8.7MB nativeHeapSize=376.1MB
  pssTotal=2.1GB privateDirty=156.9MB sharedDirty=52.1MB nativePss=148.3MB dalvikPss=4.1MB otherPss=1.9GB
  systemAvail=13.7GB systemThreshold=216.0MB lowMemory=false trimLevel=0 importance=125 fdCount=152
  procStatus VmRSS=2338360 kB VmHWM=3153080 kB VmSize=19350724 kB VmSwap=2376 kB Threads=29 FDSize=256
2026-05-29 22:40:34.625 pid=29672 [model-load] Loading configuration: Qwen3.5 2B
2026-05-29 22:40:34.814 pid=29672 [runtime-memory] Before model load model=Qwen3.5-2B-UD-Q8_K_XL.gguf
  javaUsed=3.9MB javaTotal=10.5MB javaMax=256.0MB nativeHeap=14.6MB nativeHeapFree=50.0MB nativeHeapSize=68.1MB
  pssTotal=31.4MB privateDirty=22.9MB sharedDirty=52.1MB nativePss=14.1MB dalvikPss=4.3MB otherPss=12.9MB
  systemAvail=13.9GB systemThreshold=216.0MB lowMemory=false trimLevel=0 importance=125 fdCount=152
  procStatus VmRSS=183816 kB VmHWM=3153080 kB VmSize=17121808 kB VmSwap=2376 kB Threads=29 FDSize=256
2026-05-29 22:40:34.849 pid=29672 [runtime-memory] After model load cleanup model=Qwen3.5-2B-UD-Q8_K_XL.gguf
  javaUsed=2.5MB javaTotal=10.5MB javaMax=256.0MB nativeHeap=14.6MB nativeHeapFree=50.0MB nativeHeapSize=68.1MB
  pssTotal=28.4MB privateDirty=19.9MB sharedDirty=52.1MB nativePss=14.2MB dalvikPss=1.3MB otherPss=12.9MB
  systemAvail=13.9GB systemThreshold=216.0MB lowMemory=false trimLevel=0 importance=125 fdCount=152
  procStatus VmRSS=180812 kB VmHWM=3153080 kB VmSize=17121808 kB VmSwap=2376 kB Threads=29 FDSize=256
2026-05-29 22:40:35.501 pid=29672 [model-load-complete] config=Qwen3.5 2B model=Qwen3.5-2B-UD-Q8_K_XL.gguf mmproj=(none)
  javaUsed=2.6MB javaTotal=10.5MB javaMax=256.0MB nativeHeap=362.3MB nativeHeapFree=8.9MB nativeHeapSize=374.9MB
  pssTotal=2.9GB privateDirty=171.9MB sharedDirty=52.1MB nativePss=166.0MB dalvikPss=1.3MB otherPss=2.7GB
  systemAvail=13.7GB systemThreshold=216.0MB lowMemory=false trimLevel=0 importance=125 fdCount=152
  procStatus VmRSS=3150936 kB VmHWM=3153080 kB VmSize=20148028 kB VmSwap=2376 kB Threads=29 FDSize=256
2026-05-29 22:40:35.580 pid=29672 [generation-start] id=10 config=Qwen3.5 2B model=Qwen3.5-2B-UD-Q8_K_XL.gguf promptLen=1051 mediaCount=0
  javaUsed=2.8MB javaTotal=10.5MB javaMax=256.0MB nativeHeap=362.3MB nativeHeapFree=8.9MB nativeHeapSize=374.9MB
  pssTotal=2.9GB privateDirty=172.0MB sharedDirty=52.1MB nativePss=166.0MB dalvikPss=1.5MB otherPss=2.7GB
  systemAvail=13.7GB systemThreshold=216.0MB lowMemory=false trimLevel=0 importance=125 fdCount=152
  procStatus VmRSS=3151064 kB VmHWM=3153080 kB VmSize=20148028 kB VmSwap=2376 kB Threads=29 FDSize=256
2026-05-29 22:40:35.657 pid=29672 [generation-stage] id=10 stage=native-call-start
2026-05-29 22:41:15.481 pid=29672 [generation-stage] id=10 stage=native-call-end resultLen=118
2026-05-29 22:41:15.481 pid=29672 [generation-end] id=10 resultLen=118
  javaUsed=3.0MB javaTotal=10.5MB javaMax=256.0MB nativeHeap=363.6MB nativeHeapFree=8.7MB nativeHeapSize=376.1MB
  pssTotal=2.8GB privateDirty=154.6MB sharedDirty=52.1MB nativePss=148.4MB dalvikPss=1.6MB otherPss=2.7GB
  systemAvail=13.3GB systemThreshold=216.0MB lowMemory=false trimLevel=0 importance=125 fdCount=152
  procStatus VmRSS=3133168 kB VmHWM=3168088 kB VmSize=20148028 kB VmSwap=2376 kB Threads=29 FDSize=256
2026-05-29 22:41:16.095 pid=29672 [model-load] Loading configuration: Qwen3.5 2B MTP
2026-05-29 22:41:16.449 pid=29672 [runtime-memory] Before model load model=Qwen3.5-2B-Q8_0.gguf
  javaUsed=2.8MB javaTotal=10.5MB javaMax=256.0MB nativeHeap=14.6MB nativeHeapFree=50.0MB nativeHeapSize=68.1MB
  pssTotal=28.3MB privateDirty=19.9MB sharedDirty=52.1MB nativePss=14.0MB dalvikPss=1.4MB otherPss=12.9MB
  systemAvail=13.5GB systemThreshold=216.0MB lowMemory=false trimLevel=0 importance=125 fdCount=152
  procStatus VmRSS=180696 kB VmHWM=3168088 kB VmSize=17121808 kB VmSwap=2376 kB Threads=29 FDSize=256
2026-05-29 22:41:16.521 pid=29672 [runtime-memory] After model load cleanup model=Qwen3.5-2B-Q8_0.gguf
  javaUsed=2.5MB javaTotal=10.5MB javaMax=256.0MB nativeHeap=14.6MB nativeHeapFree=50.0MB nativeHeapSize=68.1MB
  pssTotal=28.3MB privateDirty=19.9MB sharedDirty=52.1MB nativePss=14.1MB dalvikPss=1.3MB otherPss=12.9MB
  systemAvail=13.5GB systemThreshold=216.0MB lowMemory=false trimLevel=0 importance=125 fdCount=152
  procStatus VmRSS=180736 kB VmHWM=3168088 kB VmSize=17121808 kB VmSwap=2376 kB Threads=29 FDSize=256
2026-05-29 22:41:17.834 pid=29672 [model-load-complete] config=Qwen3.5 2B MTP model=Qwen3.5-2B-Q8_0.gguf mmproj=(none)
  javaUsed=2.6MB javaTotal=10.5MB javaMax=256.0MB nativeHeap=362.3MB nativeHeapFree=8.9MB nativeHeapSize=374.9MB
  pssTotal=2.1GB privateDirty=167.3MB sharedDirty=52.1MB nativePss=161.5MB dalvikPss=1.3MB otherPss=1.9GB
  systemAvail=13.4GB systemThreshold=216.0MB lowMemory=false trimLevel=0 importance=125 fdCount=152
  procStatus VmRSS=2349040 kB VmHWM=3168088 kB VmSize=19350724 kB VmSwap=2376 kB Threads=29 FDSize=256
2026-05-29 22:41:17.956 pid=29672 [generation-start] id=11 config=Qwen3.5 2B MTP model=Qwen3.5-2B-Q8_0.gguf promptLen=1057 mediaCount=0
  javaUsed=2.8MB javaTotal=10.5MB javaMax=256.0MB nativeHeap=362.3MB nativeHeapFree=8.9MB nativeHeapSize=374.9MB
  pssTotal=2.1GB privateDirty=167.5MB sharedDirty=52.1MB nativePss=161.6MB dalvikPss=1.5MB otherPss=1.9GB
  systemAvail=13.4GB systemThreshold=216.0MB lowMemory=false trimLevel=0 importance=125 fdCount=152
  procStatus VmRSS=2350072 kB VmHWM=3168088 kB VmSize=19351108 kB VmSwap=2376 kB Threads=29 FDSize=256
2026-05-29 22:41:18.068 pid=29672 [generation-stage] id=11 stage=native-call-start
2026-05-29 22:41:55.638 pid=29672 [generation-stage] id=11 stage=native-call-end resultLen=71
2026-05-29 22:41:55.638 pid=29672 [generation-end] id=11 resultLen=71
  javaUsed=3.0MB javaTotal=10.5MB javaMax=256.0MB nativeHeap=363.6MB nativeHeapFree=8.7MB nativeHeapSize=376.1MB
  pssTotal=2.1GB privateDirty=154.5MB sharedDirty=52.2MB nativePss=148.3MB dalvikPss=1.6MB otherPss=1.9GB
  systemAvail=13.6GB systemThreshold=216.0MB lowMemory=false trimLevel=0 importance=125 fdCount=152
  procStatus VmRSS=2336540 kB VmHWM=3168088 kB VmSize=19351108 kB VmSwap=2376 kB Threads=29 FDSize=256
2026-05-29 22:41:56.246 pid=29672 [model-load] Loading configuration: Qwen3.5 2B
2026-05-29 22:41:56.542 pid=29672 [runtime-memory] Before model load model=Qwen3.5-2B-UD-Q8_K_XL.gguf
  javaUsed=3.3MB javaTotal=10.5MB javaMax=256.0MB nativeHeap=14.6MB nativeHeapFree=50.0MB nativeHeapSize=68.1MB
  pssTotal=28.9MB privateDirty=20.4MB sharedDirty=52.2MB nativePss=14.1MB dalvikPss=1.8MB otherPss=12.9MB
  systemAvail=13.7GB systemThreshold=216.0MB lowMemory=false trimLevel=0 importance=125 fdCount=152
  procStatus VmRSS=182160 kB VmHWM=3168088 kB VmSize=17122192 kB VmSwap=2376 kB Threads=29 FDSize=256
2026-05-29 22:41:56.602 pid=29672 [runtime-memory] After model load cleanup model=Qwen3.5-2B-UD-Q8_K_XL.gguf
  javaUsed=2.5MB javaTotal=10.5MB javaMax=256.0MB nativeHeap=14.6MB nativeHeapFree=50.0MB nativeHeapSize=68.1MB
  pssTotal=30.4MB privateDirty=22.0MB sharedDirty=52.2MB nativePss=14.2MB dalvikPss=3.3MB otherPss=12.9MB
  systemAvail=13.7GB systemThreshold=216.0MB lowMemory=false trimLevel=0 importance=125 fdCount=152
  procStatus VmRSS=183676 kB VmHWM=3168088 kB VmSize=17122192 kB VmSwap=2376 kB Threads=29 FDSize=256
2026-05-29 22:41:57.835 pid=29672 [model-load-complete] config=Qwen3.5 2B model=Qwen3.5-2B-UD-Q8_K_XL.gguf mmproj=(none)
  javaUsed=2.6MB javaTotal=10.5MB javaMax=256.0MB nativeHeap=362.3MB nativeHeapFree=8.9MB nativeHeapSize=374.9MB
  pssTotal=2.9GB privateDirty=173.8MB sharedDirty=52.2MB nativePss=165.9MB dalvikPss=3.3MB otherPss=2.7GB
  systemAvail=13.6GB systemThreshold=216.0MB lowMemory=false trimLevel=0 importance=125 fdCount=152
  procStatus VmRSS=3153600 kB VmHWM=3168088 kB VmSize=20148412 kB VmSwap=2376 kB Threads=29 FDSize=256
2026-05-29 22:41:57.954 pid=29672 [generation-start] id=12 config=Qwen3.5 2B model=Qwen3.5-2B-UD-Q8_K_XL.gguf promptLen=1054 mediaCount=0
  javaUsed=2.8MB javaTotal=10.5MB javaMax=256.0MB nativeHeap=362.3MB nativeHeapFree=8.9MB nativeHeapSize=374.9MB
  pssTotal=2.9GB privateDirty=173.9MB sharedDirty=52.2MB nativePss=166.0MB dalvikPss=3.5MB otherPss=2.7GB
  systemAvail=13.6GB systemThreshold=216.0MB lowMemory=false trimLevel=0 importance=125 fdCount=152
  procStatus VmRSS=3153728 kB VmHWM=3168088 kB VmSize=20148412 kB VmSwap=2376 kB Threads=29 FDSize=256
2026-05-29 22:41:58.074 pid=29672 [generation-stage] id=12 stage=native-call-start
2026-05-29 22:42:42.913 pid=29672 [generation-stage] id=12 stage=native-call-end resultLen=41
2026-05-29 22:42:42.913 pid=29672 [generation-end] id=12 resultLen=41
  javaUsed=3.0MB javaTotal=10.5MB javaMax=256.0MB nativeHeap=363.6MB nativeHeapFree=8.7MB nativeHeapSize=376.1MB
  pssTotal=2.8GB privateDirty=156.5MB sharedDirty=52.2MB nativePss=148.4MB dalvikPss=3.6MB otherPss=2.7GB
  systemAvail=13.6GB systemThreshold=216.0MB lowMemory=false trimLevel=0 importance=125 fdCount=152
  procStatus VmRSS=3135872 kB VmHWM=3168088 kB VmSize=20148412 kB VmSwap=2376 kB Threads=29 FDSize=256
2026-05-29 22:42:43.516 pid=29672 [model-load] Loading configuration: Qwen3.5 2B MTP
2026-05-29 22:42:43.838 pid=29672 [runtime-memory] Before model load model=Qwen3.5-2B-Q8_0.gguf
  javaUsed=2.6MB javaTotal=10.5MB javaMax=256.0MB nativeHeap=14.6MB nativeHeapFree=50.0MB nativeHeapSize=68.1MB
  pssTotal=28.2MB privateDirty=19.8MB sharedDirty=52.2MB nativePss=14.0MB dalvikPss=1.3MB otherPss=12.9MB
  systemAvail=13.8GB systemThreshold=216.0MB lowMemory=false trimLevel=0 importance=125 fdCount=152
  procStatus VmRSS=181528 kB VmHWM=3168088 kB VmSize=17122192 kB VmSwap=2376 kB Threads=29 FDSize=256
2026-05-29 22:42:43.895 pid=29672 [runtime-memory] After model load cleanup model=Qwen3.5-2B-Q8_0.gguf
  javaUsed=2.5MB javaTotal=10.5MB javaMax=256.0MB nativeHeap=14.6MB nativeHeapFree=50.0MB nativeHeapSize=68.1MB
  pssTotal=28.3MB privateDirty=19.9MB sharedDirty=52.2MB nativePss=14.1MB dalvikPss=1.3MB otherPss=12.9MB
  systemAvail=13.8GB systemThreshold=216.0MB lowMemory=false trimLevel=0 importance=125 fdCount=152
  procStatus VmRSS=181452 kB VmHWM=3168088 kB VmSize=17122192 kB VmSwap=2376 kB Threads=29 FDSize=256
2026-05-29 22:42:45.105 pid=29672 [model-load-complete] config=Qwen3.5 2B MTP model=Qwen3.5-2B-Q8_0.gguf mmproj=(none)
  javaUsed=2.6MB javaTotal=10.5MB javaMax=256.0MB nativeHeap=362.3MB nativeHeapFree=8.9MB nativeHeapSize=374.9MB
  pssTotal=2.1GB privateDirty=171.7MB sharedDirty=52.2MB nativePss=165.9MB dalvikPss=1.3MB otherPss=1.9GB
  systemAvail=13.6GB systemThreshold=216.0MB lowMemory=false trimLevel=0 importance=125 fdCount=152
  procStatus VmRSS=2354112 kB VmHWM=3168088 kB VmSize=19351108 kB VmSwap=2376 kB Threads=29 FDSize=256
2026-05-29 22:42:45.218 pid=29672 [generation-start] id=13 config=Qwen3.5 2B MTP model=Qwen3.5-2B-Q8_0.gguf promptLen=1060 mediaCount=0
  javaUsed=2.8MB javaTotal=10.5MB javaMax=256.0MB nativeHeap=362.3MB nativeHeapFree=8.9MB nativeHeapSize=374.9MB
  pssTotal=2.1GB privateDirty=171.9MB sharedDirty=52.2MB nativePss=165.9MB dalvikPss=1.5MB otherPss=1.9GB
  systemAvail=13.6GB systemThreshold=216.0MB lowMemory=false trimLevel=0 importance=125 fdCount=152
  procStatus VmRSS=2354368 kB VmHWM=3168088 kB VmSize=19351108 kB VmSwap=2376 kB Threads=29 FDSize=256
2026-05-29 22:42:45.331 pid=29672 [generation-stage] id=13 stage=native-call-start
2026-05-29 22:43:21.107 pid=29672 [generation-stage] id=13 stage=native-call-end resultLen=37
2026-05-29 22:43:21.108 pid=29672 [generation-end] id=13 resultLen=37
  javaUsed=3.0MB javaTotal=10.5MB javaMax=256.0MB nativeHeap=363.6MB nativeHeapFree=8.7MB nativeHeapSize=376.1MB
  pssTotal=2.1GB privateDirty=154.4MB sharedDirty=52.2MB nativePss=148.3MB dalvikPss=1.6MB otherPss=1.9GB
  systemAvail=13.7GB systemThreshold=216.0MB lowMemory=false trimLevel=0 importance=125 fdCount=152
  procStatus VmRSS=2336480 kB VmHWM=3168088 kB VmSize=19351108 kB VmSwap=2376 kB Threads=29 FDSize=256
2026-05-29 22:43:21.820 pid=29672 [model-load] Loading configuration: Qwen3.5 2B
2026-05-29 22:43:22.108 pid=29672 [runtime-memory] Before model load model=Qwen3.5-2B-UD-Q8_K_XL.gguf
  javaUsed=3.3MB javaTotal=10.5MB javaMax=256.0MB nativeHeap=14.6MB nativeHeapFree=50.0MB nativeHeapSize=68.1MB
  pssTotal=28.9MB privateDirty=20.4MB sharedDirty=52.2MB nativePss=14.1MB dalvikPss=1.8MB otherPss=12.9MB
  systemAvail=13.8GB systemThreshold=216.0MB lowMemory=false trimLevel=0 importance=125 fdCount=152
  procStatus VmRSS=182124 kB VmHWM=3168088 kB VmSize=17122192 kB VmSwap=2376 kB Threads=29 FDSize=256
2026-05-29 22:43:22.166 pid=29672 [runtime-memory] After model load cleanup model=Qwen3.5-2B-UD-Q8_K_XL.gguf
  javaUsed=2.5MB javaTotal=10.5MB javaMax=256.0MB nativeHeap=14.6MB nativeHeapFree=50.0MB nativeHeapSize=68.1MB
  pssTotal=28.4MB privateDirty=20.0MB sharedDirty=52.2MB nativePss=14.2MB dalvikPss=1.3MB otherPss=12.9MB
  systemAvail=13.8GB systemThreshold=216.0MB lowMemory=false trimLevel=0 importance=125 fdCount=152
  procStatus VmRSS=181712 kB VmHWM=3168088 kB VmSize=17122192 kB VmSwap=2376 kB Threads=29 FDSize=256
2026-05-29 22:43:23.424 pid=29672 [model-load-complete] config=Qwen3.5 2B model=Qwen3.5-2B-UD-Q8_K_XL.gguf mmproj=(none)
  javaUsed=2.6MB javaTotal=10.5MB javaMax=256.0MB nativeHeap=362.3MB nativeHeapFree=8.9MB nativeHeapSize=374.9MB
  pssTotal=2.9GB privateDirty=171.8MB sharedDirty=52.2MB nativePss=165.9MB dalvikPss=1.3MB otherPss=2.7GB
  systemAvail=13.7GB systemThreshold=216.0MB lowMemory=false trimLevel=0 importance=125 fdCount=152
  procStatus VmRSS=3151672 kB VmHWM=3168088 kB VmSize=20148412 kB VmSwap=2376 kB Threads=29 FDSize=256
2026-05-29 22:43:23.541 pid=29672 [generation-start] id=14 config=Qwen3.5 2B model=Qwen3.5-2B-UD-Q8_K_XL.gguf promptLen=1051 mediaCount=0
  javaUsed=2.8MB javaTotal=10.5MB javaMax=256.0MB nativeHeap=362.3MB nativeHeapFree=8.9MB nativeHeapSize=374.9MB
  pssTotal=2.9GB privateDirty=171.9MB sharedDirty=52.2MB nativePss=166.0MB dalvikPss=1.5MB otherPss=2.7GB
  systemAvail=13.7GB systemThreshold=216.0MB lowMemory=false trimLevel=0 importance=125 fdCount=152
  procStatus VmRSS=3151928 kB VmHWM=3168088 kB VmSize=20148412 kB VmSwap=2376 kB Threads=29 FDSize=256
2026-05-29 22:43:23.653 pid=29672 [generation-stage] id=14 stage=native-call-start
2026-05-29 22:44:08.678 pid=29672 [generation-stage] id=14 stage=native-call-end resultLen=129
2026-05-29 22:44:08.678 pid=29672 [generation-end] id=14 resultLen=129
  javaUsed=3.0MB javaTotal=10.5MB javaMax=256.0MB nativeHeap=363.6MB nativeHeapFree=8.7MB nativeHeapSize=376.1MB
  pssTotal=2.8GB privateDirty=154.5MB sharedDirty=52.2MB nativePss=148.4MB dalvikPss=1.6MB otherPss=2.7GB
  systemAvail=13.9GB systemThreshold=216.0MB lowMemory=false trimLevel=0 importance=125 fdCount=152
  procStatus VmRSS=3133684 kB VmHWM=3168088 kB VmSize=20148412 kB VmSwap=2376 kB Threads=29 FDSize=256
2026-05-29 22:44:09.447 pid=29672 [model-load] Loading configuration: Qwen3.5 2B MTP
2026-05-29 22:44:09.732 pid=29672 [runtime-memory] Before model load model=Qwen3.5-2B-Q8_0.gguf
  javaUsed=3.3MB javaTotal=10.5MB javaMax=256.0MB nativeHeap=14.6MB nativeHeapFree=50.0MB nativeHeapSize=68.1MB
  pssTotal=29.0MB privateDirty=20.4MB sharedDirty=52.2MB nativePss=14.1MB dalvikPss=1.8MB otherPss=13.0MB
  systemAvail=14.1GB systemThreshold=216.0MB lowMemory=false trimLevel=0 importance=125 fdCount=152
  procStatus VmRSS=181824 kB VmHWM=3168088 kB VmSize=17122192 kB VmSwap=2376 kB Threads=29 FDSize=256
2026-05-29 22:44:09.795 pid=29672 [runtime-memory] After model load cleanup model=Qwen3.5-2B-Q8_0.gguf
  javaUsed=2.5MB javaTotal=10.5MB javaMax=256.0MB nativeHeap=14.6MB nativeHeapFree=50.0MB nativeHeapSize=68.1MB
  pssTotal=28.5MB privateDirty=20.0MB sharedDirty=52.2MB nativePss=14.2MB dalvikPss=1.3MB otherPss=13.0MB
  systemAvail=14.1GB systemThreshold=216.0MB lowMemory=false trimLevel=0 importance=125 fdCount=152
  procStatus VmRSS=181628 kB VmHWM=3168088 kB VmSize=17122192 kB VmSwap=2376 kB Threads=29 FDSize=256
2026-05-29 22:44:10.522 pid=29672 [model-load-complete] config=Qwen3.5 2B MTP model=Qwen3.5-2B-Q8_0.gguf mmproj=(none)
  javaUsed=2.6MB javaTotal=10.5MB javaMax=256.0MB nativeHeap=362.3MB nativeHeapFree=8.9MB nativeHeapSize=374.9MB
  pssTotal=2.1GB privateDirty=171.9MB sharedDirty=52.2MB nativePss=166.0MB dalvikPss=1.3MB otherPss=1.9GB
  systemAvail=13.9GB systemThreshold=216.0MB lowMemory=false trimLevel=0 importance=125 fdCount=152
  procStatus VmRSS=2354448 kB VmHWM=3168088 kB VmSize=19351108 kB VmSwap=2376 kB Threads=29 FDSize=256
2026-05-29 22:44:10.685 pid=29672 [generation-start] id=15 config=Qwen3.5 2B MTP model=Qwen3.5-2B-Q8_0.gguf promptLen=1057 mediaCount=0
  javaUsed=2.8MB javaTotal=10.5MB javaMax=256.0MB nativeHeap=362.3MB nativeHeapFree=8.9MB nativeHeapSize=374.9MB
  pssTotal=2.1GB privateDirty=172.0MB sharedDirty=52.2MB nativePss=166.1MB dalvikPss=1.5MB otherPss=1.9GB
  systemAvail=13.9GB systemThreshold=216.0MB lowMemory=false trimLevel=0 importance=125 fdCount=152
  procStatus VmRSS=2354424 kB VmHWM=3168088 kB VmSize=19351108 kB VmSwap=2376 kB Threads=29 FDSize=256
2026-05-29 22:44:10.801 pid=29672 [generation-stage] id=15 stage=native-call-start
2026-05-29 22:44:37.882 pid=29672 [generation-stage] id=15 stage=native-call-end resultLen=103
2026-05-29 22:44:37.882 pid=29672 [generation-end] id=15 resultLen=103
  javaUsed=2.7MB javaTotal=10.5MB javaMax=256.0MB nativeHeap=363.6MB nativeHeapFree=8.7MB nativeHeapSize=376.1MB
  pssTotal=2.1GB privateDirty=154.2MB sharedDirty=52.2MB nativePss=148.4MB dalvikPss=1.4MB otherPss=1.9GB
  systemAvail=13.8GB systemThreshold=216.0MB lowMemory=false trimLevel=0 importance=125 fdCount=152
  procStatus VmRSS=2336372 kB VmHWM=3168088 kB VmSize=19351108 kB VmSwap=2376 kB Threads=29 FDSize=256
2026-05-29 22:44:38.591 pid=29672 [model-load] Loading configuration: Qwen3.5 2B
2026-05-29 22:44:38.899 pid=29672 [runtime-memory] Before model load model=Qwen3.5-2B-UD-Q8_K_XL.gguf
  javaUsed=3.0MB javaTotal=10.5MB javaMax=256.0MB nativeHeap=14.6MB nativeHeapFree=50.0MB nativeHeapSize=68.1MB
  pssTotal=28.7MB privateDirty=20.2MB sharedDirty=52.2MB nativePss=14.1MB dalvikPss=1.6MB otherPss=13.0MB
  systemAvail=14.0GB systemThreshold=216.0MB lowMemory=false trimLevel=0 importance=125 fdCount=152
  procStatus VmRSS=181692 kB VmHWM=3168088 kB VmSize=17122192 kB VmSwap=2376 kB Threads=29 FDSize=256
2026-05-29 22:44:38.961 pid=29672 [runtime-memory] After model load cleanup model=Qwen3.5-2B-UD-Q8_K_XL.gguf
  javaUsed=2.5MB javaTotal=10.5MB javaMax=256.0MB nativeHeap=14.6MB nativeHeapFree=50.0MB nativeHeapSize=68.1MB
  pssTotal=30.4MB privateDirty=21.9MB sharedDirty=52.2MB nativePss=14.2MB dalvikPss=3.3MB otherPss=13.0MB
  systemAvail=14.0GB systemThreshold=216.0MB lowMemory=false trimLevel=0 importance=125 fdCount=152
  procStatus VmRSS=183576 kB VmHWM=3168088 kB VmSize=17122192 kB VmSwap=2376 kB Threads=29 FDSize=256
2026-05-29 22:44:40.212 pid=29672 [model-load-complete] config=Qwen3.5 2B model=Qwen3.5-2B-UD-Q8_K_XL.gguf mmproj=(none)
  javaUsed=2.6MB javaTotal=10.5MB javaMax=256.0MB nativeHeap=362.3MB nativeHeapFree=8.9MB nativeHeapSize=374.9MB
  pssTotal=2.9GB privateDirty=173.7MB sharedDirty=52.2MB nativePss=165.9MB dalvikPss=3.3MB otherPss=2.7GB
  systemAvail=13.8GB systemThreshold=216.0MB lowMemory=false trimLevel=0 importance=125 fdCount=152
  procStatus VmRSS=3153476 kB VmHWM=3168088 kB VmSize=20148412 kB VmSwap=2376 kB Threads=29 FDSize=256
2026-05-29 22:44:40.340 pid=29672 [generation-start] id=16 config=Qwen3.5 2B model=Qwen3.5-2B-UD-Q8_K_XL.gguf promptLen=1069 mediaCount=0
  javaUsed=2.8MB javaTotal=10.5MB javaMax=256.0MB nativeHeap=362.3MB nativeHeapFree=8.9MB nativeHeapSize=374.9MB
  pssTotal=2.9GB privateDirty=173.9MB sharedDirty=52.2MB nativePss=165.9MB dalvikPss=3.5MB otherPss=2.7GB
  systemAvail=13.8GB systemThreshold=216.0MB lowMemory=false trimLevel=0 importance=125 fdCount=152
  procStatus VmRSS=3153732 kB VmHWM=3168088 kB VmSize=20148412 kB VmSwap=2376 kB Threads=29 FDSize=256
2026-05-29 22:44:40.459 pid=29672 [generation-stage] id=16 stage=native-call-start
2026-05-29 22:45:30.447 pid=29672 [generation-stage] id=16 stage=native-call-end resultLen=140
2026-05-29 22:45:30.448 pid=29672 [generation-end] id=16 resultLen=140
  javaUsed=3.0MB javaTotal=10.5MB javaMax=256.0MB nativeHeap=363.6MB nativeHeapFree=8.7MB nativeHeapSize=376.1MB
  pssTotal=2.8GB privateDirty=156.6MB sharedDirty=52.2MB nativePss=148.4MB dalvikPss=3.7MB otherPss=2.7GB
  systemAvail=13.8GB systemThreshold=216.0MB lowMemory=false trimLevel=0 importance=125 fdCount=152
  procStatus VmRSS=3136040 kB VmHWM=3168088 kB VmSize=20148412 kB VmSwap=2376 kB Threads=29 FDSize=256
2026-05-29 22:45:31.171 pid=29672 [model-load] Loading configuration: Qwen3.5 2B MTP
2026-05-29 22:45:31.488 pid=29672 [runtime-memory] Before model load model=Qwen3.5-2B-Q8_0.gguf
  javaUsed=3.3MB javaTotal=10.5MB javaMax=256.0MB nativeHeap=14.6MB nativeHeapFree=50.0MB nativeHeapSize=68.1MB
  pssTotal=30.9MB privateDirty=22.5MB sharedDirty=52.2MB nativePss=14.2MB dalvikPss=3.8MB otherPss=12.9MB
  systemAvail=14.0GB systemThreshold=216.0MB lowMemory=false trimLevel=0 importance=125 fdCount=152
  procStatus VmRSS=184092 kB VmHWM=3168088 kB VmSize=17122192 kB VmSwap=2376 kB Threads=29 FDSize=256
2026-05-29 22:45:31.550 pid=29672 [runtime-memory] After model load cleanup model=Qwen3.5-2B-Q8_0.gguf
  javaUsed=2.5MB javaTotal=10.5MB javaMax=256.0MB nativeHeap=14.6MB nativeHeapFree=50.0MB nativeHeapSize=68.1MB
  pssTotal=28.4MB privateDirty=20.0MB sharedDirty=52.2MB nativePss=14.2MB dalvikPss=1.3MB otherPss=12.9MB
  systemAvail=14.0GB systemThreshold=216.0MB lowMemory=false trimLevel=0 importance=125 fdCount=152
  procStatus VmRSS=181588 kB VmHWM=3168088 kB VmSize=17122192 kB VmSwap=2376 kB Threads=29 FDSize=256
2026-05-29 22:45:32.676 pid=29672 [model-load-complete] config=Qwen3.5 2B MTP model=Qwen3.5-2B-Q8_0.gguf mmproj=(none)
  javaUsed=2.6MB javaTotal=10.5MB javaMax=256.0MB nativeHeap=362.3MB nativeHeapFree=8.9MB nativeHeapSize=374.9MB
  pssTotal=2.1GB privateDirty=171.9MB sharedDirty=52.2MB nativePss=166.0MB dalvikPss=1.3MB otherPss=1.9GB
  systemAvail=13.8GB systemThreshold=216.0MB lowMemory=false trimLevel=0 importance=125 fdCount=152
  procStatus VmRSS=2354408 kB VmHWM=3168088 kB VmSize=19351108 kB VmSwap=2376 kB Threads=29 FDSize=256
2026-05-29 22:45:32.797 pid=29672 [generation-start] id=17 config=Qwen3.5 2B MTP model=Qwen3.5-2B-Q8_0.gguf promptLen=1057 mediaCount=0
  javaUsed=2.8MB javaTotal=10.5MB javaMax=256.0MB nativeHeap=362.3MB nativeHeapFree=8.9MB nativeHeapSize=374.9MB
  pssTotal=2.1GB privateDirty=172.0MB sharedDirty=52.2MB nativePss=166.1MB dalvikPss=1.5MB otherPss=1.9GB
  systemAvail=13.8GB systemThreshold=216.0MB lowMemory=false trimLevel=0 importance=125 fdCount=152
  procStatus VmRSS=2354536 kB VmHWM=3168088 kB VmSize=19351108 kB VmSwap=2376 kB Threads=29 FDSize=256
2026-05-29 22:45:32.911 pid=29672 [generation-stage] id=17 stage=native-call-start
2026-05-29 22:46:07.723 pid=29672 [generation-stage] id=17 stage=native-call-end resultLen=34
2026-05-29 22:46:07.724 pid=29672 [generation-end] id=17 resultLen=34
  javaUsed=2.6MB javaTotal=10.5MB javaMax=256.0MB nativeHeap=363.6MB nativeHeapFree=8.8MB nativeHeapSize=376.1MB
  pssTotal=2.1GB privateDirty=154.2MB sharedDirty=52.2MB nativePss=148.4MB dalvikPss=1.3MB otherPss=1.9GB
  systemAvail=13.9GB systemThreshold=216.0MB lowMemory=false trimLevel=0 importance=125 fdCount=152
  procStatus VmRSS=2336520 kB VmHWM=3168088 kB VmSize=19351108 kB VmSwap=2376 kB Threads=29 FDSize=256
2026-05-29 22:46:07.835 pid=29672 [model-load] Loading configuration: Qwen3.5 2B MTP
2026-05-29 22:46:07.835 pid=29672 [model-load-skip] config=Qwen3.5 2B MTP model already loaded
  javaUsed=2.9MB javaTotal=10.5MB javaMax=256.0MB nativeHeap=363.6MB nativeHeapFree=8.7MB nativeHeapSize=376.1MB
  pssTotal=2.1GB privateDirty=154.3MB sharedDirty=52.2MB nativePss=148.4MB dalvikPss=1.5MB otherPss=1.9GB
  systemAvail=13.9GB systemThreshold=216.0MB lowMemory=false trimLevel=0 importance=125 fdCount=152
  procStatus VmRSS=2336520 kB VmHWM=3168088 kB VmSize=19351108 kB VmSwap=2376 kB Threads=29 FDSize=256
2026-05-29 22:46:07.956 pid=29672 [generation-start] id=18 config=Qwen3.5 2B MTP model=Qwen3.5-2B-Q8_0.gguf promptLen=1057 mediaCount=0
  javaUsed=3.1MB javaTotal=10.5MB javaMax=256.0MB nativeHeap=363.6MB nativeHeapFree=8.7MB nativeHeapSize=376.1MB
  pssTotal=2.1GB privateDirty=154.5MB sharedDirty=52.2MB nativePss=148.4MB dalvikPss=1.6MB otherPss=1.9GB
  systemAvail=13.9GB systemThreshold=216.0MB lowMemory=false trimLevel=0 importance=125 fdCount=152
  procStatus VmRSS=2336648 kB VmHWM=3168088 kB VmSize=19351108 kB VmSwap=2376 kB Threads=29 FDSize=256
2026-05-29 22:46:08.071 pid=29672 [generation-stage] id=18 stage=native-call-start
2026-05-29 22:46:35.321 pid=29672 [generation-stage] id=18 stage=native-call-end resultLen=124
2026-05-29 22:46:35.322 pid=29672 [generation-end] id=18 resultLen=124
  javaUsed=3.2MB javaTotal=10.5MB javaMax=256.0MB nativeHeap=363.6MB nativeHeapFree=8.7MB nativeHeapSize=376.1MB
  pssTotal=2.1GB privateDirty=154.6MB sharedDirty=52.2MB nativePss=148.4MB dalvikPss=1.8MB otherPss=1.9GB
  systemAvail=14.0GB systemThreshold=216.0MB lowMemory=false trimLevel=0 importance=125 fdCount=152
  procStatus VmRSS=2336764 kB VmHWM=3168088 kB VmSize=19351108 kB VmSwap=2376 kB Threads=29 FDSize=256
2026-05-29 22:46:35.925 pid=29672 [model-load] Loading configuration: Qwen3.5 2B
2026-05-29 22:46:36.199 pid=29672 [runtime-memory] Before model load model=Qwen3.5-2B-UD-Q8_K_XL.gguf
  javaUsed=3.5MB javaTotal=10.5MB javaMax=256.0MB nativeHeap=14.6MB nativeHeapFree=50.0MB nativeHeapSize=68.1MB
  pssTotal=29.1MB privateDirty=20.6MB sharedDirty=52.2MB nativePss=14.2MB dalvikPss=2.0MB otherPss=13.0MB
  systemAvail=14.1GB systemThreshold=216.0MB lowMemory=false trimLevel=0 importance=125 fdCount=152
  procStatus VmRSS=182160 kB VmHWM=3168088 kB VmSize=17122192 kB VmSwap=2376 kB Threads=29 FDSize=256
2026-05-29 22:46:36.264 pid=29672 [runtime-memory] After model load cleanup model=Qwen3.5-2B-UD-Q8_K_XL.gguf
  javaUsed=2.5MB javaTotal=10.5MB javaMax=256.0MB nativeHeap=14.6MB nativeHeapFree=50.0MB nativeHeapSize=68.1MB
  pssTotal=28.5MB privateDirty=20.0MB sharedDirty=52.2MB nativePss=14.3MB dalvikPss=1.3MB otherPss=13.0MB
  systemAvail=14.1GB systemThreshold=216.0MB lowMemory=false trimLevel=0 importance=125 fdCount=152
  procStatus VmRSS=181568 kB VmHWM=3168088 kB VmSize=17122192 kB VmSwap=2376 kB Threads=29 FDSize=256
2026-05-29 22:46:37.416 pid=29672 [model-load-complete] config=Qwen3.5 2B model=Qwen3.5-2B-UD-Q8_K_XL.gguf mmproj=(none)
  javaUsed=2.6MB javaTotal=10.5MB javaMax=256.0MB nativeHeap=362.3MB nativeHeapFree=8.9MB nativeHeapSize=374.9MB
  pssTotal=2.9GB privateDirty=171.9MB sharedDirty=52.2MB nativePss=166.1MB dalvikPss=1.3MB otherPss=2.7GB
  systemAvail=14.0GB systemThreshold=216.0MB lowMemory=false trimLevel=0 importance=125 fdCount=152
  procStatus VmRSS=3151496 kB VmHWM=3168088 kB VmSize=20148412 kB VmSwap=2376 kB Threads=29 FDSize=256
2026-05-29 22:46:37.546 pid=29672 [generation-start] id=19 config=Qwen3.5 2B model=Qwen3.5-2B-UD-Q8_K_XL.gguf promptLen=1063 mediaCount=0
  javaUsed=2.8MB javaTotal=10.5MB javaMax=256.0MB nativeHeap=362.3MB nativeHeapFree=8.9MB nativeHeapSize=374.9MB
  pssTotal=2.9GB privateDirty=172.1MB sharedDirty=52.2MB nativePss=166.1MB dalvikPss=1.5MB otherPss=2.7GB
  systemAvail=14.0GB systemThreshold=216.0MB lowMemory=false trimLevel=0 importance=125 fdCount=152
  procStatus VmRSS=3151752 kB VmHWM=3168088 kB VmSize=20148412 kB VmSwap=2376 kB Threads=29 FDSize=256
2026-05-29 22:46:37.668 pid=29672 [generation-stage] id=19 stage=native-call-start
2026-05-29 22:47:32.197 pid=29672 [generation-stage] id=19 stage=native-call-end resultLen=159
2026-05-29 22:47:32.197 pid=29672 [generation-end] id=19 resultLen=159
  javaUsed=3.0MB javaTotal=10.5MB javaMax=256.0MB nativeHeap=363.6MB nativeHeapFree=8.7MB nativeHeapSize=376.1MB
  pssTotal=2.8GB privateDirty=154.6MB sharedDirty=52.2MB nativePss=148.5MB dalvikPss=1.6MB otherPss=2.7GB
  systemAvail=14.1GB systemThreshold=216.0MB lowMemory=false trimLevel=0 importance=125 fdCount=152
  procStatus VmRSS=3134416 kB VmHWM=3168088 kB VmSize=20148412 kB VmSwap=2376 kB Threads=29 FDSize=256
2026-05-29 22:47:33.029 pid=29672 [model-load] Loading configuration: Qwen3.5 2B MTP
2026-05-29 22:47:33.323 pid=29672 [runtime-memory] Before model load model=Qwen3.5-2B-Q8_0.gguf
  javaUsed=3.3MB javaTotal=10.5MB javaMax=256.0MB nativeHeap=14.6MB nativeHeapFree=50.0MB nativeHeapSize=68.1MB
  pssTotal=28.9MB privateDirty=20.4MB sharedDirty=52.2MB nativePss=14.2MB dalvikPss=1.8MB otherPss=13.0MB
  systemAvail=14.2GB systemThreshold=216.0MB lowMemory=false trimLevel=0 importance=125 fdCount=152
  procStatus VmRSS=182308 kB VmHWM=3168088 kB VmSize=17122192 kB VmSwap=2376 kB Threads=29 FDSize=256
2026-05-29 22:47:33.380 pid=29672 [runtime-memory] After model load cleanup model=Qwen3.5-2B-Q8_0.gguf
  javaUsed=2.5MB javaTotal=10.5MB javaMax=256.0MB nativeHeap=14.6MB nativeHeapFree=50.0MB nativeHeapSize=68.1MB
  pssTotal=28.5MB privateDirty=20.0MB sharedDirty=52.2MB nativePss=14.2MB dalvikPss=1.3MB otherPss=13.0MB
  systemAvail=14.2GB systemThreshold=216.0MB lowMemory=false trimLevel=0 importance=125 fdCount=152
  procStatus VmRSS=181816 kB VmHWM=3168088 kB VmSize=17122192 kB VmSwap=2376 kB Threads=29 FDSize=256
2026-05-29 22:47:34.507 pid=29672 [model-load-complete] config=Qwen3.5 2B MTP model=Qwen3.5-2B-Q8_0.gguf mmproj=(none)
  javaUsed=2.6MB javaTotal=10.5MB javaMax=256.0MB nativeHeap=362.3MB nativeHeapFree=8.9MB nativeHeapSize=374.9MB
  pssTotal=2.1GB privateDirty=171.9MB sharedDirty=52.2MB nativePss=166.0MB dalvikPss=1.3MB otherPss=1.9GB
  systemAvail=14.1GB systemThreshold=216.0MB lowMemory=false trimLevel=0 importance=125 fdCount=152
  procStatus VmRSS=2354508 kB VmHWM=3168088 kB VmSize=19351108 kB VmSwap=2376 kB Threads=29 FDSize=256
2026-05-29 22:47:34.623 pid=29672 [generation-start] id=20 config=Qwen3.5 2B MTP model=Qwen3.5-2B-Q8_0.gguf promptLen=1066 mediaCount=0
  javaUsed=2.8MB javaTotal=10.5MB javaMax=256.0MB nativeHeap=362.3MB nativeHeapFree=8.9MB nativeHeapSize=374.9MB
  pssTotal=2.1GB privateDirty=172.1MB sharedDirty=52.2MB nativePss=166.1MB dalvikPss=1.5MB otherPss=1.9GB
  systemAvail=14.1GB systemThreshold=216.0MB lowMemory=false trimLevel=0 importance=125 fdCount=152
  procStatus VmRSS=2354764 kB VmHWM=3168088 kB VmSize=19351108 kB VmSwap=2376 kB Threads=29 FDSize=256
2026-05-29 22:47:34.736 pid=29672 [generation-stage] id=20 stage=native-call-start
2026-05-29 22:48:10.026 pid=29672 [generation-stage] id=20 stage=native-call-end resultLen=42
2026-05-29 22:48:10.026 pid=29672 [generation-end] id=20 resultLen=42
  javaUsed=3.0MB javaTotal=10.5MB javaMax=256.0MB nativeHeap=363.6MB nativeHeapFree=8.7MB nativeHeapSize=376.1MB
  pssTotal=2.1GB privateDirty=154.5MB sharedDirty=52.2MB nativePss=148.4MB dalvikPss=1.6MB otherPss=1.9GB
  systemAvail=14.2GB systemThreshold=216.0MB lowMemory=false trimLevel=0 importance=125 fdCount=152
  procStatus VmRSS=2336800 kB VmHWM=3168088 kB VmSize=19351108 kB VmSwap=2376 kB Threads=29 FDSize=256
2026-05-29 22:48:10.853 pid=29672 [model-load] Loading configuration: Qwen3.5 2B
2026-05-29 22:48:11.128 pid=29672 [runtime-memory] Before model load model=Qwen3.5-2B-UD-Q8_K_XL.gguf
  javaUsed=3.3MB javaTotal=10.5MB javaMax=256.0MB nativeHeap=14.6MB nativeHeapFree=50.0MB nativeHeapSize=68.1MB
  pssTotal=28.9MB privateDirty=20.4MB sharedDirty=52.2MB nativePss=14.1MB dalvikPss=1.8MB otherPss=13.0MB
  systemAvail=14.3GB systemThreshold=216.0MB lowMemory=false trimLevel=0 importance=125 fdCount=152
  procStatus VmRSS=182124 kB VmHWM=3168088 kB VmSize=17122192 kB VmSwap=2376 kB Threads=29 FDSize=256
2026-05-29 22:48:11.163 pid=29672 [runtime-memory] After model load cleanup model=Qwen3.5-2B-UD-Q8_K_XL.gguf
  javaUsed=2.5MB javaTotal=10.5MB javaMax=256.0MB nativeHeap=14.6MB nativeHeapFree=50.0MB nativeHeapSize=68.1MB
  pssTotal=28.4MB privateDirty=20.0MB sharedDirty=52.2MB nativePss=14.2MB dalvikPss=1.3MB otherPss=13.0MB
  systemAvail=14.3GB systemThreshold=216.0MB lowMemory=false trimLevel=0 importance=125 fdCount=152
  procStatus VmRSS=181704 kB VmHWM=3168088 kB VmSize=17122192 kB VmSwap=2376 kB Threads=29 FDSize=256
2026-05-29 22:48:12.017 pid=29672 [model-load-complete] config=Qwen3.5 2B model=Qwen3.5-2B-UD-Q8_K_XL.gguf mmproj=(none)
  javaUsed=2.7MB javaTotal=10.5MB javaMax=256.0MB nativeHeap=362.3MB nativeHeapFree=8.9MB nativeHeapSize=374.9MB
  pssTotal=2.9GB privateDirty=171.9MB sharedDirty=52.2MB nativePss=166.0MB dalvikPss=1.3MB otherPss=2.7GB
  systemAvail=14.1GB systemThreshold=216.0MB lowMemory=false trimLevel=0 importance=125 fdCount=152
  procStatus VmRSS=3151700 kB VmHWM=3168088 kB VmSize=20148412 kB VmSwap=2376 kB Threads=29 FDSize=256
2026-05-29 22:48:12.216 pid=29672 [generation-start] id=21 config=Qwen3.5 2B model=Qwen3.5-2B-UD-Q8_K_XL.gguf promptLen=1054 mediaCount=0
  javaUsed=2.9MB javaTotal=10.5MB javaMax=256.0MB nativeHeap=362.3MB nativeHeapFree=8.9MB nativeHeapSize=374.9MB
  pssTotal=2.9GB privateDirty=172.1MB sharedDirty=52.2MB nativePss=166.1MB dalvikPss=1.5MB otherPss=2.7GB
  systemAvail=14.1GB systemThreshold=216.0MB lowMemory=false trimLevel=0 importance=125 fdCount=152
  procStatus VmRSS=3151828 kB VmHWM=3168088 kB VmSize=20148412 kB VmSwap=2376 kB Threads=29 FDSize=256
2026-05-29 22:48:12.346 pid=29672 [generation-stage] id=21 stage=native-call-start
2026-05-29 22:49:01.034 pid=29672 [generation-stage] id=21 stage=native-call-end resultLen=103
2026-05-29 22:49:01.035 pid=29672 [generation-end] id=21 resultLen=103
  javaUsed=3.0MB javaTotal=10.5MB javaMax=256.0MB nativeHeap=363.6MB nativeHeapFree=8.7MB nativeHeapSize=376.1MB
  pssTotal=2.8GB privateDirty=154.5MB sharedDirty=52.2MB nativePss=148.4MB dalvikPss=1.6MB otherPss=2.7GB
  systemAvail=14.1GB systemThreshold=216.0MB lowMemory=false trimLevel=0 importance=125 fdCount=152
  procStatus VmRSS=3134200 kB VmHWM=3168088 kB VmSize=20148412 kB VmSwap=2376 kB Threads=29 FDSize=256
2026-05-29 22:49:01.772 pid=29672 [model-load] Loading configuration: Qwen3.5 2B MTP
2026-05-29 22:49:02.065 pid=29672 [runtime-memory] Before model load model=Qwen3.5-2B-Q8_0.gguf
  javaUsed=3.3MB javaTotal=10.5MB javaMax=256.0MB nativeHeap=14.6MB nativeHeapFree=50.0MB nativeHeapSize=68.1MB
  pssTotal=28.9MB privateDirty=20.5MB sharedDirty=52.2MB nativePss=14.2MB dalvikPss=1.8MB otherPss=13.0MB
  systemAvail=14.2GB systemThreshold=216.0MB lowMemory=false trimLevel=0 importance=125 fdCount=152
  procStatus VmRSS=182200 kB VmHWM=3168088 kB VmSize=17122192 kB VmSwap=2376 kB Threads=29 FDSize=256
2026-05-29 22:49:02.122 pid=29672 [runtime-memory] After model load cleanup model=Qwen3.5-2B-Q8_0.gguf
  javaUsed=2.5MB javaTotal=10.5MB javaMax=256.0MB nativeHeap=14.6MB nativeHeapFree=50.0MB nativeHeapSize=68.1MB
  pssTotal=28.5MB privateDirty=20.0MB sharedDirty=52.2MB nativePss=14.3MB dalvikPss=1.3MB otherPss=13.0MB
  systemAvail=14.2GB systemThreshold=216.0MB lowMemory=false trimLevel=0 importance=125 fdCount=152
  procStatus VmRSS=181600 kB VmHWM=3168088 kB VmSize=17122192 kB VmSwap=2376 kB Threads=29 FDSize=256
2026-05-29 22:49:03.234 pid=29672 [model-load-complete] config=Qwen3.5 2B MTP model=Qwen3.5-2B-Q8_0.gguf mmproj=(none)
  javaUsed=2.6MB javaTotal=10.5MB javaMax=256.0MB nativeHeap=362.3MB nativeHeapFree=8.9MB nativeHeapSize=374.9MB
  pssTotal=2.1GB privateDirty=171.9MB sharedDirty=52.2MB nativePss=166.0MB dalvikPss=1.3MB otherPss=1.9GB
  systemAvail=14.1GB systemThreshold=216.0MB lowMemory=false trimLevel=0 importance=125 fdCount=152
  procStatus VmRSS=2354292 kB VmHWM=3168088 kB VmSize=19351108 kB VmSwap=2376 kB Threads=29 FDSize=256
2026-05-29 22:49:03.347 pid=29672 [generation-start] id=22 config=Qwen3.5 2B MTP model=Qwen3.5-2B-Q8_0.gguf promptLen=1066 mediaCount=0
  javaUsed=2.8MB javaTotal=10.5MB javaMax=256.0MB nativeHeap=362.3MB nativeHeapFree=8.9MB nativeHeapSize=374.9MB
  pssTotal=2.1GB privateDirty=172.1MB sharedDirty=52.2MB nativePss=166.1MB dalvikPss=1.5MB otherPss=1.9GB
  systemAvail=14.1GB systemThreshold=216.0MB lowMemory=false trimLevel=0 importance=125 fdCount=152
  procStatus VmRSS=2354660 kB VmHWM=3168088 kB VmSize=19351108 kB VmSwap=2376 kB Threads=29 FDSize=256
2026-05-29 22:49:03.456 pid=29672 [generation-stage] id=22 stage=native-call-start
2026-05-29 22:49:42.080 pid=29672 [generation-stage] id=22 stage=native-call-end resultLen=152
2026-05-29 22:49:42.081 pid=29672 [generation-end] id=22 resultLen=152
  javaUsed=2.7MB javaTotal=10.5MB javaMax=256.0MB nativeHeap=363.6MB nativeHeapFree=8.7MB nativeHeapSize=376.1MB
  pssTotal=2.1GB privateDirty=154.3MB sharedDirty=52.2MB nativePss=148.4MB dalvikPss=1.4MB otherPss=1.9GB
  systemAvail=14.1GB systemThreshold=216.0MB lowMemory=false trimLevel=0 importance=125 fdCount=152
  procStatus VmRSS=2336644 kB VmHWM=3168088 kB VmSize=19351108 kB VmSwap=2376 kB Threads=29 FDSize=256
2026-05-29 22:49:42.199 pid=29672 [model-load] Loading configuration: Qwen3.5 2B MTP
2026-05-29 22:49:42.199 pid=29672 [model-load-skip] config=Qwen3.5 2B MTP model already loaded
  javaUsed=3.0MB javaTotal=10.5MB javaMax=256.0MB nativeHeap=363.6MB nativeHeapFree=8.7MB nativeHeapSize=376.1MB
  pssTotal=2.1GB privateDirty=154.4MB sharedDirty=52.2MB nativePss=148.4MB dalvikPss=1.6MB otherPss=1.9GB
  systemAvail=14.1GB systemThreshold=216.0MB lowMemory=false trimLevel=0 importance=125 fdCount=152
  procStatus VmRSS=2336772 kB VmHWM=3168088 kB VmSize=19351108 kB VmSwap=2376 kB Threads=29 FDSize=256
2026-05-29 22:49:42.317 pid=29672 [generation-start] id=23 config=Qwen3.5 2B MTP model=Qwen3.5-2B-Q8_0.gguf promptLen=1066 mediaCount=0
  javaUsed=3.2MB javaTotal=10.5MB javaMax=256.0MB nativeHeap=363.6MB nativeHeapFree=8.7MB nativeHeapSize=376.1MB
  pssTotal=2.1GB privateDirty=154.6MB sharedDirty=52.2MB nativePss=148.4MB dalvikPss=1.7MB otherPss=1.9GB
  systemAvail=14.1GB systemThreshold=216.0MB lowMemory=false trimLevel=0 importance=125 fdCount=152
  procStatus VmRSS=2336900 kB VmHWM=3168088 kB VmSize=19351108 kB VmSwap=2376 kB Threads=29 FDSize=256
2026-05-29 22:49:42.431 pid=29672 [generation-stage] id=23 stage=native-call-start
2026-05-29 22:50:20.925 pid=29672 [generation-stage] id=23 stage=native-call-end resultLen=114
2026-05-29 22:50:20.926 pid=29672 [generation-end] id=23 resultLen=114
  javaUsed=3.3MB javaTotal=10.5MB javaMax=256.0MB nativeHeap=363.6MB nativeHeapFree=8.7MB nativeHeapSize=376.1MB
  pssTotal=2.1GB privateDirty=154.7MB sharedDirty=52.2MB nativePss=148.4MB dalvikPss=1.8MB otherPss=1.9GB
  systemAvail=14.1GB systemThreshold=216.0MB lowMemory=false trimLevel=0 importance=125 fdCount=152
  procStatus VmRSS=2337272 kB VmHWM=3168088 kB VmSize=19351108 kB VmSwap=2376 kB Threads=29 FDSize=256
2026-05-29 22:50:21.755 pid=29672 [model-load] Loading configuration: Qwen3.5 2B
2026-05-29 22:50:22.028 pid=29672 [runtime-memory] Before model load model=Qwen3.5-2B-UD-Q8_K_XL.gguf
  javaUsed=3.5MB javaTotal=10.5MB javaMax=256.0MB nativeHeap=14.6MB nativeHeapFree=50.0MB nativeHeapSize=68.1MB
  pssTotal=29.2MB privateDirty=20.7MB sharedDirty=52.2MB nativePss=14.2MB dalvikPss=2.0MB otherPss=13.0MB
  systemAvail=14.2GB systemThreshold=216.0MB lowMemory=false trimLevel=0 importance=125 fdCount=152
  procStatus VmRSS=182664 kB VmHWM=3168088 kB VmSize=17122192 kB VmSwap=2376 kB Threads=29 FDSize=256
2026-05-29 22:50:22.085 pid=29672 [runtime-memory] After model load cleanup model=Qwen3.5-2B-UD-Q8_K_XL.gguf
  javaUsed=2.5MB javaTotal=10.5MB javaMax=256.0MB nativeHeap=14.6MB nativeHeapFree=50.0MB nativeHeapSize=68.1MB
  pssTotal=28.5MB privateDirty=20.0MB sharedDirty=52.2MB nativePss=14.3MB dalvikPss=1.3MB otherPss=13.0MB
  systemAvail=14.2GB systemThreshold=216.0MB lowMemory=false trimLevel=0 importance=125 fdCount=152
  procStatus VmRSS=182104 kB VmHWM=3168088 kB VmSize=17122192 kB VmSwap=2376 kB Threads=29 FDSize=256
2026-05-29 22:50:23.213 pid=29672 [model-load-complete] config=Qwen3.5 2B model=Qwen3.5-2B-UD-Q8_K_XL.gguf mmproj=(none)
  javaUsed=2.6MB javaTotal=10.5MB javaMax=256.0MB nativeHeap=362.3MB nativeHeapFree=8.9MB nativeHeapSize=374.9MB
  pssTotal=2.9GB privateDirty=171.9MB sharedDirty=52.2MB nativePss=166.0MB dalvikPss=1.3MB otherPss=2.7GB
  systemAvail=14.1GB systemThreshold=216.0MB lowMemory=false trimLevel=0 importance=125 fdCount=152
  procStatus VmRSS=3152100 kB VmHWM=3168088 kB VmSize=20148412 kB VmSwap=2376 kB Threads=29 FDSize=256
2026-05-29 22:50:23.330 pid=29672 [generation-start] id=24 config=Qwen3.5 2B model=Qwen3.5-2B-UD-Q8_K_XL.gguf promptLen=1048 mediaCount=0
  javaUsed=2.8MB javaTotal=10.5MB javaMax=256.0MB nativeHeap=362.3MB nativeHeapFree=8.9MB nativeHeapSize=374.9MB
  pssTotal=2.9GB privateDirty=172.0MB sharedDirty=52.2MB nativePss=166.0MB dalvikPss=1.5MB otherPss=2.7GB
  systemAvail=14.1GB systemThreshold=216.0MB lowMemory=false trimLevel=0 importance=125 fdCount=152
  procStatus VmRSS=3152228 kB VmHWM=3168088 kB VmSize=20148412 kB VmSwap=2376 kB Threads=29 FDSize=256
2026-05-29 22:50:23.443 pid=29672 [generation-stage] id=24 stage=native-call-start
2026-05-29 23:57:41.329 pid=9236 [app] Application created
2026-05-29 23:57:41.330 pid=9236 [app-start] Application onCreate
  javaUsed=2.4MB javaTotal=256.0MB javaMax=256.0MB nativeHeap=6.6MB nativeHeapFree=1.9MB nativeHeapSize=13.1MB
  pssTotal=10.3MB privateDirty=4.6MB sharedDirty=53.1MB nativePss=2.1MB dalvikPss=826.0KB otherPss=7.3MB
  systemAvail=13.4GB systemThreshold=216.0MB lowMemory=false trimLevel=0 importance=100 fdCount=113
  procStatus VmRSS=121740 kB VmHWM=121740 kB VmSize=16977204 kB VmSwap=2560 kB Threads=13 FDSize=128
2026-05-29 23:57:54.766 pid=9236 [model-load] Loading configuration: Qwen3.5 2B MTP
2026-05-29 23:57:54.768 pid=9236 [runtime-memory] Before model load model=Qwen3.5-2B-Q8_0.gguf
  javaUsed=4.7MB javaTotal=16.0MB javaMax=256.0MB nativeHeap=12.6MB nativeHeapFree=3.7MB nativeHeapSize=20.5MB
  pssTotal=24.1MB privateDirty=17.4MB sharedDirty=52.3MB nativePss=10.7MB dalvikPss=2.7MB otherPss=10.8MB
  systemAvail=13.5GB systemThreshold=216.0MB lowMemory=false trimLevel=0 importance=125 fdCount=153
  procStatus VmRSS=175528 kB VmHWM=175676 kB VmSize=17289888 kB VmSwap=2432 kB Threads=29 FDSize=256
2026-05-29 23:57:54.826 pid=9236 [runtime-memory] After model load cleanup model=Qwen3.5-2B-Q8_0.gguf
  javaUsed=2.5MB javaTotal=10.5MB javaMax=256.0MB nativeHeap=12.4MB nativeHeapFree=4.0MB nativeHeapSize=20.5MB
  pssTotal=22.7MB privateDirty=15.9MB sharedDirty=52.2MB nativePss=10.5MB dalvikPss=1.3MB otherPss=10.9MB
  systemAvail=13.5GB systemThreshold=216.0MB lowMemory=false trimLevel=0 importance=125 fdCount=152
  procStatus VmRSS=174672 kB VmHWM=177340 kB VmSize=17020828 kB VmSwap=2432 kB Threads=29 FDSize=256
2026-05-29 23:57:56.585 pid=9236 [model-load-complete] config=Qwen3.5 2B MTP model=Qwen3.5-2B-Q8_0.gguf mmproj=(none)
  javaUsed=2.7MB javaTotal=10.5MB javaMax=256.0MB nativeHeap=362.3MB nativeHeapFree=6.0MB nativeHeapSize=372.7MB
  pssTotal=2.1GB privateDirty=148.0MB sharedDirty=52.2MB nativePss=142.0MB dalvikPss=1.3MB otherPss=1.9GB
  systemAvail=13.4GB systemThreshold=216.0MB lowMemory=false trimLevel=0 importance=125 fdCount=152
  procStatus VmRSS=2328160 kB VmHWM=2328160 kB VmSize=19407396 kB VmSwap=2432 kB Threads=30 FDSize=256
2026-05-29 23:57:56.646 pid=9236 [generation-start] id=1 config=Qwen3.5 2B MTP model=Qwen3.5-2B-Q8_0.gguf promptLen=1045 mediaCount=0
  javaUsed=2.9MB javaTotal=10.5MB javaMax=256.0MB nativeHeap=362.3MB nativeHeapFree=6.0MB nativeHeapSize=372.7MB
  pssTotal=2.1GB privateDirty=148.1MB sharedDirty=52.2MB nativePss=142.0MB dalvikPss=1.5MB otherPss=1.9GB
  systemAvail=13.4GB systemThreshold=216.0MB lowMemory=false trimLevel=0 importance=125 fdCount=152
  procStatus VmRSS=2328112 kB VmHWM=2329312 kB VmSize=19407396 kB VmSwap=2432 kB Threads=30 FDSize=256
2026-05-29 23:57:56.697 pid=9236 [generation-stage] id=1 stage=native-call-start
2026-05-29 23:58:21.359 pid=9236 [generation-stage] id=1 stage=native-call-end resultLen=47
2026-05-29 23:58:21.359 pid=9236 [generation-end] id=1 resultLen=47
  javaUsed=2.8MB javaTotal=10.5MB javaMax=256.0MB nativeHeap=363.6MB nativeHeapFree=5.9MB nativeHeapSize=373.8MB
  pssTotal=2.1GB privateDirty=152.7MB sharedDirty=52.2MB nativePss=146.7MB dalvikPss=1.4MB otherPss=1.9GB
  systemAvail=13.7GB systemThreshold=216.0MB lowMemory=false trimLevel=0 importance=125 fdCount=152
  procStatus VmRSS=2333432 kB VmHWM=2345304 kB VmSize=19411480 kB VmSwap=2432 kB Threads=30 FDSize=256
2026-05-29 23:58:21.908 pid=9236 [model-load] Loading configuration: Qwen3.5 2B
2026-05-29 23:58:22.128 pid=9236 [runtime-memory] Before model load model=Qwen3.5-2B-UD-Q8_K_XL.gguf
  javaUsed=3.0MB javaTotal=10.5MB javaMax=256.0MB nativeHeap=14.6MB nativeHeapFree=49.7MB nativeHeapSize=68.4MB
  pssTotal=28.5MB privateDirty=19.9MB sharedDirty=52.2MB nativePss=13.8MB dalvikPss=1.6MB otherPss=13.1MB
  systemAvail=13.8GB systemThreshold=216.0MB lowMemory=false trimLevel=0 importance=125 fdCount=152
  procStatus VmRSS=180336 kB VmHWM=2345304 kB VmSize=17182564 kB VmSwap=2432 kB Threads=30 FDSize=256
2026-05-29 23:58:22.190 pid=9236 [runtime-memory] After model load cleanup model=Qwen3.5-2B-UD-Q8_K_XL.gguf
  javaUsed=2.6MB javaTotal=10.5MB javaMax=256.0MB nativeHeap=14.6MB nativeHeapFree=49.7MB nativeHeapSize=68.4MB
  pssTotal=28.2MB privateDirty=19.6MB sharedDirty=52.2MB nativePss=13.9MB dalvikPss=1.3MB otherPss=13.1MB
  systemAvail=13.8GB systemThreshold=216.0MB lowMemory=false trimLevel=0 importance=125 fdCount=152
  procStatus VmRSS=179964 kB VmHWM=2345304 kB VmSize=17182564 kB VmSwap=2432 kB Threads=30 FDSize=256
2026-05-29 23:58:23.283 pid=9236 [model-load-complete] config=Qwen3.5 2B model=Qwen3.5-2B-UD-Q8_K_XL.gguf mmproj=(none)
  javaUsed=2.6MB javaTotal=10.5MB javaMax=256.0MB nativeHeap=362.3MB nativeHeapFree=8.6MB nativeHeapSize=375.2MB
  pssTotal=2.9GB privateDirty=171.8MB sharedDirty=52.1MB nativePss=165.9MB dalvikPss=1.3MB otherPss=2.7GB
  systemAvail=13.6GB systemThreshold=216.0MB lowMemory=false trimLevel=0 importance=125 fdCount=152
  procStatus VmRSS=3150408 kB VmHWM=3150408 kB VmSize=20208784 kB VmSwap=2432 kB Threads=30 FDSize=256
2026-05-29 23:58:23.397 pid=9236 [generation-start] id=2 config=Qwen3.5 2B model=Qwen3.5-2B-UD-Q8_K_XL.gguf promptLen=1042 mediaCount=0
  javaUsed=2.8MB javaTotal=10.5MB javaMax=256.0MB nativeHeap=362.3MB nativeHeapFree=8.6MB nativeHeapSize=375.2MB
  pssTotal=2.9GB privateDirty=172.0MB sharedDirty=52.1MB nativePss=166.0MB dalvikPss=1.5MB otherPss=2.7GB
  systemAvail=13.6GB systemThreshold=216.0MB lowMemory=false trimLevel=0 importance=125 fdCount=152
  procStatus VmRSS=3150408 kB VmHWM=3150408 kB VmSize=20208784 kB VmSwap=2432 kB Threads=30 FDSize=256
2026-05-29 23:58:23.516 pid=9236 [generation-stage] id=2 stage=native-call-start
2026-05-29 23:59:11.889 pid=9236 [generation-stage] id=2 stage=native-call-end resultLen=184
2026-05-29 23:59:11.889 pid=9236 [generation-end] id=2 resultLen=184
  javaUsed=3.0MB javaTotal=10.5MB javaMax=256.0MB nativeHeap=363.6MB nativeHeapFree=8.5MB nativeHeapSize=376.3MB
  pssTotal=2.8GB privateDirty=154.4MB sharedDirty=52.1MB nativePss=148.3MB dalvikPss=1.6MB otherPss=2.7GB
  systemAvail=13.6GB systemThreshold=216.0MB lowMemory=false trimLevel=0 importance=125 fdCount=152
  procStatus VmRSS=3132808 kB VmHWM=3150536 kB VmSize=20191232 kB VmSwap=2432 kB Threads=29 FDSize=256
2026-05-29 23:59:12.504 pid=9236 [model-load] Loading configuration: Qwen3.5 2B MTP
2026-05-29 23:59:12.776 pid=9236 [runtime-memory] Before model load model=Qwen3.5-2B-Q8_0.gguf
  javaUsed=3.3MB javaTotal=10.5MB javaMax=256.0MB nativeHeap=14.6MB nativeHeapFree=49.7MB nativeHeapSize=68.4MB
  pssTotal=28.8MB privateDirty=20.2MB sharedDirty=52.1MB nativePss=13.9MB dalvikPss=1.8MB otherPss=13.1MB
  systemAvail=13.8GB systemThreshold=216.0MB lowMemory=false trimLevel=0 importance=125 fdCount=152
  procStatus VmRSS=180652 kB VmHWM=3150536 kB VmSize=17165012 kB VmSwap=2432 kB Threads=29 FDSize=256
2026-05-29 23:59:12.841 pid=9236 [runtime-memory] After model load cleanup model=Qwen3.5-2B-Q8_0.gguf
  javaUsed=2.6MB javaTotal=10.5MB javaMax=256.0MB nativeHeap=14.6MB nativeHeapFree=49.7MB nativeHeapSize=68.4MB
  pssTotal=28.3MB privateDirty=19.7MB sharedDirty=52.1MB nativePss=13.9MB dalvikPss=1.3MB otherPss=13.1MB
  systemAvail=13.8GB systemThreshold=216.0MB lowMemory=false trimLevel=0 importance=125 fdCount=152
  procStatus VmRSS=180296 kB VmHWM=3150536 kB VmSize=17165012 kB VmSwap=2432 kB Threads=29 FDSize=256
2026-05-29 23:59:13.885 pid=9236 [model-load-complete] config=Qwen3.5 2B MTP model=Qwen3.5-2B-Q8_0.gguf mmproj=(none)
  javaUsed=2.6MB javaTotal=10.5MB javaMax=256.0MB nativeHeap=362.3MB nativeHeapFree=8.6MB nativeHeapSize=375.2MB
  pssTotal=2.1GB privateDirty=171.8MB sharedDirty=52.1MB nativePss=165.9MB dalvikPss=1.3MB otherPss=1.9GB
  systemAvail=13.6GB systemThreshold=216.0MB lowMemory=false trimLevel=0 importance=125 fdCount=152
  procStatus VmRSS=2353244 kB VmHWM=3150536 kB VmSize=19393928 kB VmSwap=2432 kB Threads=29 FDSize=256
2026-05-29 23:59:13.982 pid=9236 [generation-start] id=3 config=Qwen3.5 2B MTP model=Qwen3.5-2B-Q8_0.gguf promptLen=1048 mediaCount=0
  javaUsed=2.8MB javaTotal=10.5MB javaMax=256.0MB nativeHeap=362.3MB nativeHeapFree=8.6MB nativeHeapSize=375.2MB
  pssTotal=2.1GB privateDirty=172.0MB sharedDirty=52.1MB nativePss=166.0MB dalvikPss=1.5MB otherPss=1.9GB
  systemAvail=13.6GB systemThreshold=216.0MB lowMemory=false trimLevel=0 importance=125 fdCount=152
  procStatus VmRSS=2353372 kB VmHWM=3150536 kB VmSize=19393928 kB VmSwap=2432 kB Threads=29 FDSize=256
2026-05-29 23:59:14.079 pid=9236 [generation-stage] id=3 stage=native-call-start
2026-05-29 23:59:50.332 pid=9236 [generation-stage] id=3 stage=native-call-end resultLen=106
2026-05-29 23:59:50.333 pid=9236 [generation-end] id=3 resultLen=106
  javaUsed=2.6MB javaTotal=10.5MB javaMax=256.0MB nativeHeap=363.6MB nativeHeapFree=8.5MB nativeHeapSize=376.3MB
  pssTotal=2.1GB privateDirty=154.0MB sharedDirty=52.1MB nativePss=148.2MB dalvikPss=1.3MB otherPss=1.9GB
  systemAvail=13.7GB systemThreshold=216.0MB lowMemory=false trimLevel=0 importance=125 fdCount=152
  procStatus VmRSS=2335224 kB VmHWM=3150536 kB VmSize=19393928 kB VmSwap=2432 kB Threads=29 FDSize=256
2026-05-29 23:59:50.923 pid=9236 [model-load] Loading configuration: Qwen3.5 2B
2026-05-29 23:59:51.176 pid=9236 [runtime-memory] Before model load model=Qwen3.5-2B-UD-Q8_K_XL.gguf
  javaUsed=2.9MB javaTotal=10.5MB javaMax=256.0MB nativeHeap=14.6MB nativeHeapFree=49.7MB nativeHeapSize=68.4MB
  pssTotal=28.5MB privateDirty=19.9MB sharedDirty=52.1MB nativePss=13.9MB dalvikPss=1.5MB otherPss=13.1MB
  systemAvail=13.8GB systemThreshold=216.0MB lowMemory=false trimLevel=0 importance=125 fdCount=152
  procStatus VmRSS=180544 kB VmHWM=3150536 kB VmSize=17165012 kB VmSwap=2432 kB Threads=29 FDSize=256
2026-05-29 23:59:51.237 pid=9236 [runtime-memory] After model load cleanup model=Qwen3.5-2B-UD-Q8_K_XL.gguf
  javaUsed=2.6MB javaTotal=10.5MB javaMax=256.0MB nativeHeap=14.6MB nativeHeapFree=49.7MB nativeHeapSize=68.4MB
  pssTotal=28.3MB privateDirty=19.7MB sharedDirty=52.1MB nativePss=13.9MB dalvikPss=1.3MB otherPss=13.1MB
  systemAvail=13.8GB systemThreshold=216.0MB lowMemory=false trimLevel=0 importance=125 fdCount=152
  procStatus VmRSS=180436 kB VmHWM=3150536 kB VmSize=17165012 kB VmSwap=2432 kB Threads=29 FDSize=256
2026-05-29 23:59:52.325 pid=9236 [model-load-complete] config=Qwen3.5 2B model=Qwen3.5-2B-UD-Q8_K_XL.gguf mmproj=(none)
  javaUsed=2.6MB javaTotal=10.5MB javaMax=256.0MB nativeHeap=362.3MB nativeHeapFree=8.6MB nativeHeapSize=375.2MB
  pssTotal=2.9GB privateDirty=171.8MB sharedDirty=52.1MB nativePss=165.9MB dalvikPss=1.3MB otherPss=2.7GB
  systemAvail=13.7GB systemThreshold=216.0MB lowMemory=false trimLevel=0 importance=125 fdCount=152
  procStatus VmRSS=3150816 kB VmHWM=3150816 kB VmSize=20191232 kB VmSwap=2432 kB Threads=29 FDSize=256
2026-05-29 23:59:52.449 pid=9236 [generation-start] id=4 config=Qwen3.5 2B model=Qwen3.5-2B-UD-Q8_K_XL.gguf promptLen=1042 mediaCount=0
  javaUsed=2.8MB javaTotal=10.5MB javaMax=256.0MB nativeHeap=362.3MB nativeHeapFree=8.6MB nativeHeapSize=375.2MB
  pssTotal=2.9GB privateDirty=172.0MB sharedDirty=52.1MB nativePss=166.0MB dalvikPss=1.5MB otherPss=2.7GB
  systemAvail=13.7GB systemThreshold=216.0MB lowMemory=false trimLevel=0 importance=125 fdCount=152
  procStatus VmRSS=3150944 kB VmHWM=3150944 kB VmSize=20191232 kB VmSwap=2432 kB Threads=29 FDSize=256
2026-05-29 23:59:52.560 pid=9236 [generation-stage] id=4 stage=native-call-start
2026-05-30 00:00:34.281 pid=9236 [generation-stage] id=4 stage=native-call-end resultLen=75
2026-05-30 00:00:34.282 pid=9236 [generation-end] id=4 resultLen=75
  javaUsed=3.0MB javaTotal=10.5MB javaMax=256.0MB nativeHeap=363.6MB nativeHeapFree=8.5MB nativeHeapSize=376.3MB
  pssTotal=2.8GB privateDirty=154.5MB sharedDirty=52.1MB nativePss=148.3MB dalvikPss=1.7MB otherPss=2.7GB
  systemAvail=13.6GB systemThreshold=216.0MB lowMemory=false trimLevel=0 importance=125 fdCount=152
  procStatus VmRSS=3132768 kB VmHWM=3158036 kB VmSize=20191232 kB VmSwap=2432 kB Threads=29 FDSize=256
2026-05-30 00:00:34.880 pid=9236 [model-load] Loading configuration: Qwen3.5 2B MTP
2026-05-30 00:00:35.163 pid=9236 [runtime-memory] Before model load model=Qwen3.5-2B-Q8_0.gguf
  javaUsed=3.3MB javaTotal=10.5MB javaMax=256.0MB nativeHeap=14.6MB nativeHeapFree=49.7MB nativeHeapSize=68.4MB
  pssTotal=28.8MB privateDirty=20.3MB sharedDirty=52.1MB nativePss=13.9MB dalvikPss=1.8MB otherPss=13.1MB
  systemAvail=13.8GB systemThreshold=216.0MB lowMemory=false trimLevel=0 importance=125 fdCount=152
  procStatus VmRSS=180712 kB VmHWM=3158036 kB VmSize=17165012 kB VmSwap=2432 kB Threads=29 FDSize=256
2026-05-30 00:00:35.216 pid=9236 [runtime-memory] After model load cleanup model=Qwen3.5-2B-Q8_0.gguf
  javaUsed=2.6MB javaTotal=10.5MB javaMax=256.0MB nativeHeap=14.6MB nativeHeapFree=49.7MB nativeHeapSize=68.4MB
  pssTotal=28.4MB privateDirty=19.8MB sharedDirty=52.1MB nativePss=14.0MB dalvikPss=1.3MB otherPss=13.1MB
  systemAvail=13.8GB systemThreshold=216.0MB lowMemory=false trimLevel=0 importance=125 fdCount=152
  procStatus VmRSS=180340 kB VmHWM=3158036 kB VmSize=17165012 kB VmSwap=2432 kB Threads=29 FDSize=256
2026-05-30 00:00:36.278 pid=9236 [model-load-complete] config=Qwen3.5 2B MTP model=Qwen3.5-2B-Q8_0.gguf mmproj=(none)
  javaUsed=2.6MB javaTotal=10.5MB javaMax=256.0MB nativeHeap=362.3MB nativeHeapFree=8.6MB nativeHeapSize=375.2MB
  pssTotal=2.1GB privateDirty=171.8MB sharedDirty=52.1MB nativePss=165.9MB dalvikPss=1.3MB otherPss=1.9GB
  systemAvail=13.6GB systemThreshold=216.0MB lowMemory=false trimLevel=0 importance=125 fdCount=152
  procStatus VmRSS=2353224 kB VmHWM=3158036 kB VmSize=19393928 kB VmSwap=2432 kB Threads=29 FDSize=256
2026-05-30 00:00:36.382 pid=9236 [generation-start] id=5 config=Qwen3.5 2B MTP model=Qwen3.5-2B-Q8_0.gguf promptLen=1048 mediaCount=0
  javaUsed=2.8MB javaTotal=10.5MB javaMax=256.0MB nativeHeap=362.3MB nativeHeapFree=8.6MB nativeHeapSize=375.2MB
  pssTotal=2.1GB privateDirty=172.0MB sharedDirty=52.1MB nativePss=166.0MB dalvikPss=1.5MB otherPss=1.9GB
  systemAvail=13.6GB systemThreshold=216.0MB lowMemory=false trimLevel=0 importance=125 fdCount=152
  procStatus VmRSS=2353480 kB VmHWM=3158036 kB VmSize=19393928 kB VmSwap=2432 kB Threads=29 FDSize=256
2026-05-30 00:00:36.483 pid=9236 [generation-stage] id=5 stage=native-call-start
2026-05-30 00:01:12.515 pid=9236 [generation-stage] id=5 stage=native-call-end resultLen=127
2026-05-30 00:01:12.516 pid=9236 [generation-end] id=5 resultLen=127
  javaUsed=3.0MB javaTotal=10.5MB javaMax=256.0MB nativeHeap=363.6MB nativeHeapFree=8.5MB nativeHeapSize=376.3MB
  pssTotal=2.1GB privateDirty=154.4MB sharedDirty=52.1MB nativePss=148.2MB dalvikPss=1.7MB otherPss=1.9GB
  systemAvail=13.7GB systemThreshold=216.0MB lowMemory=false trimLevel=0 importance=125 fdCount=152
  procStatus VmRSS=2335808 kB VmHWM=3158036 kB VmSize=19393928 kB VmSwap=2432 kB Threads=29 FDSize=256
2026-05-30 00:01:12.578 pid=9236 [model-load] Loading configuration: Qwen3.5 2B MTP
2026-05-30 00:01:12.579 pid=9236 [model-load-skip] config=Qwen3.5 2B MTP model already loaded
  javaUsed=3.3MB javaTotal=10.5MB javaMax=256.0MB nativeHeap=363.6MB nativeHeapFree=8.5MB nativeHeapSize=376.3MB
  pssTotal=2.1GB privateDirty=154.6MB sharedDirty=52.1MB nativePss=148.3MB dalvikPss=1.8MB otherPss=1.9GB
  systemAvail=13.7GB systemThreshold=216.0MB lowMemory=false trimLevel=0 importance=125 fdCount=152
  procStatus VmRSS=2335380 kB VmHWM=3158036 kB VmSize=19393928 kB VmSwap=2432 kB Threads=29 FDSize=256
2026-05-30 00:01:12.645 pid=9236 [generation-start] id=6 config=Qwen3.5 2B MTP model=Qwen3.5-2B-Q8_0.gguf promptLen=1048 mediaCount=0
  javaUsed=2.8MB javaTotal=10.5MB javaMax=256.0MB nativeHeap=363.6MB nativeHeapFree=8.5MB nativeHeapSize=376.3MB
  pssTotal=2.1GB privateDirty=154.2MB sharedDirty=52.1MB nativePss=148.3MB dalvikPss=1.4MB otherPss=1.9GB
  systemAvail=13.7GB systemThreshold=216.0MB lowMemory=false trimLevel=0 importance=125 fdCount=152
  procStatus VmRSS=2335508 kB VmHWM=3158036 kB VmSize=19393928 kB VmSwap=2432 kB Threads=29 FDSize=256
2026-05-30 00:01:12.714 pid=9236 [generation-stage] id=6 stage=native-call-start
2026-05-30 00:01:48.798 pid=9236 [generation-stage] id=6 stage=native-call-end resultLen=116
2026-05-30 00:01:48.799 pid=9236 [generation-end] id=6 resultLen=116
  javaUsed=3.0MB javaTotal=10.5MB javaMax=256.0MB nativeHeap=363.6MB nativeHeapFree=8.5MB nativeHeapSize=376.3MB
  pssTotal=2.1GB privateDirty=154.3MB sharedDirty=52.1MB nativePss=148.3MB dalvikPss=1.6MB otherPss=1.9GB
  systemAvail=13.6GB systemThreshold=216.0MB lowMemory=false trimLevel=0 importance=125 fdCount=152
  procStatus VmRSS=2335632 kB VmHWM=3158036 kB VmSize=19393928 kB VmSwap=2432 kB Threads=29 FDSize=256
2026-05-30 00:01:49.502 pid=9236 [model-load] Loading configuration: Qwen3.5 2B
2026-05-30 00:01:49.746 pid=9236 [runtime-memory] Before model load model=Qwen3.5-2B-UD-Q8_K_XL.gguf
  javaUsed=3.2MB javaTotal=10.5MB javaMax=256.0MB nativeHeap=14.6MB nativeHeapFree=49.7MB nativeHeapSize=68.4MB
  pssTotal=28.8MB privateDirty=20.3MB sharedDirty=52.1MB nativePss=14.0MB dalvikPss=1.8MB otherPss=13.1MB
  systemAvail=13.7GB systemThreshold=216.0MB lowMemory=false trimLevel=0 importance=125 fdCount=152
  procStatus VmRSS=180924 kB VmHWM=3158036 kB VmSize=17165012 kB VmSwap=2432 kB Threads=29 FDSize=256
2026-05-30 00:01:49.805 pid=9236 [runtime-memory] After model load cleanup model=Qwen3.5-2B-UD-Q8_K_XL.gguf
  javaUsed=2.6MB javaTotal=10.5MB javaMax=256.0MB nativeHeap=14.6MB nativeHeapFree=49.7MB nativeHeapSize=68.4MB
  pssTotal=28.4MB privateDirty=19.8MB sharedDirty=52.1MB nativePss=14.1MB dalvikPss=1.3MB otherPss=13.1MB
  systemAvail=13.7GB systemThreshold=216.0MB lowMemory=false trimLevel=0 importance=125 fdCount=152
  procStatus VmRSS=180496 kB VmHWM=3158036 kB VmSize=17165012 kB VmSwap=2432 kB Threads=29 FDSize=256
2026-05-30 00:01:50.886 pid=9236 [model-load-complete] config=Qwen3.5 2B model=Qwen3.5-2B-UD-Q8_K_XL.gguf mmproj=(none)
  javaUsed=2.6MB javaTotal=10.5MB javaMax=256.0MB nativeHeap=362.3MB nativeHeapFree=8.6MB nativeHeapSize=375.2MB
  pssTotal=2.9GB privateDirty=171.8MB sharedDirty=52.1MB nativePss=165.9MB dalvikPss=1.3MB otherPss=2.7GB
  systemAvail=13.6GB systemThreshold=216.0MB lowMemory=false trimLevel=0 importance=125 fdCount=152
  procStatus VmRSS=3150744 kB VmHWM=3158036 kB VmSize=20191232 kB VmSwap=2432 kB Threads=29 FDSize=256
2026-05-30 00:01:51.000 pid=9236 [generation-start] id=7 config=Qwen3.5 2B model=Qwen3.5-2B-UD-Q8_K_XL.gguf promptLen=1042 mediaCount=0
  javaUsed=2.8MB javaTotal=10.5MB javaMax=256.0MB nativeHeap=362.3MB nativeHeapFree=8.6MB nativeHeapSize=375.2MB
  pssTotal=2.9GB privateDirty=172.0MB sharedDirty=52.1MB nativePss=166.0MB dalvikPss=1.5MB otherPss=2.7GB
  systemAvail=13.6GB systemThreshold=216.0MB lowMemory=false trimLevel=0 importance=125 fdCount=152
  procStatus VmRSS=3150872 kB VmHWM=3158036 kB VmSize=20191232 kB VmSwap=2432 kB Threads=29 FDSize=256
2026-05-30 00:01:51.117 pid=9236 [generation-stage] id=7 stage=native-call-start
2026-05-30 00:02:31.544 pid=9236 [generation-stage] id=7 stage=native-call-end resultLen=52
2026-05-30 00:02:31.545 pid=9236 [generation-end] id=7 resultLen=52
  javaUsed=3.0MB javaTotal=10.5MB javaMax=256.0MB nativeHeap=363.6MB nativeHeapFree=8.5MB nativeHeapSize=376.3MB
  pssTotal=2.8GB privateDirty=154.4MB sharedDirty=52.1MB nativePss=148.3MB dalvikPss=1.6MB otherPss=2.7GB
  systemAvail=13.6GB systemThreshold=216.0MB lowMemory=false trimLevel=0 importance=125 fdCount=152
  procStatus VmRSS=3133096 kB VmHWM=3158132 kB VmSize=20191232 kB VmSwap=2432 kB Threads=29 FDSize=256
2026-05-30 00:02:32.365 pid=9236 [model-load] Loading configuration: Qwen3.5 2B MTP
2026-05-30 00:02:32.651 pid=9236 [runtime-memory] Before model load model=Qwen3.5-2B-Q8_0.gguf
  javaUsed=3.3MB javaTotal=10.5MB javaMax=256.0MB nativeHeap=14.6MB nativeHeapFree=49.7MB nativeHeapSize=68.4MB
  pssTotal=28.9MB privateDirty=20.3MB sharedDirty=52.1MB nativePss=14.0MB dalvikPss=1.8MB otherPss=13.0MB
  systemAvail=13.8GB systemThreshold=216.0MB lowMemory=false trimLevel=0 importance=125 fdCount=152
  procStatus VmRSS=181288 kB VmHWM=3158132 kB VmSize=17165012 kB VmSwap=2432 kB Threads=29 FDSize=256
2026-05-30 00:02:32.703 pid=9236 [runtime-memory] After model load cleanup model=Qwen3.5-2B-Q8_0.gguf
  javaUsed=2.6MB javaTotal=10.5MB javaMax=256.0MB nativeHeap=14.6MB nativeHeapFree=49.7MB nativeHeapSize=68.4MB
  pssTotal=28.4MB privateDirty=19.8MB sharedDirty=52.1MB nativePss=14.1MB dalvikPss=1.3MB otherPss=13.0MB
  systemAvail=13.8GB systemThreshold=216.0MB lowMemory=false trimLevel=0 importance=125 fdCount=152
  procStatus VmRSS=180768 kB VmHWM=3158132 kB VmSize=17165012 kB VmSwap=2432 kB Threads=29 FDSize=256
2026-05-30 00:02:33.781 pid=9236 [model-load-complete] config=Qwen3.5 2B MTP model=Qwen3.5-2B-Q8_0.gguf mmproj=(none)
  javaUsed=2.6MB javaTotal=10.5MB javaMax=256.0MB nativeHeap=362.3MB nativeHeapFree=8.6MB nativeHeapSize=375.2MB
  pssTotal=2.1GB privateDirty=171.8MB sharedDirty=52.1MB nativePss=165.9MB dalvikPss=1.3MB otherPss=1.9GB
  systemAvail=13.6GB systemThreshold=216.0MB lowMemory=false trimLevel=0 importance=125 fdCount=152
  procStatus VmRSS=2353460 kB VmHWM=3158132 kB VmSize=19393928 kB VmSwap=2432 kB Threads=29 FDSize=256
2026-05-30 00:02:33.884 pid=9236 [generation-start] id=8 config=Qwen3.5 2B MTP model=Qwen3.5-2B-Q8_0.gguf promptLen=1060 mediaCount=0
  javaUsed=2.8MB javaTotal=10.5MB javaMax=256.0MB nativeHeap=362.3MB nativeHeapFree=8.6MB nativeHeapSize=375.2MB
  pssTotal=2.1GB privateDirty=171.9MB sharedDirty=52.1MB nativePss=166.0MB dalvikPss=1.5MB otherPss=1.9GB
  systemAvail=13.6GB systemThreshold=216.0MB lowMemory=false trimLevel=0 importance=125 fdCount=152
  procStatus VmRSS=2353516 kB VmHWM=3158132 kB VmSize=19393928 kB VmSwap=2432 kB Threads=29 FDSize=256
2026-05-30 00:02:33.990 pid=9236 [generation-stage] id=8 stage=native-call-start
2026-05-30 00:03:13.428 pid=9236 [generation-stage] id=8 stage=native-call-end resultLen=195
2026-05-30 00:03:13.429 pid=9236 [generation-end] id=8 resultLen=195
  javaUsed=2.7MB javaTotal=10.5MB javaMax=256.0MB nativeHeap=363.6MB nativeHeapFree=8.5MB nativeHeapSize=376.3MB
  pssTotal=2.1GB privateDirty=154.1MB sharedDirty=52.1MB nativePss=148.2MB dalvikPss=1.4MB otherPss=1.9GB
  systemAvail=13.5GB systemThreshold=216.0MB lowMemory=false trimLevel=0 importance=125 fdCount=152
  procStatus VmRSS=2335260 kB VmHWM=3158132 kB VmSize=19393928 kB VmSwap=2432 kB Threads=29 FDSize=256
2026-05-30 00:03:13.965 pid=9236 [model-load] Loading configuration: Qwen3.5 2B
2026-05-30 00:03:14.084 pid=9236 [runtime-memory] Before model load model=Qwen3.5-2B-UD-Q8_K_XL.gguf
  javaUsed=3.0MB javaTotal=10.5MB javaMax=256.0MB nativeHeap=14.6MB nativeHeapFree=49.7MB nativeHeapSize=68.4MB
  pssTotal=28.6MB privateDirty=20.1MB sharedDirty=52.1MB nativePss=14.0MB dalvikPss=1.6MB otherPss=13.0MB
  systemAvail=13.8GB systemThreshold=216.0MB lowMemory=false trimLevel=0 importance=125 fdCount=152
  procStatus VmRSS=180660 kB VmHWM=3158132 kB VmSize=17165012 kB VmSwap=2432 kB Threads=29 FDSize=256
2026-05-30 00:03:14.107 pid=9236 [runtime-memory] After model load cleanup model=Qwen3.5-2B-UD-Q8_K_XL.gguf
  javaUsed=2.5MB javaTotal=10.5MB javaMax=256.0MB nativeHeap=14.6MB nativeHeapFree=49.7MB nativeHeapSize=68.4MB
  pssTotal=28.3MB privateDirty=19.8MB sharedDirty=52.1MB nativePss=14.0MB dalvikPss=1.3MB otherPss=13.0MB
  systemAvail=13.8GB systemThreshold=216.0MB lowMemory=false trimLevel=0 importance=125 fdCount=152
  procStatus VmRSS=180448 kB VmHWM=3158132 kB VmSize=17165012 kB VmSwap=2432 kB Threads=29 FDSize=256
2026-05-30 00:03:14.514 pid=9236 [model-load-complete] config=Qwen3.5 2B model=Qwen3.5-2B-UD-Q8_K_XL.gguf mmproj=(none)
  javaUsed=2.6MB javaTotal=10.5MB javaMax=256.0MB nativeHeap=362.3MB nativeHeapFree=8.6MB nativeHeapSize=375.2MB
  pssTotal=2.9GB privateDirty=171.8MB sharedDirty=52.1MB nativePss=165.9MB dalvikPss=1.3MB otherPss=2.7GB
  systemAvail=13.6GB systemThreshold=216.0MB lowMemory=false trimLevel=0 importance=125 fdCount=152
  procStatus VmRSS=3150572 kB VmHWM=3158132 kB VmSize=20191232 kB VmSwap=2432 kB Threads=29 FDSize=256
2026-05-30 00:03:14.571 pid=9236 [generation-start] id=9 config=Qwen3.5 2B model=Qwen3.5-2B-UD-Q8_K_XL.gguf promptLen=1057 mediaCount=0
  javaUsed=2.8MB javaTotal=10.5MB javaMax=256.0MB nativeHeap=362.3MB nativeHeapFree=8.6MB nativeHeapSize=375.2MB
  pssTotal=2.9GB privateDirty=172.0MB sharedDirty=52.1MB nativePss=166.0MB dalvikPss=1.5MB otherPss=2.7GB
  systemAvail=13.6GB systemThreshold=216.0MB lowMemory=false trimLevel=0 importance=125 fdCount=152
  procStatus VmRSS=3150828 kB VmHWM=3158132 kB VmSize=20191232 kB VmSwap=2432 kB Threads=29 FDSize=256
2026-05-30 00:03:14.626 pid=9236 [generation-stage] id=9 stage=native-call-start
2026-05-30 00:03:58.211 pid=9236 [generation-stage] id=9 stage=native-call-end resultLen=83
2026-05-30 00:03:58.212 pid=9236 [generation-end] id=9 resultLen=83
  javaUsed=3.0MB javaTotal=10.5MB javaMax=256.0MB nativeHeap=363.6MB nativeHeapFree=8.5MB nativeHeapSize=376.3MB
  pssTotal=2.8GB privateDirty=154.5MB sharedDirty=52.1MB nativePss=148.3MB dalvikPss=1.6MB otherPss=2.7GB
  systemAvail=13.6GB systemThreshold=216.0MB lowMemory=false trimLevel=0 importance=125 fdCount=152
  procStatus VmRSS=3133116 kB VmHWM=3167976 kB VmSize=20191232 kB VmSwap=2432 kB Threads=29 FDSize=256
2026-05-30 00:03:58.831 pid=9236 [model-load] Loading configuration: Qwen3.5 2B MTP
2026-05-30 00:03:59.115 pid=9236 [runtime-memory] Before model load model=Qwen3.5-2B-Q8_0.gguf
  javaUsed=3.3MB javaTotal=10.5MB javaMax=256.0MB nativeHeap=14.6MB nativeHeapFree=49.7MB nativeHeapSize=68.4MB
  pssTotal=28.9MB privateDirty=20.3MB sharedDirty=52.1MB nativePss=14.0MB dalvikPss=1.8MB otherPss=13.0MB
  systemAvail=13.8GB systemThreshold=216.0MB lowMemory=false trimLevel=0 importance=125 fdCount=152
  procStatus VmRSS=180968 kB VmHWM=3167976 kB VmSize=17165012 kB VmSwap=2432 kB Threads=29 FDSize=256
2026-05-30 00:03:59.171 pid=9236 [runtime-memory] After model load cleanup model=Qwen3.5-2B-Q8_0.gguf
  javaUsed=2.6MB javaTotal=10.5MB javaMax=256.0MB nativeHeap=14.6MB nativeHeapFree=49.7MB nativeHeapSize=68.4MB
  pssTotal=28.4MB privateDirty=19.8MB sharedDirty=52.1MB nativePss=14.1MB dalvikPss=1.3MB otherPss=13.0MB
  systemAvail=13.8GB systemThreshold=216.0MB lowMemory=false trimLevel=0 importance=125 fdCount=152
  procStatus VmRSS=180532 kB VmHWM=3167976 kB VmSize=17165012 kB VmSwap=2432 kB Threads=29 FDSize=256
2026-05-30 00:04:00.244 pid=9236 [model-load-complete] config=Qwen3.5 2B MTP model=Qwen3.5-2B-Q8_0.gguf mmproj=(none)
  javaUsed=2.6MB javaTotal=10.5MB javaMax=256.0MB nativeHeap=362.3MB nativeHeapFree=8.6MB nativeHeapSize=375.2MB
  pssTotal=2.1GB privateDirty=171.8MB sharedDirty=52.1MB nativePss=165.9MB dalvikPss=1.3MB otherPss=1.9GB
  systemAvail=13.6GB systemThreshold=216.0MB lowMemory=false trimLevel=0 importance=125 fdCount=152
  procStatus VmRSS=2353352 kB VmHWM=3167976 kB VmSize=19393928 kB VmSwap=2432 kB Threads=29 FDSize=256
2026-05-30 00:04:00.349 pid=9236 [generation-start] id=10 config=Qwen3.5 2B MTP model=Qwen3.5-2B-Q8_0.gguf promptLen=1069 mediaCount=0
  javaUsed=2.8MB javaTotal=10.5MB javaMax=256.0MB nativeHeap=362.3MB nativeHeapFree=8.6MB nativeHeapSize=375.2MB
  pssTotal=2.1GB privateDirty=172.0MB sharedDirty=52.1MB nativePss=166.0MB dalvikPss=1.5MB otherPss=1.9GB
  systemAvail=13.6GB systemThreshold=216.0MB lowMemory=false trimLevel=0 importance=125 fdCount=152
  procStatus VmRSS=2353480 kB VmHWM=3167976 kB VmSize=19393928 kB VmSwap=2432 kB Threads=29 FDSize=256
2026-05-30 00:04:00.444 pid=9236 [generation-stage] id=10 stage=native-call-start
2026-05-30 00:04:37.225 pid=9236 [generation-stage] id=10 stage=native-call-end resultLen=101
2026-05-30 00:04:37.226 pid=9236 [generation-end] id=10 resultLen=101
  javaUsed=2.6MB javaTotal=10.5MB javaMax=256.0MB nativeHeap=363.6MB nativeHeapFree=8.5MB nativeHeapSize=376.3MB
  pssTotal=2.1GB privateDirty=154.1MB sharedDirty=52.2MB nativePss=148.3MB dalvikPss=1.3MB otherPss=1.9GB
  systemAvail=13.6GB systemThreshold=216.0MB lowMemory=false trimLevel=0 importance=125 fdCount=152
  procStatus VmRSS=2336152 kB VmHWM=3167976 kB VmSize=19394312 kB VmSwap=2432 kB Threads=29 FDSize=256
2026-05-30 00:04:37.819 pid=9236 [model-load] Loading configuration: Qwen3.5 2B
2026-05-30 00:04:38.059 pid=9236 [runtime-memory] Before model load model=Qwen3.5-2B-UD-Q8_K_XL.gguf
  javaUsed=2.9MB javaTotal=10.5MB javaMax=256.0MB nativeHeap=14.6MB nativeHeapFree=49.7MB nativeHeapSize=68.4MB
  pssTotal=28.6MB privateDirty=20.0MB sharedDirty=52.2MB nativePss=14.0MB dalvikPss=1.5MB otherPss=13.1MB
  systemAvail=13.8GB systemThreshold=216.0MB lowMemory=false trimLevel=0 importance=125 fdCount=152
  procStatus VmRSS=181600 kB VmHWM=3167976 kB VmSize=17165396 kB VmSwap=2432 kB Threads=29 FDSize=256
2026-05-30 00:04:38.115 pid=9236 [runtime-memory] After model load cleanup model=Qwen3.5-2B-UD-Q8_K_XL.gguf
  javaUsed=2.6MB javaTotal=10.5MB javaMax=256.0MB nativeHeap=14.6MB nativeHeapFree=49.7MB nativeHeapSize=68.4MB
  pssTotal=28.4MB privateDirty=19.8MB sharedDirty=52.2MB nativePss=14.1MB dalvikPss=1.3MB otherPss=13.1MB
  systemAvail=13.8GB systemThreshold=216.0MB lowMemory=false trimLevel=0 importance=125 fdCount=152
  procStatus VmRSS=181604 kB VmHWM=3167976 kB VmSize=17165396 kB VmSwap=2432 kB Threads=29 FDSize=256
2026-05-30 00:04:39.165 pid=9236 [model-load-complete] config=Qwen3.5 2B model=Qwen3.5-2B-UD-Q8_K_XL.gguf mmproj=(none)
  javaUsed=2.7MB javaTotal=10.5MB javaMax=256.0MB nativeHeap=362.3MB nativeHeapFree=8.6MB nativeHeapSize=375.2MB
  pssTotal=2.9GB privateDirty=171.8MB sharedDirty=52.2MB nativePss=165.9MB dalvikPss=1.3MB otherPss=2.7GB
  systemAvail=13.6GB systemThreshold=216.0MB lowMemory=false trimLevel=0 importance=125 fdCount=152
  procStatus VmRSS=3151728 kB VmHWM=3167976 kB VmSize=20191616 kB VmSwap=2432 kB Threads=29 FDSize=256
2026-05-30 00:04:39.250 pid=9236 [generation-start] id=11 config=Qwen3.5 2B model=Qwen3.5-2B-UD-Q8_K_XL.gguf promptLen=1054 mediaCount=0
  javaUsed=2.9MB javaTotal=10.5MB javaMax=256.0MB nativeHeap=362.3MB nativeHeapFree=8.6MB nativeHeapSize=375.2MB
  pssTotal=2.9GB privateDirty=172.0MB sharedDirty=52.2MB nativePss=166.0MB dalvikPss=1.5MB otherPss=2.7GB
  systemAvail=13.6GB systemThreshold=216.0MB lowMemory=false trimLevel=0 importance=125 fdCount=152
  procStatus VmRSS=3151984 kB VmHWM=3167976 kB VmSize=20191616 kB VmSwap=2432 kB Threads=29 FDSize=256
2026-05-30 00:04:39.336 pid=9236 [generation-stage] id=11 stage=native-call-start
2026-05-30 00:05:19.863 pid=9236 [generation-stage] id=11 stage=native-call-end resultLen=48
2026-05-30 00:05:19.864 pid=9236 [generation-end] id=11 resultLen=48
  javaUsed=3.0MB javaTotal=10.5MB javaMax=256.0MB nativeHeap=363.6MB nativeHeapFree=8.5MB nativeHeapSize=376.3MB
  pssTotal=2.8GB privateDirty=154.5MB sharedDirty=52.2MB nativePss=148.3MB dalvikPss=1.7MB otherPss=2.7GB
  systemAvail=13.6GB systemThreshold=216.0MB lowMemory=false trimLevel=0 importance=125 fdCount=152
  procStatus VmRSS=3134004 kB VmHWM=3169004 kB VmSize=20191616 kB VmSwap=2432 kB Threads=29 FDSize=256
2026-05-30 00:05:20.471 pid=9236 [model-load] Loading configuration: Qwen3.5 2B MTP
2026-05-30 00:05:20.739 pid=9236 [runtime-memory] Before model load model=Qwen3.5-2B-Q8_0.gguf
  javaUsed=3.3MB javaTotal=10.5MB javaMax=256.0MB nativeHeap=14.6MB nativeHeapFree=49.7MB nativeHeapSize=68.4MB
  pssTotal=29.0MB privateDirty=20.4MB sharedDirty=52.2MB nativePss=14.0MB dalvikPss=1.9MB otherPss=13.1MB
  systemAvail=13.7GB systemThreshold=216.0MB lowMemory=false trimLevel=0 importance=125 fdCount=152
  procStatus VmRSS=182104 kB VmHWM=3169004 kB VmSize=17165396 kB VmSwap=2432 kB Threads=29 FDSize=256
2026-05-30 00:05:20.775 pid=9236 [runtime-memory] After model load cleanup model=Qwen3.5-2B-Q8_0.gguf
  javaUsed=2.6MB javaTotal=10.5MB javaMax=256.0MB nativeHeap=14.6MB nativeHeapFree=49.7MB nativeHeapSize=68.4MB
  pssTotal=28.5MB privateDirty=19.9MB sharedDirty=52.2MB nativePss=14.1MB dalvikPss=1.3MB otherPss=13.1MB
  systemAvail=13.7GB systemThreshold=216.0MB lowMemory=false trimLevel=0 importance=125 fdCount=152
  procStatus VmRSS=181684 kB VmHWM=3169004 kB VmSize=17165396 kB VmSwap=2432 kB Threads=29 FDSize=256
2026-05-30 00:05:21.484 pid=9236 [model-load-complete] config=Qwen3.5 2B MTP model=Qwen3.5-2B-Q8_0.gguf mmproj=(none)
  javaUsed=2.6MB javaTotal=10.5MB javaMax=256.0MB nativeHeap=362.3MB nativeHeapFree=8.6MB nativeHeapSize=375.2MB
  pssTotal=2.1GB privateDirty=171.8MB sharedDirty=52.2MB nativePss=165.9MB dalvikPss=1.3MB otherPss=1.9GB
  systemAvail=13.6GB systemThreshold=216.0MB lowMemory=false trimLevel=0 importance=125 fdCount=152
  procStatus VmRSS=2354248 kB VmHWM=3169004 kB VmSize=19394312 kB VmSwap=2432 kB Threads=29 FDSize=256
2026-05-30 00:05:21.561 pid=9236 [generation-start] id=12 config=Qwen3.5 2B MTP model=Qwen3.5-2B-Q8_0.gguf promptLen=1063 mediaCount=0
  javaUsed=2.8MB javaTotal=10.5MB javaMax=256.0MB nativeHeap=362.3MB nativeHeapFree=8.6MB nativeHeapSize=375.2MB
  pssTotal=2.1GB privateDirty=171.9MB sharedDirty=52.2MB nativePss=166.0MB dalvikPss=1.5MB otherPss=1.9GB
  systemAvail=13.6GB systemThreshold=216.0MB lowMemory=false trimLevel=0 importance=125 fdCount=152
  procStatus VmRSS=2354448 kB VmHWM=3169004 kB VmSize=19394312 kB VmSwap=2432 kB Threads=29 FDSize=256
2026-05-30 00:05:21.662 pid=9236 [generation-stage] id=12 stage=native-call-start
2026-05-30 00:05:52.788 pid=9236 [generation-stage] id=12 stage=native-call-end resultLen=53
2026-05-30 00:05:52.789 pid=9236 [generation-end] id=12 resultLen=53
  javaUsed=2.7MB javaTotal=10.5MB javaMax=256.0MB nativeHeap=363.6MB nativeHeapFree=8.5MB nativeHeapSize=376.3MB
  pssTotal=2.1GB privateDirty=154.2MB sharedDirty=52.2MB nativePss=148.2MB dalvikPss=1.4MB otherPss=1.9GB
  systemAvail=13.6GB systemThreshold=216.0MB lowMemory=false trimLevel=0 importance=125 fdCount=152
  procStatus VmRSS=2336184 kB VmHWM=3169004 kB VmSize=19394312 kB VmSwap=2432 kB Threads=29 FDSize=256
2026-05-30 00:05:52.891 pid=9236 [model-load] Loading configuration: Qwen3.5 2B MTP
2026-05-30 00:05:52.892 pid=9236 [model-load-skip] config=Qwen3.5 2B MTP model already loaded
  javaUsed=3.0MB javaTotal=10.5MB javaMax=256.0MB nativeHeap=363.6MB nativeHeapFree=8.5MB nativeHeapSize=376.3MB
  pssTotal=2.1GB privateDirty=154.3MB sharedDirty=52.2MB nativePss=148.3MB dalvikPss=1.6MB otherPss=1.9GB
  systemAvail=13.6GB systemThreshold=216.0MB lowMemory=false trimLevel=0 importance=125 fdCount=152
  procStatus VmRSS=2336312 kB VmHWM=3169004 kB VmSize=19394312 kB VmSwap=2432 kB Threads=29 FDSize=256
2026-05-30 00:05:52.987 pid=9236 [generation-start] id=13 config=Qwen3.5 2B MTP model=Qwen3.5-2B-Q8_0.gguf promptLen=1063 mediaCount=0
  javaUsed=3.2MB javaTotal=10.5MB javaMax=256.0MB nativeHeap=363.6MB nativeHeapFree=8.5MB nativeHeapSize=376.3MB
  pssTotal=2.1GB privateDirty=154.5MB sharedDirty=52.2MB nativePss=148.3MB dalvikPss=1.8MB otherPss=1.9GB
  systemAvail=13.6GB systemThreshold=216.0MB lowMemory=false trimLevel=0 importance=125 fdCount=152
  procStatus VmRSS=2336440 kB VmHWM=3169004 kB VmSize=19394312 kB VmSwap=2432 kB Threads=29 FDSize=256
2026-05-30 00:05:53.088 pid=9236 [generation-stage] id=13 stage=native-call-start
2026-05-30 00:06:29.043 pid=9236 [generation-stage] id=13 stage=native-call-end resultLen=107
2026-05-30 00:06:29.044 pid=9236 [generation-end] id=13 resultLen=107
  javaUsed=3.4MB javaTotal=10.5MB javaMax=256.0MB nativeHeap=363.6MB nativeHeapFree=8.5MB nativeHeapSize=376.3MB
  pssTotal=2.1GB privateDirty=154.6MB sharedDirty=52.2MB nativePss=148.3MB dalvikPss=1.9MB otherPss=1.9GB
  systemAvail=13.6GB systemThreshold=216.0MB lowMemory=false trimLevel=0 importance=125 fdCount=152
  procStatus VmRSS=2337076 kB VmHWM=3169004 kB VmSize=19394312 kB VmSwap=2432 kB Threads=29 FDSize=256
2026-05-30 00:06:29.135 pid=9236 [model-load] Loading configuration: Qwen3.5 2B MTP
2026-05-30 00:06:29.135 pid=9236 [model-load-skip] config=Qwen3.5 2B MTP model already loaded
  javaUsed=3.6MB javaTotal=10.5MB javaMax=256.0MB nativeHeap=363.6MB nativeHeapFree=8.5MB nativeHeapSize=376.3MB
  pssTotal=2.1GB privateDirty=154.8MB sharedDirty=52.2MB nativePss=148.3MB dalvikPss=2.1MB otherPss=1.9GB
  systemAvail=13.6GB systemThreshold=216.0MB lowMemory=false trimLevel=0 importance=125 fdCount=152
  procStatus VmRSS=2337204 kB VmHWM=3169004 kB VmSize=19394312 kB VmSwap=2432 kB Threads=29 FDSize=256
2026-05-30 00:06:29.238 pid=9236 [generation-start] id=14 config=Qwen3.5 2B MTP model=Qwen3.5-2B-Q8_0.gguf promptLen=1063 mediaCount=0
  javaUsed=3.8MB javaTotal=10.5MB javaMax=256.0MB nativeHeap=363.6MB nativeHeapFree=8.5MB nativeHeapSize=376.3MB
  pssTotal=2.1GB privateDirty=155.0MB sharedDirty=52.2MB nativePss=148.3MB dalvikPss=2.3MB otherPss=1.9GB
  systemAvail=13.6GB systemThreshold=216.0MB lowMemory=false trimLevel=0 importance=125 fdCount=152
  procStatus VmRSS=2337460 kB VmHWM=3169004 kB VmSize=19394312 kB VmSwap=2432 kB Threads=29 FDSize=256
2026-05-30 00:06:29.341 pid=9236 [generation-stage] id=14 stage=native-call-start
2026-05-30 00:07:05.225 pid=9236 [generation-stage] id=14 stage=native-call-end resultLen=123
2026-05-30 00:07:05.226 pid=9236 [generation-end] id=14 resultLen=123
  javaUsed=4.0MB javaTotal=10.5MB javaMax=256.0MB nativeHeap=363.6MB nativeHeapFree=8.5MB nativeHeapSize=376.3MB
  pssTotal=2.1GB privateDirty=155.2MB sharedDirty=52.2MB nativePss=148.3MB dalvikPss=2.4MB otherPss=1.9GB
  systemAvail=13.6GB systemThreshold=216.0MB lowMemory=false trimLevel=0 importance=125 fdCount=152
  procStatus VmRSS=2337188 kB VmHWM=3169004 kB VmSize=19394312 kB VmSwap=2432 kB Threads=29 FDSize=256
2026-05-30 00:07:05.811 pid=9236 [model-load] Loading configuration: Qwen3.5 2B
2026-05-30 00:07:06.061 pid=9236 [runtime-memory] Before model load model=Qwen3.5-2B-UD-Q8_K_XL.gguf
  javaUsed=4.2MB javaTotal=10.5MB javaMax=256.0MB nativeHeap=14.6MB nativeHeapFree=49.7MB nativeHeapSize=68.4MB
  pssTotal=29.8MB privateDirty=21.2MB sharedDirty=52.2MB nativePss=14.1MB dalvikPss=2.6MB otherPss=13.1MB
  systemAvail=13.7GB systemThreshold=216.0MB lowMemory=false trimLevel=0 importance=125 fdCount=152
  procStatus VmRSS=182708 kB VmHWM=3169004 kB VmSize=17165396 kB VmSwap=2432 kB Threads=29 FDSize=256
2026-05-30 00:07:06.125 pid=9236 [runtime-memory] After model load cleanup model=Qwen3.5-2B-UD-Q8_K_XL.gguf
  javaUsed=2.6MB javaTotal=10.5MB javaMax=256.0MB nativeHeap=14.6MB nativeHeapFree=49.7MB nativeHeapSize=68.4MB
  pssTotal=28.6MB privateDirty=20.0MB sharedDirty=52.2MB nativePss=14.2MB dalvikPss=1.3MB otherPss=13.1MB
  systemAvail=13.7GB systemThreshold=216.0MB lowMemory=false trimLevel=0 importance=125 fdCount=152
  procStatus VmRSS=181752 kB VmHWM=3169004 kB VmSize=17165396 kB VmSwap=2432 kB Threads=29 FDSize=256
2026-05-30 00:07:07.256 pid=9236 [model-load-complete] config=Qwen3.5 2B model=Qwen3.5-2B-UD-Q8_K_XL.gguf mmproj=(none)
  javaUsed=2.6MB javaTotal=10.5MB javaMax=256.0MB nativeHeap=362.3MB nativeHeapFree=8.6MB nativeHeapSize=375.2MB
  pssTotal=2.9GB privateDirty=171.8MB sharedDirty=52.2MB nativePss=165.9MB dalvikPss=1.4MB otherPss=2.7GB
  systemAvail=13.6GB systemThreshold=216.0MB lowMemory=false trimLevel=0 importance=125 fdCount=152
  procStatus VmRSS=3151620 kB VmHWM=3169004 kB VmSize=20191616 kB VmSwap=2432 kB Threads=29 FDSize=256
2026-05-30 00:07:07.385 pid=9236 [generation-start] id=15 config=Qwen3.5 2B model=Qwen3.5-2B-UD-Q8_K_XL.gguf promptLen=1057 mediaCount=0
  javaUsed=2.8MB javaTotal=10.5MB javaMax=256.0MB nativeHeap=362.3MB nativeHeapFree=8.6MB nativeHeapSize=375.2MB
  pssTotal=2.9GB privateDirty=172.0MB sharedDirty=52.2MB nativePss=166.0MB dalvikPss=1.5MB otherPss=2.7GB
  systemAvail=13.6GB systemThreshold=216.0MB lowMemory=false trimLevel=0 importance=125 fdCount=152
  procStatus VmRSS=3151748 kB VmHWM=3169004 kB VmSize=20191616 kB VmSwap=2432 kB Threads=29 FDSize=256
2026-05-30 00:07:07.505 pid=9236 [generation-stage] id=15 stage=native-call-start
2026-05-30 00:07:49.584 pid=9236 [generation-stage] id=15 stage=native-call-end resultLen=58
2026-05-30 00:07:49.585 pid=9236 [generation-end] id=15 resultLen=58
  javaUsed=2.6MB javaTotal=10.5MB javaMax=256.0MB nativeHeap=363.6MB nativeHeapFree=8.5MB nativeHeapSize=376.3MB
  pssTotal=2.8GB privateDirty=154.2MB sharedDirty=52.2MB nativePss=148.4MB dalvikPss=1.3MB otherPss=2.7GB
  systemAvail=13.6GB systemThreshold=216.0MB lowMemory=false trimLevel=0 importance=125 fdCount=152
  procStatus VmRSS=3133664 kB VmHWM=3169004 kB VmSize=20191616 kB VmSwap=2432 kB Threads=29 FDSize=256
2026-05-30 00:07:50.185 pid=9236 [model-load] Loading configuration: Qwen3.5 2B MTP
2026-05-30 00:07:50.459 pid=9236 [runtime-memory] Before model load model=Qwen3.5-2B-Q8_0.gguf
  javaUsed=2.9MB javaTotal=10.5MB javaMax=256.0MB nativeHeap=14.6MB nativeHeapFree=49.7MB nativeHeapSize=68.4MB
  pssTotal=28.6MB privateDirty=20.0MB sharedDirty=52.2MB nativePss=14.0MB dalvikPss=1.5MB otherPss=13.1MB
  systemAvail=13.7GB systemThreshold=216.0MB lowMemory=false trimLevel=0 importance=125 fdCount=152
  procStatus VmRSS=181668 kB VmHWM=3169004 kB VmSize=17165396 kB VmSwap=2432 kB Threads=29 FDSize=256
2026-05-30 00:07:50.513 pid=9236 [runtime-memory] After model load cleanup model=Qwen3.5-2B-Q8_0.gguf
  javaUsed=2.6MB javaTotal=10.5MB javaMax=256.0MB nativeHeap=14.6MB nativeHeapFree=49.7MB nativeHeapSize=68.4MB
  pssTotal=30.4MB privateDirty=21.8MB sharedDirty=52.2MB nativePss=14.1MB dalvikPss=3.3MB otherPss=13.1MB
  systemAvail=13.7GB systemThreshold=216.0MB lowMemory=false trimLevel=0 importance=125 fdCount=152
  procStatus VmRSS=183744 kB VmHWM=3169004 kB VmSize=17165396 kB VmSwap=2432 kB Threads=29 FDSize=256
2026-05-30 00:07:51.544 pid=9236 [model-load-complete] config=Qwen3.5 2B MTP model=Qwen3.5-2B-Q8_0.gguf mmproj=(none)
  javaUsed=2.6MB javaTotal=10.5MB javaMax=256.0MB nativeHeap=362.3MB nativeHeapFree=8.6MB nativeHeapSize=375.2MB
  pssTotal=2.1GB privateDirty=173.8MB sharedDirty=52.2MB nativePss=165.9MB dalvikPss=3.3MB otherPss=1.9GB
  systemAvail=13.6GB systemThreshold=216.0MB lowMemory=false trimLevel=0 importance=125 fdCount=152
  procStatus VmRSS=2356564 kB VmHWM=3169004 kB VmSize=19394312 kB VmSwap=2432 kB Threads=29 FDSize=256
2026-05-30 00:07:51.637 pid=9236 [generation-start] id=16 config=Qwen3.5 2B MTP model=Qwen3.5-2B-Q8_0.gguf promptLen=1063 mediaCount=0
  javaUsed=2.8MB javaTotal=10.5MB javaMax=256.0MB nativeHeap=362.3MB nativeHeapFree=8.6MB nativeHeapSize=375.2MB
  pssTotal=2.1GB privateDirty=174.0MB sharedDirty=52.2MB nativePss=166.0MB dalvikPss=3.5MB otherPss=1.9GB
  systemAvail=13.6GB systemThreshold=216.0MB lowMemory=false trimLevel=0 importance=125 fdCount=152
  procStatus VmRSS=2356564 kB VmHWM=3169004 kB VmSize=19394312 kB VmSwap=2432 kB Threads=29 FDSize=256
2026-05-30 00:07:51.730 pid=9236 [generation-stage] id=16 stage=native-call-start
2026-05-30 00:08:24.204 pid=9236 [generation-stage] id=16 stage=native-call-end resultLen=47
2026-05-30 00:08:24.204 pid=9236 [generation-end] id=16 resultLen=47
  javaUsed=3.0MB javaTotal=10.5MB javaMax=256.0MB nativeHeap=363.6MB nativeHeapFree=8.5MB nativeHeapSize=376.3MB
  pssTotal=2.1GB privateDirty=156.4MB sharedDirty=52.2MB nativePss=148.2MB dalvikPss=3.7MB otherPss=1.9GB
  systemAvail=13.6GB systemThreshold=216.0MB lowMemory=false trimLevel=0 importance=125 fdCount=152
  procStatus VmRSS=2338800 kB VmHWM=3169004 kB VmSize=19394312 kB VmSwap=2432 kB Threads=29 FDSize=256
2026-05-30 00:08:24.735 pid=9236 [model-load] Loading configuration: Qwen3.5 2B
2026-05-30 00:08:24.889 pid=9236 [runtime-memory] Before model load model=Qwen3.5-2B-UD-Q8_K_XL.gguf
  javaUsed=3.3MB javaTotal=10.5MB javaMax=256.0MB nativeHeap=14.6MB nativeHeapFree=49.7MB nativeHeapSize=68.4MB
  pssTotal=31.0MB privateDirty=22.4MB sharedDirty=52.2MB nativePss=14.1MB dalvikPss=3.8MB otherPss=13.1MB
  systemAvail=13.7GB systemThreshold=216.0MB lowMemory=false trimLevel=0 importance=125 fdCount=152
  procStatus VmRSS=184320 kB VmHWM=3169004 kB VmSize=17165396 kB VmSwap=2432 kB Threads=29 FDSize=256
2026-05-30 00:08:24.919 pid=9236 [runtime-memory] After model load cleanup model=Qwen3.5-2B-UD-Q8_K_XL.gguf
  javaUsed=2.6MB javaTotal=10.5MB javaMax=256.0MB nativeHeap=14.6MB nativeHeapFree=49.7MB nativeHeapSize=68.4MB
  pssTotal=28.5MB privateDirty=19.9MB sharedDirty=52.2MB nativePss=14.2MB dalvikPss=1.3MB otherPss=13.1MB
  systemAvail=13.7GB systemThreshold=216.0MB lowMemory=false trimLevel=0 importance=125 fdCount=152
  procStatus VmRSS=181908 kB VmHWM=3169004 kB VmSize=17165396 kB VmSwap=2432 kB Threads=29 FDSize=256
2026-05-30 00:08:25.469 pid=9236 [model-load-complete] config=Qwen3.5 2B model=Qwen3.5-2B-UD-Q8_K_XL.gguf mmproj=(none)
  javaUsed=2.6MB javaTotal=10.5MB javaMax=256.0MB nativeHeap=362.3MB nativeHeapFree=8.6MB nativeHeapSize=375.2MB
  pssTotal=2.9GB privateDirty=171.8MB sharedDirty=52.2MB nativePss=165.9MB dalvikPss=1.3MB otherPss=2.7GB
  systemAvail=13.5GB systemThreshold=216.0MB lowMemory=false trimLevel=0 importance=125 fdCount=152
  procStatus VmRSS=3151904 kB VmHWM=3169004 kB VmSize=20191616 kB VmSwap=2432 kB Threads=29 FDSize=256
2026-05-30 00:08:25.539 pid=9236 [generation-start] id=17 config=Qwen3.5 2B model=Qwen3.5-2B-UD-Q8_K_XL.gguf promptLen=1054 mediaCount=0
  javaUsed=2.8MB javaTotal=10.5MB javaMax=256.0MB nativeHeap=362.3MB nativeHeapFree=8.6MB nativeHeapSize=375.2MB
  pssTotal=2.9GB privateDirty=172.0MB sharedDirty=52.2MB nativePss=166.0MB dalvikPss=1.5MB otherPss=2.7GB
  systemAvail=13.5GB systemThreshold=216.0MB lowMemory=false trimLevel=0 importance=125 fdCount=152
  procStatus VmRSS=3152032 kB VmHWM=3169004 kB VmSize=20191616 kB VmSwap=2432 kB Threads=29 FDSize=256
2026-05-30 00:08:25.606 pid=9236 [generation-stage] id=17 stage=native-call-start
2026-05-30 00:09:09.179 pid=9236 [generation-stage] id=17 stage=native-call-end resultLen=89
2026-05-30 00:09:09.179 pid=9236 [generation-end] id=17 resultLen=89
  javaUsed=3.0MB javaTotal=10.5MB javaMax=256.0MB nativeHeap=363.6MB nativeHeapFree=8.5MB nativeHeapSize=376.3MB
  pssTotal=2.8GB privateDirty=154.4MB sharedDirty=52.2MB nativePss=148.3MB dalvikPss=1.6MB otherPss=2.7GB
  systemAvail=13.6GB systemThreshold=216.0MB lowMemory=false trimLevel=0 importance=125 fdCount=152
  procStatus VmRSS=3134384 kB VmHWM=3169436 kB VmSize=20191616 kB VmSwap=2432 kB Threads=29 FDSize=256
2026-05-30 00:09:09.292 pid=9236 [model-load] Loading configuration: Qwen3.5 2B
2026-05-30 00:09:09.293 pid=9236 [model-load-skip] config=Qwen3.5 2B model already loaded
  javaUsed=3.3MB javaTotal=10.5MB javaMax=256.0MB nativeHeap=363.6MB nativeHeapFree=8.5MB nativeHeapSize=376.3MB
  pssTotal=2.8GB privateDirty=154.6MB sharedDirty=52.2MB nativePss=148.3MB dalvikPss=1.8MB otherPss=2.7GB
  systemAvail=13.6GB systemThreshold=216.0MB lowMemory=false trimLevel=0 importance=125 fdCount=152
  procStatus VmRSS=3135984 kB VmHWM=3169436 kB VmSize=20191616 kB VmSwap=2432 kB Threads=29 FDSize=256
2026-05-30 00:09:09.415 pid=9236 [generation-start] id=18 config=Qwen3.5 2B model=Qwen3.5-2B-UD-Q8_K_XL.gguf promptLen=1054 mediaCount=0
  javaUsed=2.8MB javaTotal=10.5MB javaMax=256.0MB nativeHeap=363.6MB nativeHeapFree=8.5MB nativeHeapSize=376.3MB
  pssTotal=2.8GB privateDirty=156.3MB sharedDirty=52.2MB nativePss=148.3MB dalvikPss=3.4MB otherPss=2.7GB
  systemAvail=13.6GB systemThreshold=216.0MB lowMemory=false trimLevel=0 importance=125 fdCount=152
  procStatus VmRSS=3136112 kB VmHWM=3169436 kB VmSize=20191616 kB VmSwap=2432 kB Threads=29 FDSize=256
2026-05-30 00:09:09.526 pid=9236 [generation-stage] id=18 stage=native-call-start
2026-05-30 00:09:53.961 pid=9236 [generation-stage] id=18 stage=native-call-end resultLen=94
2026-05-30 00:09:53.962 pid=9236 [generation-end] id=18 resultLen=94
  javaUsed=2.9MB javaTotal=10.5MB javaMax=256.0MB nativeHeap=363.6MB nativeHeapFree=8.5MB nativeHeapSize=376.3MB
  pssTotal=2.8GB privateDirty=156.4MB sharedDirty=52.2MB nativePss=148.3MB dalvikPss=3.6MB otherPss=2.7GB
  systemAvail=13.6GB systemThreshold=216.0MB lowMemory=false trimLevel=0 importance=125 fdCount=152
  procStatus VmRSS=3136240 kB VmHWM=3169436 kB VmSize=20191616 kB VmSwap=2432 kB Threads=29 FDSize=256
2026-05-30 00:09:54.075 pid=9236 [model-load] Loading configuration: Qwen3.5 2B
2026-05-30 00:09:54.075 pid=9236 [model-load-skip] config=Qwen3.5 2B model already loaded
  javaUsed=3.2MB javaTotal=10.5MB javaMax=256.0MB nativeHeap=363.6MB nativeHeapFree=8.5MB nativeHeapSize=376.3MB
  pssTotal=2.8GB privateDirty=156.6MB sharedDirty=52.2MB nativePss=148.3MB dalvikPss=3.7MB otherPss=2.7GB
  systemAvail=13.6GB systemThreshold=216.0MB lowMemory=false trimLevel=0 importance=125 fdCount=152
  procStatus VmRSS=3136368 kB VmHWM=3169436 kB VmSize=20191616 kB VmSwap=2432 kB Threads=29 FDSize=256
2026-05-30 00:09:54.206 pid=9236 [generation-start] id=19 config=Qwen3.5 2B model=Qwen3.5-2B-UD-Q8_K_XL.gguf promptLen=1054 mediaCount=0
  javaUsed=3.4MB javaTotal=10.5MB javaMax=256.0MB nativeHeap=363.6MB nativeHeapFree=8.5MB nativeHeapSize=376.3MB
  pssTotal=2.8GB privateDirty=156.7MB sharedDirty=52.2MB nativePss=148.3MB dalvikPss=3.9MB otherPss=2.7GB
  systemAvail=13.6GB systemThreshold=216.0MB lowMemory=false trimLevel=0 importance=125 fdCount=152
  procStatus VmRSS=3136496 kB VmHWM=3169436 kB VmSize=20191616 kB VmSwap=2432 kB Threads=29 FDSize=256
2026-05-30 00:09:54.322 pid=9236 [generation-stage] id=19 stage=native-call-start
2026-05-30 00:10:37.038 pid=9236 [generation-stage] id=19 stage=native-call-end resultLen=52
2026-05-30 00:10:37.039 pid=9236 [generation-end] id=19 resultLen=52
  javaUsed=3.5MB javaTotal=10.5MB javaMax=256.0MB nativeHeap=363.6MB nativeHeapFree=8.5MB nativeHeapSize=376.3MB
  pssTotal=2.8GB privateDirty=156.9MB sharedDirty=52.2MB nativePss=148.3MB dalvikPss=4.0MB otherPss=2.7GB
  systemAvail=13.7GB systemThreshold=216.0MB lowMemory=false trimLevel=0 importance=125 fdCount=152
  procStatus VmRSS=3136748 kB VmHWM=3169436 kB VmSize=20191616 kB VmSwap=2432 kB Threads=29 FDSize=256
2026-05-30 00:10:37.650 pid=9236 [model-load] Loading configuration: Qwen3.5 2B MTP
2026-05-30 00:10:37.928 pid=9236 [runtime-memory] Before model load model=Qwen3.5-2B-Q8_0.gguf
  javaUsed=3.7MB javaTotal=10.5MB javaMax=256.0MB nativeHeap=14.6MB nativeHeapFree=49.7MB nativeHeapSize=68.4MB
  pssTotal=31.4MB privateDirty=22.8MB sharedDirty=52.2MB nativePss=14.1MB dalvikPss=4.2MB otherPss=13.1MB
  systemAvail=13.8GB systemThreshold=216.0MB lowMemory=false trimLevel=0 importance=125 fdCount=152
  procStatus VmRSS=184832 kB VmHWM=3169436 kB VmSize=17165396 kB VmSwap=2432 kB Threads=29 FDSize=256
2026-05-30 00:10:37.993 pid=9236 [runtime-memory] After model load cleanup model=Qwen3.5-2B-Q8_0.gguf
  javaUsed=2.6MB javaTotal=10.5MB javaMax=256.0MB nativeHeap=14.6MB nativeHeapFree=49.7MB nativeHeapSize=68.4MB
  pssTotal=28.5MB privateDirty=19.9MB sharedDirty=52.2MB nativePss=14.2MB dalvikPss=1.3MB otherPss=13.1MB
  systemAvail=13.8GB systemThreshold=216.0MB lowMemory=false trimLevel=0 importance=125 fdCount=152
  procStatus VmRSS=182008 kB VmHWM=3169436 kB VmSize=17165396 kB VmSwap=2432 kB Threads=29 FDSize=256
2026-05-30 00:10:39.033 pid=9236 [model-load-complete] config=Qwen3.5 2B MTP model=Qwen3.5-2B-Q8_0.gguf mmproj=(none)
  javaUsed=2.7MB javaTotal=10.5MB javaMax=256.0MB nativeHeap=362.3MB nativeHeapFree=8.6MB nativeHeapSize=375.2MB
  pssTotal=2.1GB privateDirty=171.8MB sharedDirty=52.2MB nativePss=165.9MB dalvikPss=1.4MB otherPss=1.9GB
  systemAvail=13.7GB systemThreshold=216.0MB lowMemory=false trimLevel=0 importance=125 fdCount=152
  procStatus VmRSS=2354700 kB VmHWM=3169436 kB VmSize=19394312 kB VmSwap=2432 kB Threads=29 FDSize=256
2026-05-30 00:10:39.138 pid=9236 [generation-start] id=20 config=Qwen3.5 2B MTP model=Qwen3.5-2B-Q8_0.gguf promptLen=1060 mediaCount=0
  javaUsed=2.9MB javaTotal=10.5MB javaMax=256.0MB nativeHeap=362.3MB nativeHeapFree=8.6MB nativeHeapSize=375.2MB
  pssTotal=2.1GB privateDirty=172.0MB sharedDirty=52.2MB nativePss=166.0MB dalvikPss=1.5MB otherPss=1.9GB
  systemAvail=13.7GB systemThreshold=216.0MB lowMemory=false trimLevel=0 importance=125 fdCount=152
  procStatus VmRSS=2354828 kB VmHWM=3169436 kB VmSize=19394312 kB VmSwap=2432 kB Threads=29 FDSize=256
2026-05-30 00:10:39.235 pid=9236 [generation-stage] id=20 stage=native-call-start
2026-05-30 00:10:55.025 pid=9236 [generation-stage] id=20 stage=native-call-end resultLen=53
2026-05-30 00:10:55.026 pid=9236 [generation-end] id=20 resultLen=53
  javaUsed=2.6MB javaTotal=10.5MB javaMax=256.0MB nativeHeap=363.6MB nativeHeapFree=8.5MB nativeHeapSize=376.3MB
  pssTotal=2.1GB privateDirty=154.1MB sharedDirty=52.2MB nativePss=148.3MB dalvikPss=1.3MB otherPss=1.9GB
  systemAvail=13.5GB systemThreshold=216.0MB lowMemory=false trimLevel=0 importance=125 fdCount=152
  procStatus VmRSS=2336360 kB VmHWM=3169436 kB VmSize=19394312 kB VmSwap=2432 kB Threads=29 FDSize=256
2026-05-30 00:10:55.576 pid=9236 [model-load] Loading configuration: Qwen3.5 2B
2026-05-30 00:10:55.720 pid=9236 [runtime-memory] Before model load model=Qwen3.5-2B-UD-Q8_K_XL.gguf
  javaUsed=2.9MB javaTotal=10.5MB javaMax=256.0MB nativeHeap=14.6MB nativeHeapFree=49.7MB nativeHeapSize=68.4MB
  pssTotal=28.6MB privateDirty=20.0MB sharedDirty=52.2MB nativePss=14.0MB dalvikPss=1.5MB otherPss=13.1MB
  systemAvail=13.6GB systemThreshold=216.0MB lowMemory=false trimLevel=0 importance=125 fdCount=152
  procStatus VmRSS=181672 kB VmHWM=3169436 kB VmSize=17165396 kB VmSwap=2432 kB Threads=29 FDSize=256
2026-05-30 00:10:55.750 pid=9236 [runtime-memory] After model load cleanup model=Qwen3.5-2B-UD-Q8_K_XL.gguf
  javaUsed=2.5MB javaTotal=10.5MB javaMax=256.0MB nativeHeap=14.6MB nativeHeapFree=49.7MB nativeHeapSize=68.4MB
  pssTotal=28.4MB privateDirty=19.9MB sharedDirty=52.2MB nativePss=14.1MB dalvikPss=1.3MB otherPss=13.1MB
  systemAvail=13.6GB systemThreshold=216.0MB lowMemory=false trimLevel=0 importance=125 fdCount=152
  procStatus VmRSS=181584 kB VmHWM=3169436 kB VmSize=17165396 kB VmSwap=2432 kB Threads=29 FDSize=256
2026-05-30 00:10:56.285 pid=9236 [model-load-complete] config=Qwen3.5 2B model=Qwen3.5-2B-UD-Q8_K_XL.gguf mmproj=(none)
  javaUsed=2.7MB javaTotal=10.5MB javaMax=256.0MB nativeHeap=362.3MB nativeHeapFree=8.6MB nativeHeapSize=375.2MB
  pssTotal=2.9GB privateDirty=171.8MB sharedDirty=52.2MB nativePss=165.9MB dalvikPss=1.4MB otherPss=2.7GB
  systemAvail=13.5GB systemThreshold=216.0MB lowMemory=false trimLevel=0 importance=125 fdCount=152
  procStatus VmRSS=3151580 kB VmHWM=3169436 kB VmSize=20191616 kB VmSwap=2432 kB Threads=29 FDSize=256
2026-05-30 00:10:56.354 pid=9236 [generation-start] id=21 config=Qwen3.5 2B model=Qwen3.5-2B-UD-Q8_K_XL.gguf promptLen=1060 mediaCount=0
  javaUsed=2.9MB javaTotal=10.5MB javaMax=256.0MB nativeHeap=362.3MB nativeHeapFree=8.6MB nativeHeapSize=375.2MB
  pssTotal=2.9GB privateDirty=172.0MB sharedDirty=52.2MB nativePss=166.0MB dalvikPss=1.5MB otherPss=2.7GB
  systemAvail=13.5GB systemThreshold=216.0MB lowMemory=false trimLevel=0 importance=125 fdCount=152
  procStatus VmRSS=3151708 kB VmHWM=3169436 kB VmSize=20191616 kB VmSwap=2432 kB Threads=29 FDSize=256
2026-05-30 00:10:56.421 pid=9236 [generation-stage] id=21 stage=native-call-start
2026-05-30 00:11:25.942 pid=9236 [generation-stage] id=21 stage=native-call-end resultLen=191
2026-05-30 00:11:25.942 pid=9236 [generation-end] id=21 resultLen=191
  javaUsed=3.0MB javaTotal=10.5MB javaMax=256.0MB nativeHeap=363.6MB nativeHeapFree=8.5MB nativeHeapSize=376.3MB
  pssTotal=2.8GB privateDirty=154.5MB sharedDirty=52.2MB nativePss=148.3MB dalvikPss=1.6MB otherPss=2.7GB
  systemAvail=13.4GB systemThreshold=216.0MB lowMemory=false trimLevel=0 importance=125 fdCount=152
  procStatus VmRSS=3134168 kB VmHWM=3169436 kB VmSize=20191616 kB VmSwap=2432 kB Threads=29 FDSize=256
2026-05-30 00:11:26.844 pid=9236 [model-load] Loading configuration: Qwen3.5 2B MTP
2026-05-30 00:11:27.024 pid=9236 [runtime-memory] Before model load model=Qwen3.5-2B-Q8_0.gguf
  javaUsed=3.3MB javaTotal=10.5MB javaMax=256.0MB nativeHeap=14.6MB nativeHeapFree=49.7MB nativeHeapSize=68.4MB
  pssTotal=29.0MB privateDirty=20.4MB sharedDirty=52.2MB nativePss=14.1MB dalvikPss=1.8MB otherPss=13.1MB
  systemAvail=13.6GB systemThreshold=216.0MB lowMemory=false trimLevel=0 importance=125 fdCount=152
  procStatus VmRSS=182272 kB VmHWM=3169436 kB VmSize=17165396 kB VmSwap=2432 kB Threads=29 FDSize=256
2026-05-30 00:11:27.055 pid=9236 [runtime-memory] After model load cleanup model=Qwen3.5-2B-Q8_0.gguf
  javaUsed=2.5MB javaTotal=10.5MB javaMax=256.0MB nativeHeap=14.6MB nativeHeapFree=49.7MB nativeHeapSize=68.4MB
  pssTotal=28.5MB privateDirty=19.9MB sharedDirty=52.2MB nativePss=14.1MB dalvikPss=1.3MB otherPss=13.1MB
  systemAvail=13.6GB systemThreshold=216.0MB lowMemory=false trimLevel=0 importance=125 fdCount=152
  procStatus VmRSS=181812 kB VmHWM=3169436 kB VmSize=17165396 kB VmSwap=2432 kB Threads=29 FDSize=256
2026-05-30 00:11:27.620 pid=9236 [model-load-complete] config=Qwen3.5 2B MTP model=Qwen3.5-2B-Q8_0.gguf mmproj=(none)
  javaUsed=2.6MB javaTotal=10.5MB javaMax=256.0MB nativeHeap=362.3MB nativeHeapFree=8.6MB nativeHeapSize=375.2MB
  pssTotal=2.1GB privateDirty=171.8MB sharedDirty=52.2MB nativePss=165.9MB dalvikPss=1.3MB otherPss=1.9GB
  systemAvail=13.4GB systemThreshold=216.0MB lowMemory=false trimLevel=0 importance=125 fdCount=152
  procStatus VmRSS=2354504 kB VmHWM=3169436 kB VmSize=19394312 kB VmSwap=2432 kB Threads=29 FDSize=256
2026-05-30 00:11:27.681 pid=9236 [generation-start] id=22 config=Qwen3.5 2B MTP model=Qwen3.5-2B-Q8_0.gguf promptLen=1057 mediaCount=0
  javaUsed=2.8MB javaTotal=10.5MB javaMax=256.0MB nativeHeap=362.3MB nativeHeapFree=8.6MB nativeHeapSize=375.2MB
  pssTotal=2.1GB privateDirty=171.9MB sharedDirty=52.2MB nativePss=166.0MB dalvikPss=1.5MB otherPss=1.9GB
  systemAvail=13.4GB systemThreshold=216.0MB lowMemory=false trimLevel=0 importance=125 fdCount=152
  procStatus VmRSS=2354760 kB VmHWM=3169436 kB VmSize=19394312 kB VmSwap=2432 kB Threads=29 FDSize=256
2026-05-30 00:11:27.740 pid=9236 [generation-stage] id=22 stage=native-call-start
2026-05-30 00:11:53.926 pid=9236 [generation-stage] id=22 stage=native-call-end resultLen=123
2026-05-30 00:11:53.927 pid=9236 [generation-end] id=22 resultLen=123
  javaUsed=3.0MB javaTotal=10.5MB javaMax=256.0MB nativeHeap=363.6MB nativeHeapFree=8.5MB nativeHeapSize=376.3MB
  pssTotal=2.1GB privateDirty=154.4MB sharedDirty=52.2MB nativePss=148.2MB dalvikPss=1.7MB otherPss=1.9GB
  systemAvail=13.7GB systemThreshold=216.0MB lowMemory=false trimLevel=0 importance=125 fdCount=152
  procStatus VmRSS=2336920 kB VmHWM=3169436 kB VmSize=19394312 kB VmSwap=2432 kB Threads=29 FDSize=256
2026-05-30 00:11:54.519 pid=9236 [model-load] Loading configuration: Qwen3.5 2B
2026-05-30 00:11:54.687 pid=9236 [runtime-memory] Before model load model=Qwen3.5-2B-UD-Q8_K_XL.gguf
  javaUsed=2.6MB javaTotal=10.5MB javaMax=256.0MB nativeHeap=14.6MB nativeHeapFree=49.7MB nativeHeapSize=68.4MB
  pssTotal=30.3MB privateDirty=21.7MB sharedDirty=52.2MB nativePss=13.9MB dalvikPss=3.3MB otherPss=13.1MB
  systemAvail=13.8GB systemThreshold=216.0MB lowMemory=false trimLevel=0 importance=125 fdCount=152
  procStatus VmRSS=183672 kB VmHWM=3169436 kB VmSize=17165396 kB VmSwap=2432 kB Threads=29 FDSize=256
2026-05-30 00:11:54.720 pid=9236 [runtime-memory] After model load cleanup model=Qwen3.5-2B-UD-Q8_K_XL.gguf
  javaUsed=2.5MB javaTotal=10.5MB javaMax=256.0MB nativeHeap=14.6MB nativeHeapFree=49.7MB nativeHeapSize=68.4MB
  pssTotal=30.4MB privateDirty=21.8MB sharedDirty=52.2MB nativePss=14.0MB dalvikPss=3.3MB otherPss=13.1MB
  systemAvail=13.8GB systemThreshold=216.0MB lowMemory=false trimLevel=0 importance=125 fdCount=152
  procStatus VmRSS=183796 kB VmHWM=3169436 kB VmSize=17165396 kB VmSwap=2432 kB Threads=29 FDSize=256
2026-05-30 00:11:55.321 pid=9236 [model-load-complete] config=Qwen3.5 2B model=Qwen3.5-2B-UD-Q8_K_XL.gguf mmproj=(none)
  javaUsed=2.6MB javaTotal=10.5MB javaMax=256.0MB nativeHeap=362.3MB nativeHeapFree=8.6MB nativeHeapSize=375.2MB
  pssTotal=2.9GB privateDirty=173.8MB sharedDirty=52.2MB nativePss=165.9MB dalvikPss=3.3MB otherPss=2.7GB
  systemAvail=13.7GB systemThreshold=216.0MB lowMemory=false trimLevel=0 importance=125 fdCount=152
  procStatus VmRSS=3153920 kB VmHWM=3169436 kB VmSize=20191616 kB VmSwap=2432 kB Threads=29 FDSize=256
2026-05-30 00:11:55.395 pid=9236 [generation-start] id=23 config=Qwen3.5 2B model=Qwen3.5-2B-UD-Q8_K_XL.gguf promptLen=1066 mediaCount=0
  javaUsed=2.8MB javaTotal=10.5MB javaMax=256.0MB nativeHeap=362.3MB nativeHeapFree=8.6MB nativeHeapSize=375.2MB
  pssTotal=2.9GB privateDirty=174.0MB sharedDirty=52.2MB nativePss=166.0MB dalvikPss=3.5MB otherPss=2.7GB
  systemAvail=13.7GB systemThreshold=216.0MB lowMemory=false trimLevel=0 importance=125 fdCount=152
  procStatus VmRSS=3154176 kB VmHWM=3169436 kB VmSize=20191616 kB VmSwap=2432 kB Threads=29 FDSize=256
2026-05-30 00:11:55.467 pid=9236 [generation-stage] id=23 stage=native-call-start
2026-05-30 00:12:34.501 pid=9236 [generation-stage] id=23 stage=native-call-end resultLen=61
2026-05-30 00:12:34.502 pid=9236 [generation-end] id=23 resultLen=61
  javaUsed=3.0MB javaTotal=10.5MB javaMax=256.0MB nativeHeap=363.6MB nativeHeapFree=8.5MB nativeHeapSize=376.3MB
  pssTotal=2.8GB privateDirty=156.5MB sharedDirty=52.2MB nativePss=148.3MB dalvikPss=3.6MB otherPss=2.7GB
  systemAvail=13.5GB systemThreshold=216.0MB lowMemory=false trimLevel=0 importance=125 fdCount=152
  procStatus VmRSS=3136496 kB VmHWM=3171452 kB VmSize=20191616 kB VmSwap=2432 kB Threads=29 FDSize=256
2026-05-30 00:12:35.113 pid=9236 [model-load] Loading configuration: Qwen3.5 2B MTP
2026-05-30 00:12:35.393 pid=9236 [runtime-memory] Before model load model=Qwen3.5-2B-Q8_0.gguf
  javaUsed=3.3MB javaTotal=10.5MB javaMax=256.0MB nativeHeap=14.6MB nativeHeapFree=49.7MB nativeHeapSize=68.4MB
  pssTotal=30.9MB privateDirty=22.4MB sharedDirty=52.2MB nativePss=14.1MB dalvikPss=3.8MB otherPss=13.0MB
  systemAvail=13.6GB systemThreshold=216.0MB lowMemory=false trimLevel=0 importance=125 fdCount=152
  procStatus VmRSS=184544 kB VmHWM=3171452 kB VmSize=17165396 kB VmSwap=2432 kB Threads=29 FDSize=256
2026-05-30 00:12:35.457 pid=9236 [runtime-memory] After model load cleanup model=Qwen3.5-2B-Q8_0.gguf
  javaUsed=2.6MB javaTotal=10.5MB javaMax=256.0MB nativeHeap=14.6MB nativeHeapFree=49.7MB nativeHeapSize=68.4MB
  pssTotal=28.4MB privateDirty=19.9MB sharedDirty=52.2MB nativePss=14.2MB dalvikPss=1.3MB otherPss=13.0MB
  systemAvail=13.6GB systemThreshold=216.0MB lowMemory=false trimLevel=0 importance=125 fdCount=152
  procStatus VmRSS=182056 kB VmHWM=3171452 kB VmSize=17165396 kB VmSwap=2432 kB Threads=29 FDSize=256
2026-05-30 00:12:36.545 pid=9236 [model-load-complete] config=Qwen3.5 2B MTP model=Qwen3.5-2B-Q8_0.gguf mmproj=(none)
  javaUsed=2.6MB javaTotal=10.5MB javaMax=256.0MB nativeHeap=362.3MB nativeHeapFree=8.6MB nativeHeapSize=375.2MB
  pssTotal=2.1GB privateDirty=171.8MB sharedDirty=52.2MB nativePss=165.9MB dalvikPss=1.3MB otherPss=1.9GB
  systemAvail=13.4GB systemThreshold=216.0MB lowMemory=false trimLevel=0 importance=125 fdCount=152
  procStatus VmRSS=2354876 kB VmHWM=3171452 kB VmSize=19394312 kB VmSwap=2432 kB Threads=29 FDSize=256
2026-05-30 00:12:36.643 pid=9236 [generation-start] id=24 config=Qwen3.5 2B MTP model=Qwen3.5-2B-Q8_0.gguf promptLen=1057 mediaCount=0
  javaUsed=2.8MB javaTotal=10.5MB javaMax=256.0MB nativeHeap=362.3MB nativeHeapFree=8.6MB nativeHeapSize=375.2MB
  pssTotal=2.1GB privateDirty=172.0MB sharedDirty=52.2MB nativePss=166.0MB dalvikPss=1.5MB otherPss=1.9GB
  systemAvail=13.4GB systemThreshold=216.0MB lowMemory=false trimLevel=0 importance=125 fdCount=152
  procStatus VmRSS=2355004 kB VmHWM=3171452 kB VmSize=19394312 kB VmSwap=2432 kB Threads=29 FDSize=256
2026-05-30 00:12:36.736 pid=9236 [generation-stage] id=24 stage=native-call-start
2026-05-30 00:13:09.927 pid=9236 [generation-stage] id=24 stage=native-call-end resultLen=73
2026-05-30 00:13:09.928 pid=9236 [generation-end] id=24 resultLen=73
  javaUsed=3.0MB javaTotal=10.5MB javaMax=256.0MB nativeHeap=363.6MB nativeHeapFree=8.5MB nativeHeapSize=376.3MB
  pssTotal=2.1GB privateDirty=154.4MB sharedDirty=52.2MB nativePss=148.3MB dalvikPss=1.6MB otherPss=1.9GB
  systemAvail=13.6GB systemThreshold=216.0MB lowMemory=false trimLevel=0 importance=125 fdCount=152
  procStatus VmRSS=2336828 kB VmHWM=2367432 kB VmSize=19394312 kB VmSwap=2432 kB Threads=29 FDSize=256
2026-05-30 00:13:10.511 pid=9236 [model-load] Loading configuration: Qwen3.5 2B
2026-05-30 00:13:10.791 pid=9236 [runtime-memory] Before model load model=Qwen3.5-2B-UD-Q8_K_XL.gguf
  javaUsed=2.6MB javaTotal=10.5MB javaMax=256.0MB nativeHeap=14.6MB nativeHeapFree=49.7MB nativeHeapSize=68.4MB
  pssTotal=28.2MB privateDirty=19.7MB sharedDirty=52.2MB nativePss=13.9MB dalvikPss=1.3MB otherPss=13.0MB
  systemAvail=13.7GB systemThreshold=216.0MB lowMemory=false trimLevel=0 importance=125 fdCount=152
  procStatus VmRSS=181612 kB VmHWM=2367432 kB VmSize=17165396 kB VmSwap=2432 kB Threads=29 FDSize=256
2026-05-30 00:13:10.846 pid=9236 [runtime-memory] After model load cleanup model=Qwen3.5-2B-UD-Q8_K_XL.gguf
  javaUsed=2.6MB javaTotal=10.5MB javaMax=256.0MB nativeHeap=14.6MB nativeHeapFree=49.7MB nativeHeapSize=68.4MB
  pssTotal=28.4MB privateDirty=19.8MB sharedDirty=52.2MB nativePss=14.1MB dalvikPss=1.3MB otherPss=13.0MB
  systemAvail=13.7GB systemThreshold=216.0MB lowMemory=false trimLevel=0 importance=125 fdCount=152
  procStatus VmRSS=181956 kB VmHWM=2367432 kB VmSize=17165396 kB VmSwap=2432 kB Threads=29 FDSize=256
2026-05-30 00:13:11.950 pid=9236 [model-load-complete] config=Qwen3.5 2B model=Qwen3.5-2B-UD-Q8_K_XL.gguf mmproj=(none)
  javaUsed=2.6MB javaTotal=10.5MB javaMax=256.0MB nativeHeap=362.3MB nativeHeapFree=8.6MB nativeHeapSize=375.2MB
  pssTotal=2.9GB privateDirty=171.8MB sharedDirty=52.2MB nativePss=165.9MB dalvikPss=1.3MB otherPss=2.7GB
  systemAvail=13.5GB systemThreshold=216.0MB lowMemory=false trimLevel=0 importance=125 fdCount=152
  procStatus VmRSS=3152080 kB VmHWM=3152080 kB VmSize=20191616 kB VmSwap=2432 kB Threads=29 FDSize=256
2026-05-30 00:13:12.065 pid=9236 [generation-start] id=25 config=Qwen3.5 2B model=Qwen3.5-2B-UD-Q8_K_XL.gguf promptLen=1066 mediaCount=0
  javaUsed=2.8MB javaTotal=10.5MB javaMax=256.0MB nativeHeap=362.3MB nativeHeapFree=8.6MB nativeHeapSize=375.2MB
  pssTotal=2.9GB privateDirty=172.0MB sharedDirty=52.2MB nativePss=166.0MB dalvikPss=1.5MB otherPss=2.7GB
  systemAvail=13.5GB systemThreshold=216.0MB lowMemory=false trimLevel=0 importance=125 fdCount=152
  procStatus VmRSS=3152208 kB VmHWM=3152208 kB VmSize=20191616 kB VmSwap=2432 kB Threads=29 FDSize=256
2026-05-30 00:13:12.178 pid=9236 [generation-stage] id=25 stage=native-call-start
2026-05-30 00:14:00.804 pid=9236 [generation-stage] id=25 stage=native-call-end resultLen=171
2026-05-30 00:14:00.805 pid=9236 [generation-end] id=25 resultLen=171
  javaUsed=3.0MB javaTotal=10.5MB javaMax=256.0MB nativeHeap=363.6MB nativeHeapFree=8.5MB nativeHeapSize=376.3MB
  pssTotal=2.8GB privateDirty=154.5MB sharedDirty=52.2MB nativePss=148.3MB dalvikPss=1.6MB otherPss=2.7GB
  systemAvail=13.3GB systemThreshold=216.0MB lowMemory=false trimLevel=0 importance=125 fdCount=152
  procStatus VmRSS=3134260 kB VmHWM=3152336 kB VmSize=20191616 kB VmSwap=2432 kB Threads=29 FDSize=256
2026-05-30 00:14:01.369 pid=9236 [model-load] Loading configuration: Qwen3.5 2B MTP
2026-05-30 00:14:01.542 pid=9236 [runtime-memory] Before model load model=Qwen3.5-2B-Q8_0.gguf
  javaUsed=3.3MB javaTotal=10.5MB javaMax=256.0MB nativeHeap=14.6MB nativeHeapFree=49.7MB nativeHeapSize=68.4MB
  pssTotal=29.0MB privateDirty=20.4MB sharedDirty=52.2MB nativePss=14.1MB dalvikPss=1.8MB otherPss=13.0MB
  systemAvail=13.5GB systemThreshold=216.0MB lowMemory=false trimLevel=0 importance=125 fdCount=152
  procStatus VmRSS=182376 kB VmHWM=3152336 kB VmSize=17165396 kB VmSwap=2432 kB Threads=29 FDSize=256
2026-05-30 00:14:01.571 pid=9236 [runtime-memory] After model load cleanup model=Qwen3.5-2B-Q8_0.gguf
  javaUsed=2.6MB javaTotal=10.5MB javaMax=256.0MB nativeHeap=14.6MB nativeHeapFree=49.7MB nativeHeapSize=68.4MB
  pssTotal=28.5MB privateDirty=19.9MB sharedDirty=52.2MB nativePss=14.2MB dalvikPss=1.3MB otherPss=13.0MB
  systemAvail=13.5GB systemThreshold=216.0MB lowMemory=false trimLevel=0 importance=125 fdCount=152
  procStatus VmRSS=181940 kB VmHWM=3152336 kB VmSize=17165396 kB VmSwap=2432 kB Threads=29 FDSize=256
2026-05-30 00:14:02.052 pid=9236 [model-load-complete] config=Qwen3.5 2B MTP model=Qwen3.5-2B-Q8_0.gguf mmproj=(none)
  javaUsed=2.6MB javaTotal=10.5MB javaMax=256.0MB nativeHeap=362.3MB nativeHeapFree=8.6MB nativeHeapSize=375.2MB
  pssTotal=2.1GB privateDirty=171.8MB sharedDirty=52.2MB nativePss=165.9MB dalvikPss=1.3MB otherPss=1.9GB
  systemAvail=13.3GB systemThreshold=216.0MB lowMemory=false trimLevel=0 importance=125 fdCount=152
  procStatus VmRSS=2354632 kB VmHWM=3152336 kB VmSize=19394312 kB VmSwap=2432 kB Threads=29 FDSize=256
2026-05-30 00:14:02.107 pid=9236 [generation-start] id=26 config=Qwen3.5 2B MTP model=Qwen3.5-2B-Q8_0.gguf promptLen=1063 mediaCount=0
  javaUsed=2.8MB javaTotal=10.5MB javaMax=256.0MB nativeHeap=362.3MB nativeHeapFree=8.6MB nativeHeapSize=375.2MB
  pssTotal=2.1GB privateDirty=172.0MB sharedDirty=52.2MB nativePss=166.0MB dalvikPss=1.5MB otherPss=1.9GB
  systemAvail=13.3GB systemThreshold=216.0MB lowMemory=false trimLevel=0 importance=125 fdCount=152
  procStatus VmRSS=2354888 kB VmHWM=3152336 kB VmSize=19394312 kB VmSwap=2432 kB Threads=29 FDSize=256
2026-05-30 00:14:02.160 pid=9236 [generation-stage] id=26 stage=native-call-start
2026-05-30 00:14:23.175 pid=9236 [generation-stage] id=26 stage=native-call-end resultLen=120
2026-05-30 00:14:23.175 pid=9236 [generation-end] id=26 resultLen=120
  javaUsed=3.0MB javaTotal=10.5MB javaMax=256.0MB nativeHeap=363.6MB nativeHeapFree=8.5MB nativeHeapSize=376.3MB
  pssTotal=2.1GB privateDirty=154.4MB sharedDirty=52.2MB nativePss=148.3MB dalvikPss=1.6MB otherPss=1.9GB
  systemAvail=13.4GB systemThreshold=216.0MB lowMemory=false trimLevel=0 importance=125 fdCount=152
  procStatus VmRSS=2336456 kB VmHWM=3152336 kB VmSize=19394312 kB VmSwap=2432 kB Threads=29 FDSize=256
2026-05-30 00:14:23.733 pid=9236 [model-load] Loading configuration: Qwen3.5 2B
2026-05-30 00:14:23.885 pid=9236 [runtime-memory] Before model load model=Qwen3.5-2B-UD-Q8_K_XL.gguf
  javaUsed=3.3MB javaTotal=10.5MB javaMax=256.0MB nativeHeap=14.6MB nativeHeapFree=49.7MB nativeHeapSize=68.4MB
  pssTotal=28.9MB privateDirty=20.4MB sharedDirty=52.2MB nativePss=14.1MB dalvikPss=1.8MB otherPss=13.0MB
  systemAvail=13.6GB systemThreshold=216.0MB lowMemory=false trimLevel=0 importance=125 fdCount=152
  procStatus VmRSS=181924 kB VmHWM=3152336 kB VmSize=17165396 kB VmSwap=2432 kB Threads=29 FDSize=256
2026-05-30 00:14:23.916 pid=9236 [runtime-memory] After model load cleanup model=Qwen3.5-2B-UD-Q8_K_XL.gguf
  javaUsed=2.6MB javaTotal=10.5MB javaMax=256.0MB nativeHeap=14.6MB nativeHeapFree=49.7MB nativeHeapSize=68.4MB
  pssTotal=28.5MB privateDirty=19.9MB sharedDirty=52.2MB nativePss=14.2MB dalvikPss=1.3MB otherPss=13.0MB
  systemAvail=13.6GB systemThreshold=216.0MB lowMemory=false trimLevel=0 importance=125 fdCount=152
  procStatus VmRSS=181496 kB VmHWM=3152336 kB VmSize=17165396 kB VmSwap=2432 kB Threads=29 FDSize=256
2026-05-30 00:14:24.463 pid=9236 [model-load-complete] config=Qwen3.5 2B model=Qwen3.5-2B-UD-Q8_K_XL.gguf mmproj=(none)
  javaUsed=2.6MB javaTotal=10.5MB javaMax=256.0MB nativeHeap=362.3MB nativeHeapFree=8.6MB nativeHeapSize=375.2MB
  pssTotal=2.9GB privateDirty=171.8MB sharedDirty=52.2MB nativePss=166.0MB dalvikPss=1.3MB otherPss=2.7GB
  systemAvail=13.4GB systemThreshold=216.0MB lowMemory=false trimLevel=0 importance=125 fdCount=152
  procStatus VmRSS=3151492 kB VmHWM=3152336 kB VmSize=20191616 kB VmSwap=2432 kB Threads=29 FDSize=256
2026-05-30 00:14:24.533 pid=9236 [generation-start] id=27 config=Qwen3.5 2B model=Qwen3.5-2B-UD-Q8_K_XL.gguf promptLen=1066 mediaCount=0
  javaUsed=2.8MB javaTotal=10.5MB javaMax=256.0MB nativeHeap=362.3MB nativeHeapFree=8.6MB nativeHeapSize=375.2MB
  pssTotal=2.9GB privateDirty=172.0MB sharedDirty=52.2MB nativePss=166.0MB dalvikPss=1.5MB otherPss=2.7GB
  systemAvail=13.4GB systemThreshold=216.0MB lowMemory=false trimLevel=0 importance=125 fdCount=152
  procStatus VmRSS=3151748 kB VmHWM=3152336 kB VmSize=20191616 kB VmSwap=2432 kB Threads=29 FDSize=256
2026-05-30 00:14:24.602 pid=9236 [generation-stage] id=27 stage=native-call-start
2026-05-30 00:24:02.587 pid=25776 [previous-crash] Detected unfinished generation from previous process: 2026-05-30 00:14:24.602 pid=9236 [generation-pending] id=27 config=Qwen3.5 2B model=Qwen3.5-2B-UD-Q8_K_XL.gguf promptLen=1066 mediaCount=0
2026-05-30 00:24:02.588 pid=25776 [app] Application created
2026-05-30 00:24:02.588 pid=25776 [app-start] Application onCreate
  javaUsed=2.5MB javaTotal=256.0MB javaMax=256.0MB nativeHeap=6.6MB nativeHeapFree=1.9MB nativeHeapSize=13.1MB
  pssTotal=10.4MB privateDirty=4.7MB sharedDirty=53.1MB nativePss=2.2MB dalvikPss=855.0KB otherPss=7.4MB
  systemAvail=13.9GB systemThreshold=216.0MB lowMemory=false trimLevel=0 importance=100 fdCount=113
  procStatus VmRSS=121624 kB VmHWM=121624 kB VmSize=16924024 kB VmSwap=2524 kB Threads=13 FDSize=128
2026-05-30 00:24:05.774 pid=25776 [memory-trim] onTrimMemory level=20
  javaUsed=4.0MB javaTotal=64.0MB javaMax=256.0MB nativeHeap=12.0MB nativeHeapFree=3.3MB nativeHeapSize=19.0MB
  pssTotal=22.1MB privateDirty=15.4MB sharedDirty=52.3MB nativePss=9.7MB dalvikPss=2.0MB otherPss=10.4MB
  systemAvail=13.9GB systemThreshold=216.0MB lowMemory=false trimLevel=0 importance=400 fdCount=151
  procStatus VmRSS=169820 kB VmHWM=169820 kB VmSize=17233348 kB VmSwap=2268 kB Threads=29 FDSize=256
2026-05-30 06:22:40.725 pid=14542 [app] Application created
2026-05-30 06:22:40.725 pid=14542 [app-start] Application onCreate
  javaUsed=3.0MB javaTotal=256.0MB javaMax=256.0MB nativeHeap=6.6MB nativeHeapFree=1.8MB nativeHeapSize=13.1MB
  pssTotal=10.5MB privateDirty=4.6MB sharedDirty=53.2MB nativePss=2.1MB dalvikPss=839.0KB otherPss=7.5MB
  systemAvail=12.9GB systemThreshold=216.0MB lowMemory=false trimLevel=0 importance=100 fdCount=113
  procStatus VmRSS=121932 kB VmHWM=121932 kB VmSize=16921908 kB VmSwap=2676 kB Threads=13 FDSize=128
2026-05-30 06:22:52.939 pid=14542 [model-load] Loading configuration: Qwen3.5 2B MTP
2026-05-30 06:22:52.941 pid=14542 [runtime-memory] Before model load model=Qwen3.5-2B-Q8_0.gguf
  javaUsed=5.1MB javaTotal=16.0MB javaMax=256.0MB nativeHeap=12.4MB nativeHeapFree=3.7MB nativeHeapSize=19.9MB
  pssTotal=23.9MB privateDirty=17.1MB sharedDirty=52.3MB nativePss=10.4MB dalvikPss=2.5MB otherPss=10.9MB
  systemAvail=13.0GB systemThreshold=216.0MB lowMemory=false trimLevel=0 importance=125 fdCount=152
  procStatus VmRSS=175324 kB VmHWM=175324 kB VmSize=17251964 kB VmSwap=2676 kB Threads=30 FDSize=256
2026-05-30 06:22:52.995 pid=14542 [runtime-memory] After model load cleanup model=Qwen3.5-2B-Q8_0.gguf
  javaUsed=2.5MB javaTotal=10.5MB javaMax=256.0MB nativeHeap=12.3MB nativeHeapFree=3.9MB nativeHeapSize=19.9MB
  pssTotal=22.6MB privateDirty=15.8MB sharedDirty=52.1MB nativePss=10.3MB dalvikPss=1.3MB otherPss=11.0MB
  systemAvail=13.0GB systemThreshold=216.0MB lowMemory=false trimLevel=0 importance=125 fdCount=151
  procStatus VmRSS=174280 kB VmHWM=176868 kB VmSize=16982904 kB VmSwap=2676 kB Threads=30 FDSize=256
2026-05-30 06:22:58.770 pid=14542 [model-load-complete] config=Qwen3.5 2B MTP model=Qwen3.5-2B-Q8_0.gguf mmproj=(none)
  javaUsed=2.6MB javaTotal=10.5MB javaMax=256.0MB nativeHeap=362.2MB nativeHeapFree=6.1MB nativeHeapSize=372.1MB
  pssTotal=2.1GB privateDirty=147.8MB sharedDirty=52.1MB nativePss=141.9MB dalvikPss=1.3MB otherPss=1.9GB
  systemAvail=12.8GB systemThreshold=216.0MB lowMemory=false trimLevel=0 importance=125 fdCount=151
  procStatus VmRSS=2327304 kB VmHWM=2327304 kB VmSize=19352000 kB VmSwap=2676 kB Threads=30 FDSize=256
2026-05-30 06:22:58.812 pid=14542 [generation-start] id=1 config=Qwen3.5 2B MTP model=Qwen3.5-2B-Q8_0.gguf promptLen=1045 mediaCount=0
  javaUsed=2.9MB javaTotal=10.5MB javaMax=256.0MB nativeHeap=362.2MB nativeHeapFree=6.1MB nativeHeapSize=372.1MB
  pssTotal=2.1GB privateDirty=148.0MB sharedDirty=52.1MB nativePss=141.9MB dalvikPss=1.5MB otherPss=1.9GB
  systemAvail=12.8GB systemThreshold=216.0MB lowMemory=false trimLevel=0 importance=125 fdCount=151
  procStatus VmRSS=2327560 kB VmHWM=2327560 kB VmSize=19352000 kB VmSwap=2676 kB Threads=30 FDSize=256
2026-05-30 06:22:58.853 pid=14542 [generation-stage] id=1 stage=native-call-start
2026-05-30 06:23:25.253 pid=14542 [generation-stage] id=1 stage=native-call-end resultLen=119
2026-05-30 06:23:25.254 pid=14542 [generation-end] id=1 resultLen=119
  javaUsed=3.0MB javaTotal=10.5MB javaMax=256.0MB nativeHeap=363.5MB nativeHeapFree=5.9MB nativeHeapSize=373.2MB
  pssTotal=2.1GB privateDirty=142.9MB sharedDirty=52.1MB nativePss=136.7MB dalvikPss=1.6MB otherPss=1.9GB
  systemAvail=13.0GB systemThreshold=216.0MB lowMemory=false trimLevel=0 importance=125 fdCount=151
  procStatus VmRSS=2322964 kB VmHWM=2334984 kB VmSize=19356084 kB VmSwap=2676 kB Threads=30 FDSize=256
2026-05-30 06:23:25.846 pid=14542 [model-load] Loading configuration: Qwen3.5 2B
2026-05-30 06:23:26.092 pid=14542 [runtime-memory] Before model load model=Qwen3.5-2B-UD-Q8_K_XL.gguf
  javaUsed=3.3MB javaTotal=10.5MB javaMax=256.0MB nativeHeap=14.5MB nativeHeapFree=49.8MB nativeHeapSize=67.8MB
  pssTotal=28.4MB privateDirty=20.1MB sharedDirty=52.1MB nativePss=13.7MB dalvikPss=1.8MB otherPss=12.9MB
  systemAvail=13.1GB systemThreshold=216.0MB lowMemory=false trimLevel=0 importance=125 fdCount=151
  procStatus VmRSS=179956 kB VmHWM=2334984 kB VmSize=17127168 kB VmSwap=2676 kB Threads=30 FDSize=256
2026-05-30 06:23:26.146 pid=14542 [runtime-memory] After model load cleanup model=Qwen3.5-2B-UD-Q8_K_XL.gguf
  javaUsed=2.6MB javaTotal=10.5MB javaMax=256.0MB nativeHeap=14.5MB nativeHeapFree=49.8MB nativeHeapSize=67.8MB
  pssTotal=27.9MB privateDirty=19.6MB sharedDirty=52.1MB nativePss=13.8MB dalvikPss=1.3MB otherPss=12.9MB
  systemAvail=13.1GB systemThreshold=216.0MB lowMemory=false trimLevel=0 importance=125 fdCount=151
  procStatus VmRSS=179488 kB VmHWM=2334984 kB VmSize=17127168 kB VmSwap=2676 kB Threads=30 FDSize=256
2026-05-30 06:23:27.191 pid=14542 [model-load-complete] config=Qwen3.5 2B model=Qwen3.5-2B-UD-Q8_K_XL.gguf mmproj=(none)
  javaUsed=2.6MB javaTotal=10.5MB javaMax=256.0MB nativeHeap=362.2MB nativeHeapFree=8.7MB nativeHeapSize=374.6MB
  pssTotal=2.9GB privateDirty=171.7MB sharedDirty=52.0MB nativePss=165.8MB dalvikPss=1.3MB otherPss=2.7GB
  systemAvail=13.0GB systemThreshold=216.0MB lowMemory=false trimLevel=0 importance=125 fdCount=151
  procStatus VmRSS=3149648 kB VmHWM=3149648 kB VmSize=20153388 kB VmSwap=2676 kB Threads=30 FDSize=256
2026-05-30 06:23:27.310 pid=14542 [generation-start] id=2 config=Qwen3.5 2B model=Qwen3.5-2B-UD-Q8_K_XL.gguf promptLen=1042 mediaCount=0
  javaUsed=2.8MB javaTotal=10.5MB javaMax=256.0MB nativeHeap=362.2MB nativeHeapFree=8.7MB nativeHeapSize=374.6MB
  pssTotal=2.9GB privateDirty=171.9MB sharedDirty=52.0MB nativePss=165.9MB dalvikPss=1.5MB otherPss=2.7GB
  systemAvail=13.0GB systemThreshold=216.0MB lowMemory=false trimLevel=0 importance=125 fdCount=151
  procStatus VmRSS=3149580 kB VmHWM=3150800 kB VmSize=20153388 kB VmSwap=2676 kB Threads=30 FDSize=256
2026-05-30 06:23:27.427 pid=14542 [generation-stage] id=2 stage=native-call-start
2026-05-30 06:24:07.818 pid=14542 [generation-stage] id=2 stage=native-call-end resultLen=50
2026-05-30 06:24:07.819 pid=14542 [generation-end] id=2 resultLen=50
  javaUsed=2.7MB javaTotal=10.5MB javaMax=256.0MB nativeHeap=363.5MB nativeHeapFree=8.5MB nativeHeapSize=375.7MB
  pssTotal=2.8GB privateDirty=144.1MB sharedDirty=52.0MB nativePss=138.2MB dalvikPss=1.4MB otherPss=2.7GB
  systemAvail=13.2GB systemThreshold=216.0MB lowMemory=false trimLevel=0 importance=125 fdCount=151
  procStatus VmRSS=3121400 kB VmHWM=3156484 kB VmSize=20135836 kB VmSwap=2676 kB Threads=29 FDSize=256
2026-05-30 06:24:08.428 pid=14542 [model-load] Loading configuration: Qwen3.5 2B MTP
2026-05-30 06:24:08.732 pid=14542 [runtime-memory] Before model load model=Qwen3.5-2B-Q8_0.gguf
  javaUsed=3.0MB javaTotal=10.5MB javaMax=256.0MB nativeHeap=14.5MB nativeHeapFree=49.8MB nativeHeapSize=67.8MB
  pssTotal=28.2MB privateDirty=19.9MB sharedDirty=52.0MB nativePss=13.8MB dalvikPss=1.6MB otherPss=12.9MB
  systemAvail=13.4GB systemThreshold=216.0MB lowMemory=false trimLevel=0 importance=125 fdCount=151
  procStatus VmRSS=179996 kB VmHWM=3156484 kB VmSize=17109616 kB VmSwap=2676 kB Threads=29 FDSize=256
2026-05-30 06:24:08.786 pid=14542 [runtime-memory] After model load cleanup model=Qwen3.5-2B-Q8_0.gguf
  javaUsed=2.6MB javaTotal=10.5MB javaMax=256.0MB nativeHeap=14.5MB nativeHeapFree=49.8MB nativeHeapSize=67.8MB
  pssTotal=27.9MB privateDirty=19.6MB sharedDirty=52.0MB nativePss=13.8MB dalvikPss=1.3MB otherPss=12.9MB
  systemAvail=13.4GB systemThreshold=216.0MB lowMemory=false trimLevel=0 importance=125 fdCount=151
  procStatus VmRSS=179684 kB VmHWM=3156484 kB VmSize=17109616 kB VmSwap=2676 kB Threads=29 FDSize=256
2026-05-30 06:24:09.898 pid=14542 [model-load-complete] config=Qwen3.5 2B MTP model=Qwen3.5-2B-Q8_0.gguf mmproj=(none)
  javaUsed=2.6MB javaTotal=10.5MB javaMax=256.0MB nativeHeap=362.2MB nativeHeapFree=8.7MB nativeHeapSize=374.6MB
  pssTotal=2.1GB privateDirty=171.7MB sharedDirty=52.0MB nativePss=165.8MB dalvikPss=1.3MB otherPss=1.9GB
  systemAvail=13.2GB systemThreshold=216.0MB lowMemory=false trimLevel=0 importance=125 fdCount=151
  procStatus VmRSS=2352676 kB VmHWM=3156484 kB VmSize=19338532 kB VmSwap=2676 kB Threads=29 FDSize=256
2026-05-30 06:24:09.990 pid=14542 [generation-start] id=3 config=Qwen3.5 2B MTP model=Qwen3.5-2B-Q8_0.gguf promptLen=1045 mediaCount=0
  javaUsed=2.8MB javaTotal=10.5MB javaMax=256.0MB nativeHeap=362.2MB nativeHeapFree=8.7MB nativeHeapSize=374.6MB
  pssTotal=2.1GB privateDirty=171.9MB sharedDirty=52.0MB nativePss=165.9MB dalvikPss=1.5MB otherPss=1.9GB
  systemAvail=13.2GB systemThreshold=216.0MB lowMemory=false trimLevel=0 importance=125 fdCount=151
  procStatus VmRSS=2352932 kB VmHWM=3156484 kB VmSize=19338532 kB VmSwap=2676 kB Threads=29 FDSize=256
2026-05-30 06:24:10.077 pid=14542 [generation-stage] id=3 stage=native-call-start
2026-05-30 06:24:46.204 pid=14542 [generation-stage] id=3 stage=native-call-end resultLen=126
2026-05-30 06:24:46.204 pid=14542 [generation-end] id=3 resultLen=126
  javaUsed=3.0MB javaTotal=10.5MB javaMax=256.0MB nativeHeap=363.5MB nativeHeapFree=8.5MB nativeHeapSize=375.7MB
  pssTotal=2.1GB privateDirty=144.3MB sharedDirty=52.0MB nativePss=138.1MB dalvikPss=1.6MB otherPss=1.9GB
  systemAvail=13.1GB systemThreshold=216.0MB lowMemory=false trimLevel=0 importance=125 fdCount=151
  procStatus VmRSS=2324420 kB VmHWM=3156484 kB VmSize=19338532 kB VmSwap=2676 kB Threads=29 FDSize=256
2026-05-30 06:24:46.788 pid=14542 [model-load] Loading configuration: Qwen3.5 2B
2026-05-30 06:24:47.042 pid=14542 [runtime-memory] Before model load model=Qwen3.5-2B-UD-Q8_K_XL.gguf
  javaUsed=3.3MB javaTotal=10.5MB javaMax=256.0MB nativeHeap=14.5MB nativeHeapFree=49.8MB nativeHeapSize=67.8MB
  pssTotal=28.5MB privateDirty=20.2MB sharedDirty=52.0MB nativePss=13.8MB dalvikPss=1.8MB otherPss=12.9MB
  systemAvail=13.3GB systemThreshold=216.0MB lowMemory=false trimLevel=0 importance=125 fdCount=151
  procStatus VmRSS=179940 kB VmHWM=3156484 kB VmSize=17109616 kB VmSwap=2676 kB Threads=29 FDSize=256
2026-05-30 06:24:47.095 pid=14542 [runtime-memory] After model load cleanup model=Qwen3.5-2B-UD-Q8_K_XL.gguf
  javaUsed=2.6MB javaTotal=10.5MB javaMax=256.0MB nativeHeap=14.5MB nativeHeapFree=49.8MB nativeHeapSize=67.8MB
  pssTotal=28.0MB privateDirty=19.7MB sharedDirty=52.0MB nativePss=13.9MB dalvikPss=1.3MB otherPss=12.9MB
  systemAvail=13.3GB systemThreshold=216.0MB lowMemory=false trimLevel=0 importance=125 fdCount=151
  procStatus VmRSS=179548 kB VmHWM=3156484 kB VmSize=17109616 kB VmSwap=2676 kB Threads=29 FDSize=256
2026-05-30 06:24:48.307 pid=14542 [model-load-complete] config=Qwen3.5 2B model=Qwen3.5-2B-UD-Q8_K_XL.gguf mmproj=(none)
  javaUsed=2.6MB javaTotal=10.5MB javaMax=256.0MB nativeHeap=362.2MB nativeHeapFree=8.7MB nativeHeapSize=374.6MB
  pssTotal=2.9GB privateDirty=171.6MB sharedDirty=52.0MB nativePss=165.8MB dalvikPss=1.3MB otherPss=2.7GB
  systemAvail=13.1GB systemThreshold=216.0MB lowMemory=false trimLevel=0 importance=125 fdCount=151
  procStatus VmRSS=3149608 kB VmHWM=3156484 kB VmSize=20135836 kB VmSwap=2676 kB Threads=29 FDSize=256
2026-05-30 06:24:48.425 pid=14542 [generation-start] id=4 config=Qwen3.5 2B model=Qwen3.5-2B-UD-Q8_K_XL.gguf promptLen=1051 mediaCount=0
  javaUsed=2.8MB javaTotal=10.5MB javaMax=256.0MB nativeHeap=362.2MB nativeHeapFree=8.7MB nativeHeapSize=374.6MB
  pssTotal=2.9GB privateDirty=171.8MB sharedDirty=52.0MB nativePss=165.8MB dalvikPss=1.5MB otherPss=2.7GB
  systemAvail=13.1GB systemThreshold=216.0MB lowMemory=false trimLevel=0 importance=125 fdCount=151
  procStatus VmRSS=3149736 kB VmHWM=3156484 kB VmSize=20135836 kB VmSwap=2676 kB Threads=29 FDSize=256
2026-05-30 06:24:48.538 pid=14542 [generation-stage] id=4 stage=native-call-start
2026-05-30 06:25:26.621 pid=14542 [generation-stage] id=4 stage=native-call-end resultLen=66
2026-05-30 06:25:26.622 pid=14542 [generation-end] id=4 resultLen=66
  javaUsed=2.6MB javaTotal=10.5MB javaMax=256.0MB nativeHeap=363.5MB nativeHeapFree=8.5MB nativeHeapSize=375.7MB
  pssTotal=2.8GB privateDirty=144.0MB sharedDirty=52.0MB nativePss=138.2MB dalvikPss=1.3MB otherPss=2.7GB
  systemAvail=13.2GB systemThreshold=216.0MB lowMemory=false trimLevel=0 importance=125 fdCount=151
  procStatus VmRSS=3121564 kB VmHWM=3156484 kB VmSize=20135836 kB VmSwap=2676 kB Threads=29 FDSize=256
2026-05-30 06:25:27.251 pid=14542 [model-load] Loading configuration: Qwen3.5 2B MTP
2026-05-30 06:25:27.538 pid=14542 [runtime-memory] Before model load model=Qwen3.5-2B-Q8_0.gguf
  javaUsed=2.9MB javaTotal=10.5MB javaMax=256.0MB nativeHeap=14.5MB nativeHeapFree=49.8MB nativeHeapSize=67.8MB
  pssTotal=28.2MB privateDirty=19.8MB sharedDirty=52.0MB nativePss=13.8MB dalvikPss=1.5MB otherPss=12.9MB
  systemAvail=13.3GB systemThreshold=216.0MB lowMemory=false trimLevel=0 importance=125 fdCount=151
  procStatus VmRSS=179696 kB VmHWM=3156484 kB VmSize=17109616 kB VmSwap=2676 kB Threads=29 FDSize=256
2026-05-30 06:25:27.604 pid=14542 [runtime-memory] After model load cleanup model=Qwen3.5-2B-Q8_0.gguf
  javaUsed=2.6MB javaTotal=10.5MB javaMax=256.0MB nativeHeap=14.5MB nativeHeapFree=49.8MB nativeHeapSize=67.8MB
  pssTotal=30.0MB privateDirty=21.7MB sharedDirty=52.0MB nativePss=13.9MB dalvikPss=3.3MB otherPss=12.9MB
  systemAvail=13.3GB systemThreshold=216.0MB lowMemory=false trimLevel=0 importance=125 fdCount=151
  procStatus VmRSS=181556 kB VmHWM=3156484 kB VmSize=17109616 kB VmSwap=2676 kB Threads=29 FDSize=256
2026-05-30 06:25:28.653 pid=14542 [model-load-complete] config=Qwen3.5 2B MTP model=Qwen3.5-2B-Q8_0.gguf mmproj=(none)
  javaUsed=2.6MB javaTotal=10.5MB javaMax=256.0MB nativeHeap=362.2MB nativeHeapFree=8.7MB nativeHeapSize=374.6MB
  pssTotal=2.1GB privateDirty=173.7MB sharedDirty=52.0MB nativePss=165.8MB dalvikPss=3.3MB otherPss=1.9GB
  systemAvail=13.1GB systemThreshold=216.0MB lowMemory=false trimLevel=0 importance=125 fdCount=151
  procStatus VmRSS=2354504 kB VmHWM=3156484 kB VmSize=19338532 kB VmSwap=2676 kB Threads=29 FDSize=256
2026-05-30 06:25:28.759 pid=14542 [generation-start] id=5 config=Qwen3.5 2B MTP model=Qwen3.5-2B-Q8_0.gguf promptLen=1045 mediaCount=0
  javaUsed=2.8MB javaTotal=10.5MB javaMax=256.0MB nativeHeap=362.2MB nativeHeapFree=8.7MB nativeHeapSize=374.6MB
  pssTotal=2.1GB privateDirty=173.9MB sharedDirty=52.0MB nativePss=165.9MB dalvikPss=3.5MB otherPss=1.9GB
  systemAvail=13.1GB systemThreshold=216.0MB lowMemory=false trimLevel=0 importance=125 fdCount=151
  procStatus VmRSS=2354632 kB VmHWM=3156484 kB VmSize=19338532 kB VmSwap=2676 kB Threads=29 FDSize=256
2026-05-30 06:25:28.860 pid=14542 [generation-stage] id=5 stage=native-call-start
2026-05-30 06:26:06.510 pid=14542 [generation-stage] id=5 stage=native-call-end resultLen=167
2026-05-30 06:26:06.511 pid=14542 [generation-end] id=5 resultLen=167
  javaUsed=3.0MB javaTotal=10.5MB javaMax=256.0MB nativeHeap=363.5MB nativeHeapFree=8.5MB nativeHeapSize=375.7MB
  pssTotal=2.1GB privateDirty=146.3MB sharedDirty=52.0MB nativePss=138.1MB dalvikPss=3.6MB otherPss=1.9GB
  systemAvail=13.1GB systemThreshold=216.0MB lowMemory=false trimLevel=0 importance=125 fdCount=151
  procStatus VmRSS=2326516 kB VmHWM=3156484 kB VmSize=19338532 kB VmSwap=2676 kB Threads=29 FDSize=256
2026-05-30 06:26:07.107 pid=14542 [model-load] Loading configuration: Qwen3.5 2B
2026-05-30 06:26:07.352 pid=14542 [runtime-memory] Before model load model=Qwen3.5-2B-UD-Q8_K_XL.gguf
  javaUsed=3.3MB javaTotal=10.5MB javaMax=256.0MB nativeHeap=14.5MB nativeHeapFree=49.8MB nativeHeapSize=67.8MB
  pssTotal=30.6MB privateDirty=22.2MB sharedDirty=52.0MB nativePss=13.9MB dalvikPss=3.8MB otherPss=12.9MB
  systemAvail=13.3GB systemThreshold=216.0MB lowMemory=false trimLevel=0 importance=125 fdCount=151
  procStatus VmRSS=182116 kB VmHWM=3156484 kB VmSize=17109616 kB VmSwap=2676 kB Threads=29 FDSize=256
2026-05-30 06:26:07.420 pid=14542 [runtime-memory] After model load cleanup model=Qwen3.5-2B-UD-Q8_K_XL.gguf
  javaUsed=2.6MB javaTotal=10.5MB javaMax=256.0MB nativeHeap=14.5MB nativeHeapFree=49.8MB nativeHeapSize=67.8MB
  pssTotal=28.1MB privateDirty=19.7MB sharedDirty=52.0MB nativePss=13.9MB dalvikPss=1.3MB otherPss=12.9MB
  systemAvail=13.3GB systemThreshold=216.0MB lowMemory=false trimLevel=0 importance=125 fdCount=151
  procStatus VmRSS=179596 kB VmHWM=3156484 kB VmSize=17109616 kB VmSwap=2676 kB Threads=29 FDSize=256
2026-05-30 06:26:08.597 pid=14542 [model-load-complete] config=Qwen3.5 2B model=Qwen3.5-2B-UD-Q8_K_XL.gguf mmproj=(none)
  javaUsed=2.6MB javaTotal=10.5MB javaMax=256.0MB nativeHeap=362.2MB nativeHeapFree=8.7MB nativeHeapSize=374.6MB
  pssTotal=2.9GB privateDirty=171.7MB sharedDirty=52.0MB nativePss=165.9MB dalvikPss=1.3MB otherPss=2.7GB
  systemAvail=13.1GB systemThreshold=216.0MB lowMemory=false trimLevel=0 importance=125 fdCount=151
  procStatus VmRSS=3149908 kB VmHWM=3156484 kB VmSize=20135836 kB VmSwap=2676 kB Threads=29 FDSize=256
2026-05-30 06:26:08.724 pid=14542 [generation-start] id=6 config=Qwen3.5 2B model=Qwen3.5-2B-UD-Q8_K_XL.gguf promptLen=1054 mediaCount=0
  javaUsed=2.8MB javaTotal=10.5MB javaMax=256.0MB nativeHeap=362.2MB nativeHeapFree=8.7MB nativeHeapSize=374.6MB
  pssTotal=2.9GB privateDirty=171.9MB sharedDirty=52.0MB nativePss=165.9MB dalvikPss=1.5MB otherPss=2.7GB
  systemAvail=13.1GB systemThreshold=216.0MB lowMemory=false trimLevel=0 importance=125 fdCount=151
  procStatus VmRSS=3150036 kB VmHWM=3156484 kB VmSize=20135836 kB VmSwap=2676 kB Threads=29 FDSize=256
2026-05-30 06:26:08.855 pid=14542 [generation-stage] id=6 stage=native-call-start
2026-05-30 06:26:50.413 pid=14542 [generation-stage] id=6 stage=native-call-end resultLen=59
2026-05-30 06:26:50.414 pid=14542 [generation-end] id=6 resultLen=59
  javaUsed=3.0MB javaTotal=10.5MB javaMax=256.0MB nativeHeap=363.5MB nativeHeapFree=8.5MB nativeHeapSize=375.7MB
  pssTotal=2.8GB privateDirty=144.4MB sharedDirty=52.0MB nativePss=138.2MB dalvikPss=1.6MB otherPss=2.7GB
  systemAvail=13.2GB systemThreshold=216.0MB lowMemory=false trimLevel=0 importance=125 fdCount=151
  procStatus VmRSS=3121692 kB VmHWM=3156812 kB VmSize=20135836 kB VmSwap=2676 kB Threads=29 FDSize=256
2026-05-30 06:26:51.031 pid=14542 [model-load] Loading configuration: Qwen3.5 2B MTP
2026-05-30 06:26:51.306 pid=14542 [runtime-memory] Before model load model=Qwen3.5-2B-Q8_0.gguf
  javaUsed=2.6MB javaTotal=10.5MB javaMax=256.0MB nativeHeap=14.5MB nativeHeapFree=49.8MB nativeHeapSize=67.8MB
  pssTotal=27.9MB privateDirty=19.6MB sharedDirty=52.0MB nativePss=13.8MB dalvikPss=1.3MB otherPss=12.9MB
  systemAvail=13.3GB systemThreshold=216.0MB lowMemory=false trimLevel=0 importance=125 fdCount=151
  procStatus VmRSS=179452 kB VmHWM=3156812 kB VmSize=17109616 kB VmSwap=2676 kB Threads=29 FDSize=256
2026-05-30 06:26:51.359 pid=14542 [runtime-memory] After model load cleanup model=Qwen3.5-2B-Q8_0.gguf
  javaUsed=2.6MB javaTotal=10.5MB javaMax=256.0MB nativeHeap=14.5MB nativeHeapFree=49.8MB nativeHeapSize=67.8MB
  pssTotal=30.0MB privateDirty=21.7MB sharedDirty=52.0MB nativePss=13.8MB dalvikPss=3.3MB otherPss=12.9MB
  systemAvail=13.3GB systemThreshold=216.0MB lowMemory=false trimLevel=0 importance=125 fdCount=151
  procStatus VmRSS=181636 kB VmHWM=3156812 kB VmSize=17109616 kB VmSwap=2676 kB Threads=29 FDSize=256
2026-05-30 06:26:52.396 pid=14542 [model-load-complete] config=Qwen3.5 2B MTP model=Qwen3.5-2B-Q8_0.gguf mmproj=(none)
  javaUsed=2.6MB javaTotal=10.5MB javaMax=256.0MB nativeHeap=362.2MB nativeHeapFree=8.7MB nativeHeapSize=374.6MB
  pssTotal=2.1GB privateDirty=173.7MB sharedDirty=52.0MB nativePss=165.8MB dalvikPss=3.3MB otherPss=1.9GB
  systemAvail=13.1GB systemThreshold=216.0MB lowMemory=false trimLevel=0 importance=125 fdCount=151
  procStatus VmRSS=2354584 kB VmHWM=3156812 kB VmSize=19338532 kB VmSwap=2676 kB Threads=29 FDSize=256
2026-05-30 06:26:52.490 pid=14542 [generation-start] id=7 config=Qwen3.5 2B MTP model=Qwen3.5-2B-Q8_0.gguf promptLen=1054 mediaCount=0
  javaUsed=2.8MB javaTotal=10.5MB javaMax=256.0MB nativeHeap=362.2MB nativeHeapFree=8.7MB nativeHeapSize=374.6MB
  pssTotal=2.1GB privateDirty=173.9MB sharedDirty=52.0MB nativePss=165.9MB dalvikPss=3.5MB otherPss=1.9GB
  systemAvail=13.1GB systemThreshold=216.0MB lowMemory=false trimLevel=0 importance=125 fdCount=151
  procStatus VmRSS=2354712 kB VmHWM=3156812 kB VmSize=19338532 kB VmSwap=2676 kB Threads=29 FDSize=256
2026-05-30 06:26:52.592 pid=14542 [generation-stage] id=7 stage=native-call-start
2026-05-30 06:27:27.048 pid=14542 [generation-stage] id=7 stage=native-call-end resultLen=71
2026-05-30 06:27:27.049 pid=14542 [generation-end] id=7 resultLen=71
  javaUsed=3.0MB javaTotal=10.5MB javaMax=256.0MB nativeHeap=363.5MB nativeHeapFree=8.5MB nativeHeapSize=375.7MB
  pssTotal=2.1GB privateDirty=146.3MB sharedDirty=52.0MB nativePss=138.1MB dalvikPss=3.6MB otherPss=1.9GB
  systemAvail=13.1GB systemThreshold=216.0MB lowMemory=false trimLevel=0 importance=125 fdCount=151
  procStatus VmRSS=2326580 kB VmHWM=3156812 kB VmSize=19338532 kB VmSwap=2676 kB Threads=29 FDSize=256
2026-05-30 06:27:27.853 pid=14542 [model-load] Loading configuration: Qwen3.5 2B
2026-05-30 06:27:28.093 pid=14542 [runtime-memory] Before model load model=Qwen3.5-2B-UD-Q8_K_XL.gguf
  javaUsed=3.3MB javaTotal=10.5MB javaMax=256.0MB nativeHeap=14.5MB nativeHeapFree=49.8MB nativeHeapSize=67.8MB
  pssTotal=30.6MB privateDirty=22.2MB sharedDirty=52.0MB nativePss=13.9MB dalvikPss=3.8MB otherPss=12.9MB
  systemAvail=13.2GB systemThreshold=216.0MB lowMemory=false trimLevel=0 importance=125 fdCount=151
  procStatus VmRSS=182260 kB VmHWM=3156812 kB VmSize=17109616 kB VmSwap=2676 kB Threads=29 FDSize=256
2026-05-30 06:27:28.158 pid=14542 [runtime-memory] After model load cleanup model=Qwen3.5-2B-UD-Q8_K_XL.gguf
  javaUsed=2.6MB javaTotal=10.5MB javaMax=256.0MB nativeHeap=14.5MB nativeHeapFree=49.8MB nativeHeapSize=67.8MB
  pssTotal=28.1MB privateDirty=19.8MB sharedDirty=52.0MB nativePss=14.0MB dalvikPss=1.3MB otherPss=12.9MB
  systemAvail=13.2GB systemThreshold=216.0MB lowMemory=false trimLevel=0 importance=125 fdCount=151
  procStatus VmRSS=179776 kB VmHWM=3156812 kB VmSize=17109616 kB VmSwap=2676 kB Threads=29 FDSize=256
2026-05-30 06:27:29.277 pid=14542 [model-load-complete] config=Qwen3.5 2B model=Qwen3.5-2B-UD-Q8_K_XL.gguf mmproj=(none)
  javaUsed=2.6MB javaTotal=10.5MB javaMax=256.0MB nativeHeap=362.2MB nativeHeapFree=8.7MB nativeHeapSize=374.6MB
  pssTotal=2.9GB privateDirty=171.7MB sharedDirty=52.0MB nativePss=165.8MB dalvikPss=1.3MB otherPss=2.7GB
  systemAvail=13.1GB systemThreshold=216.0MB lowMemory=false trimLevel=0 importance=125 fdCount=151
  procStatus VmRSS=3149900 kB VmHWM=3156812 kB VmSize=20135836 kB VmSwap=2676 kB Threads=29 FDSize=256
2026-05-30 06:27:29.403 pid=14542 [generation-start] id=8 config=Qwen3.5 2B model=Qwen3.5-2B-UD-Q8_K_XL.gguf promptLen=1048 mediaCount=0
  javaUsed=2.8MB javaTotal=10.5MB javaMax=256.0MB nativeHeap=362.2MB nativeHeapFree=8.7MB nativeHeapSize=374.6MB
  pssTotal=2.9GB privateDirty=171.9MB sharedDirty=52.0MB nativePss=165.9MB dalvikPss=1.5MB otherPss=2.7GB
  systemAvail=13.1GB systemThreshold=216.0MB lowMemory=false trimLevel=0 importance=125 fdCount=151
  procStatus VmRSS=3150028 kB VmHWM=3156812 kB VmSize=20135836 kB VmSwap=2676 kB Threads=29 FDSize=256
2026-05-30 06:27:29.524 pid=14542 [generation-stage] id=8 stage=native-call-start
2026-05-30 06:28:13.081 pid=14542 [generation-stage] id=8 stage=native-call-end resultLen=92
2026-05-30 06:28:13.081 pid=14542 [generation-end] id=8 resultLen=92
  javaUsed=3.0MB javaTotal=10.5MB javaMax=256.0MB nativeHeap=363.5MB nativeHeapFree=8.5MB nativeHeapSize=375.7MB
  pssTotal=2.8GB privateDirty=144.4MB sharedDirty=52.0MB nativePss=138.2MB dalvikPss=1.6MB otherPss=2.7GB
  systemAvail=13.2GB systemThreshold=216.0MB lowMemory=false trimLevel=0 importance=125 fdCount=151
  procStatus VmRSS=3121960 kB VmHWM=3156940 kB VmSize=20135836 kB VmSwap=2676 kB Threads=29 FDSize=256
2026-05-30 06:28:13.804 pid=14542 [model-load] Loading configuration: Qwen3.5 2B MTP
2026-05-30 06:28:14.094 pid=14542 [runtime-memory] Before model load model=Qwen3.5-2B-Q8_0.gguf
  javaUsed=2.6MB javaTotal=10.5MB javaMax=256.0MB nativeHeap=14.5MB nativeHeapFree=49.8MB nativeHeapSize=67.8MB
  pssTotal=30.0MB privateDirty=21.6MB sharedDirty=52.0MB nativePss=13.8MB dalvikPss=3.3MB otherPss=12.9MB
  systemAvail=13.3GB systemThreshold=216.0MB lowMemory=false trimLevel=0 importance=125 fdCount=151
  procStatus VmRSS=181624 kB VmHWM=3156940 kB VmSize=17109616 kB VmSwap=2676 kB Threads=29 FDSize=256
2026-05-30 06:28:14.159 pid=14542 [runtime-memory] After model load cleanup model=Qwen3.5-2B-Q8_0.gguf
  javaUsed=2.6MB javaTotal=10.5MB javaMax=256.0MB nativeHeap=14.5MB nativeHeapFree=49.8MB nativeHeapSize=67.8MB
  pssTotal=28.1MB privateDirty=19.7MB sharedDirty=52.0MB nativePss=13.9MB dalvikPss=1.3MB otherPss=12.9MB
  systemAvail=13.3GB systemThreshold=216.0MB lowMemory=false trimLevel=0 importance=125 fdCount=151
  procStatus VmRSS=179624 kB VmHWM=3156940 kB VmSize=17109616 kB VmSwap=2676 kB Threads=29 FDSize=256
2026-05-30 06:28:15.197 pid=14542 [model-load-complete] config=Qwen3.5 2B MTP model=Qwen3.5-2B-Q8_0.gguf mmproj=(none)
  javaUsed=2.6MB javaTotal=10.5MB javaMax=256.0MB nativeHeap=362.2MB nativeHeapFree=8.7MB nativeHeapSize=374.6MB
  pssTotal=2.1GB privateDirty=171.7MB sharedDirty=52.0MB nativePss=165.8MB dalvikPss=1.3MB otherPss=1.9GB
  systemAvail=13.2GB systemThreshold=216.0MB lowMemory=false trimLevel=0 importance=125 fdCount=151
  procStatus VmRSS=2352700 kB VmHWM=3156940 kB VmSize=19338532 kB VmSwap=2676 kB Threads=29 FDSize=256
2026-05-30 06:28:15.302 pid=14542 [generation-start] id=9 config=Qwen3.5 2B MTP model=Qwen3.5-2B-Q8_0.gguf promptLen=1051 mediaCount=0
  javaUsed=2.8MB javaTotal=10.5MB javaMax=256.0MB nativeHeap=362.2MB nativeHeapFree=8.7MB nativeHeapSize=374.6MB
  pssTotal=2.1GB privateDirty=171.9MB sharedDirty=52.0MB nativePss=165.9MB dalvikPss=1.5MB otherPss=1.9GB
  systemAvail=13.2GB systemThreshold=216.0MB lowMemory=false trimLevel=0 importance=125 fdCount=151
  procStatus VmRSS=2352828 kB VmHWM=3156940 kB VmSize=19338532 kB VmSwap=2676 kB Threads=29 FDSize=256
2026-05-30 06:28:15.404 pid=14542 [generation-stage] id=9 stage=native-call-start
2026-05-30 06:28:50.572 pid=14542 [generation-stage] id=9 stage=native-call-end resultLen=77
2026-05-30 06:28:50.573 pid=14542 [generation-end] id=9 resultLen=77
  javaUsed=3.0MB javaTotal=10.5MB javaMax=256.0MB nativeHeap=363.5MB nativeHeapFree=8.5MB nativeHeapSize=375.7MB
  pssTotal=2.1GB privateDirty=144.3MB sharedDirty=52.0MB nativePss=138.1MB dalvikPss=1.6MB otherPss=1.9GB
  systemAvail=13.2GB systemThreshold=216.0MB lowMemory=false trimLevel=0 importance=125 fdCount=151
  procStatus VmRSS=2324396 kB VmHWM=3156940 kB VmSize=19338532 kB VmSwap=2676 kB Threads=29 FDSize=256
2026-05-30 06:28:51.477 pid=14542 [model-load] Loading configuration: Qwen3.5 2B
2026-05-30 06:28:51.723 pid=14542 [runtime-memory] Before model load model=Qwen3.5-2B-UD-Q8_K_XL.gguf
  javaUsed=3.3MB javaTotal=10.5MB javaMax=256.0MB nativeHeap=14.5MB nativeHeapFree=49.8MB nativeHeapSize=67.8MB
  pssTotal=28.6MB privateDirty=20.3MB sharedDirty=52.0MB nativePss=13.9MB dalvikPss=1.8MB otherPss=12.9MB
  systemAvail=13.3GB systemThreshold=216.0MB lowMemory=false trimLevel=0 importance=125 fdCount=151
  procStatus VmRSS=180080 kB VmHWM=3156940 kB VmSize=17109616 kB VmSwap=2676 kB Threads=29 FDSize=256
2026-05-30 06:28:51.788 pid=14542 [runtime-memory] After model load cleanup model=Qwen3.5-2B-UD-Q8_K_XL.gguf
  javaUsed=2.6MB javaTotal=10.5MB javaMax=256.0MB nativeHeap=14.5MB nativeHeapFree=49.8MB nativeHeapSize=67.8MB
  pssTotal=28.2MB privateDirty=19.8MB sharedDirty=52.0MB nativePss=14.0MB dalvikPss=1.3MB otherPss=12.9MB
  systemAvail=13.3GB systemThreshold=216.0MB lowMemory=false trimLevel=0 importance=125 fdCount=151
  procStatus VmRSS=179660 kB VmHWM=3156940 kB VmSize=17109616 kB VmSwap=2676 kB Threads=29 FDSize=256
2026-05-30 06:28:52.921 pid=14542 [model-load-complete] config=Qwen3.5 2B model=Qwen3.5-2B-UD-Q8_K_XL.gguf mmproj=(none)
  javaUsed=2.6MB javaTotal=10.5MB javaMax=256.0MB nativeHeap=362.2MB nativeHeapFree=8.7MB nativeHeapSize=374.6MB
  pssTotal=2.9GB privateDirty=171.8MB sharedDirty=52.0MB nativePss=165.9MB dalvikPss=1.3MB otherPss=2.7GB
  systemAvail=13.2GB systemThreshold=216.0MB lowMemory=false trimLevel=0 importance=125 fdCount=151
  procStatus VmRSS=3150668 kB VmHWM=3156940 kB VmSize=20136220 kB VmSwap=2676 kB Threads=29 FDSize=256
2026-05-30 06:28:53.041 pid=14542 [generation-start] id=10 config=Qwen3.5 2B model=Qwen3.5-2B-UD-Q8_K_XL.gguf promptLen=1042 mediaCount=0
  javaUsed=2.8MB javaTotal=10.5MB javaMax=256.0MB nativeHeap=362.2MB nativeHeapFree=8.7MB nativeHeapSize=374.6MB
  pssTotal=2.9GB privateDirty=171.9MB sharedDirty=52.1MB nativePss=165.9MB dalvikPss=1.5MB otherPss=2.7GB
  systemAvail=13.2GB systemThreshold=216.0MB lowMemory=false trimLevel=0 importance=125 fdCount=151
  procStatus VmRSS=3150796 kB VmHWM=3156940 kB VmSize=20136220 kB VmSwap=2676 kB Threads=29 FDSize=256
2026-05-30 06:28:53.160 pid=14542 [generation-stage] id=10 stage=native-call-start
2026-05-30 06:29:37.347 pid=14542 [generation-stage] id=10 stage=native-call-end resultLen=123
2026-05-30 06:29:37.348 pid=14542 [generation-end] id=10 resultLen=123
  javaUsed=3.0MB javaTotal=10.5MB javaMax=256.0MB nativeHeap=363.5MB nativeHeapFree=8.5MB nativeHeapSize=375.7MB
  pssTotal=2.8GB privateDirty=144.4MB sharedDirty=52.1MB nativePss=138.2MB dalvikPss=1.6MB otherPss=2.7GB
  systemAvail=13.2GB systemThreshold=216.0MB lowMemory=false trimLevel=0 importance=125 fdCount=151
  procStatus VmRSS=3122560 kB VmHWM=3157708 kB VmSize=20136220 kB VmSwap=2676 kB Threads=29 FDSize=256
2026-05-30 06:29:38.084 pid=14542 [model-load] Loading configuration: Qwen3.5 2B MTP
2026-05-30 06:29:38.356 pid=14542 [runtime-memory] Before model load model=Qwen3.5-2B-Q8_0.gguf
  javaUsed=3.3MB javaTotal=10.5MB javaMax=256.0MB nativeHeap=14.5MB nativeHeapFree=49.8MB nativeHeapSize=67.8MB
  pssTotal=28.7MB privateDirty=20.3MB sharedDirty=52.1MB nativePss=14.0MB dalvikPss=1.8MB otherPss=12.9MB
  systemAvail=13.3GB systemThreshold=216.0MB lowMemory=false trimLevel=0 importance=125 fdCount=151
  procStatus VmRSS=180884 kB VmHWM=3157708 kB VmSize=17110000 kB VmSwap=2676 kB Threads=29 FDSize=256
2026-05-30 06:29:38.415 pid=14542 [runtime-memory] After model load cleanup model=Qwen3.5-2B-Q8_0.gguf
  javaUsed=2.6MB javaTotal=10.5MB javaMax=256.0MB nativeHeap=14.5MB nativeHeapFree=49.8MB nativeHeapSize=67.8MB
  pssTotal=28.2MB privateDirty=19.8MB sharedDirty=52.1MB nativePss=14.0MB dalvikPss=1.3MB otherPss=12.9MB
  systemAvail=13.3GB systemThreshold=216.0MB lowMemory=false trimLevel=0 importance=125 fdCount=151
  procStatus VmRSS=180440 kB VmHWM=3157708 kB VmSize=17110000 kB VmSwap=2676 kB Threads=29 FDSize=256
2026-05-30 06:29:39.441 pid=14542 [model-load-complete] config=Qwen3.5 2B MTP model=Qwen3.5-2B-Q8_0.gguf mmproj=(none)
  javaUsed=2.6MB javaTotal=10.5MB javaMax=256.0MB nativeHeap=362.2MB nativeHeapFree=8.7MB nativeHeapSize=374.6MB
  pssTotal=2.1GB privateDirty=171.7MB sharedDirty=52.1MB nativePss=165.9MB dalvikPss=1.3MB otherPss=1.9GB
  systemAvail=13.1GB systemThreshold=216.0MB lowMemory=false trimLevel=0 importance=125 fdCount=151
  procStatus VmRSS=2353132 kB VmHWM=3157708 kB VmSize=19338916 kB VmSwap=2676 kB Threads=29 FDSize=256
2026-05-30 06:29:39.548 pid=14542 [generation-start] id=11 config=Qwen3.5 2B MTP model=Qwen3.5-2B-Q8_0.gguf promptLen=1048 mediaCount=0
  javaUsed=2.8MB javaTotal=10.5MB javaMax=256.0MB nativeHeap=362.2MB nativeHeapFree=8.7MB nativeHeapSize=374.6MB
  pssTotal=2.1GB privateDirty=171.9MB sharedDirty=52.1MB nativePss=165.9MB dalvikPss=1.5MB otherPss=1.9GB
  systemAvail=13.1GB systemThreshold=216.0MB lowMemory=false trimLevel=0 importance=125 fdCount=151
  procStatus VmRSS=2353388 kB VmHWM=3157708 kB VmSize=19338916 kB VmSwap=2676 kB Threads=29 FDSize=256
2026-05-30 06:29:39.645 pid=14542 [generation-stage] id=11 stage=native-call-start
2026-05-30 06:30:16.856 pid=14542 [generation-stage] id=11 stage=native-call-end resultLen=157
2026-05-30 06:30:16.857 pid=14542 [generation-end] id=11 resultLen=157
  javaUsed=3.0MB javaTotal=10.5MB javaMax=256.0MB nativeHeap=363.5MB nativeHeapFree=8.5MB nativeHeapSize=375.7MB
  pssTotal=2.1GB privateDirty=144.3MB sharedDirty=52.1MB nativePss=138.1MB dalvikPss=1.6MB otherPss=1.9GB
  systemAvail=13.1GB systemThreshold=216.0MB lowMemory=false trimLevel=0 importance=125 fdCount=151
  procStatus VmRSS=2325164 kB VmHWM=3157708 kB VmSize=19338916 kB VmSwap=2676 kB Threads=29 FDSize=256
2026-05-30 06:30:17.563 pid=14542 [model-load] Loading configuration: Qwen3.5 2B
2026-05-30 06:30:17.805 pid=14542 [runtime-memory] Before model load model=Qwen3.5-2B-UD-Q8_K_XL.gguf
  javaUsed=3.3MB javaTotal=10.5MB javaMax=256.0MB nativeHeap=14.5MB nativeHeapFree=49.8MB nativeHeapSize=67.8MB
  pssTotal=28.7MB privateDirty=20.3MB sharedDirty=52.1MB nativePss=14.0MB dalvikPss=1.8MB otherPss=12.9MB
  systemAvail=13.2GB systemThreshold=216.0MB lowMemory=false trimLevel=0 importance=125 fdCount=151
  procStatus VmRSS=180924 kB VmHWM=3157708 kB VmSize=17110000 kB VmSwap=2676 kB Threads=29 FDSize=256
2026-05-30 06:30:17.858 pid=14542 [runtime-memory] After model load cleanup model=Qwen3.5-2B-UD-Q8_K_XL.gguf
  javaUsed=2.6MB javaTotal=10.5MB javaMax=256.0MB nativeHeap=14.5MB nativeHeapFree=49.8MB nativeHeapSize=67.8MB
  pssTotal=28.3MB privateDirty=19.9MB sharedDirty=52.1MB nativePss=14.1MB dalvikPss=1.3MB otherPss=12.9MB
  systemAvail=13.2GB systemThreshold=216.0MB lowMemory=false trimLevel=0 importance=125 fdCount=151
  procStatus VmRSS=180664 kB VmHWM=3157708 kB VmSize=17110000 kB VmSwap=2676 kB Threads=29 FDSize=256
2026-05-30 06:30:18.938 pid=14542 [model-load-complete] config=Qwen3.5 2B model=Qwen3.5-2B-UD-Q8_K_XL.gguf mmproj=(none)
  javaUsed=2.6MB javaTotal=10.5MB javaMax=256.0MB nativeHeap=362.2MB nativeHeapFree=8.7MB nativeHeapSize=374.6MB
  pssTotal=2.9GB privateDirty=171.7MB sharedDirty=52.1MB nativePss=165.9MB dalvikPss=1.3MB otherPss=2.7GB
  systemAvail=13.1GB systemThreshold=216.0MB lowMemory=false trimLevel=0 importance=125 fdCount=151
  procStatus VmRSS=3150724 kB VmHWM=3157708 kB VmSize=20136220 kB VmSwap=2676 kB Threads=29 FDSize=256
2026-05-30 06:30:19.056 pid=14542 [generation-start] id=12 config=Qwen3.5 2B model=Qwen3.5-2B-UD-Q8_K_XL.gguf promptLen=1051 mediaCount=0
  javaUsed=2.8MB javaTotal=10.5MB javaMax=256.0MB nativeHeap=362.2MB nativeHeapFree=8.7MB nativeHeapSize=374.6MB
  pssTotal=2.9GB privateDirty=171.9MB sharedDirty=52.1MB nativePss=165.9MB dalvikPss=1.5MB otherPss=2.7GB
  systemAvail=13.1GB systemThreshold=216.0MB lowMemory=false trimLevel=0 importance=125 fdCount=151
  procStatus VmRSS=3150980 kB VmHWM=3157708 kB VmSize=20136220 kB VmSwap=2676 kB Threads=29 FDSize=256
2026-05-30 06:30:19.181 pid=14542 [generation-stage] id=12 stage=native-call-start
2026-05-30 06:31:05.075 pid=14542 [generation-stage] id=12 stage=native-call-end resultLen=111
2026-05-30 06:31:05.076 pid=14542 [generation-end] id=12 resultLen=111
  javaUsed=3.0MB javaTotal=10.5MB javaMax=256.0MB nativeHeap=363.5MB nativeHeapFree=8.5MB nativeHeapSize=375.7MB
  pssTotal=2.8GB privateDirty=144.4MB sharedDirty=52.1MB nativePss=138.2MB dalvikPss=1.6MB otherPss=2.7GB
  systemAvail=13.2GB systemThreshold=216.0MB lowMemory=false trimLevel=0 importance=125 fdCount=151
  procStatus VmRSS=3122860 kB VmHWM=3158020 kB VmSize=20136220 kB VmSwap=2676 kB Threads=29 FDSize=256
2026-05-30 06:31:05.692 pid=14542 [model-load] Loading configuration: Qwen3.5 2B MTP
2026-05-30 06:31:05.986 pid=14542 [runtime-memory] Before model load model=Qwen3.5-2B-Q8_0.gguf
  javaUsed=3.3MB javaTotal=10.5MB javaMax=256.0MB nativeHeap=14.5MB nativeHeapFree=49.8MB nativeHeapSize=67.8MB
  pssTotal=28.7MB privateDirty=20.3MB sharedDirty=52.1MB nativePss=14.0MB dalvikPss=1.8MB otherPss=12.9MB
  systemAvail=13.3GB systemThreshold=216.0MB lowMemory=false trimLevel=0 importance=125 fdCount=151
  procStatus VmRSS=181132 kB VmHWM=3158020 kB VmSize=17110000 kB VmSwap=2676 kB Threads=29 FDSize=256
2026-05-30 06:31:06.040 pid=14542 [runtime-memory] After model load cleanup model=Qwen3.5-2B-Q8_0.gguf
  javaUsed=2.6MB javaTotal=10.5MB javaMax=256.0MB nativeHeap=14.5MB nativeHeapFree=49.8MB nativeHeapSize=67.8MB
  pssTotal=28.3MB privateDirty=19.9MB sharedDirty=52.1MB nativePss=14.1MB dalvikPss=1.3MB otherPss=12.9MB
  systemAvail=13.3GB systemThreshold=216.0MB lowMemory=false trimLevel=0 importance=125 fdCount=151
  procStatus VmRSS=180720 kB VmHWM=3158020 kB VmSize=17110000 kB VmSwap=2676 kB Threads=29 FDSize=256
2026-05-30 06:31:07.074 pid=14542 [model-load-complete] config=Qwen3.5 2B MTP model=Qwen3.5-2B-Q8_0.gguf mmproj=(none)
  javaUsed=2.6MB javaTotal=10.5MB javaMax=256.0MB nativeHeap=362.2MB nativeHeapFree=8.7MB nativeHeapSize=374.6MB
  pssTotal=2.1GB privateDirty=171.7MB sharedDirty=52.1MB nativePss=165.9MB dalvikPss=1.3MB otherPss=1.9GB
  systemAvail=13.1GB systemThreshold=216.0MB lowMemory=false trimLevel=0 importance=125 fdCount=151
  procStatus VmRSS=2353412 kB VmHWM=3158020 kB VmSize=19338916 kB VmSwap=2676 kB Threads=29 FDSize=256
2026-05-30 06:31:07.169 pid=14542 [generation-start] id=13 config=Qwen3.5 2B MTP model=Qwen3.5-2B-Q8_0.gguf promptLen=1057 mediaCount=0
  javaUsed=2.8MB javaTotal=10.5MB javaMax=256.0MB nativeHeap=362.2MB nativeHeapFree=8.7MB nativeHeapSize=374.6MB
  pssTotal=2.1GB privateDirty=171.9MB sharedDirty=52.1MB nativePss=165.9MB dalvikPss=1.5MB otherPss=1.9GB
  systemAvail=13.1GB systemThreshold=216.0MB lowMemory=false trimLevel=0 importance=125 fdCount=151
  procStatus VmRSS=2353488 kB VmHWM=3158020 kB VmSize=19338916 kB VmSwap=2676 kB Threads=29 FDSize=256
2026-05-30 06:31:07.271 pid=14542 [generation-stage] id=13 stage=native-call-start
2026-05-30 06:31:43.136 pid=14542 [generation-stage] id=13 stage=native-call-end resultLen=106
2026-05-30 06:31:43.137 pid=14542 [generation-end] id=13 resultLen=106
  javaUsed=2.7MB javaTotal=10.5MB javaMax=256.0MB nativeHeap=363.5MB nativeHeapFree=8.5MB nativeHeapSize=375.7MB
  pssTotal=2.1GB privateDirty=144.1MB sharedDirty=52.1MB nativePss=138.2MB dalvikPss=1.4MB otherPss=1.9GB
  systemAvail=13.1GB systemThreshold=216.0MB lowMemory=false trimLevel=0 importance=125 fdCount=151
  procStatus VmRSS=2325060 kB VmHWM=3158020 kB VmSize=19338916 kB VmSwap=2676 kB Threads=29 FDSize=256
2026-05-30 06:31:43.847 pid=14542 [model-load] Loading configuration: Qwen3.5 2B
2026-05-30 06:31:44.090 pid=14542 [runtime-memory] Before model load model=Qwen3.5-2B-UD-Q8_K_XL.gguf
  javaUsed=3.0MB javaTotal=10.5MB javaMax=256.0MB nativeHeap=14.5MB nativeHeapFree=49.8MB nativeHeapSize=67.8MB
  pssTotal=28.5MB privateDirty=20.1MB sharedDirty=52.1MB nativePss=14.0MB dalvikPss=1.6MB otherPss=12.9MB
  systemAvail=13.3GB systemThreshold=216.0MB lowMemory=false trimLevel=0 importance=125 fdCount=151
  procStatus VmRSS=180652 kB VmHWM=3158020 kB VmSize=17110000 kB VmSwap=2676 kB Threads=29 FDSize=256
2026-05-30 06:31:44.160 pid=14542 [runtime-memory] After model load cleanup model=Qwen3.5-2B-UD-Q8_K_XL.gguf
  javaUsed=2.6MB javaTotal=10.5MB javaMax=256.0MB nativeHeap=14.5MB nativeHeapFree=49.8MB nativeHeapSize=67.8MB
  pssTotal=30.2MB privateDirty=21.8MB sharedDirty=52.1MB nativePss=14.0MB dalvikPss=3.3MB otherPss=12.9MB
  systemAvail=13.3GB systemThreshold=216.0MB lowMemory=false trimLevel=0 importance=125 fdCount=151
  procStatus VmRSS=182568 kB VmHWM=3158020 kB VmSize=17110000 kB VmSwap=2676 kB Threads=29 FDSize=256
2026-05-30 06:31:45.265 pid=14542 [model-load-complete] config=Qwen3.5 2B model=Qwen3.5-2B-UD-Q8_K_XL.gguf mmproj=(none)
  javaUsed=2.6MB javaTotal=10.5MB javaMax=256.0MB nativeHeap=362.2MB nativeHeapFree=8.7MB nativeHeapSize=374.6MB
  pssTotal=2.9GB privateDirty=173.7MB sharedDirty=52.1MB nativePss=165.9MB dalvikPss=3.3MB otherPss=2.7GB
  systemAvail=13.1GB systemThreshold=216.0MB lowMemory=false trimLevel=0 importance=125 fdCount=151
  procStatus VmRSS=3152564 kB VmHWM=3158020 kB VmSize=20136220 kB VmSwap=2676 kB Threads=29 FDSize=256
2026-05-30 06:31:45.391 pid=14542 [generation-start] id=14 config=Qwen3.5 2B model=Qwen3.5-2B-UD-Q8_K_XL.gguf promptLen=1057 mediaCount=0
  javaUsed=2.8MB javaTotal=10.5MB javaMax=256.0MB nativeHeap=362.2MB nativeHeapFree=8.7MB nativeHeapSize=374.6MB
  pssTotal=2.9GB privateDirty=173.9MB sharedDirty=52.1MB nativePss=165.9MB dalvikPss=3.5MB otherPss=2.7GB
  systemAvail=13.1GB systemThreshold=216.0MB lowMemory=false trimLevel=0 importance=125 fdCount=151
  procStatus VmRSS=3152820 kB VmHWM=3158020 kB VmSize=20136220 kB VmSwap=2676 kB Threads=29 FDSize=256
2026-05-30 06:31:45.517 pid=14542 [generation-stage] id=14 stage=native-call-start
2026-05-30 06:32:29.811 pid=14542 [generation-stage] id=14 stage=native-call-end resultLen=160
2026-05-30 06:32:29.812 pid=14542 [generation-end] id=14 resultLen=160
  javaUsed=3.0MB javaTotal=10.5MB javaMax=256.0MB nativeHeap=363.5MB nativeHeapFree=8.5MB nativeHeapSize=375.7MB
  pssTotal=2.8GB privateDirty=146.4MB sharedDirty=52.1MB nativePss=138.2MB dalvikPss=3.6MB otherPss=2.7GB
  systemAvail=13.1GB systemThreshold=216.0MB lowMemory=false trimLevel=0 importance=125 fdCount=151
  procStatus VmRSS=3124768 kB VmHWM=3159988 kB VmSize=20136220 kB VmSwap=2676 kB Threads=29 FDSize=256
2026-05-30 06:32:30.424 pid=14542 [model-load] Loading configuration: Qwen3.5 2B MTP
2026-05-30 06:32:30.706 pid=14542 [runtime-memory] Before model load model=Qwen3.5-2B-Q8_0.gguf
  javaUsed=3.3MB javaTotal=10.5MB javaMax=256.0MB nativeHeap=14.5MB nativeHeapFree=49.8MB nativeHeapSize=67.8MB
  pssTotal=30.7MB privateDirty=22.3MB sharedDirty=52.1MB nativePss=14.0MB dalvikPss=3.8MB otherPss=12.9MB
  systemAvail=13.2GB systemThreshold=216.0MB lowMemory=false trimLevel=0 importance=125 fdCount=151
  procStatus VmRSS=183196 kB VmHWM=3159988 kB VmSize=17110000 kB VmSwap=2676 kB Threads=29 FDSize=256
2026-05-30 06:32:30.770 pid=14542 [runtime-memory] After model load cleanup model=Qwen3.5-2B-Q8_0.gguf
  javaUsed=2.6MB javaTotal=10.5MB javaMax=256.0MB nativeHeap=14.5MB nativeHeapFree=49.8MB nativeHeapSize=67.8MB
  pssTotal=28.3MB privateDirty=19.9MB sharedDirty=52.1MB nativePss=14.1MB dalvikPss=1.3MB otherPss=12.9MB
  systemAvail=13.2GB systemThreshold=216.0MB lowMemory=false trimLevel=0 importance=125 fdCount=151
  procStatus VmRSS=180744 kB VmHWM=3159988 kB VmSize=17110000 kB VmSwap=2676 kB Threads=29 FDSize=256
2026-05-30 06:32:31.762 pid=14542 [model-load-complete] config=Qwen3.5 2B MTP model=Qwen3.5-2B-Q8_0.gguf mmproj=(none)
  javaUsed=2.7MB javaTotal=10.5MB javaMax=256.0MB nativeHeap=362.2MB nativeHeapFree=8.7MB nativeHeapSize=374.6MB
  pssTotal=2.1GB privateDirty=171.9MB sharedDirty=52.1MB nativePss=166.0MB dalvikPss=1.3MB otherPss=1.9GB
  systemAvail=13.1GB systemThreshold=216.0MB lowMemory=false trimLevel=0 importance=125 fdCount=151
  procStatus VmRSS=2353564 kB VmHWM=3159988 kB VmSize=19338916 kB VmSwap=2676 kB Threads=29 FDSize=256
2026-05-30 06:32:31.832 pid=14542 [generation-start] id=15 config=Qwen3.5 2B MTP model=Qwen3.5-2B-Q8_0.gguf promptLen=1051 mediaCount=0
  javaUsed=2.9MB javaTotal=10.5MB javaMax=256.0MB nativeHeap=362.2MB nativeHeapFree=8.7MB nativeHeapSize=374.6MB
  pssTotal=2.1GB privateDirty=172.1MB sharedDirty=52.1MB nativePss=166.0MB dalvikPss=1.5MB otherPss=1.9GB
  systemAvail=13.1GB systemThreshold=216.0MB lowMemory=false trimLevel=0 importance=125 fdCount=151
  procStatus VmRSS=2353692 kB VmHWM=3159988 kB VmSize=19338916 kB VmSwap=2676 kB Threads=29 FDSize=256
2026-05-30 06:32:31.901 pid=14542 [generation-stage] id=15 stage=native-call-start
2026-05-30 06:33:03.029 pid=14542 [generation-stage] id=15 stage=native-call-end resultLen=31
2026-05-30 06:33:03.030 pid=14542 [generation-end] id=15 resultLen=31
  javaUsed=2.6MB javaTotal=10.5MB javaMax=256.0MB nativeHeap=363.5MB nativeHeapFree=8.5MB nativeHeapSize=375.7MB
  pssTotal=2.1GB privateDirty=144.1MB sharedDirty=52.1MB nativePss=138.3MB dalvikPss=1.3MB otherPss=1.9GB
  systemAvail=13.2GB systemThreshold=216.0MB lowMemory=false trimLevel=0 importance=125 fdCount=151
  procStatus VmRSS=2325308 kB VmHWM=3159988 kB VmSize=19338916 kB VmSwap=2676 kB Threads=29 FDSize=256
2026-05-30 06:33:03.634 pid=14542 [model-load] Loading configuration: Qwen3.5 2B
2026-05-30 06:33:03.878 pid=14542 [runtime-memory] Before model load model=Qwen3.5-2B-UD-Q8_K_XL.gguf
  javaUsed=2.9MB javaTotal=10.5MB javaMax=256.0MB nativeHeap=14.5MB nativeHeapFree=49.8MB nativeHeapSize=67.8MB
  pssTotal=28.3MB privateDirty=19.9MB sharedDirty=52.1MB nativePss=13.9MB dalvikPss=1.5MB otherPss=12.9MB
  systemAvail=13.3GB systemThreshold=216.0MB lowMemory=false trimLevel=0 importance=125 fdCount=151
  procStatus VmRSS=180692 kB VmHWM=3159988 kB VmSize=17110000 kB VmSwap=2676 kB Threads=29 FDSize=256
2026-05-30 06:33:03.934 pid=14542 [runtime-memory] After model load cleanup model=Qwen3.5-2B-UD-Q8_K_XL.gguf
  javaUsed=2.6MB javaTotal=10.5MB javaMax=256.0MB nativeHeap=14.5MB nativeHeapFree=49.8MB nativeHeapSize=67.8MB
  pssTotal=28.2MB privateDirty=19.8MB sharedDirty=52.1MB nativePss=14.0MB dalvikPss=1.3MB otherPss=12.9MB
  systemAvail=13.3GB systemThreshold=216.0MB lowMemory=false trimLevel=0 importance=125 fdCount=151
  procStatus VmRSS=180684 kB VmHWM=3159988 kB VmSize=17110000 kB VmSwap=2676 kB Threads=29 FDSize=256
2026-05-30 06:33:05.057 pid=14542 [model-load-complete] config=Qwen3.5 2B model=Qwen3.5-2B-UD-Q8_K_XL.gguf mmproj=(none)
  javaUsed=2.6MB javaTotal=10.5MB javaMax=256.0MB nativeHeap=362.2MB nativeHeapFree=8.7MB nativeHeapSize=374.6MB
  pssTotal=2.9GB privateDirty=171.8MB sharedDirty=52.1MB nativePss=165.9MB dalvikPss=1.3MB otherPss=2.7GB
  systemAvail=13.2GB systemThreshold=216.0MB lowMemory=false trimLevel=0 importance=125 fdCount=151
  procStatus VmRSS=3150808 kB VmHWM=3159988 kB VmSize=20136220 kB VmSwap=2676 kB Threads=29 FDSize=256
2026-05-30 06:33:05.184 pid=14542 [generation-start] id=16 config=Qwen3.5 2B model=Qwen3.5-2B-UD-Q8_K_XL.gguf promptLen=1051 mediaCount=0
  javaUsed=2.8MB javaTotal=10.5MB javaMax=256.0MB nativeHeap=362.2MB nativeHeapFree=8.7MB nativeHeapSize=374.6MB
  pssTotal=2.9GB privateDirty=172.0MB sharedDirty=52.1MB nativePss=165.9MB dalvikPss=1.5MB otherPss=2.7GB
  systemAvail=13.2GB systemThreshold=216.0MB lowMemory=false trimLevel=0 importance=125 fdCount=151
  procStatus VmRSS=3150936 kB VmHWM=3159988 kB VmSize=20136220 kB VmSwap=2676 kB Threads=29 FDSize=256
2026-05-30 06:33:05.312 pid=14542 [generation-stage] id=16 stage=native-call-start
2026-05-30 06:33:56.075 pid=14542 [generation-stage] id=16 stage=native-call-end resultLen=192
2026-05-30 06:33:56.076 pid=14542 [generation-end] id=16 resultLen=192
  javaUsed=3.0MB javaTotal=10.5MB javaMax=256.0MB nativeHeap=363.5MB nativeHeapFree=8.5MB nativeHeapSize=375.7MB
  pssTotal=2.8GB privateDirty=144.4MB sharedDirty=52.1MB nativePss=138.3MB dalvikPss=1.6MB otherPss=2.7GB
  systemAvail=13.2GB systemThreshold=216.0MB lowMemory=false trimLevel=0 importance=125 fdCount=151
  procStatus VmRSS=3122764 kB VmHWM=3159988 kB VmSize=20136220 kB VmSwap=2676 kB Threads=29 FDSize=256
2026-05-30 06:33:56.808 pid=14542 [model-load] Loading configuration: Qwen3.5 2B MTP
2026-05-30 06:33:57.088 pid=14542 [runtime-memory] Before model load model=Qwen3.5-2B-Q8_0.gguf
  javaUsed=3.3MB javaTotal=10.5MB javaMax=256.0MB nativeHeap=14.5MB nativeHeapFree=49.8MB nativeHeapSize=67.8MB
  pssTotal=28.8MB privateDirty=20.3MB sharedDirty=52.1MB nativePss=14.0MB dalvikPss=1.8MB otherPss=12.9MB
  systemAvail=13.3GB systemThreshold=216.0MB lowMemory=false trimLevel=0 importance=125 fdCount=151
  procStatus VmRSS=181092 kB VmHWM=3159988 kB VmSize=17110000 kB VmSwap=2676 kB Threads=29 FDSize=256
2026-05-30 06:33:57.144 pid=14542 [runtime-memory] After model load cleanup model=Qwen3.5-2B-Q8_0.gguf
  javaUsed=2.6MB javaTotal=10.5MB javaMax=256.0MB nativeHeap=14.5MB nativeHeapFree=49.8MB nativeHeapSize=67.8MB
  pssTotal=28.3MB privateDirty=19.9MB sharedDirty=52.1MB nativePss=14.1MB dalvikPss=1.3MB otherPss=12.9MB
  systemAvail=13.3GB systemThreshold=216.0MB lowMemory=false trimLevel=0 importance=125 fdCount=151
  procStatus VmRSS=180760 kB VmHWM=3159988 kB VmSize=17110000 kB VmSwap=2676 kB Threads=29 FDSize=256
2026-05-30 06:33:58.182 pid=14542 [model-load-complete] config=Qwen3.5 2B MTP model=Qwen3.5-2B-Q8_0.gguf mmproj=(none)
  javaUsed=2.6MB javaTotal=10.5MB javaMax=256.0MB nativeHeap=362.2MB nativeHeapFree=8.7MB nativeHeapSize=374.6MB
  pssTotal=2.1GB privateDirty=171.8MB sharedDirty=52.1MB nativePss=165.9MB dalvikPss=1.3MB otherPss=1.9GB
  systemAvail=13.2GB systemThreshold=216.0MB lowMemory=false trimLevel=0 importance=125 fdCount=151
  procStatus VmRSS=2353452 kB VmHWM=3159988 kB VmSize=19338916 kB VmSwap=2676 kB Threads=29 FDSize=256
2026-05-30 06:33:58.286 pid=14542 [generation-start] id=17 config=Qwen3.5 2B MTP model=Qwen3.5-2B-Q8_0.gguf promptLen=1063 mediaCount=0
  javaUsed=2.8MB javaTotal=10.5MB javaMax=256.0MB nativeHeap=362.2MB nativeHeapFree=8.7MB nativeHeapSize=374.6MB
  pssTotal=2.1GB privateDirty=171.9MB sharedDirty=52.1MB nativePss=165.9MB dalvikPss=1.5MB otherPss=1.9GB
  systemAvail=13.2GB systemThreshold=216.0MB lowMemory=false trimLevel=0 importance=125 fdCount=151
  procStatus VmRSS=2353708 kB VmHWM=3159988 kB VmSize=19338916 kB VmSwap=2676 kB Threads=29 FDSize=256
2026-05-30 06:33:58.390 pid=14542 [generation-stage] id=17 stage=native-call-start
2026-05-30 06:34:35.991 pid=14542 [generation-stage] id=17 stage=native-call-end resultLen=139
2026-05-30 06:34:35.991 pid=14542 [generation-end] id=17 resultLen=139
  javaUsed=3.0MB javaTotal=10.5MB javaMax=256.0MB nativeHeap=363.5MB nativeHeapFree=8.5MB nativeHeapSize=375.7MB
  pssTotal=2.1GB privateDirty=144.3MB sharedDirty=52.1MB nativePss=138.2MB dalvikPss=1.6MB otherPss=1.9GB
  systemAvail=13.2GB systemThreshold=216.0MB lowMemory=false trimLevel=0 importance=125 fdCount=151
  procStatus VmRSS=2325604 kB VmHWM=3159988 kB VmSize=19338916 kB VmSwap=2676 kB Threads=29 FDSize=256
2026-05-30 06:34:36.918 pid=14542 [model-load] Loading configuration: Qwen3.5 2B
2026-05-30 06:34:37.164 pid=14542 [runtime-memory] Before model load model=Qwen3.5-2B-UD-Q8_K_XL.gguf
  javaUsed=2.6MB javaTotal=10.5MB javaMax=256.0MB nativeHeap=14.5MB nativeHeapFree=49.8MB nativeHeapSize=67.8MB
  pssTotal=28.1MB privateDirty=19.7MB sharedDirty=52.1MB nativePss=13.9MB dalvikPss=1.3MB otherPss=12.9MB
  systemAvail=13.3GB systemThreshold=216.0MB lowMemory=false trimLevel=0 importance=125 fdCount=151
  procStatus VmRSS=180628 kB VmHWM=3159988 kB VmSize=17110000 kB VmSwap=2676 kB Threads=29 FDSize=256
2026-05-30 06:34:37.230 pid=14542 [runtime-memory] After model load cleanup model=Qwen3.5-2B-UD-Q8_K_XL.gguf
  javaUsed=2.6MB javaTotal=10.5MB javaMax=256.0MB nativeHeap=14.5MB nativeHeapFree=49.8MB nativeHeapSize=67.8MB
  pssTotal=28.2MB privateDirty=19.8MB sharedDirty=52.1MB nativePss=14.0MB dalvikPss=1.3MB otherPss=12.9MB
  systemAvail=13.3GB systemThreshold=216.0MB lowMemory=false trimLevel=0 importance=125 fdCount=151
  procStatus VmRSS=180824 kB VmHWM=3159988 kB VmSize=17110000 kB VmSwap=2676 kB Threads=29 FDSize=256
2026-05-30 06:34:38.321 pid=14542 [model-load-complete] config=Qwen3.5 2B model=Qwen3.5-2B-UD-Q8_K_XL.gguf mmproj=(none)
  javaUsed=2.6MB javaTotal=10.5MB javaMax=256.0MB nativeHeap=362.2MB nativeHeapFree=8.7MB nativeHeapSize=374.6MB
  pssTotal=2.9GB privateDirty=171.8MB sharedDirty=52.1MB nativePss=165.9MB dalvikPss=1.3MB otherPss=2.7GB
  systemAvail=13.1GB systemThreshold=216.0MB lowMemory=false trimLevel=0 importance=125 fdCount=151
  procStatus VmRSS=3150948 kB VmHWM=3159988 kB VmSize=20136220 kB VmSwap=2676 kB Threads=29 FDSize=256
2026-05-30 06:34:38.437 pid=14542 [generation-start] id=18 config=Qwen3.5 2B model=Qwen3.5-2B-UD-Q8_K_XL.gguf promptLen=1045 mediaCount=0
  javaUsed=2.8MB javaTotal=10.5MB javaMax=256.0MB nativeHeap=362.2MB nativeHeapFree=8.7MB nativeHeapSize=374.6MB
  pssTotal=2.9GB privateDirty=171.9MB sharedDirty=52.1MB nativePss=165.9MB dalvikPss=1.5MB otherPss=2.7GB
  systemAvail=13.1GB systemThreshold=216.0MB lowMemory=false trimLevel=0 importance=125 fdCount=151
  procStatus VmRSS=3151204 kB VmHWM=3159988 kB VmSize=20136220 kB VmSwap=2676 kB Threads=29 FDSize=256
2026-05-30 06:34:38.559 pid=14542 [generation-stage] id=18 stage=native-call-start
2026-05-30 06:35:25.866 pid=14542 [generation-stage] id=18 stage=native-call-end resultLen=122
2026-05-30 06:35:25.867 pid=14542 [generation-end] id=18 resultLen=122
  javaUsed=3.0MB javaTotal=10.5MB javaMax=256.0MB nativeHeap=363.5MB nativeHeapFree=8.5MB nativeHeapSize=375.7MB
  pssTotal=2.8GB privateDirty=144.4MB sharedDirty=52.1MB nativePss=138.2MB dalvikPss=1.7MB otherPss=2.7GB
  systemAvail=13.2GB systemThreshold=216.0MB lowMemory=false trimLevel=0 importance=125 fdCount=151
  procStatus VmRSS=3122880 kB VmHWM=3159988 kB VmSize=20136220 kB VmSwap=2676 kB Threads=29 FDSize=256
2026-05-30 06:35:26.493 pid=14542 [model-load] Loading configuration: Qwen3.5 2B MTP
2026-05-30 06:35:26.782 pid=14542 [runtime-memory] Before model load model=Qwen3.5-2B-Q8_0.gguf
  javaUsed=3.3MB javaTotal=10.5MB javaMax=256.0MB nativeHeap=14.5MB nativeHeapFree=49.8MB nativeHeapSize=67.8MB
  pssTotal=28.8MB privateDirty=20.4MB sharedDirty=52.1MB nativePss=14.0MB dalvikPss=1.8MB otherPss=12.9MB
  systemAvail=13.4GB systemThreshold=216.0MB lowMemory=false trimLevel=0 importance=125 fdCount=151
  procStatus VmRSS=181152 kB VmHWM=3159988 kB VmSize=17110000 kB VmSwap=2676 kB Threads=29 FDSize=256
2026-05-30 06:35:26.840 pid=14542 [runtime-memory] After model load cleanup model=Qwen3.5-2B-Q8_0.gguf
  javaUsed=2.6MB javaTotal=10.5MB javaMax=256.0MB nativeHeap=14.5MB nativeHeapFree=49.8MB nativeHeapSize=67.8MB
  pssTotal=28.3MB privateDirty=19.9MB sharedDirty=52.1MB nativePss=14.1MB dalvikPss=1.3MB otherPss=12.9MB
  systemAvail=13.4GB systemThreshold=216.0MB lowMemory=false trimLevel=0 importance=125 fdCount=151
  procStatus VmRSS=180812 kB VmHWM=3159988 kB VmSize=17110000 kB VmSwap=2676 kB Threads=29 FDSize=256
2026-05-30 06:35:27.926 pid=14542 [model-load-complete] config=Qwen3.5 2B MTP model=Qwen3.5-2B-Q8_0.gguf mmproj=(none)
  javaUsed=2.6MB javaTotal=10.5MB javaMax=256.0MB nativeHeap=362.2MB nativeHeapFree=8.7MB nativeHeapSize=374.6MB
  pssTotal=2.1GB privateDirty=171.8MB sharedDirty=52.1MB nativePss=165.9MB dalvikPss=1.3MB otherPss=1.9GB
  systemAvail=13.2GB systemThreshold=216.0MB lowMemory=false trimLevel=0 importance=125 fdCount=151
  procStatus VmRSS=2353632 kB VmHWM=3159988 kB VmSize=19338916 kB VmSwap=2676 kB Threads=29 FDSize=256
2026-05-30 06:35:28.034 pid=14542 [generation-start] id=19 config=Qwen3.5 2B MTP model=Qwen3.5-2B-Q8_0.gguf promptLen=1057 mediaCount=0
  javaUsed=2.8MB javaTotal=10.5MB javaMax=256.0MB nativeHeap=362.2MB nativeHeapFree=8.7MB nativeHeapSize=374.6MB
  pssTotal=2.1GB privateDirty=171.9MB sharedDirty=52.1MB nativePss=165.9MB dalvikPss=1.5MB otherPss=1.9GB
  systemAvail=13.2GB systemThreshold=216.0MB lowMemory=false trimLevel=0 importance=125 fdCount=151
  procStatus VmRSS=2353760 kB VmHWM=3159988 kB VmSize=19338916 kB VmSwap=2676 kB Threads=29 FDSize=256
2026-05-30 06:35:28.150 pid=14542 [generation-stage] id=19 stage=native-call-start
2026-05-30 06:36:08.548 pid=14542 [generation-stage] id=19 stage=native-call-end resultLen=165
2026-05-30 06:36:08.549 pid=14542 [generation-end] id=19 resultLen=165
  javaUsed=3.0MB javaTotal=10.5MB javaMax=256.0MB nativeHeap=363.5MB nativeHeapFree=8.5MB nativeHeapSize=375.7MB
  pssTotal=2.1GB privateDirty=144.3MB sharedDirty=52.1MB nativePss=138.2MB dalvikPss=1.6MB otherPss=1.9GB
  systemAvail=13.1GB systemThreshold=216.0MB lowMemory=false trimLevel=0 importance=125 fdCount=151
  procStatus VmRSS=2325524 kB VmHWM=3159988 kB VmSize=19338916 kB VmSwap=2676 kB Threads=29 FDSize=256
2026-05-30 06:36:09.144 pid=14542 [model-load] Loading configuration: Qwen3.5 2B
2026-05-30 06:36:09.395 pid=14542 [runtime-memory] Before model load model=Qwen3.5-2B-UD-Q8_K_XL.gguf
  javaUsed=2.6MB javaTotal=10.5MB javaMax=256.0MB nativeHeap=14.5MB nativeHeapFree=49.8MB nativeHeapSize=67.8MB
  pssTotal=28.1MB privateDirty=19.7MB sharedDirty=52.1MB nativePss=13.9MB dalvikPss=1.3MB otherPss=12.9MB
  systemAvail=13.2GB systemThreshold=216.0MB lowMemory=false trimLevel=0 importance=125 fdCount=151
  procStatus VmRSS=180496 kB VmHWM=3159988 kB VmSize=17110000 kB VmSwap=2676 kB Threads=29 FDSize=256
2026-05-30 06:36:09.457 pid=14542 [runtime-memory] After model load cleanup model=Qwen3.5-2B-UD-Q8_K_XL.gguf
  javaUsed=2.5MB javaTotal=10.5MB javaMax=256.0MB nativeHeap=14.5MB nativeHeapFree=49.8MB nativeHeapSize=67.8MB
  pssTotal=28.2MB privateDirty=19.8MB sharedDirty=52.1MB nativePss=14.0MB dalvikPss=1.3MB otherPss=12.9MB
  systemAvail=13.2GB systemThreshold=216.0MB lowMemory=false trimLevel=0 importance=125 fdCount=151
  procStatus VmRSS=180728 kB VmHWM=3159988 kB VmSize=17110000 kB VmSwap=2676 kB Threads=29 FDSize=256
2026-05-30 06:36:10.620 pid=14542 [model-load-complete] config=Qwen3.5 2B model=Qwen3.5-2B-UD-Q8_K_XL.gguf mmproj=(none)
  javaUsed=2.6MB javaTotal=10.5MB javaMax=256.0MB nativeHeap=362.2MB nativeHeapFree=8.7MB nativeHeapSize=374.6MB
  pssTotal=2.9GB privateDirty=171.8MB sharedDirty=52.1MB nativePss=165.9MB dalvikPss=1.3MB otherPss=2.7GB
  systemAvail=13.1GB systemThreshold=216.0MB lowMemory=false trimLevel=0 importance=125 fdCount=151
  procStatus VmRSS=3150816 kB VmHWM=3159988 kB VmSize=20136220 kB VmSwap=2676 kB Threads=29 FDSize=256
2026-05-30 06:36:10.736 pid=14542 [generation-start] id=20 config=Qwen3.5 2B model=Qwen3.5-2B-UD-Q8_K_XL.gguf promptLen=1048 mediaCount=0
  javaUsed=2.8MB javaTotal=10.5MB javaMax=256.0MB nativeHeap=362.2MB nativeHeapFree=8.7MB nativeHeapSize=374.6MB
  pssTotal=2.9GB privateDirty=172.0MB sharedDirty=52.1MB nativePss=165.9MB dalvikPss=1.5MB otherPss=2.7GB
  systemAvail=13.1GB systemThreshold=216.0MB lowMemory=false trimLevel=0 importance=125 fdCount=151
  procStatus VmRSS=3151072 kB VmHWM=3159988 kB VmSize=20136220 kB VmSwap=2676 kB Threads=29 FDSize=256
2026-05-30 06:36:10.849 pid=14542 [generation-stage] id=20 stage=native-call-start
2026-05-30 06:37:02.716 pid=14542 [generation-stage] id=20 stage=native-call-end resultLen=161
2026-05-30 06:37:02.717 pid=14542 [generation-end] id=20 resultLen=161
  javaUsed=3.0MB javaTotal=10.5MB javaMax=256.0MB nativeHeap=363.5MB nativeHeapFree=8.5MB nativeHeapSize=375.7MB
  pssTotal=2.8GB privateDirty=144.4MB sharedDirty=52.1MB nativePss=138.3MB dalvikPss=1.6MB otherPss=2.7GB
  systemAvail=13.2GB systemThreshold=216.0MB lowMemory=false trimLevel=0 importance=125 fdCount=151
  procStatus VmRSS=3122856 kB VmHWM=3159988 kB VmSize=20136220 kB VmSwap=2676 kB Threads=29 FDSize=256
2026-05-30 06:37:03.416 pid=14542 [model-load] Loading configuration: Qwen3.5 2B MTP
2026-05-30 06:37:03.694 pid=14542 [runtime-memory] Before model load model=Qwen3.5-2B-Q8_0.gguf
  javaUsed=3.3MB javaTotal=10.5MB javaMax=256.0MB nativeHeap=14.5MB nativeHeapFree=49.8MB nativeHeapSize=67.8MB
  pssTotal=28.8MB privateDirty=20.4MB sharedDirty=52.1MB nativePss=14.0MB dalvikPss=1.8MB otherPss=12.9MB
  systemAvail=13.3GB systemThreshold=216.0MB lowMemory=false trimLevel=0 importance=125 fdCount=151
  procStatus VmRSS=181024 kB VmHWM=3159988 kB VmSize=17110000 kB VmSwap=2676 kB Threads=29 FDSize=256
2026-05-30 06:37:03.757 pid=14542 [runtime-memory] After model load cleanup model=Qwen3.5-2B-Q8_0.gguf
  javaUsed=2.6MB javaTotal=10.5MB javaMax=256.0MB nativeHeap=14.5MB nativeHeapFree=49.8MB nativeHeapSize=67.8MB
  pssTotal=28.3MB privateDirty=19.9MB sharedDirty=52.1MB nativePss=14.1MB dalvikPss=1.3MB otherPss=12.9MB
  systemAvail=13.3GB systemThreshold=216.0MB lowMemory=false trimLevel=0 importance=125 fdCount=151
  procStatus VmRSS=180660 kB VmHWM=3159988 kB VmSize=17110000 kB VmSwap=2676 kB Threads=29 FDSize=256
2026-05-30 06:37:04.891 pid=14542 [model-load-complete] config=Qwen3.5 2B MTP model=Qwen3.5-2B-Q8_0.gguf mmproj=(none)
  javaUsed=2.6MB javaTotal=10.5MB javaMax=256.0MB nativeHeap=362.2MB nativeHeapFree=8.7MB nativeHeapSize=374.6MB
  pssTotal=2.1GB privateDirty=171.8MB sharedDirty=52.1MB nativePss=165.9MB dalvikPss=1.3MB otherPss=1.9GB
  systemAvail=13.2GB systemThreshold=216.0MB lowMemory=false trimLevel=0 importance=125 fdCount=151
  procStatus VmRSS=2353480 kB VmHWM=3159988 kB VmSize=19338916 kB VmSwap=2676 kB Threads=29 FDSize=256
2026-05-30 06:37:04.999 pid=14542 [generation-start] id=21 config=Qwen3.5 2B MTP model=Qwen3.5-2B-Q8_0.gguf promptLen=1051 mediaCount=0
  javaUsed=2.8MB javaTotal=10.5MB javaMax=256.0MB nativeHeap=362.2MB nativeHeapFree=8.7MB nativeHeapSize=374.6MB
  pssTotal=2.1GB privateDirty=172.0MB sharedDirty=52.1MB nativePss=165.9MB dalvikPss=1.5MB otherPss=1.9GB
  systemAvail=13.2GB systemThreshold=216.0MB lowMemory=false trimLevel=0 importance=125 fdCount=151
  procStatus VmRSS=2353608 kB VmHWM=3159988 kB VmSize=19338916 kB VmSwap=2676 kB Threads=29 FDSize=256
2026-05-30 06:37:05.104 pid=14542 [generation-stage] id=21 stage=native-call-start
2026-05-30 06:37:41.395 pid=14542 [generation-stage] id=21 stage=native-call-end resultLen=81
2026-05-30 06:37:41.396 pid=14542 [generation-end] id=21 resultLen=81
  javaUsed=3.0MB javaTotal=10.5MB javaMax=256.0MB nativeHeap=363.5MB nativeHeapFree=8.5MB nativeHeapSize=375.7MB
  pssTotal=2.1GB privateDirty=144.3MB sharedDirty=52.1MB nativePss=138.2MB dalvikPss=1.6MB otherPss=1.9GB
  systemAvail=13.3GB systemThreshold=216.0MB lowMemory=false trimLevel=0 importance=125 fdCount=151
  procStatus VmRSS=2325448 kB VmHWM=3159988 kB VmSize=19338916 kB VmSwap=2676 kB Threads=29 FDSize=256
2026-05-30 06:37:41.989 pid=14542 [model-load] Loading configuration: Qwen3.5 2B
2026-05-30 06:37:42.227 pid=14542 [runtime-memory] Before model load model=Qwen3.5-2B-UD-Q8_K_XL.gguf
  javaUsed=3.3MB javaTotal=10.5MB javaMax=256.0MB nativeHeap=14.5MB nativeHeapFree=49.8MB nativeHeapSize=67.8MB
  pssTotal=28.8MB privateDirty=20.4MB sharedDirty=52.1MB nativePss=14.0MB dalvikPss=1.8MB otherPss=12.9MB
  systemAvail=13.4GB systemThreshold=216.0MB lowMemory=false trimLevel=0 importance=125 fdCount=151
  procStatus VmRSS=181124 kB VmHWM=3159988 kB VmSize=17110000 kB VmSwap=2676 kB Threads=29 FDSize=256
2026-05-30 06:37:42.297 pid=14542 [runtime-memory] After model load cleanup model=Qwen3.5-2B-UD-Q8_K_XL.gguf
  javaUsed=2.6MB javaTotal=10.5MB javaMax=256.0MB nativeHeap=14.5MB nativeHeapFree=49.8MB nativeHeapSize=67.8MB
  pssTotal=28.3MB privateDirty=19.9MB sharedDirty=52.1MB nativePss=14.1MB dalvikPss=1.3MB otherPss=12.9MB
  systemAvail=13.4GB systemThreshold=216.0MB lowMemory=false trimLevel=0 importance=125 fdCount=151
  procStatus VmRSS=180688 kB VmHWM=3159988 kB VmSize=17110000 kB VmSwap=2676 kB Threads=29 FDSize=256
2026-05-30 06:37:43.442 pid=14542 [model-load-complete] config=Qwen3.5 2B model=Qwen3.5-2B-UD-Q8_K_XL.gguf mmproj=(none)
  javaUsed=2.6MB javaTotal=10.5MB javaMax=256.0MB nativeHeap=362.2MB nativeHeapFree=8.7MB nativeHeapSize=374.6MB
  pssTotal=2.9GB privateDirty=171.8MB sharedDirty=52.1MB nativePss=165.9MB dalvikPss=1.3MB otherPss=2.7GB
  systemAvail=13.2GB systemThreshold=216.0MB lowMemory=false trimLevel=0 importance=125 fdCount=151
  procStatus VmRSS=3150684 kB VmHWM=3159988 kB VmSize=20136220 kB VmSwap=2676 kB Threads=29 FDSize=256
2026-05-30 06:37:43.568 pid=14542 [generation-start] id=22 config=Qwen3.5 2B model=Qwen3.5-2B-UD-Q8_K_XL.gguf promptLen=1054 mediaCount=0
  javaUsed=2.8MB javaTotal=10.5MB javaMax=256.0MB nativeHeap=362.2MB nativeHeapFree=8.7MB nativeHeapSize=374.6MB
  pssTotal=2.9GB privateDirty=172.0MB sharedDirty=52.1MB nativePss=165.9MB dalvikPss=1.5MB otherPss=2.7GB
  systemAvail=13.2GB systemThreshold=216.0MB lowMemory=false trimLevel=0 importance=125 fdCount=151
  procStatus VmRSS=3150940 kB VmHWM=3159988 kB VmSize=20136220 kB VmSwap=2676 kB Threads=29 FDSize=256
2026-05-30 06:37:43.689 pid=14542 [generation-stage] id=22 stage=native-call-start
2026-05-30 06:38:31.709 pid=14542 [generation-stage] id=22 stage=native-call-end resultLen=140
2026-05-30 06:38:31.710 pid=14542 [generation-end] id=22 resultLen=140
  javaUsed=3.0MB javaTotal=10.5MB javaMax=256.0MB nativeHeap=363.5MB nativeHeapFree=8.5MB nativeHeapSize=375.7MB
  pssTotal=2.8GB privateDirty=144.4MB sharedDirty=52.1MB nativePss=138.3MB dalvikPss=1.7MB otherPss=2.7GB
  systemAvail=13.2GB systemThreshold=216.0MB lowMemory=false trimLevel=0 importance=125 fdCount=151
  procStatus VmRSS=3122832 kB VmHWM=3159988 kB VmSize=20136220 kB VmSwap=2676 kB Threads=29 FDSize=256
2026-05-30 06:38:32.324 pid=14542 [model-load] Loading configuration: Qwen3.5 2B MTP
2026-05-30 06:38:32.611 pid=14542 [runtime-memory] Before model load model=Qwen3.5-2B-Q8_0.gguf
  javaUsed=3.3MB javaTotal=10.5MB javaMax=256.0MB nativeHeap=14.5MB nativeHeapFree=49.8MB nativeHeapSize=67.8MB
  pssTotal=28.8MB privateDirty=20.4MB sharedDirty=52.1MB nativePss=14.0MB dalvikPss=1.8MB otherPss=12.9MB
  systemAvail=13.4GB systemThreshold=216.0MB lowMemory=false trimLevel=0 importance=125 fdCount=151
  procStatus VmRSS=181232 kB VmHWM=3159988 kB VmSize=17110000 kB VmSwap=2676 kB Threads=29 FDSize=256
2026-05-30 06:38:32.680 pid=14542 [runtime-memory] After model load cleanup model=Qwen3.5-2B-Q8_0.gguf
  javaUsed=2.6MB javaTotal=10.5MB javaMax=256.0MB nativeHeap=14.5MB nativeHeapFree=49.8MB nativeHeapSize=67.8MB
  pssTotal=30.3MB privateDirty=21.9MB sharedDirty=52.1MB nativePss=14.1MB dalvikPss=3.3MB otherPss=12.9MB
  systemAvail=13.4GB systemThreshold=216.0MB lowMemory=false trimLevel=0 importance=125 fdCount=151
  procStatus VmRSS=182924 kB VmHWM=3159988 kB VmSize=17110000 kB VmSwap=2676 kB Threads=29 FDSize=256
2026-05-30 06:38:33.822 pid=14542 [model-load-complete] config=Qwen3.5 2B MTP model=Qwen3.5-2B-Q8_0.gguf mmproj=(none)
  javaUsed=2.6MB javaTotal=10.5MB javaMax=256.0MB nativeHeap=362.2MB nativeHeapFree=8.7MB nativeHeapSize=374.6MB
  pssTotal=2.1GB privateDirty=173.8MB sharedDirty=52.1MB nativePss=165.9MB dalvikPss=3.3MB otherPss=1.9GB
  systemAvail=13.2GB systemThreshold=216.0MB lowMemory=false trimLevel=0 importance=125 fdCount=151
  procStatus VmRSS=2355616 kB VmHWM=3159988 kB VmSize=19338916 kB VmSwap=2676 kB Threads=29 FDSize=256
2026-05-30 06:38:33.929 pid=14542 [generation-start] id=23 config=Qwen3.5 2B MTP model=Qwen3.5-2B-Q8_0.gguf promptLen=1060 mediaCount=0
  javaUsed=2.8MB javaTotal=10.5MB javaMax=256.0MB nativeHeap=362.2MB nativeHeapFree=8.7MB nativeHeapSize=374.6MB
  pssTotal=2.1GB privateDirty=173.9MB sharedDirty=52.1MB nativePss=165.9MB dalvikPss=3.5MB otherPss=1.9GB
  systemAvail=13.2GB systemThreshold=216.0MB lowMemory=false trimLevel=0 importance=125 fdCount=151
  procStatus VmRSS=2355744 kB VmHWM=3159988 kB VmSize=19338916 kB VmSwap=2676 kB Threads=29 FDSize=256
2026-05-30 06:38:34.041 pid=14542 [generation-stage] id=23 stage=native-call-start
2026-05-30 06:38:55.558 pid=14542 [generation-stage] id=23 stage=native-call-end resultLen=42
2026-05-30 06:38:55.559 pid=14542 [generation-end] id=23 resultLen=42
  javaUsed=3.0MB javaTotal=10.5MB javaMax=256.0MB nativeHeap=363.5MB nativeHeapFree=8.5MB nativeHeapSize=375.7MB
  pssTotal=2.1GB privateDirty=146.4MB sharedDirty=52.1MB nativePss=138.2MB dalvikPss=3.6MB otherPss=1.9GB
  systemAvail=13.1GB systemThreshold=216.0MB lowMemory=false trimLevel=0 importance=125 fdCount=151
  procStatus VmRSS=2327412 kB VmHWM=3159988 kB VmSize=19338916 kB VmSwap=2676 kB Threads=29 FDSize=256
2026-05-30 06:38:56.159 pid=14542 [model-load] Loading configuration: Qwen3.5 2B
2026-05-30 06:38:56.325 pid=14542 [runtime-memory] Before model load model=Qwen3.5-2B-UD-Q8_K_XL.gguf
  javaUsed=3.3MB javaTotal=10.5MB javaMax=256.0MB nativeHeap=14.5MB nativeHeapFree=49.8MB nativeHeapSize=67.8MB
  pssTotal=30.8MB privateDirty=22.4MB sharedDirty=52.1MB nativePss=14.0MB dalvikPss=3.8MB otherPss=12.9MB
  systemAvail=13.3GB systemThreshold=216.0MB lowMemory=false trimLevel=0 importance=125 fdCount=151
  procStatus VmRSS=183128 kB VmHWM=3159988 kB VmSize=17110000 kB VmSwap=2676 kB Threads=29 FDSize=256
2026-05-30 06:38:56.359 pid=14542 [runtime-memory] After model load cleanup model=Qwen3.5-2B-UD-Q8_K_XL.gguf
  javaUsed=2.6MB javaTotal=10.5MB javaMax=256.0MB nativeHeap=14.5MB nativeHeapFree=49.8MB nativeHeapSize=67.8MB
  pssTotal=28.3MB privateDirty=19.9MB sharedDirty=52.1MB nativePss=14.1MB dalvikPss=1.3MB otherPss=12.9MB
  systemAvail=13.3GB systemThreshold=216.0MB lowMemory=false trimLevel=0 importance=125 fdCount=151
  procStatus VmRSS=180752 kB VmHWM=3159988 kB VmSize=17110000 kB VmSwap=2676 kB Threads=29 FDSize=256
2026-05-30 06:38:56.970 pid=14542 [model-load-complete] config=Qwen3.5 2B model=Qwen3.5-2B-UD-Q8_K_XL.gguf mmproj=(none)
  javaUsed=2.6MB javaTotal=10.5MB javaMax=256.0MB nativeHeap=362.2MB nativeHeapFree=8.7MB nativeHeapSize=374.6MB
  pssTotal=2.9GB privateDirty=171.8MB sharedDirty=52.1MB nativePss=165.9MB dalvikPss=1.3MB otherPss=2.7GB
  systemAvail=13.1GB systemThreshold=216.0MB lowMemory=false trimLevel=0 importance=125 fdCount=151
  procStatus VmRSS=3150748 kB VmHWM=3159988 kB VmSize=20136220 kB VmSwap=2676 kB Threads=29 FDSize=256
2026-05-30 06:38:57.043 pid=14542 [generation-start] id=24 config=Qwen3.5 2B model=Qwen3.5-2B-UD-Q8_K_XL.gguf promptLen=1048 mediaCount=0
  javaUsed=2.8MB javaTotal=10.5MB javaMax=256.0MB nativeHeap=362.2MB nativeHeapFree=8.7MB nativeHeapSize=374.6MB
  pssTotal=2.9GB privateDirty=172.0MB sharedDirty=52.1MB nativePss=165.9MB dalvikPss=1.5MB otherPss=2.7GB
  systemAvail=13.1GB systemThreshold=216.0MB lowMemory=false trimLevel=0 importance=125 fdCount=151
  procStatus VmRSS=3150820 kB VmHWM=3159988 kB VmSize=20136220 kB VmSwap=2676 kB Threads=29 FDSize=256
2026-05-30 06:38:57.115 pid=14542 [generation-stage] id=24 stage=native-call-start
2026-05-30 06:39:39.871 pid=14542 [generation-stage] id=24 stage=native-call-end resultLen=52
2026-05-30 06:39:39.871 pid=14542 [generation-end] id=24 resultLen=52
  javaUsed=2.7MB javaTotal=10.5MB javaMax=256.0MB nativeHeap=363.5MB nativeHeapFree=8.5MB nativeHeapSize=375.7MB
  pssTotal=2.8GB privateDirty=144.2MB sharedDirty=52.1MB nativePss=138.3MB dalvikPss=1.4MB otherPss=2.7GB
  systemAvail=13.3GB systemThreshold=216.0MB lowMemory=false trimLevel=0 importance=125 fdCount=151
  procStatus VmRSS=3122820 kB VmHWM=3159988 kB VmSize=20136220 kB VmSwap=2676 kB Threads=29 FDSize=256
2026-05-30 06:39:40.811 pid=14542 [model-load] Loading configuration: Qwen3.5 2B MTP
2026-05-30 06:39:41.107 pid=14542 [runtime-memory] Before model load model=Qwen3.5-2B-Q8_0.gguf
  javaUsed=3.0MB javaTotal=10.5MB javaMax=256.0MB nativeHeap=14.5MB nativeHeapFree=49.8MB nativeHeapSize=67.8MB
  pssTotal=28.5MB privateDirty=20.1MB sharedDirty=52.1MB nativePss=13.9MB dalvikPss=1.6MB otherPss=12.9MB
  systemAvail=13.4GB systemThreshold=216.0MB lowMemory=false trimLevel=0 importance=125 fdCount=151
  procStatus VmRSS=181100 kB VmHWM=3159988 kB VmSize=17110000 kB VmSwap=2676 kB Threads=29 FDSize=256
2026-05-30 06:39:41.164 pid=14542 [runtime-memory] After model load cleanup model=Qwen3.5-2B-Q8_0.gguf
  javaUsed=2.6MB javaTotal=10.5MB javaMax=256.0MB nativeHeap=14.5MB nativeHeapFree=49.8MB nativeHeapSize=67.8MB
  pssTotal=28.2MB privateDirty=19.8MB sharedDirty=52.1MB nativePss=14.0MB dalvikPss=1.3MB otherPss=12.9MB
  systemAvail=13.4GB systemThreshold=216.0MB lowMemory=false trimLevel=0 importance=125 fdCount=151
  procStatus VmRSS=180888 kB VmHWM=3159988 kB VmSize=17110000 kB VmSwap=2676 kB Threads=29 FDSize=256
