2026-05-31 05:51:11.662 pid=22991 [model-load] Loading configuration: Qwen3.5 2B MTP
2026-05-31 05:51:11.664 pid=22991 [runtime-memory] Before model load model=Qwen3.5-2B-Q8_0.gguf
  javaUsed=6.8MB javaTotal=16.0MB javaMax=256.0MB nativeHeap=12.7MB nativeHeapFree=3.7MB nativeHeapSize=20.3MB
  pssTotal=24.7MB privateDirty=17.5MB sharedDirty=52.1MB nativePss=10.7MB dalvikPss=2.7MB otherPss=11.3MB
  systemAvail=13.4GB systemThreshold=216.0MB lowMemory=false trimLevel=0 importance=125 fdCount=153
  procStatus VmRSS=175768 kB VmHWM=175768 kB VmSize=17301112 kB VmSwap=3236 kB Threads=30 FDSize=256
2026-05-31 05:51:11.742 pid=22991 [runtime-memory] After model load cleanup model=Qwen3.5-2B-Q8_0.gguf
  javaUsed=2.5MB javaTotal=10.5MB javaMax=256.0MB nativeHeap=12.5MB nativeHeapFree=3.9MB nativeHeapSize=20.3MB
  pssTotal=23.2MB privateDirty=16.0MB sharedDirty=52.0MB nativePss=10.5MB dalvikPss=1.3MB otherPss=11.4MB
  systemAvail=13.4GB systemThreshold=216.0MB lowMemory=false trimLevel=0 importance=125 fdCount=152
  procStatus VmRSS=174644 kB VmHWM=177304 kB VmSize=17032052 kB VmSwap=2924 kB Threads=30 FDSize=256
2026-05-31 05:51:12.747 pid=22991 [model-load-complete] config=Qwen3.5 2B MTP model=Qwen3.5-2B-Q8_0.gguf mmproj=(none)
  javaUsed=2.7MB javaTotal=10.5MB javaMax=256.0MB nativeHeap=362.4MB nativeHeapFree=6.1MB nativeHeapSize=372.4MB
  pssTotal=2.1GB privateDirty=171.4MB sharedDirty=52.0MB nativePss=165.3MB dalvikPss=1.4MB otherPss=1.9GB
  systemAvail=13.2GB systemThreshold=216.0MB lowMemory=false trimLevel=0 importance=125 fdCount=152
  procStatus VmRSS=2352008 kB VmHWM=2352008 kB VmSize=19401060 kB VmSwap=2924 kB Threads=30 FDSize=256
2026-05-31 05:51:12.811 pid=22991 [generation-start] id=1 config=Qwen3.5 2B MTP model=Qwen3.5-2B-Q8_0.gguf promptLen=1045 mediaCount=0
  javaUsed=2.9MB javaTotal=10.5MB javaMax=256.0MB nativeHeap=362.4MB nativeHeapFree=6.1MB nativeHeapSize=372.4MB
  pssTotal=2.1GB privateDirty=171.6MB sharedDirty=52.0MB nativePss=165.4MB dalvikPss=1.5MB otherPss=1.9GB
  systemAvail=13.2GB systemThreshold=216.0MB lowMemory=false trimLevel=0 importance=125 fdCount=152
  procStatus VmRSS=2352264 kB VmHWM=2352264 kB VmSize=19401060 kB VmSwap=2924 kB Threads=30 FDSize=256
2026-05-31 05:51:12.873 pid=22991 [generation-stage] id=1 stage=native-call-start
2026-05-31 05:51:38.200 pid=22991 [generation-stage] id=1 stage=native-call-end resultLen=42
2026-05-31 05:51:38.201 pid=22991 [generation-end] id=1 resultLen=42
  javaUsed=3.1MB javaTotal=10.5MB javaMax=256.0MB nativeHeap=363.7MB nativeHeapFree=6.0MB nativeHeapSize=373.6MB
  pssTotal=2.1GB privateDirty=143.2MB sharedDirty=52.0MB nativePss=136.9MB dalvikPss=1.7MB otherPss=1.9GB
  systemAvail=13.5GB systemThreshold=216.0MB lowMemory=false trimLevel=0 importance=125 fdCount=152
  procStatus VmRSS=2323660 kB VmHWM=2359348 kB VmSize=19405144 kB VmSwap=2924 kB Threads=30 FDSize=256
2026-05-31 05:51:38.795 pid=22991 [model-load] Loading configuration: Qwen3.5 2B
2026-05-31 05:51:39.038 pid=22991 [runtime-memory] Before model load model=Qwen3.5-2B-UD-Q8_K_XL.gguf
  javaUsed=3.4MB javaTotal=10.5MB javaMax=256.0MB nativeHeap=14.7MB nativeHeapFree=49.9MB nativeHeapSize=68.1MB
  pssTotal=29.2MB privateDirty=20.4MB sharedDirty=52.0MB nativePss=13.9MB dalvikPss=1.9MB otherPss=13.3MB
  systemAvail=13.6GB systemThreshold=216.0MB lowMemory=false trimLevel=0 importance=125 fdCount=152
  procStatus VmRSS=180488 kB VmHWM=2359348 kB VmSize=17176228 kB VmSwap=2924 kB Threads=30 FDSize=256
2026-05-31 05:51:39.106 pid=22991 [runtime-memory] After model load cleanup model=Qwen3.5-2B-UD-Q8_K_XL.gguf
  javaUsed=2.6MB javaTotal=10.5MB javaMax=256.0MB nativeHeap=14.7MB nativeHeapFree=49.9MB nativeHeapSize=68.1MB
  pssTotal=28.5MB privateDirty=19.8MB sharedDirty=52.0MB nativePss=13.9MB dalvikPss=1.3MB otherPss=13.3MB
  systemAvail=13.6GB systemThreshold=216.0MB lowMemory=false trimLevel=0 importance=125 fdCount=152
  procStatus VmRSS=180148 kB VmHWM=2359348 kB VmSize=17176228 kB VmSwap=2924 kB Threads=30 FDSize=256
2026-05-31 05:51:40.205 pid=22991 [model-load-complete] config=Qwen3.5 2B model=Qwen3.5-2B-UD-Q8_K_XL.gguf mmproj=(none)
  javaUsed=2.7MB javaTotal=10.5MB javaMax=256.0MB nativeHeap=362.4MB nativeHeapFree=8.8MB nativeHeapSize=374.9MB
  pssTotal=2.9GB privateDirty=171.8MB sharedDirty=51.9MB nativePss=165.9MB dalvikPss=1.4MB otherPss=2.7GB
  systemAvail=13.4GB systemThreshold=216.0MB lowMemory=false trimLevel=0 importance=125 fdCount=152
  procStatus VmRSS=3150504 kB VmHWM=3150504 kB VmSize=20202448 kB VmSwap=2924 kB Threads=30 FDSize=256
2026-05-31 05:51:40.354 pid=22991 [generation-start] id=2 config=Qwen3.5 2B model=Qwen3.5-2B-UD-Q8_K_XL.gguf promptLen=1042 mediaCount=0
  javaUsed=2.9MB javaTotal=10.5MB javaMax=256.0MB nativeHeap=362.4MB nativeHeapFree=8.8MB nativeHeapSize=374.9MB
  pssTotal=2.9GB privateDirty=172.0MB sharedDirty=51.9MB nativePss=165.9MB dalvikPss=1.5MB otherPss=2.7GB
  systemAvail=13.4GB systemThreshold=216.0MB lowMemory=false trimLevel=0 importance=125 fdCount=152
  procStatus VmRSS=3150632 kB VmHWM=3150632 kB VmSize=20202448 kB VmSwap=2924 kB Threads=30 FDSize=256
2026-05-31 05:51:40.496 pid=22991 [generation-stage] id=2 stage=native-call-start
2026-05-31 05:52:19.697 pid=22991 [generation-stage] id=2 stage=native-call-end resultLen=59
2026-05-31 05:52:19.698 pid=22991 [generation-end] id=2 resultLen=59
  javaUsed=3.1MB javaTotal=10.5MB javaMax=256.0MB nativeHeap=363.7MB nativeHeapFree=8.6MB nativeHeapSize=376.1MB
  pssTotal=2.8GB privateDirty=144.6MB sharedDirty=51.9MB nativePss=138.4MB dalvikPss=1.7MB otherPss=2.7GB
  systemAvail=13.7GB systemThreshold=216.0MB lowMemory=false trimLevel=0 importance=125 fdCount=152
  procStatus VmRSS=3122724 kB VmHWM=3157672 kB VmSize=20184896 kB VmSwap=2924 kB Threads=29 FDSize=256
2026-05-31 05:52:20.341 pid=22991 [model-load] Loading configuration: Qwen3.5 2B MTP
2026-05-31 05:52:20.625 pid=22991 [runtime-memory] Before model load model=Qwen3.5-2B-Q8_0.gguf
  javaUsed=3.4MB javaTotal=10.5MB javaMax=256.0MB nativeHeap=14.7MB nativeHeapFree=49.9MB nativeHeapSize=68.1MB
  pssTotal=29.2MB privateDirty=20.4MB sharedDirty=51.9MB nativePss=13.9MB dalvikPss=2.0MB otherPss=13.3MB
  systemAvail=13.8GB systemThreshold=216.0MB lowMemory=false trimLevel=0 importance=125 fdCount=152
  procStatus VmRSS=181112 kB VmHWM=3157672 kB VmSize=17158676 kB VmSwap=2924 kB Threads=29 FDSize=256
2026-05-31 05:52:20.692 pid=22991 [runtime-memory] After model load cleanup model=Qwen3.5-2B-Q8_0.gguf
  javaUsed=2.6MB javaTotal=10.5MB javaMax=256.0MB nativeHeap=14.7MB nativeHeapFree=49.9MB nativeHeapSize=68.1MB
  pssTotal=28.6MB privateDirty=19.8MB sharedDirty=51.9MB nativePss=14.0MB dalvikPss=1.3MB otherPss=13.3MB
  systemAvail=13.8GB systemThreshold=216.0MB lowMemory=false trimLevel=0 importance=125 fdCount=152
  procStatus VmRSS=180464 kB VmHWM=3157672 kB VmSize=17158676 kB VmSwap=2924 kB Threads=29 FDSize=256
2026-05-31 05:52:21.780 pid=22991 [model-load-complete] config=Qwen3.5 2B MTP model=Qwen3.5-2B-Q8_0.gguf mmproj=(none)
  javaUsed=2.7MB javaTotal=10.5MB javaMax=256.0MB nativeHeap=362.4MB nativeHeapFree=8.8MB nativeHeapSize=374.9MB
  pssTotal=2.1GB privateDirty=171.8MB sharedDirty=51.9MB nativePss=165.9MB dalvikPss=1.4MB otherPss=1.9GB
  systemAvail=13.7GB systemThreshold=216.0MB lowMemory=false trimLevel=0 importance=125 fdCount=152
  procStatus VmRSS=2353284 kB VmHWM=3157672 kB VmSize=19387592 kB VmSwap=2924 kB Threads=29 FDSize=256
2026-05-31 05:52:21.903 pid=22991 [generation-start] id=3 config=Qwen3.5 2B MTP model=Qwen3.5-2B-Q8_0.gguf promptLen=1048 mediaCount=0
  javaUsed=2.9MB javaTotal=10.5MB javaMax=256.0MB nativeHeap=362.4MB nativeHeapFree=8.8MB nativeHeapSize=374.9MB
  pssTotal=2.1GB privateDirty=172.0MB sharedDirty=51.9MB nativePss=165.9MB dalvikPss=1.5MB otherPss=1.9GB
  systemAvail=13.7GB systemThreshold=216.0MB lowMemory=false trimLevel=0 importance=125 fdCount=152
  procStatus VmRSS=2353412 kB VmHWM=3157672 kB VmSize=19387592 kB VmSwap=2924 kB Threads=29 FDSize=256
2026-05-31 05:52:22.016 pid=22991 [generation-stage] id=3 stage=native-call-start
2026-05-31 05:52:55.526 pid=22991 [generation-stage] id=3 stage=native-call-end resultLen=58
2026-05-31 05:52:55.527 pid=22991 [generation-end] id=3 resultLen=58
  javaUsed=3.1MB javaTotal=10.5MB javaMax=256.0MB nativeHeap=363.7MB nativeHeapFree=8.6MB nativeHeapSize=376.1MB
  pssTotal=2.1GB privateDirty=144.6MB sharedDirty=51.9MB nativePss=138.3MB dalvikPss=1.7MB otherPss=1.9GB
  systemAvail=13.8GB systemThreshold=216.0MB lowMemory=false trimLevel=0 importance=125 fdCount=152
  procStatus VmRSS=2325144 kB VmHWM=3157672 kB VmSize=19405064 kB VmSwap=2924 kB Threads=30 FDSize=256
2026-05-31 05:52:56.255 pid=22991 [model-load] Loading configuration: Qwen3.5 2B
2026-05-31 05:52:56.512 pid=22991 [runtime-memory] Before model load model=Qwen3.5-2B-UD-Q8_K_XL.gguf
  javaUsed=2.6MB javaTotal=10.5MB javaMax=256.0MB nativeHeap=14.7MB nativeHeapFree=49.9MB nativeHeapSize=68.1MB
  pssTotal=28.5MB privateDirty=19.7MB sharedDirty=51.9MB nativePss=13.9MB dalvikPss=1.3MB otherPss=13.3MB
  systemAvail=13.9GB systemThreshold=216.0MB lowMemory=false trimLevel=0 importance=125 fdCount=152
  procStatus VmRSS=180224 kB VmHWM=3157672 kB VmSize=17176148 kB VmSwap=2924 kB Threads=30 FDSize=256
2026-05-31 05:52:56.573 pid=22991 [runtime-memory] After model load cleanup model=Qwen3.5-2B-UD-Q8_K_XL.gguf
  javaUsed=2.6MB javaTotal=10.5MB javaMax=256.0MB nativeHeap=14.7MB nativeHeapFree=49.9MB nativeHeapSize=68.1MB
  pssTotal=28.6MB privateDirty=19.8MB sharedDirty=51.9MB nativePss=14.0MB dalvikPss=1.3MB otherPss=13.3MB
  systemAvail=13.9GB systemThreshold=216.0MB lowMemory=false trimLevel=0 importance=125 fdCount=152
  procStatus VmRSS=180248 kB VmHWM=3157672 kB VmSize=17176148 kB VmSwap=2924 kB Threads=30 FDSize=256
2026-05-31 05:52:57.687 pid=22991 [model-load-complete] config=Qwen3.5 2B model=Qwen3.5-2B-UD-Q8_K_XL.gguf mmproj=(none)
  javaUsed=2.7MB javaTotal=10.5MB javaMax=256.0MB nativeHeap=362.4MB nativeHeapFree=8.8MB nativeHeapSize=374.9MB
  pssTotal=2.9GB privateDirty=171.8MB sharedDirty=51.9MB nativePss=165.9MB dalvikPss=1.4MB otherPss=2.7GB
  systemAvail=13.7GB systemThreshold=216.0MB lowMemory=false trimLevel=0 importance=125 fdCount=152
  procStatus VmRSS=3150500 kB VmHWM=3157672 kB VmSize=20202368 kB VmSwap=2924 kB Threads=30 FDSize=256
2026-05-31 05:52:57.825 pid=22991 [generation-start] id=4 config=Qwen3.5 2B model=Qwen3.5-2B-UD-Q8_K_XL.gguf promptLen=1042 mediaCount=0
  javaUsed=2.9MB javaTotal=10.5MB javaMax=256.0MB nativeHeap=362.4MB nativeHeapFree=8.8MB nativeHeapSize=374.9MB
  pssTotal=2.9GB privateDirty=172.0MB sharedDirty=51.9MB nativePss=165.9MB dalvikPss=1.5MB otherPss=2.7GB
  systemAvail=13.7GB systemThreshold=216.0MB lowMemory=false trimLevel=0 importance=125 fdCount=152
  procStatus VmRSS=3150628 kB VmHWM=3157672 kB VmSize=20202368 kB VmSwap=2924 kB Threads=30 FDSize=256
2026-05-31 05:52:57.967 pid=22991 [generation-stage] id=4 stage=native-call-start
2026-05-31 05:53:38.988 pid=22991 [generation-stage] id=4 stage=native-call-end resultLen=43
2026-05-31 05:53:38.989 pid=22991 [generation-end] id=4 resultLen=43
  javaUsed=3.1MB javaTotal=10.5MB javaMax=256.0MB nativeHeap=363.7MB nativeHeapFree=8.6MB nativeHeapSize=376.1MB
  pssTotal=2.8GB privateDirty=144.6MB sharedDirty=51.9MB nativePss=138.4MB dalvikPss=1.7MB otherPss=2.7GB
  systemAvail=13.8GB systemThreshold=216.0MB lowMemory=false trimLevel=0 importance=125 fdCount=152
  procStatus VmRSS=3122592 kB VmHWM=3157672 kB VmSize=20202368 kB VmSwap=2924 kB Threads=30 FDSize=256
2026-05-31 05:53:39.724 pid=22991 [model-load] Loading configuration: Qwen3.5 2B MTP
2026-05-31 05:53:40.040 pid=22991 [runtime-memory] Before model load model=Qwen3.5-2B-Q8_0.gguf
  javaUsed=3.4MB javaTotal=10.5MB javaMax=256.0MB nativeHeap=14.7MB nativeHeapFree=49.9MB nativeHeapSize=68.1MB
  pssTotal=29.3MB privateDirty=20.5MB sharedDirty=51.9MB nativePss=14.0MB dalvikPss=1.9MB otherPss=13.3MB
  systemAvail=13.9GB systemThreshold=216.0MB lowMemory=false trimLevel=0 importance=125 fdCount=152
  procStatus VmRSS=181152 kB VmHWM=3157672 kB VmSize=17176148 kB VmSwap=2924 kB Threads=30 FDSize=256
2026-05-31 05:53:40.095 pid=22991 [runtime-memory] After model load cleanup model=Qwen3.5-2B-Q8_0.gguf
  javaUsed=2.6MB javaTotal=10.5MB javaMax=256.0MB nativeHeap=14.7MB nativeHeapFree=49.9MB nativeHeapSize=68.1MB
  pssTotal=28.7MB privateDirty=19.9MB sharedDirty=51.9MB nativePss=14.1MB dalvikPss=1.3MB otherPss=13.4MB
  systemAvail=13.9GB systemThreshold=216.0MB lowMemory=false trimLevel=0 importance=125 fdCount=152
  procStatus VmRSS=180464 kB VmHWM=3157672 kB VmSize=17176148 kB VmSwap=2924 kB Threads=30 FDSize=256
2026-05-31 05:53:40.867 pid=22991 [model-load-complete] config=Qwen3.5 2B MTP model=Qwen3.5-2B-Q8_0.gguf mmproj=(none)
  javaUsed=2.7MB javaTotal=10.5MB javaMax=256.0MB nativeHeap=362.4MB nativeHeapFree=8.8MB nativeHeapSize=374.9MB
  pssTotal=2.1GB privateDirty=171.8MB sharedDirty=51.9MB nativePss=165.9MB dalvikPss=1.4MB otherPss=1.9GB
  systemAvail=13.8GB systemThreshold=216.0MB lowMemory=false trimLevel=0 importance=125 fdCount=152
  procStatus VmRSS=2353028 kB VmHWM=3157672 kB VmSize=19405064 kB VmSwap=2924 kB Threads=30 FDSize=256
2026-05-31 05:53:40.939 pid=22991 [generation-start] id=5 config=Qwen3.5 2B MTP model=Qwen3.5-2B-Q8_0.gguf promptLen=1051 mediaCount=0
  javaUsed=2.9MB javaTotal=10.5MB javaMax=256.0MB nativeHeap=362.4MB nativeHeapFree=8.8MB nativeHeapSize=374.9MB
  pssTotal=2.1GB privateDirty=172.0MB sharedDirty=51.9MB nativePss=165.9MB dalvikPss=1.5MB otherPss=1.9GB
  systemAvail=13.8GB systemThreshold=216.0MB lowMemory=false trimLevel=0 importance=125 fdCount=152
  procStatus VmRSS=2353156 kB VmHWM=3157672 kB VmSize=19405064 kB VmSwap=2924 kB Threads=30 FDSize=256
2026-05-31 05:53:41.052 pid=22991 [generation-stage] id=5 stage=native-call-start
2026-05-31 05:54:11.514 pid=22991 [generation-stage] id=5 stage=native-call-end resultLen=102
2026-05-31 05:54:11.515 pid=22991 [generation-end] id=5 resultLen=102
  javaUsed=2.7MB javaTotal=10.5MB javaMax=256.0MB nativeHeap=363.7MB nativeHeapFree=8.6MB nativeHeapSize=376.1MB
  pssTotal=2.1GB privateDirty=144.2MB sharedDirty=51.9MB nativePss=138.3MB dalvikPss=1.3MB otherPss=1.9GB
  systemAvail=13.8GB systemThreshold=216.0MB lowMemory=false trimLevel=0 importance=125 fdCount=152
  procStatus VmRSS=2325032 kB VmHWM=3157672 kB VmSize=19405064 kB VmSwap=2924 kB Threads=30 FDSize=256
2026-05-31 05:54:11.633 pid=22991 [model-load] Loading configuration: Qwen3.5 2B MTP
2026-05-31 05:54:11.633 pid=22991 [model-load-skip] config=Qwen3.5 2B MTP model already loaded
  javaUsed=3.0MB javaTotal=10.5MB javaMax=256.0MB nativeHeap=363.7MB nativeHeapFree=8.6MB nativeHeapSize=376.1MB
  pssTotal=2.1GB privateDirty=144.4MB sharedDirty=51.9MB nativePss=138.3MB dalvikPss=1.5MB otherPss=1.9GB
  systemAvail=13.8GB systemThreshold=216.0MB lowMemory=false trimLevel=0 importance=125 fdCount=152
  procStatus VmRSS=2325160 kB VmHWM=3157672 kB VmSize=19405064 kB VmSwap=2924 kB Threads=30 FDSize=256
2026-05-31 05:54:11.744 pid=22991 [generation-start] id=6 config=Qwen3.5 2B MTP model=Qwen3.5-2B-Q8_0.gguf promptLen=1051 mediaCount=0
  javaUsed=3.1MB javaTotal=10.5MB javaMax=256.0MB nativeHeap=363.7MB nativeHeapFree=8.6MB nativeHeapSize=376.1MB
  pssTotal=2.1GB privateDirty=144.5MB sharedDirty=51.9MB nativePss=138.3MB dalvikPss=1.7MB otherPss=1.9GB
  systemAvail=13.8GB systemThreshold=216.0MB lowMemory=false trimLevel=0 importance=125 fdCount=152
  procStatus VmRSS=2325288 kB VmHWM=3157672 kB VmSize=19405064 kB VmSwap=2924 kB Threads=30 FDSize=256
2026-05-31 05:54:11.865 pid=22991 [generation-stage] id=6 stage=native-call-start
2026-05-31 05:54:50.050 pid=22991 [generation-stage] id=6 stage=native-call-end resultLen=157
2026-05-31 05:54:50.051 pid=22991 [generation-end] id=6 resultLen=157
  javaUsed=3.3MB javaTotal=10.5MB javaMax=256.0MB nativeHeap=363.7MB nativeHeapFree=8.6MB nativeHeapSize=376.1MB
  pssTotal=2.1GB privateDirty=144.7MB sharedDirty=51.9MB nativePss=138.3MB dalvikPss=1.9MB otherPss=1.9GB
  systemAvail=13.9GB systemThreshold=216.0MB lowMemory=false trimLevel=0 importance=125 fdCount=152
  procStatus VmRSS=2325524 kB VmHWM=3157672 kB VmSize=19405064 kB VmSwap=2924 kB Threads=30 FDSize=256
2026-05-31 05:54:50.668 pid=22991 [model-load] Loading configuration: Qwen3.5 2B
2026-05-31 05:54:50.921 pid=22991 [runtime-memory] Before model load model=Qwen3.5-2B-UD-Q8_K_XL.gguf
  javaUsed=3.6MB javaTotal=10.5MB javaMax=256.0MB nativeHeap=14.7MB nativeHeapFree=49.9MB nativeHeapSize=68.1MB
  pssTotal=29.6MB privateDirty=20.7MB sharedDirty=51.9MB nativePss=14.1MB dalvikPss=2.1MB otherPss=13.4MB
  systemAvail=14.0GB systemThreshold=216.0MB lowMemory=false trimLevel=0 importance=125 fdCount=152
  procStatus VmRSS=181304 kB VmHWM=3157672 kB VmSize=17176148 kB VmSwap=2924 kB Threads=30 FDSize=256
2026-05-31 05:54:50.989 pid=22991 [runtime-memory] After model load cleanup model=Qwen3.5-2B-UD-Q8_K_XL.gguf
  javaUsed=2.6MB javaTotal=10.5MB javaMax=256.0MB nativeHeap=14.7MB nativeHeapFree=49.9MB nativeHeapSize=68.1MB
  pssTotal=28.8MB privateDirty=20.0MB sharedDirty=51.9MB nativePss=14.2MB dalvikPss=1.3MB otherPss=13.4MB
  systemAvail=14.0GB systemThreshold=216.0MB lowMemory=false trimLevel=0 importance=125 fdCount=152
  procStatus VmRSS=180708 kB VmHWM=3157672 kB VmSize=17176148 kB VmSwap=2924 kB Threads=30 FDSize=256
2026-05-31 05:54:52.107 pid=22991 [model-load-complete] config=Qwen3.5 2B model=Qwen3.5-2B-UD-Q8_K_XL.gguf mmproj=(none)
  javaUsed=2.7MB javaTotal=10.5MB javaMax=256.0MB nativeHeap=362.4MB nativeHeapFree=8.8MB nativeHeapSize=374.9MB
  pssTotal=2.9GB privateDirty=171.8MB sharedDirty=51.9MB nativePss=165.9MB dalvikPss=1.4MB otherPss=2.7GB
  systemAvail=13.8GB systemThreshold=216.0MB lowMemory=false trimLevel=0 importance=125 fdCount=152
  procStatus VmRSS=3150704 kB VmHWM=3157672 kB VmSize=20202368 kB VmSwap=2924 kB Threads=30 FDSize=256
2026-05-31 05:54:52.252 pid=22991 [generation-start] id=7 config=Qwen3.5 2B model=Qwen3.5-2B-UD-Q8_K_XL.gguf promptLen=1057 mediaCount=0
  javaUsed=2.9MB javaTotal=10.5MB javaMax=256.0MB nativeHeap=362.4MB nativeHeapFree=8.8MB nativeHeapSize=374.9MB
  pssTotal=2.9GB privateDirty=172.0MB sharedDirty=51.9MB nativePss=165.9MB dalvikPss=1.5MB otherPss=2.7GB
  systemAvail=13.8GB systemThreshold=216.0MB lowMemory=false trimLevel=0 importance=125 fdCount=152
  procStatus VmRSS=3150832 kB VmHWM=3157672 kB VmSize=20202368 kB VmSwap=2924 kB Threads=30 FDSize=256
2026-05-31 05:54:52.401 pid=22991 [generation-stage] id=7 stage=native-call-start
2026-05-31 05:55:40.582 pid=22991 [generation-stage] id=7 stage=native-call-end resultLen=154
2026-05-31 05:55:40.583 pid=22991 [generation-end] id=7 resultLen=154
  javaUsed=3.1MB javaTotal=10.5MB javaMax=256.0MB nativeHeap=363.7MB nativeHeapFree=8.6MB nativeHeapSize=376.1MB
  pssTotal=2.8GB privateDirty=144.7MB sharedDirty=51.9MB nativePss=138.4MB dalvikPss=1.7MB otherPss=2.7GB
  systemAvail=13.9GB systemThreshold=216.0MB lowMemory=false trimLevel=0 importance=125 fdCount=152
  procStatus VmRSS=3122716 kB VmHWM=3157872 kB VmSize=20202368 kB VmSwap=2924 kB Threads=30 FDSize=256
2026-05-31 05:55:41.218 pid=22991 [model-load] Loading configuration: Qwen3.5 2B MTP
2026-05-31 05:55:41.547 pid=22991 [runtime-memory] Before model load model=Qwen3.5-2B-Q8_0.gguf
  javaUsed=2.8MB javaTotal=10.5MB javaMax=256.0MB nativeHeap=14.7MB nativeHeapFree=49.9MB nativeHeapSize=68.1MB
  pssTotal=30.8MB privateDirty=21.9MB sharedDirty=51.9MB nativePss=14.0MB dalvikPss=3.4MB otherPss=13.4MB
  systemAvail=14.0GB systemThreshold=216.0MB lowMemory=false trimLevel=0 importance=125 fdCount=152
  procStatus VmRSS=182768 kB VmHWM=3157872 kB VmSize=17176148 kB VmSwap=2924 kB Threads=30 FDSize=256
2026-05-31 05:55:41.606 pid=22991 [runtime-memory] After model load cleanup model=Qwen3.5-2B-Q8_0.gguf
  javaUsed=2.6MB javaTotal=10.5MB javaMax=256.0MB nativeHeap=14.7MB nativeHeapFree=49.9MB nativeHeapSize=68.1MB
  pssTotal=28.7MB privateDirty=19.9MB sharedDirty=51.9MB nativePss=14.1MB dalvikPss=1.3MB otherPss=13.4MB
  systemAvail=14.0GB systemThreshold=216.0MB lowMemory=false trimLevel=0 importance=125 fdCount=152
  procStatus VmRSS=180596 kB VmHWM=3157872 kB VmSize=17176148 kB VmSwap=2924 kB Threads=30 FDSize=256
2026-05-31 05:55:42.437 pid=22991 [model-load-complete] config=Qwen3.5 2B MTP model=Qwen3.5-2B-Q8_0.gguf mmproj=(none)
  javaUsed=2.7MB javaTotal=10.5MB javaMax=256.0MB nativeHeap=362.4MB nativeHeapFree=8.8MB nativeHeapSize=374.9MB
  pssTotal=2.1GB privateDirty=171.8MB sharedDirty=51.9MB nativePss=165.9MB dalvikPss=1.4MB otherPss=1.9GB
  systemAvail=13.9GB systemThreshold=216.0MB lowMemory=false trimLevel=0 importance=125 fdCount=152
  procStatus VmRSS=2353288 kB VmHWM=3157872 kB VmSize=19405064 kB VmSwap=2924 kB Threads=30 FDSize=256
2026-05-31 05:55:42.519 pid=22991 [generation-start] id=8 config=Qwen3.5 2B MTP model=Qwen3.5-2B-Q8_0.gguf promptLen=1048 mediaCount=0
  javaUsed=2.9MB javaTotal=10.5MB javaMax=256.0MB nativeHeap=362.4MB nativeHeapFree=8.8MB nativeHeapSize=374.9MB
  pssTotal=2.1GB privateDirty=172.0MB sharedDirty=51.9MB nativePss=165.9MB dalvikPss=1.5MB otherPss=1.9GB
  systemAvail=13.9GB systemThreshold=216.0MB lowMemory=false trimLevel=0 importance=125 fdCount=152
  procStatus VmRSS=2353544 kB VmHWM=3157872 kB VmSize=19405064 kB VmSwap=2924 kB Threads=30 FDSize=256
2026-05-31 05:55:42.602 pid=22991 [generation-stage] id=8 stage=native-call-start
2026-05-31 05:56:17.899 pid=22991 [generation-stage] id=8 stage=native-call-end resultLen=127
2026-05-31 05:56:17.899 pid=22991 [generation-end] id=8 resultLen=127
  javaUsed=3.1MB javaTotal=10.5MB javaMax=256.0MB nativeHeap=363.7MB nativeHeapFree=8.6MB nativeHeapSize=376.1MB
  pssTotal=2.1GB privateDirty=144.6MB sharedDirty=51.9MB nativePss=138.3MB dalvikPss=1.7MB otherPss=1.9GB
  systemAvail=13.9GB systemThreshold=216.0MB lowMemory=false trimLevel=0 importance=125 fdCount=152
  procStatus VmRSS=2325504 kB VmHWM=3157872 kB VmSize=19405064 kB VmSwap=2924 kB Threads=30 FDSize=256
2026-05-31 05:56:18.511 pid=22991 [model-load] Loading configuration: Qwen3.5 2B
2026-05-31 05:56:18.764 pid=22991 [runtime-memory] Before model load model=Qwen3.5-2B-UD-Q8_K_XL.gguf
  javaUsed=3.4MB javaTotal=10.5MB javaMax=256.0MB nativeHeap=14.7MB nativeHeapFree=49.9MB nativeHeapSize=68.1MB
  pssTotal=29.4MB privateDirty=20.6MB sharedDirty=51.9MB nativePss=14.1MB dalvikPss=2.0MB otherPss=13.4MB
  systemAvail=14.0GB systemThreshold=216.0MB lowMemory=false trimLevel=0 importance=125 fdCount=152
  procStatus VmRSS=181264 kB VmHWM=3157872 kB VmSize=17176148 kB VmSwap=2924 kB Threads=30 FDSize=256
2026-05-31 05:56:18.825 pid=22991 [runtime-memory] After model load cleanup model=Qwen3.5-2B-UD-Q8_K_XL.gguf
  javaUsed=2.6MB javaTotal=10.5MB javaMax=256.0MB nativeHeap=14.7MB nativeHeapFree=49.9MB nativeHeapSize=68.1MB
  pssTotal=28.8MB privateDirty=20.0MB sharedDirty=51.9MB nativePss=14.2MB dalvikPss=1.3MB otherPss=13.4MB
  systemAvail=14.0GB systemThreshold=216.0MB lowMemory=false trimLevel=0 importance=125 fdCount=152
  procStatus VmRSS=180508 kB VmHWM=3157872 kB VmSize=17176148 kB VmSwap=2924 kB Threads=30 FDSize=256
2026-05-31 05:56:19.947 pid=22991 [model-load-complete] config=Qwen3.5 2B model=Qwen3.5-2B-UD-Q8_K_XL.gguf mmproj=(none)
  javaUsed=2.7MB javaTotal=10.5MB javaMax=256.0MB nativeHeap=362.4MB nativeHeapFree=8.8MB nativeHeapSize=374.9MB
  pssTotal=2.9GB privateDirty=171.8MB sharedDirty=51.9MB nativePss=165.9MB dalvikPss=1.4MB otherPss=2.7GB
  systemAvail=13.8GB systemThreshold=216.0MB lowMemory=false trimLevel=0 importance=125 fdCount=152
  procStatus VmRSS=3150504 kB VmHWM=3157872 kB VmSize=20202368 kB VmSwap=2924 kB Threads=30 FDSize=256
2026-05-31 05:56:20.076 pid=22991 [generation-start] id=9 config=Qwen3.5 2B model=Qwen3.5-2B-UD-Q8_K_XL.gguf promptLen=1060 mediaCount=0
  javaUsed=2.9MB javaTotal=10.5MB javaMax=256.0MB nativeHeap=362.4MB nativeHeapFree=8.8MB nativeHeapSize=374.9MB
  pssTotal=2.9GB privateDirty=172.0MB sharedDirty=51.9MB nativePss=165.9MB dalvikPss=1.5MB otherPss=2.7GB
  systemAvail=13.8GB systemThreshold=216.0MB lowMemory=false trimLevel=0 importance=125 fdCount=152
  procStatus VmRSS=3150632 kB VmHWM=3157872 kB VmSize=20202368 kB VmSwap=2924 kB Threads=30 FDSize=256
2026-05-31 05:56:20.217 pid=22991 [generation-stage] id=9 stage=native-call-start
2026-05-31 05:57:08.090 pid=22991 [generation-stage] id=9 stage=native-call-end resultLen=118
2026-05-31 05:57:08.091 pid=22991 [generation-end] id=9 resultLen=118
  javaUsed=2.6MB javaTotal=10.5MB javaMax=256.0MB nativeHeap=363.7MB nativeHeapFree=8.6MB nativeHeapSize=376.1MB
  pssTotal=2.8GB privateDirty=144.3MB sharedDirty=51.9MB nativePss=138.4MB dalvikPss=1.3MB otherPss=2.7GB
  systemAvail=13.9GB systemThreshold=216.0MB lowMemory=false trimLevel=0 importance=125 fdCount=152
  procStatus VmRSS=3122516 kB VmHWM=3157872 kB VmSize=20202368 kB VmSwap=2924 kB Threads=30 FDSize=256
2026-05-31 05:57:08.744 pid=22991 [model-load] Loading configuration: Qwen3.5 2B MTP
2026-05-31 05:57:09.039 pid=22991 [runtime-memory] Before model load model=Qwen3.5-2B-Q8_0.gguf
  javaUsed=2.9MB javaTotal=10.5MB javaMax=256.0MB nativeHeap=14.7MB nativeHeapFree=49.9MB nativeHeapSize=68.1MB
  pssTotal=28.9MB privateDirty=20.1MB sharedDirty=51.9MB nativePss=14.0MB dalvikPss=1.6MB otherPss=13.4MB
  systemAvail=14.0GB systemThreshold=216.0MB lowMemory=false trimLevel=0 importance=125 fdCount=152
  procStatus VmRSS=180768 kB VmHWM=3157872 kB VmSize=17176148 kB VmSwap=2924 kB Threads=30 FDSize=256
2026-05-31 05:57:09.105 pid=22991 [runtime-memory] After model load cleanup model=Qwen3.5-2B-Q8_0.gguf
  javaUsed=2.6MB javaTotal=10.5MB javaMax=256.0MB nativeHeap=14.7MB nativeHeapFree=49.9MB nativeHeapSize=68.1MB
  pssTotal=28.7MB privateDirty=19.9MB sharedDirty=51.9MB nativePss=14.1MB dalvikPss=1.3MB otherPss=13.4MB
  systemAvail=14.0GB systemThreshold=216.0MB lowMemory=false trimLevel=0 importance=125 fdCount=152
  procStatus VmRSS=180624 kB VmHWM=3157872 kB VmSize=17176148 kB VmSwap=2924 kB Threads=30 FDSize=256
2026-05-31 05:57:10.185 pid=22991 [model-load-complete] config=Qwen3.5 2B MTP model=Qwen3.5-2B-Q8_0.gguf mmproj=(none)
  javaUsed=2.7MB javaTotal=10.5MB javaMax=256.0MB nativeHeap=362.4MB nativeHeapFree=8.8MB nativeHeapSize=374.9MB
  pssTotal=2.1GB privateDirty=171.8MB sharedDirty=51.9MB nativePss=165.9MB dalvikPss=1.4MB otherPss=1.9GB
  systemAvail=13.8GB systemThreshold=216.0MB lowMemory=false trimLevel=0 importance=125 fdCount=152
  procStatus VmRSS=2353316 kB VmHWM=3157872 kB VmSize=19405064 kB VmSwap=2924 kB Threads=30 FDSize=256
2026-05-31 05:57:10.301 pid=22991 [generation-start] id=10 config=Qwen3.5 2B MTP model=Qwen3.5-2B-Q8_0.gguf promptLen=1057 mediaCount=0
  javaUsed=2.9MB javaTotal=10.5MB javaMax=256.0MB nativeHeap=362.4MB nativeHeapFree=8.8MB nativeHeapSize=374.9MB
  pssTotal=2.1GB privateDirty=172.0MB sharedDirty=51.9MB nativePss=165.9MB dalvikPss=1.5MB otherPss=1.9GB
  systemAvail=13.8GB systemThreshold=216.0MB lowMemory=false trimLevel=0 importance=125 fdCount=152
  procStatus VmRSS=2353572 kB VmHWM=3157872 kB VmSize=19405064 kB VmSwap=2924 kB Threads=30 FDSize=256
2026-05-31 05:57:10.423 pid=22991 [generation-stage] id=10 stage=native-call-start
2026-05-31 05:57:48.237 pid=22991 [generation-stage] id=10 stage=native-call-end resultLen=129
2026-05-31 05:57:48.238 pid=22991 [generation-end] id=10 resultLen=129
  javaUsed=3.1MB javaTotal=10.5MB javaMax=256.0MB nativeHeap=363.7MB nativeHeapFree=8.6MB nativeHeapSize=376.1MB
  pssTotal=2.1GB privateDirty=144.6MB sharedDirty=52.0MB nativePss=138.3MB dalvikPss=1.7MB otherPss=1.9GB
  systemAvail=13.9GB systemThreshold=216.0MB lowMemory=false trimLevel=0 importance=125 fdCount=152
  procStatus VmRSS=2326204 kB VmHWM=3157872 kB VmSize=19405448 kB VmSwap=2924 kB Threads=30 FDSize=256
2026-05-31 05:57:48.968 pid=22991 [model-load] Loading configuration: Qwen3.5 2B
2026-05-31 05:57:49.220 pid=22991 [runtime-memory] Before model load model=Qwen3.5-2B-UD-Q8_K_XL.gguf
  javaUsed=3.4MB javaTotal=10.5MB javaMax=256.0MB nativeHeap=14.7MB nativeHeapFree=49.9MB nativeHeapSize=68.1MB
  pssTotal=29.5MB privateDirty=20.6MB sharedDirty=52.0MB nativePss=14.1MB dalvikPss=1.9MB otherPss=13.4MB
  systemAvail=14.0GB systemThreshold=216.0MB lowMemory=false trimLevel=0 importance=125 fdCount=152
  procStatus VmRSS=182116 kB VmHWM=3157872 kB VmSize=17176532 kB VmSwap=2924 kB Threads=30 FDSize=256
2026-05-31 05:57:49.287 pid=22991 [runtime-memory] After model load cleanup model=Qwen3.5-2B-UD-Q8_K_XL.gguf
  javaUsed=2.6MB javaTotal=10.5MB javaMax=256.0MB nativeHeap=14.7MB nativeHeapFree=49.9MB nativeHeapSize=68.1MB
  pssTotal=28.9MB privateDirty=20.0MB sharedDirty=52.0MB nativePss=14.2MB dalvikPss=1.3MB otherPss=13.4MB
  systemAvail=14.0GB systemThreshold=216.0MB lowMemory=false trimLevel=0 importance=125 fdCount=152
  procStatus VmRSS=181428 kB VmHWM=3157872 kB VmSize=17176532 kB VmSwap=2924 kB Threads=30 FDSize=256
2026-05-31 05:57:50.457 pid=22991 [model-load-complete] config=Qwen3.5 2B model=Qwen3.5-2B-UD-Q8_K_XL.gguf mmproj=(none)
  javaUsed=2.7MB javaTotal=10.5MB javaMax=256.0MB nativeHeap=362.4MB nativeHeapFree=8.8MB nativeHeapSize=374.9MB
  pssTotal=2.9GB privateDirty=171.8MB sharedDirty=52.0MB nativePss=165.9MB dalvikPss=1.4MB otherPss=2.7GB
  systemAvail=13.9GB systemThreshold=216.0MB lowMemory=false trimLevel=0 importance=125 fdCount=152
  procStatus VmRSS=3151356 kB VmHWM=3157872 kB VmSize=20202752 kB VmSwap=2924 kB Threads=30 FDSize=256
2026-05-31 05:57:50.609 pid=22991 [generation-start] id=11 config=Qwen3.5 2B model=Qwen3.5-2B-UD-Q8_K_XL.gguf promptLen=1054 mediaCount=0
  javaUsed=2.9MB javaTotal=10.5MB javaMax=256.0MB nativeHeap=362.4MB nativeHeapFree=8.7MB nativeHeapSize=374.9MB
  pssTotal=2.9GB privateDirty=172.0MB sharedDirty=52.0MB nativePss=165.9MB dalvikPss=1.5MB otherPss=2.7GB
  systemAvail=13.9GB systemThreshold=216.0MB lowMemory=false trimLevel=0 importance=125 fdCount=152
  procStatus VmRSS=3151520 kB VmHWM=3157872 kB VmSize=20202752 kB VmSwap=2924 kB Threads=30 FDSize=256
2026-05-31 05:57:50.747 pid=22991 [generation-stage] id=11 stage=native-call-start
2026-05-31 05:58:32.972 pid=22991 [generation-stage] id=11 stage=native-call-end resultLen=44
2026-05-31 05:58:32.973 pid=22991 [generation-end] id=11 resultLen=44
  javaUsed=2.8MB javaTotal=10.5MB javaMax=256.0MB nativeHeap=363.7MB nativeHeapFree=8.6MB nativeHeapSize=376.1MB
  pssTotal=2.8GB privateDirty=144.4MB sharedDirty=52.0MB nativePss=138.4MB dalvikPss=1.5MB otherPss=2.7GB
  systemAvail=13.9GB systemThreshold=216.0MB lowMemory=false trimLevel=0 importance=125 fdCount=152
  procStatus VmRSS=3123680 kB VmHWM=3158688 kB VmSize=20202752 kB VmSwap=2924 kB Threads=30 FDSize=256
2026-05-31 05:58:33.636 pid=22991 [model-load] Loading configuration: Qwen3.5 2B MTP
2026-05-31 05:58:33.938 pid=22991 [runtime-memory] Before model load model=Qwen3.5-2B-Q8_0.gguf
  javaUsed=3.1MB javaTotal=10.5MB javaMax=256.0MB nativeHeap=14.7MB nativeHeapFree=49.9MB nativeHeapSize=68.1MB
  pssTotal=29.1MB privateDirty=20.3MB sharedDirty=52.0MB nativePss=14.1MB dalvikPss=1.7MB otherPss=13.4MB
  systemAvail=14.0GB systemThreshold=216.0MB lowMemory=false trimLevel=0 importance=125 fdCount=152
  procStatus VmRSS=182016 kB VmHWM=3158688 kB VmSize=17176532 kB VmSwap=2924 kB Threads=30 FDSize=256
2026-05-31 05:58:34.007 pid=22991 [runtime-memory] After model load cleanup model=Qwen3.5-2B-Q8_0.gguf
  javaUsed=2.6MB javaTotal=10.5MB javaMax=256.0MB nativeHeap=14.7MB nativeHeapFree=49.9MB nativeHeapSize=68.1MB
  pssTotal=28.8MB privateDirty=20.0MB sharedDirty=52.0MB nativePss=14.2MB dalvikPss=1.3MB otherPss=13.4MB
  systemAvail=14.0GB systemThreshold=216.0MB lowMemory=false trimLevel=0 importance=125 fdCount=152
  procStatus VmRSS=181616 kB VmHWM=3158688 kB VmSize=17176532 kB VmSwap=2924 kB Threads=30 FDSize=256
2026-05-31 05:58:35.071 pid=22991 [model-load-complete] config=Qwen3.5 2B MTP model=Qwen3.5-2B-Q8_0.gguf mmproj=(none)
  javaUsed=2.7MB javaTotal=10.5MB javaMax=256.0MB nativeHeap=362.4MB nativeHeapFree=8.8MB nativeHeapSize=374.9MB
  pssTotal=2.1GB privateDirty=171.8MB sharedDirty=52.0MB nativePss=165.9MB dalvikPss=1.4MB otherPss=1.9GB
  systemAvail=13.8GB systemThreshold=216.0MB lowMemory=false trimLevel=0 importance=125 fdCount=152
  procStatus VmRSS=2354180 kB VmHWM=3158688 kB VmSize=19405448 kB VmSwap=2924 kB Threads=30 FDSize=256
2026-05-31 05:58:35.191 pid=22991 [generation-start] id=12 config=Qwen3.5 2B MTP model=Qwen3.5-2B-Q8_0.gguf promptLen=1066 mediaCount=0
  javaUsed=2.9MB javaTotal=10.5MB javaMax=256.0MB nativeHeap=362.4MB nativeHeapFree=8.7MB nativeHeapSize=374.9MB
  pssTotal=2.1GB privateDirty=172.0MB sharedDirty=52.0MB nativePss=165.9MB dalvikPss=1.5MB otherPss=1.9GB
  systemAvail=13.8GB systemThreshold=216.0MB lowMemory=false trimLevel=0 importance=125 fdCount=152
  procStatus VmRSS=2354436 kB VmHWM=3158688 kB VmSize=19405448 kB VmSwap=2924 kB Threads=30 FDSize=256
2026-05-31 05:58:35.309 pid=22991 [generation-stage] id=12 stage=native-call-start
2026-05-31 05:59:09.902 pid=22991 [generation-stage] id=12 stage=native-call-end resultLen=60
2026-05-31 05:59:09.903 pid=22991 [generation-end] id=12 resultLen=60
  javaUsed=3.1MB javaTotal=10.5MB javaMax=256.0MB nativeHeap=363.7MB nativeHeapFree=8.6MB nativeHeapSize=376.1MB
  pssTotal=2.1GB privateDirty=144.6MB sharedDirty=52.0MB nativePss=138.3MB dalvikPss=1.7MB otherPss=1.9GB
  systemAvail=13.9GB systemThreshold=216.0MB lowMemory=false trimLevel=0 importance=125 fdCount=152
  procStatus VmRSS=2326332 kB VmHWM=3158688 kB VmSize=19405448 kB VmSwap=2924 kB Threads=30 FDSize=256
2026-05-31 05:59:10.000 pid=22991 [model-load] Loading configuration: Qwen3.5 2B MTP
2026-05-31 05:59:10.000 pid=22991 [model-load-skip] config=Qwen3.5 2B MTP model already loaded
  javaUsed=3.4MB javaTotal=10.5MB javaMax=256.0MB nativeHeap=363.7MB nativeHeapFree=8.6MB nativeHeapSize=376.1MB
  pssTotal=2.1GB privateDirty=144.8MB sharedDirty=52.0MB nativePss=138.3MB dalvikPss=1.9MB otherPss=1.9GB
  systemAvail=13.9GB systemThreshold=216.0MB lowMemory=false trimLevel=0 importance=125 fdCount=152
  procStatus VmRSS=2326460 kB VmHWM=3158688 kB VmSize=19405448 kB VmSwap=2924 kB Threads=30 FDSize=256
2026-05-31 05:59:10.082 pid=22991 [generation-start] id=13 config=Qwen3.5 2B MTP model=Qwen3.5-2B-Q8_0.gguf promptLen=1066 mediaCount=0
  javaUsed=3.6MB javaTotal=10.5MB javaMax=256.0MB nativeHeap=363.7MB nativeHeapFree=8.6MB nativeHeapSize=376.1MB
  pssTotal=2.1GB privateDirty=145.0MB sharedDirty=52.0MB nativePss=138.3MB dalvikPss=2.1MB otherPss=1.9GB
  systemAvail=13.9GB systemThreshold=216.0MB lowMemory=false trimLevel=0 importance=125 fdCount=152
  procStatus VmRSS=2326016 kB VmHWM=3158688 kB VmSize=19405448 kB VmSwap=2924 kB Threads=30 FDSize=256
2026-05-31 05:59:10.167 pid=22991 [generation-stage] id=13 stage=native-call-start
2026-05-31 05:59:44.765 pid=22991 [generation-stage] id=13 stage=native-call-end resultLen=79
2026-05-31 05:59:44.765 pid=22991 [generation-end] id=13 resultLen=79
  javaUsed=2.8MB javaTotal=10.5MB javaMax=256.0MB nativeHeap=363.7MB nativeHeapFree=8.6MB nativeHeapSize=376.1MB
  pssTotal=2.1GB privateDirty=144.3MB sharedDirty=52.0MB nativePss=138.3MB dalvikPss=1.5MB otherPss=1.9GB
  systemAvail=13.8GB systemThreshold=216.0MB lowMemory=false trimLevel=0 importance=125 fdCount=152
  procStatus VmRSS=2326388 kB VmHWM=3158688 kB VmSize=19405448 kB VmSwap=2924 kB Threads=30 FDSize=256
2026-05-31 05:59:45.327 pid=22991 [model-load] Loading configuration: Qwen3.5 2B
2026-05-31 05:59:45.498 pid=22991 [runtime-memory] Before model load model=Qwen3.5-2B-UD-Q8_K_XL.gguf
  javaUsed=3.1MB javaTotal=10.5MB javaMax=256.0MB nativeHeap=14.7MB nativeHeapFree=49.9MB nativeHeapSize=68.1MB
  pssTotal=29.2MB privateDirty=20.4MB sharedDirty=52.0MB nativePss=14.1MB dalvikPss=1.7MB otherPss=13.4MB
  systemAvail=13.9GB systemThreshold=216.0MB lowMemory=false trimLevel=0 importance=125 fdCount=152
  procStatus VmRSS=182136 kB VmHWM=3158688 kB VmSize=17176532 kB VmSwap=2924 kB Threads=30 FDSize=256
2026-05-31 05:59:45.527 pid=22991 [runtime-memory] After model load cleanup model=Qwen3.5-2B-UD-Q8_K_XL.gguf
  javaUsed=2.5MB javaTotal=10.5MB javaMax=256.0MB nativeHeap=14.7MB nativeHeapFree=49.9MB nativeHeapSize=68.1MB
  pssTotal=28.9MB privateDirty=20.0MB sharedDirty=52.0MB nativePss=14.2MB dalvikPss=1.3MB otherPss=13.4MB
  systemAvail=13.9GB systemThreshold=216.0MB lowMemory=false trimLevel=0 importance=125 fdCount=152
  procStatus VmRSS=181824 kB VmHWM=3158688 kB VmSize=17176532 kB VmSwap=2924 kB Threads=30 FDSize=256
2026-05-31 05:59:46.092 pid=22991 [model-load-complete] config=Qwen3.5 2B model=Qwen3.5-2B-UD-Q8_K_XL.gguf mmproj=(none)
  javaUsed=2.7MB javaTotal=10.5MB javaMax=256.0MB nativeHeap=362.4MB nativeHeapFree=8.8MB nativeHeapSize=374.9MB
  pssTotal=2.9GB privateDirty=171.8MB sharedDirty=52.0MB nativePss=165.9MB dalvikPss=1.4MB otherPss=2.7GB
  systemAvail=13.9GB systemThreshold=216.0MB lowMemory=false trimLevel=0 importance=125 fdCount=152
  procStatus VmRSS=3151756 kB VmHWM=3158688 kB VmSize=20202752 kB VmSwap=2924 kB Threads=30 FDSize=256
2026-05-31 05:59:46.172 pid=22991 [generation-start] id=14 config=Qwen3.5 2B model=Qwen3.5-2B-UD-Q8_K_XL.gguf promptLen=1057 mediaCount=0
  javaUsed=2.9MB javaTotal=10.5MB javaMax=256.0MB nativeHeap=362.4MB nativeHeapFree=8.7MB nativeHeapSize=374.9MB
  pssTotal=2.9GB privateDirty=172.0MB sharedDirty=52.0MB nativePss=165.9MB dalvikPss=1.5MB otherPss=2.7GB
  systemAvail=13.9GB systemThreshold=216.0MB lowMemory=false trimLevel=0 importance=125 fdCount=152
  procStatus VmRSS=3153900 kB VmHWM=3158688 kB VmSize=20202752 kB VmSwap=2924 kB Threads=30 FDSize=256
2026-05-31 05:59:46.250 pid=22991 [generation-stage] id=14 stage=native-call-start
2026-05-31 06:00:28.262 pid=22991 [generation-stage] id=14 stage=native-call-end resultLen=101
2026-05-31 06:00:28.263 pid=22991 [generation-end] id=14 resultLen=101
  javaUsed=2.8MB javaTotal=10.5MB javaMax=256.0MB nativeHeap=363.7MB nativeHeapFree=8.6MB nativeHeapSize=376.1MB
  pssTotal=2.8GB privateDirty=146.4MB sharedDirty=52.0MB nativePss=138.4MB dalvikPss=3.5MB otherPss=2.7GB
  systemAvail=13.9GB systemThreshold=216.0MB lowMemory=false trimLevel=0 importance=125 fdCount=152
  procStatus VmRSS=3125616 kB VmHWM=3160680 kB VmSize=20202752 kB VmSwap=2924 kB Threads=30 FDSize=256
2026-05-31 06:00:28.903 pid=22991 [model-load] Loading configuration: Qwen3.5 2B MTP
2026-05-31 06:00:29.199 pid=22991 [runtime-memory] Before model load model=Qwen3.5-2B-Q8_0.gguf
  javaUsed=3.1MB javaTotal=10.5MB javaMax=256.0MB nativeHeap=14.7MB nativeHeapFree=49.9MB nativeHeapSize=68.1MB
  pssTotal=31.2MB privateDirty=22.3MB sharedDirty=52.0MB nativePss=14.1MB dalvikPss=3.7MB otherPss=13.4MB
  systemAvail=14.0GB systemThreshold=216.0MB lowMemory=false trimLevel=0 importance=125 fdCount=152
  procStatus VmRSS=184032 kB VmHWM=3160680 kB VmSize=17176532 kB VmSwap=2924 kB Threads=30 FDSize=256
2026-05-31 06:00:29.265 pid=22991 [runtime-memory] After model load cleanup model=Qwen3.5-2B-Q8_0.gguf
  javaUsed=2.6MB javaTotal=10.5MB javaMax=256.0MB nativeHeap=14.7MB nativeHeapFree=49.9MB nativeHeapSize=68.1MB
  pssTotal=28.9MB privateDirty=20.0MB sharedDirty=52.0MB nativePss=14.2MB dalvikPss=1.3MB otherPss=13.4MB
  systemAvail=14.0GB systemThreshold=216.0MB lowMemory=false trimLevel=0 importance=125 fdCount=152
  procStatus VmRSS=181692 kB VmHWM=3160680 kB VmSize=17176532 kB VmSwap=2924 kB Threads=30 FDSize=256
2026-05-31 06:00:30.353 pid=22991 [model-load-complete] config=Qwen3.5 2B MTP model=Qwen3.5-2B-Q8_0.gguf mmproj=(none)
  javaUsed=2.7MB javaTotal=10.5MB javaMax=256.0MB nativeHeap=362.4MB nativeHeapFree=8.8MB nativeHeapSize=374.9MB
  pssTotal=2.1GB privateDirty=171.8MB sharedDirty=52.0MB nativePss=165.9MB dalvikPss=1.4MB otherPss=1.9GB
  systemAvail=13.8GB systemThreshold=216.0MB lowMemory=false trimLevel=0 importance=125 fdCount=152
  procStatus VmRSS=2354512 kB VmHWM=3160680 kB VmSize=19405448 kB VmSwap=2924 kB Threads=30 FDSize=256
2026-05-31 06:00:30.476 pid=22991 [generation-start] id=15 config=Qwen3.5 2B MTP model=Qwen3.5-2B-Q8_0.gguf promptLen=1063 mediaCount=0
  javaUsed=2.9MB javaTotal=10.5MB javaMax=256.0MB nativeHeap=362.4MB nativeHeapFree=8.7MB nativeHeapSize=374.9MB
  pssTotal=2.1GB privateDirty=172.0MB sharedDirty=52.0MB nativePss=165.9MB dalvikPss=1.5MB otherPss=1.9GB
  systemAvail=13.8GB systemThreshold=216.0MB lowMemory=false trimLevel=0 importance=125 fdCount=152
  procStatus VmRSS=2354640 kB VmHWM=3160680 kB VmSize=19405448 kB VmSwap=2924 kB Threads=30 FDSize=256
2026-05-31 06:00:30.596 pid=22991 [generation-stage] id=15 stage=native-call-start
2026-05-31 06:01:08.573 pid=22991 [generation-stage] id=15 stage=native-call-end resultLen=154
2026-05-31 06:01:08.574 pid=22991 [generation-end] id=15 resultLen=154
  javaUsed=3.1MB javaTotal=10.5MB javaMax=256.0MB nativeHeap=363.7MB nativeHeapFree=8.6MB nativeHeapSize=376.1MB
  pssTotal=2.1GB privateDirty=144.6MB sharedDirty=52.0MB nativePss=138.3MB dalvikPss=1.7MB otherPss=1.9GB
  systemAvail=13.9GB systemThreshold=216.0MB lowMemory=false trimLevel=0 importance=125 fdCount=152
  procStatus VmRSS=2326688 kB VmHWM=3160680 kB VmSize=19405448 kB VmSwap=2924 kB Threads=30 FDSize=256
2026-05-31 06:01:09.410 pid=22991 [model-load] Loading configuration: Qwen3.5 2B
2026-05-31 06:01:09.663 pid=22991 [runtime-memory] Before model load model=Qwen3.5-2B-UD-Q8_K_XL.gguf
  javaUsed=3.4MB javaTotal=10.5MB javaMax=256.0MB nativeHeap=14.7MB nativeHeapFree=49.9MB nativeHeapSize=68.1MB
  pssTotal=29.5MB privateDirty=20.6MB sharedDirty=52.0MB nativePss=14.1MB dalvikPss=2.0MB otherPss=13.4MB
  systemAvail=14.0GB systemThreshold=216.0MB lowMemory=false trimLevel=0 importance=125 fdCount=152
  procStatus VmRSS=182508 kB VmHWM=3160680 kB VmSize=17176532 kB VmSwap=2924 kB Threads=30 FDSize=256
2026-05-31 06:01:09.730 pid=22991 [runtime-memory] After model load cleanup model=Qwen3.5-2B-UD-Q8_K_XL.gguf
  javaUsed=2.6MB javaTotal=10.5MB javaMax=256.0MB nativeHeap=14.7MB nativeHeapFree=49.9MB nativeHeapSize=68.1MB
  pssTotal=28.9MB privateDirty=20.1MB sharedDirty=52.0MB nativePss=14.3MB dalvikPss=1.3MB otherPss=13.4MB
  systemAvail=14.0GB systemThreshold=216.0MB lowMemory=false trimLevel=0 importance=125 fdCount=152
  procStatus VmRSS=181856 kB VmHWM=3160680 kB VmSize=17176532 kB VmSwap=2924 kB Threads=30 FDSize=256
2026-05-31 06:01:10.883 pid=22991 [model-load-complete] config=Qwen3.5 2B model=Qwen3.5-2B-UD-Q8_K_XL.gguf mmproj=(none)
  javaUsed=2.7MB javaTotal=10.5MB javaMax=256.0MB nativeHeap=362.4MB nativeHeapFree=8.8MB nativeHeapSize=374.9MB
  pssTotal=2.9GB privateDirty=171.8MB sharedDirty=52.0MB nativePss=165.9MB dalvikPss=1.4MB otherPss=2.7GB
  systemAvail=13.8GB systemThreshold=216.0MB lowMemory=false trimLevel=0 importance=125 fdCount=152
  procStatus VmRSS=3151824 kB VmHWM=3160680 kB VmSize=20202752 kB VmSwap=2924 kB Threads=30 FDSize=256
2026-05-31 06:01:11.023 pid=22991 [generation-start] id=16 config=Qwen3.5 2B model=Qwen3.5-2B-UD-Q8_K_XL.gguf promptLen=1057 mediaCount=0
  javaUsed=2.9MB javaTotal=10.5MB javaMax=256.0MB nativeHeap=362.4MB nativeHeapFree=8.7MB nativeHeapSize=374.9MB
  pssTotal=2.9GB privateDirty=172.0MB sharedDirty=52.0MB nativePss=165.9MB dalvikPss=1.5MB otherPss=2.7GB
  systemAvail=13.8GB systemThreshold=216.0MB lowMemory=false trimLevel=0 importance=125 fdCount=152
  procStatus VmRSS=3151952 kB VmHWM=3160680 kB VmSize=20202752 kB VmSwap=2924 kB Threads=30 FDSize=256
2026-05-31 06:01:11.166 pid=22991 [generation-stage] id=16 stage=native-call-start
2026-05-31 06:01:54.327 pid=22991 [generation-stage] id=16 stage=native-call-end resultLen=69
2026-05-31 06:01:54.328 pid=22991 [generation-end] id=16 resultLen=69
  javaUsed=3.1MB javaTotal=10.5MB javaMax=256.0MB nativeHeap=363.7MB nativeHeapFree=8.6MB nativeHeapSize=376.1MB
  pssTotal=2.8GB privateDirty=144.7MB sharedDirty=52.0MB nativePss=138.4MB dalvikPss=1.7MB otherPss=2.7GB
  systemAvail=13.8GB systemThreshold=216.0MB lowMemory=false trimLevel=0 importance=125 fdCount=152
  procStatus VmRSS=3123948 kB VmHWM=3160680 kB VmSize=20202752 kB VmSwap=2924 kB Threads=30 FDSize=256
2026-05-31 06:01:55.080 pid=22991 [model-load] Loading configuration: Qwen3.5 2B MTP
2026-05-31 06:01:55.384 pid=22991 [runtime-memory] Before model load model=Qwen3.5-2B-Q8_0.gguf
  javaUsed=2.6MB javaTotal=10.5MB javaMax=256.0MB nativeHeap=14.7MB nativeHeapFree=49.9MB nativeHeapSize=68.1MB
  pssTotal=28.7MB privateDirty=19.8MB sharedDirty=52.0MB nativePss=14.0MB dalvikPss=1.3MB otherPss=13.4MB
  systemAvail=14.0GB systemThreshold=216.0MB lowMemory=false trimLevel=0 importance=125 fdCount=152
  procStatus VmRSS=181692 kB VmHWM=3160680 kB VmSize=17176532 kB VmSwap=2924 kB Threads=30 FDSize=256
2026-05-31 06:01:55.445 pid=22991 [runtime-memory] After model load cleanup model=Qwen3.5-2B-Q8_0.gguf
  javaUsed=2.6MB javaTotal=10.5MB javaMax=256.0MB nativeHeap=14.7MB nativeHeapFree=49.9MB nativeHeapSize=68.1MB
  pssTotal=28.8MB privateDirty=19.9MB sharedDirty=52.0MB nativePss=14.1MB dalvikPss=1.3MB otherPss=13.4MB
  systemAvail=14.0GB systemThreshold=216.0MB lowMemory=false trimLevel=0 importance=125 fdCount=152
  procStatus VmRSS=181900 kB VmHWM=3160680 kB VmSize=17176532 kB VmSwap=2924 kB Threads=30 FDSize=256
2026-05-31 06:01:56.507 pid=22991 [model-load-complete] config=Qwen3.5 2B MTP model=Qwen3.5-2B-Q8_0.gguf mmproj=(none)
  javaUsed=2.7MB javaTotal=10.5MB javaMax=256.0MB nativeHeap=362.4MB nativeHeapFree=8.8MB nativeHeapSize=374.9MB
  pssTotal=2.1GB privateDirty=171.8MB sharedDirty=52.0MB nativePss=165.9MB dalvikPss=1.4MB otherPss=1.9GB
  systemAvail=13.8GB systemThreshold=216.0MB lowMemory=false trimLevel=0 importance=125 fdCount=152
  procStatus VmRSS=2354592 kB VmHWM=3160680 kB VmSize=19405448 kB VmSwap=2924 kB Threads=30 FDSize=256
2026-05-31 06:01:56.628 pid=22991 [generation-start] id=17 config=Qwen3.5 2B MTP model=Qwen3.5-2B-Q8_0.gguf promptLen=1051 mediaCount=0
  javaUsed=2.9MB javaTotal=10.5MB javaMax=256.0MB nativeHeap=362.4MB nativeHeapFree=8.7MB nativeHeapSize=374.9MB
  pssTotal=2.1GB privateDirty=172.0MB sharedDirty=52.0MB nativePss=165.9MB dalvikPss=1.5MB otherPss=1.9GB
  systemAvail=13.8GB systemThreshold=216.0MB lowMemory=false trimLevel=0 importance=125 fdCount=152
  procStatus VmRSS=2354720 kB VmHWM=3160680 kB VmSize=19405448 kB VmSwap=2924 kB Threads=30 FDSize=256
2026-05-31 06:01:56.744 pid=22991 [generation-stage] id=17 stage=native-call-start
2026-05-31 06:02:29.103 pid=22991 [generation-stage] id=17 stage=native-call-end resultLen=40
2026-05-31 06:02:29.103 pid=22991 [generation-end] id=17 resultLen=40
  javaUsed=3.1MB javaTotal=10.5MB javaMax=256.0MB nativeHeap=363.7MB nativeHeapFree=8.6MB nativeHeapSize=376.1MB
  pssTotal=2.1GB privateDirty=144.5MB sharedDirty=52.0MB nativePss=138.3MB dalvikPss=1.7MB otherPss=1.9GB
  systemAvail=13.8GB systemThreshold=216.0MB lowMemory=false trimLevel=0 importance=125 fdCount=152
  procStatus VmRSS=2326736 kB VmHWM=3160680 kB VmSize=19405448 kB VmSwap=2924 kB Threads=30 FDSize=256
2026-05-31 06:02:29.220 pid=22991 [model-load] Loading configuration: Qwen3.5 2B MTP
2026-05-31 06:02:29.220 pid=22991 [model-load-skip] config=Qwen3.5 2B MTP model already loaded
  javaUsed=3.4MB javaTotal=10.5MB javaMax=256.0MB nativeHeap=363.7MB nativeHeapFree=8.6MB nativeHeapSize=376.1MB
  pssTotal=2.1GB privateDirty=144.8MB sharedDirty=52.0MB nativePss=138.3MB dalvikPss=1.9MB otherPss=1.9GB
  systemAvail=13.8GB systemThreshold=216.0MB lowMemory=false trimLevel=0 importance=125 fdCount=152
  procStatus VmRSS=2326736 kB VmHWM=3160680 kB VmSize=19405448 kB VmSwap=2924 kB Threads=30 FDSize=256
2026-05-31 06:02:29.341 pid=22991 [generation-start] id=18 config=Qwen3.5 2B MTP model=Qwen3.5-2B-Q8_0.gguf promptLen=1051 mediaCount=0
  javaUsed=3.6MB javaTotal=10.5MB javaMax=256.0MB nativeHeap=363.7MB nativeHeapFree=8.6MB nativeHeapSize=376.1MB
  pssTotal=2.1GB privateDirty=144.9MB sharedDirty=52.0MB nativePss=138.3MB dalvikPss=2.1MB otherPss=1.9GB
  systemAvail=13.8GB systemThreshold=216.0MB lowMemory=false trimLevel=0 importance=125 fdCount=152
  procStatus VmRSS=2326864 kB VmHWM=3160680 kB VmSize=19405448 kB VmSwap=2924 kB Threads=30 FDSize=256
2026-05-31 06:02:29.456 pid=22991 [generation-stage] id=18 stage=native-call-start
2026-05-31 06:03:02.562 pid=22991 [generation-stage] id=18 stage=native-call-end resultLen=57
2026-05-31 06:03:02.563 pid=22991 [generation-end] id=18 resultLen=57
  javaUsed=3.8MB javaTotal=10.5MB javaMax=256.0MB nativeHeap=363.7MB nativeHeapFree=8.6MB nativeHeapSize=376.1MB
  pssTotal=2.1GB privateDirty=145.1MB sharedDirty=52.0MB nativePss=138.3MB dalvikPss=2.3MB otherPss=1.9GB
  systemAvail=13.8GB systemThreshold=216.0MB lowMemory=false trimLevel=0 importance=125 fdCount=152
  procStatus VmRSS=2327368 kB VmHWM=3160680 kB VmSize=19405448 kB VmSwap=2924 kB Threads=30 FDSize=256
2026-05-31 06:03:03.279 pid=22991 [model-load] Loading configuration: Qwen3.5 2B
2026-05-31 06:03:03.528 pid=22991 [runtime-memory] Before model load model=Qwen3.5-2B-UD-Q8_K_XL.gguf
  javaUsed=2.6MB javaTotal=10.5MB javaMax=256.0MB nativeHeap=14.7MB nativeHeapFree=49.9MB nativeHeapSize=68.1MB
  pssTotal=28.7MB privateDirty=19.8MB sharedDirty=52.0MB nativePss=14.0MB dalvikPss=1.3MB otherPss=13.4MB
  systemAvail=13.9GB systemThreshold=216.0MB lowMemory=false trimLevel=0 importance=125 fdCount=152
  procStatus VmRSS=181908 kB VmHWM=3160680 kB VmSize=17176532 kB VmSwap=2924 kB Threads=30 FDSize=256
2026-05-31 06:03:03.585 pid=22991 [runtime-memory] After model load cleanup model=Qwen3.5-2B-UD-Q8_K_XL.gguf
  javaUsed=2.6MB javaTotal=10.5MB javaMax=256.0MB nativeHeap=14.7MB nativeHeapFree=49.9MB nativeHeapSize=68.1MB
  pssTotal=28.8MB privateDirty=19.9MB sharedDirty=52.0MB nativePss=14.1MB dalvikPss=1.3MB otherPss=13.4MB
  systemAvail=13.9GB systemThreshold=216.0MB lowMemory=false trimLevel=0 importance=125 fdCount=152
  procStatus VmRSS=182100 kB VmHWM=3160680 kB VmSize=17176532 kB VmSwap=2924 kB Threads=30 FDSize=256
2026-05-31 06:03:04.668 pid=22991 [model-load-complete] config=Qwen3.5 2B model=Qwen3.5-2B-UD-Q8_K_XL.gguf mmproj=(none)
  javaUsed=2.7MB javaTotal=10.5MB javaMax=256.0MB nativeHeap=362.4MB nativeHeapFree=8.8MB nativeHeapSize=374.9MB
  pssTotal=2.9GB privateDirty=171.8MB sharedDirty=52.0MB nativePss=165.9MB dalvikPss=1.4MB otherPss=2.7GB
  systemAvail=13.8GB systemThreshold=216.0MB lowMemory=false trimLevel=0 importance=125 fdCount=152
  procStatus VmRSS=3151968 kB VmHWM=3160680 kB VmSize=20202752 kB VmSwap=2924 kB Threads=30 FDSize=256
2026-05-31 06:03:04.766 pid=22991 [generation-start] id=19 config=Qwen3.5 2B model=Qwen3.5-2B-UD-Q8_K_XL.gguf promptLen=1051 mediaCount=0
  javaUsed=2.9MB javaTotal=10.5MB javaMax=256.0MB nativeHeap=362.4MB nativeHeapFree=8.7MB nativeHeapSize=374.9MB
  pssTotal=2.9GB privateDirty=172.0MB sharedDirty=52.0MB nativePss=165.9MB dalvikPss=1.6MB otherPss=2.7GB
  systemAvail=13.8GB systemThreshold=216.0MB lowMemory=false trimLevel=0 importance=125 fdCount=152
  procStatus VmRSS=3152096 kB VmHWM=3160680 kB VmSize=20202752 kB VmSwap=2924 kB Threads=30 FDSize=256
2026-05-31 06:03:04.855 pid=22991 [generation-stage] id=19 stage=native-call-start
2026-05-31 06:03:51.956 pid=22991 [generation-stage] id=19 stage=native-call-end resultLen=211
2026-05-31 06:03:51.957 pid=22991 [generation-end] id=19 resultLen=211
  javaUsed=3.1MB javaTotal=10.5MB javaMax=256.0MB nativeHeap=363.7MB nativeHeapFree=8.6MB nativeHeapSize=376.1MB
  pssTotal=2.8GB privateDirty=144.6MB sharedDirty=52.0MB nativePss=138.4MB dalvikPss=1.7MB otherPss=2.7GB
  systemAvail=13.8GB systemThreshold=216.0MB lowMemory=false trimLevel=0 importance=125 fdCount=152
  procStatus VmRSS=3124264 kB VmHWM=3160680 kB VmSize=20202752 kB VmSwap=2924 kB Threads=30 FDSize=256
2026-05-31 06:03:52.620 pid=22991 [model-load] Loading configuration: Qwen3.5 2B MTP
2026-05-31 06:03:52.927 pid=22991 [runtime-memory] Before model load model=Qwen3.5-2B-Q8_0.gguf
  javaUsed=3.4MB javaTotal=10.5MB javaMax=256.0MB nativeHeap=14.7MB nativeHeapFree=49.9MB nativeHeapSize=68.1MB
  pssTotal=29.5MB privateDirty=20.6MB sharedDirty=52.0MB nativePss=14.1MB dalvikPss=2.0MB otherPss=13.4MB
  systemAvail=13.9GB systemThreshold=216.0MB lowMemory=false trimLevel=0 importance=125 fdCount=152
  procStatus VmRSS=182540 kB VmHWM=3160680 kB VmSize=17176532 kB VmSwap=2924 kB Threads=30 FDSize=256
2026-05-31 06:03:52.998 pid=22991 [runtime-memory] After model load cleanup model=Qwen3.5-2B-Q8_0.gguf
  javaUsed=2.6MB javaTotal=10.5MB javaMax=256.0MB nativeHeap=14.7MB nativeHeapFree=49.9MB nativeHeapSize=68.1MB
  pssTotal=28.9MB privateDirty=20.0MB sharedDirty=52.0MB nativePss=14.2MB dalvikPss=1.3MB otherPss=13.4MB
  systemAvail=13.9GB systemThreshold=216.0MB lowMemory=false trimLevel=0 importance=125 fdCount=152
  procStatus VmRSS=182016 kB VmHWM=3160680 kB VmSize=17176532 kB VmSwap=2924 kB Threads=30 FDSize=256
2026-05-31 06:03:54.119 pid=22991 [model-load-complete] config=Qwen3.5 2B MTP model=Qwen3.5-2B-Q8_0.gguf mmproj=(none)
  javaUsed=2.7MB javaTotal=10.5MB javaMax=256.0MB nativeHeap=362.4MB nativeHeapFree=8.8MB nativeHeapSize=374.9MB
  pssTotal=2.1GB privateDirty=171.8MB sharedDirty=52.0MB nativePss=165.9MB dalvikPss=1.4MB otherPss=1.9GB
  systemAvail=13.8GB systemThreshold=216.0MB lowMemory=false trimLevel=0 importance=125 fdCount=152
  procStatus VmRSS=2354708 kB VmHWM=3160680 kB VmSize=19405448 kB VmSwap=2924 kB Threads=30 FDSize=256
2026-05-31 06:03:54.243 pid=22991 [generation-start] id=20 config=Qwen3.5 2B MTP model=Qwen3.5-2B-Q8_0.gguf promptLen=1057 mediaCount=0
  javaUsed=2.9MB javaTotal=10.5MB javaMax=256.0MB nativeHeap=362.4MB nativeHeapFree=8.7MB nativeHeapSize=374.9MB
  pssTotal=2.1GB privateDirty=172.0MB sharedDirty=52.0MB nativePss=165.9MB dalvikPss=1.5MB otherPss=1.9GB
  systemAvail=13.8GB systemThreshold=216.0MB lowMemory=false trimLevel=0 importance=125 fdCount=152
  procStatus VmRSS=2354836 kB VmHWM=3160680 kB VmSize=19405448 kB VmSwap=2924 kB Threads=30 FDSize=256
2026-05-31 06:03:54.366 pid=22991 [generation-stage] id=20 stage=native-call-start
2026-05-31 06:04:30.644 pid=22991 [generation-stage] id=20 stage=native-call-end resultLen=112
2026-05-31 06:04:30.645 pid=22991 [generation-end] id=20 resultLen=112
  javaUsed=3.1MB javaTotal=10.5MB javaMax=256.0MB nativeHeap=363.7MB nativeHeapFree=8.6MB nativeHeapSize=376.1MB
  pssTotal=2.1GB privateDirty=144.6MB sharedDirty=52.0MB nativePss=138.3MB dalvikPss=1.7MB otherPss=1.9GB
  systemAvail=13.9GB systemThreshold=216.0MB lowMemory=false trimLevel=0 importance=125 fdCount=152
  procStatus VmRSS=2326988 kB VmHWM=3160680 kB VmSize=19405448 kB VmSwap=2924 kB Threads=30 FDSize=256
2026-05-31 06:04:31.378 pid=22991 [model-load] Loading configuration: Qwen3.5 2B
2026-05-31 06:04:31.654 pid=22991 [runtime-memory] Before model load model=Qwen3.5-2B-UD-Q8_K_XL.gguf
  javaUsed=2.8MB javaTotal=10.5MB javaMax=256.0MB nativeHeap=14.7MB nativeHeapFree=49.9MB nativeHeapSize=68.1MB
  pssTotal=30.8MB privateDirty=22.0MB sharedDirty=52.0MB nativePss=14.0MB dalvikPss=3.4MB otherPss=13.4MB
  systemAvail=14.0GB systemThreshold=216.0MB lowMemory=false trimLevel=0 importance=125 fdCount=152
  procStatus VmRSS=183980 kB VmHWM=3160680 kB VmSize=17176532 kB VmSwap=2924 kB Threads=30 FDSize=256
2026-05-31 06:04:31.719 pid=22991 [runtime-memory] After model load cleanup model=Qwen3.5-2B-UD-Q8_K_XL.gguf
  javaUsed=2.6MB javaTotal=10.5MB javaMax=256.0MB nativeHeap=14.7MB nativeHeapFree=49.9MB nativeHeapSize=68.1MB
  pssTotal=28.8MB privateDirty=19.9MB sharedDirty=52.0MB nativePss=14.1MB dalvikPss=1.3MB otherPss=13.4MB
  systemAvail=14.0GB systemThreshold=216.0MB lowMemory=false trimLevel=0 importance=125 fdCount=152
  procStatus VmRSS=181984 kB VmHWM=3160680 kB VmSize=17176532 kB VmSwap=2924 kB Threads=30 FDSize=256
2026-05-31 06:04:32.905 pid=22991 [model-load-complete] config=Qwen3.5 2B model=Qwen3.5-2B-UD-Q8_K_XL.gguf mmproj=(none)
  javaUsed=2.7MB javaTotal=10.5MB javaMax=256.0MB nativeHeap=362.4MB nativeHeapFree=8.8MB nativeHeapSize=374.9MB
  pssTotal=2.9GB privateDirty=171.8MB sharedDirty=52.0MB nativePss=165.9MB dalvikPss=1.4MB otherPss=2.7GB
  systemAvail=13.9GB systemThreshold=216.0MB lowMemory=false trimLevel=0 importance=125 fdCount=152
  procStatus VmRSS=3151908 kB VmHWM=3160680 kB VmSize=20202752 kB VmSwap=2924 kB Threads=30 FDSize=256
2026-05-31 06:04:33.051 pid=22991 [generation-start] id=21 config=Qwen3.5 2B model=Qwen3.5-2B-UD-Q8_K_XL.gguf promptLen=1054 mediaCount=0
  javaUsed=2.9MB javaTotal=10.5MB javaMax=256.0MB nativeHeap=362.4MB nativeHeapFree=8.7MB nativeHeapSize=374.9MB
  pssTotal=2.9GB privateDirty=172.0MB sharedDirty=52.0MB nativePss=165.9MB dalvikPss=1.5MB otherPss=2.7GB
  systemAvail=13.9GB systemThreshold=216.0MB lowMemory=false trimLevel=0 importance=125 fdCount=152
  procStatus VmRSS=3152164 kB VmHWM=3160680 kB VmSize=20202752 kB VmSwap=2924 kB Threads=30 FDSize=256
2026-05-31 06:04:33.200 pid=22991 [generation-stage] id=21 stage=native-call-start
2026-05-31 06:05:19.771 pid=22991 [generation-stage] id=21 stage=native-call-end resultLen=116
2026-05-31 06:05:19.772 pid=22991 [generation-end] id=21 resultLen=116
  javaUsed=3.1MB javaTotal=10.5MB javaMax=256.0MB nativeHeap=363.7MB nativeHeapFree=8.6MB nativeHeapSize=376.1MB
  pssTotal=2.8GB privateDirty=144.6MB sharedDirty=52.0MB nativePss=138.4MB dalvikPss=1.7MB otherPss=2.7GB
  systemAvail=13.9GB systemThreshold=216.0MB lowMemory=false trimLevel=0 importance=125 fdCount=152
  procStatus VmRSS=3124288 kB VmHWM=3160680 kB VmSize=20202752 kB VmSwap=2924 kB Threads=30 FDSize=256
2026-05-31 06:05:20.412 pid=22991 [model-load] Loading configuration: Qwen3.5 2B MTP
2026-05-31 06:05:20.709 pid=22991 [runtime-memory] Before model load model=Qwen3.5-2B-Q8_0.gguf
  javaUsed=3.4MB javaTotal=10.5MB javaMax=256.0MB nativeHeap=14.7MB nativeHeapFree=49.9MB nativeHeapSize=68.1MB
  pssTotal=29.5MB privateDirty=20.6MB sharedDirty=52.0MB nativePss=14.1MB dalvikPss=2.0MB otherPss=13.4MB
  systemAvail=14.0GB systemThreshold=216.0MB lowMemory=false trimLevel=0 importance=125 fdCount=152
  procStatus VmRSS=182608 kB VmHWM=3160680 kB VmSize=17176532 kB VmSwap=2924 kB Threads=30 FDSize=256
2026-05-31 06:05:20.777 pid=22991 [runtime-memory] After model load cleanup model=Qwen3.5-2B-Q8_0.gguf
  javaUsed=2.6MB javaTotal=10.5MB javaMax=256.0MB nativeHeap=14.7MB nativeHeapFree=49.9MB nativeHeapSize=68.1MB
  pssTotal=28.9MB privateDirty=20.1MB sharedDirty=52.0MB nativePss=14.3MB dalvikPss=1.3MB otherPss=13.4MB
  systemAvail=14.0GB systemThreshold=216.0MB lowMemory=false trimLevel=0 importance=125 fdCount=152
  procStatus VmRSS=182172 kB VmHWM=3160680 kB VmSize=17176532 kB VmSwap=2924 kB Threads=30 FDSize=256
2026-05-31 06:05:21.864 pid=22991 [model-load-complete] config=Qwen3.5 2B MTP model=Qwen3.5-2B-Q8_0.gguf mmproj=(none)
  javaUsed=2.7MB javaTotal=10.5MB javaMax=256.0MB nativeHeap=362.4MB nativeHeapFree=8.8MB nativeHeapSize=374.9MB
  pssTotal=2.1GB privateDirty=171.8MB sharedDirty=52.0MB nativePss=165.9MB dalvikPss=1.4MB otherPss=1.9GB
  systemAvail=13.8GB systemThreshold=216.0MB lowMemory=false trimLevel=0 importance=125 fdCount=152
  procStatus VmRSS=2354736 kB VmHWM=3160680 kB VmSize=19405448 kB VmSwap=2924 kB Threads=30 FDSize=256
2026-05-31 06:05:21.989 pid=22991 [generation-start] id=22 config=Qwen3.5 2B MTP model=Qwen3.5-2B-Q8_0.gguf promptLen=1060 mediaCount=0
  javaUsed=2.9MB javaTotal=10.5MB javaMax=256.0MB nativeHeap=362.4MB nativeHeapFree=8.7MB nativeHeapSize=374.9MB
  pssTotal=2.1GB privateDirty=172.0MB sharedDirty=52.0MB nativePss=165.9MB dalvikPss=1.5MB otherPss=1.9GB
  systemAvail=13.8GB systemThreshold=216.0MB lowMemory=false trimLevel=0 importance=125 fdCount=152
  procStatus VmRSS=2354992 kB VmHWM=3160680 kB VmSize=19405448 kB VmSwap=2924 kB Threads=30 FDSize=256
2026-05-31 06:05:22.111 pid=22991 [generation-stage] id=22 stage=native-call-start
2026-05-31 06:05:59.843 pid=22991 [generation-stage] id=22 stage=native-call-end resultLen=108
2026-05-31 06:05:59.843 pid=22991 [generation-end] id=22 resultLen=108
  javaUsed=2.6MB javaTotal=10.5MB javaMax=256.0MB nativeHeap=363.7MB nativeHeapFree=8.6MB nativeHeapSize=376.1MB
  pssTotal=2.1GB privateDirty=144.2MB sharedDirty=52.0MB nativePss=138.3MB dalvikPss=1.3MB otherPss=1.9GB
  systemAvail=13.8GB systemThreshold=216.0MB lowMemory=false trimLevel=0 importance=125 fdCount=152
  procStatus VmRSS=2326156 kB VmHWM=3160680 kB VmSize=19405448 kB VmSwap=2924 kB Threads=30 FDSize=256
2026-05-31 06:06:00.418 pid=22991 [model-load] Loading configuration: Qwen3.5 2B
2026-05-31 06:06:00.676 pid=22991 [runtime-memory] Before model load model=Qwen3.5-2B-UD-Q8_K_XL.gguf
  javaUsed=2.9MB javaTotal=10.5MB javaMax=256.0MB nativeHeap=14.7MB nativeHeapFree=49.9MB nativeHeapSize=68.1MB
  pssTotal=29.0MB privateDirty=20.1MB sharedDirty=52.0MB nativePss=14.1MB dalvikPss=1.5MB otherPss=13.4MB
  systemAvail=13.9GB systemThreshold=216.0MB lowMemory=false trimLevel=0 importance=125 fdCount=152
  procStatus VmRSS=181836 kB VmHWM=3160680 kB VmSize=17176532 kB VmSwap=2924 kB Threads=30 FDSize=256
2026-05-31 06:06:00.741 pid=22991 [runtime-memory] After model load cleanup model=Qwen3.5-2B-UD-Q8_K_XL.gguf
  javaUsed=2.6MB javaTotal=10.5MB javaMax=256.0MB nativeHeap=14.7MB nativeHeapFree=49.9MB nativeHeapSize=68.1MB
  pssTotal=28.8MB privateDirty=20.0MB sharedDirty=52.0MB nativePss=14.2MB dalvikPss=1.3MB otherPss=13.4MB
  systemAvail=13.9GB systemThreshold=216.0MB lowMemory=false trimLevel=0 importance=125 fdCount=152
  procStatus VmRSS=181788 kB VmHWM=3160680 kB VmSize=17176532 kB VmSwap=2924 kB Threads=30 FDSize=256
2026-05-31 06:06:01.860 pid=22991 [model-load-complete] config=Qwen3.5 2B model=Qwen3.5-2B-UD-Q8_K_XL.gguf mmproj=(none)
  javaUsed=2.7MB javaTotal=10.5MB javaMax=256.0MB nativeHeap=362.4MB nativeHeapFree=8.8MB nativeHeapSize=374.9MB
  pssTotal=2.9GB privateDirty=171.8MB sharedDirty=52.0MB nativePss=165.9MB dalvikPss=1.4MB otherPss=2.7GB
  systemAvail=13.8GB systemThreshold=216.0MB lowMemory=false trimLevel=0 importance=125 fdCount=152
  procStatus VmRSS=3151784 kB VmHWM=3160680 kB VmSize=20202752 kB VmSwap=2924 kB Threads=30 FDSize=256
2026-05-31 06:06:02.001 pid=22991 [generation-start] id=23 config=Qwen3.5 2B model=Qwen3.5-2B-UD-Q8_K_XL.gguf promptLen=1063 mediaCount=0
  javaUsed=2.9MB javaTotal=10.5MB javaMax=256.0MB nativeHeap=362.4MB nativeHeapFree=8.7MB nativeHeapSize=374.9MB
  pssTotal=2.9GB privateDirty=172.0MB sharedDirty=52.0MB nativePss=165.9MB dalvikPss=1.5MB otherPss=2.7GB
  systemAvail=13.8GB systemThreshold=216.0MB lowMemory=false trimLevel=0 importance=125 fdCount=152
  procStatus VmRSS=3151912 kB VmHWM=3160680 kB VmSize=20202752 kB VmSwap=2924 kB Threads=30 FDSize=256
2026-05-31 06:06:02.144 pid=22991 [generation-stage] id=23 stage=native-call-start
2026-05-31 06:06:47.266 pid=22991 [generation-stage] id=23 stage=native-call-end resultLen=109
2026-05-31 06:06:47.267 pid=22991 [generation-end] id=23 resultLen=109
  javaUsed=3.1MB javaTotal=10.5MB javaMax=256.0MB nativeHeap=363.7MB nativeHeapFree=8.6MB nativeHeapSize=376.1MB
  pssTotal=2.8GB privateDirty=144.6MB sharedDirty=52.0MB nativePss=138.4MB dalvikPss=1.7MB otherPss=2.7GB
  systemAvail=13.8GB systemThreshold=216.0MB lowMemory=false trimLevel=0 importance=125 fdCount=152
  procStatus VmRSS=3123892 kB VmHWM=3160680 kB VmSize=20202752 kB VmSwap=2924 kB Threads=30 FDSize=256
2026-05-31 06:06:48.032 pid=22991 [model-load] Loading configuration: Qwen3.5 2B MTP
2026-05-31 06:06:48.333 pid=22991 [runtime-memory] Before model load model=Qwen3.5-2B-Q8_0.gguf
  javaUsed=3.4MB javaTotal=10.5MB javaMax=256.0MB nativeHeap=14.7MB nativeHeapFree=49.9MB nativeHeapSize=68.1MB
  pssTotal=29.5MB privateDirty=20.6MB sharedDirty=52.0MB nativePss=14.2MB dalvikPss=2.0MB otherPss=13.4MB
  systemAvail=13.9GB systemThreshold=216.0MB lowMemory=false trimLevel=0 importance=125 fdCount=152
  procStatus VmRSS=182444 kB VmHWM=3160680 kB VmSize=17176532 kB VmSwap=2924 kB Threads=30 FDSize=256
2026-05-31 06:06:48.397 pid=22991 [runtime-memory] After model load cleanup model=Qwen3.5-2B-Q8_0.gguf
  javaUsed=2.6MB javaTotal=10.5MB javaMax=256.0MB nativeHeap=14.7MB nativeHeapFree=49.9MB nativeHeapSize=68.1MB
  pssTotal=28.9MB privateDirty=20.1MB sharedDirty=52.0MB nativePss=14.2MB dalvikPss=1.3MB otherPss=13.4MB
  systemAvail=13.9GB systemThreshold=216.0MB lowMemory=false trimLevel=0 importance=125 fdCount=152
  procStatus VmRSS=181796 kB VmHWM=3160680 kB VmSize=17176532 kB VmSwap=2924 kB Threads=30 FDSize=256
2026-05-31 06:06:49.464 pid=22991 [model-load-complete] config=Qwen3.5 2B MTP model=Qwen3.5-2B-Q8_0.gguf mmproj=(none)
  javaUsed=2.7MB javaTotal=10.5MB javaMax=256.0MB nativeHeap=362.4MB nativeHeapFree=8.8MB nativeHeapSize=374.9MB
  pssTotal=2.1GB privateDirty=171.8MB sharedDirty=52.0MB nativePss=165.9MB dalvikPss=1.4MB otherPss=1.9GB
  systemAvail=13.8GB systemThreshold=216.0MB lowMemory=false trimLevel=0 importance=125 fdCount=152
  procStatus VmRSS=2354360 kB VmHWM=3160680 kB VmSize=19405448 kB VmSwap=2924 kB Threads=30 FDSize=256
2026-05-31 06:06:49.582 pid=22991 [generation-start] id=24 config=Qwen3.5 2B MTP model=Qwen3.5-2B-Q8_0.gguf promptLen=1054 mediaCount=0
  javaUsed=2.9MB javaTotal=10.5MB javaMax=256.0MB nativeHeap=362.4MB nativeHeapFree=8.7MB nativeHeapSize=374.9MB
  pssTotal=2.1GB privateDirty=172.0MB sharedDirty=52.0MB nativePss=165.9MB dalvikPss=1.5MB otherPss=1.9GB
  systemAvail=13.8GB systemThreshold=216.0MB lowMemory=false trimLevel=0 importance=125 fdCount=152
  procStatus VmRSS=2354452 kB VmHWM=3160680 kB VmSize=19405448 kB VmSwap=2924 kB Threads=30 FDSize=256
2026-05-31 06:06:49.701 pid=22991 [generation-stage] id=24 stage=native-call-start
2026-05-31 06:07:27.073 pid=22991 [generation-stage] id=24 stage=native-call-end resultLen=124
2026-05-31 06:07:27.073 pid=22991 [generation-end] id=24 resultLen=124
  javaUsed=2.8MB javaTotal=10.5MB javaMax=256.0MB nativeHeap=363.7MB nativeHeapFree=8.6MB nativeHeapSize=376.1MB
  pssTotal=2.1GB privateDirty=144.3MB sharedDirty=52.0MB nativePss=138.3MB dalvikPss=1.5MB otherPss=1.9GB
  systemAvail=13.8GB systemThreshold=216.0MB lowMemory=false trimLevel=0 importance=125 fdCount=152
  procStatus VmRSS=2326280 kB VmHWM=3160680 kB VmSize=19405448 kB VmSwap=2924 kB Threads=30 FDSize=256
2026-05-31 06:07:27.902 pid=22991 [model-load] Loading configuration: Qwen3.5 2B
2026-05-31 06:07:28.157 pid=22991 [runtime-memory] Before model load model=Qwen3.5-2B-UD-Q8_K_XL.gguf
  javaUsed=3.1MB javaTotal=10.5MB javaMax=256.0MB nativeHeap=14.7MB nativeHeapFree=49.9MB nativeHeapSize=68.1MB
  pssTotal=29.1MB privateDirty=20.3MB sharedDirty=52.0MB nativePss=14.1MB dalvikPss=1.7MB otherPss=13.4MB
  systemAvail=13.9GB systemThreshold=216.0MB lowMemory=false trimLevel=0 importance=125 fdCount=152
  procStatus VmRSS=182028 kB VmHWM=3160680 kB VmSize=17176532 kB VmSwap=2924 kB Threads=30 FDSize=256
2026-05-31 06:07:28.224 pid=22991 [runtime-memory] After model load cleanup model=Qwen3.5-2B-UD-Q8_K_XL.gguf
  javaUsed=2.6MB javaTotal=10.5MB javaMax=256.0MB nativeHeap=14.7MB nativeHeapFree=49.9MB nativeHeapSize=68.1MB
  pssTotal=28.8MB privateDirty=20.0MB sharedDirty=52.0MB nativePss=14.2MB dalvikPss=1.3MB otherPss=13.4MB
  systemAvail=13.9GB systemThreshold=216.0MB lowMemory=false trimLevel=0 importance=125 fdCount=152
  procStatus VmRSS=181836 kB VmHWM=3160680 kB VmSize=17176532 kB VmSwap=2924 kB Threads=30 FDSize=256
2026-05-31 06:07:29.386 pid=22991 [model-load-complete] config=Qwen3.5 2B model=Qwen3.5-2B-UD-Q8_K_XL.gguf mmproj=(none)
  javaUsed=2.7MB javaTotal=10.5MB javaMax=256.0MB nativeHeap=362.4MB nativeHeapFree=8.8MB nativeHeapSize=374.9MB
  pssTotal=2.9GB privateDirty=171.8MB sharedDirty=52.0MB nativePss=165.9MB dalvikPss=1.4MB otherPss=2.7GB
  systemAvail=13.8GB systemThreshold=216.0MB lowMemory=false trimLevel=0 importance=125 fdCount=152
  procStatus VmRSS=3151920 kB VmHWM=3160680 kB VmSize=20202752 kB VmSwap=2924 kB Threads=30 FDSize=256
2026-05-31 06:07:29.527 pid=22991 [generation-start] id=25 config=Qwen3.5 2B model=Qwen3.5-2B-UD-Q8_K_XL.gguf promptLen=1063 mediaCount=0
  javaUsed=2.9MB javaTotal=10.5MB javaMax=256.0MB nativeHeap=362.4MB nativeHeapFree=8.7MB nativeHeapSize=374.9MB
  pssTotal=2.9GB privateDirty=172.0MB sharedDirty=52.0MB nativePss=165.9MB dalvikPss=1.5MB otherPss=2.7GB
  systemAvail=13.8GB systemThreshold=216.0MB lowMemory=false trimLevel=0 importance=125 fdCount=152
  procStatus VmRSS=3151920 kB VmHWM=3160680 kB VmSize=20202752 kB VmSwap=2924 kB Threads=30 FDSize=256
2026-05-31 06:07:29.672 pid=22991 [generation-stage] id=25 stage=native-call-start
2026-05-31 06:08:18.735 pid=22991 [generation-stage] id=25 stage=native-call-end resultLen=160
2026-05-31 06:08:18.735 pid=22991 [generation-end] id=25 resultLen=160
  javaUsed=3.1MB javaTotal=10.5MB javaMax=256.0MB nativeHeap=363.7MB nativeHeapFree=8.6MB nativeHeapSize=376.1MB
  pssTotal=2.8GB privateDirty=144.6MB sharedDirty=52.0MB nativePss=138.4MB dalvikPss=1.7MB otherPss=2.7GB
  systemAvail=13.7GB systemThreshold=216.0MB lowMemory=false trimLevel=0 importance=125 fdCount=152
  procStatus VmRSS=3124096 kB VmHWM=3160680 kB VmSize=20202752 kB VmSwap=2924 kB Threads=30 FDSize=256
2026-05-31 06:08:18.830 pid=22991 [model-load] Loading configuration: Qwen3.5 2B
2026-05-31 06:08:18.830 pid=22991 [model-load-skip] config=Qwen3.5 2B model already loaded
  javaUsed=3.4MB javaTotal=10.5MB javaMax=256.0MB nativeHeap=363.7MB nativeHeapFree=8.6MB nativeHeapSize=376.1MB
  pssTotal=2.8GB privateDirty=144.9MB sharedDirty=52.0MB nativePss=138.4MB dalvikPss=1.9MB otherPss=2.7GB
  systemAvail=13.7GB systemThreshold=216.0MB lowMemory=false trimLevel=0 importance=125 fdCount=152
  procStatus VmRSS=3124224 kB VmHWM=3160680 kB VmSize=20202752 kB VmSwap=2924 kB Threads=30 FDSize=256
2026-05-31 06:08:18.917 pid=22991 [generation-start] id=26 config=Qwen3.5 2B model=Qwen3.5-2B-UD-Q8_K_XL.gguf promptLen=1063 mediaCount=0
  javaUsed=3.6MB javaTotal=10.5MB javaMax=256.0MB nativeHeap=363.7MB nativeHeapFree=8.6MB nativeHeapSize=376.1MB
  pssTotal=2.8GB privateDirty=145.1MB sharedDirty=52.0MB nativePss=138.4MB dalvikPss=2.1MB otherPss=2.7GB
  systemAvail=13.7GB systemThreshold=216.0MB lowMemory=false trimLevel=0 importance=125 fdCount=152
  procStatus VmRSS=3123656 kB VmHWM=3160680 kB VmSize=20202752 kB VmSwap=2924 kB Threads=30 FDSize=256
2026-05-31 06:08:19.001 pid=22991 [generation-stage] id=26 stage=native-call-start
2026-05-31 06:09:04.808 pid=22991 [generation-stage] id=26 stage=native-call-end resultLen=129
2026-05-31 06:09:04.809 pid=22991 [generation-end] id=26 resultLen=129
  javaUsed=2.8MB javaTotal=10.5MB javaMax=256.0MB nativeHeap=363.7MB nativeHeapFree=8.6MB nativeHeapSize=376.1MB
  pssTotal=2.8GB privateDirty=144.4MB sharedDirty=52.0MB nativePss=138.4MB dalvikPss=1.5MB otherPss=2.7GB
  systemAvail=13.9GB systemThreshold=216.0MB lowMemory=false trimLevel=0 importance=125 fdCount=152
  procStatus VmRSS=3123896 kB VmHWM=3160680 kB VmSize=20202752 kB VmSwap=2924 kB Threads=30 FDSize=256
2026-05-31 06:09:05.556 pid=22991 [model-load] Loading configuration: Qwen3.5 2B MTP
2026-05-31 06:09:05.869 pid=22991 [runtime-memory] Before model load model=Qwen3.5-2B-Q8_0.gguf
  javaUsed=3.1MB javaTotal=10.5MB javaMax=256.0MB nativeHeap=14.7MB nativeHeapFree=49.9MB nativeHeapSize=68.1MB
  pssTotal=29.1MB privateDirty=20.3MB sharedDirty=52.0MB nativePss=14.1MB dalvikPss=1.7MB otherPss=13.4MB
  systemAvail=14.0GB systemThreshold=216.0MB lowMemory=false trimLevel=0 importance=125 fdCount=152
  procStatus VmRSS=182064 kB VmHWM=3160680 kB VmSize=17176532 kB VmSwap=2924 kB Threads=30 FDSize=256
2026-05-31 06:09:05.934 pid=22991 [runtime-memory] After model load cleanup model=Qwen3.5-2B-Q8_0.gguf
  javaUsed=2.6MB javaTotal=10.5MB javaMax=256.0MB nativeHeap=14.7MB nativeHeapFree=49.9MB nativeHeapSize=68.1MB
  pssTotal=28.8MB privateDirty=20.0MB sharedDirty=52.0MB nativePss=14.1MB dalvikPss=1.3MB otherPss=13.4MB
  systemAvail=14.0GB systemThreshold=216.0MB lowMemory=false trimLevel=0 importance=125 fdCount=152
  procStatus VmRSS=181764 kB VmHWM=3160680 kB VmSize=17176532 kB VmSwap=2924 kB Threads=30 FDSize=256
2026-05-31 06:09:06.998 pid=22991 [model-load-complete] config=Qwen3.5 2B MTP model=Qwen3.5-2B-Q8_0.gguf mmproj=(none)
  javaUsed=2.7MB javaTotal=10.5MB javaMax=256.0MB nativeHeap=362.4MB nativeHeapFree=8.8MB nativeHeapSize=374.9MB
  pssTotal=2.1GB privateDirty=171.8MB sharedDirty=52.0MB nativePss=165.9MB dalvikPss=1.4MB otherPss=1.9GB
  systemAvail=13.8GB systemThreshold=216.0MB lowMemory=false trimLevel=0 importance=125 fdCount=152
  procStatus VmRSS=2354456 kB VmHWM=3160680 kB VmSize=19405448 kB VmSwap=2924 kB Threads=30 FDSize=256
2026-05-31 06:09:07.118 pid=22991 [generation-start] id=27 config=Qwen3.5 2B MTP model=Qwen3.5-2B-Q8_0.gguf promptLen=1060 mediaCount=0
  javaUsed=2.9MB javaTotal=10.5MB javaMax=256.0MB nativeHeap=362.4MB nativeHeapFree=8.7MB nativeHeapSize=374.9MB
  pssTotal=2.1GB privateDirty=172.0MB sharedDirty=52.0MB nativePss=165.9MB dalvikPss=1.5MB otherPss=1.9GB
  systemAvail=13.8GB systemThreshold=216.0MB lowMemory=false trimLevel=0 importance=125 fdCount=152
  procStatus VmRSS=2354584 kB VmHWM=3160680 kB VmSize=19405448 kB VmSwap=2924 kB Threads=30 FDSize=256
2026-05-31 06:09:07.236 pid=22991 [generation-stage] id=27 stage=native-call-start
2026-05-31 06:09:42.769 pid=22991 [generation-stage] id=27 stage=native-call-end resultLen=75
2026-05-31 06:09:42.770 pid=22991 [generation-end] id=27 resultLen=75
  javaUsed=3.1MB javaTotal=10.5MB javaMax=256.0MB nativeHeap=363.7MB nativeHeapFree=8.6MB nativeHeapSize=376.1MB
  pssTotal=2.1GB privateDirty=144.6MB sharedDirty=52.0MB nativePss=138.3MB dalvikPss=1.7MB otherPss=1.9GB
  systemAvail=13.9GB systemThreshold=216.0MB lowMemory=false trimLevel=0 importance=125 fdCount=152
  procStatus VmRSS=2326592 kB VmHWM=3160680 kB VmSize=19405448 kB VmSwap=2924 kB Threads=30 FDSize=256
2026-05-31 06:09:43.721 pid=22991 [model-load] Loading configuration: Qwen3.5 2B
2026-05-31 06:09:43.979 pid=22991 [runtime-memory] Before model load model=Qwen3.5-2B-UD-Q8_K_XL.gguf
  javaUsed=3.4MB javaTotal=10.5MB javaMax=256.0MB nativeHeap=14.7MB nativeHeapFree=49.9MB nativeHeapSize=68.1MB
  pssTotal=29.4MB privateDirty=20.6MB sharedDirty=52.0MB nativePss=14.1MB dalvikPss=1.9MB otherPss=13.4MB
  systemAvail=14.0GB systemThreshold=216.0MB lowMemory=false trimLevel=0 importance=125 fdCount=152
  procStatus VmRSS=182412 kB VmHWM=3160680 kB VmSize=17176532 kB VmSwap=2924 kB Threads=30 FDSize=256
2026-05-31 06:09:44.046 pid=22991 [runtime-memory] After model load cleanup model=Qwen3.5-2B-UD-Q8_K_XL.gguf
  javaUsed=2.6MB javaTotal=10.5MB javaMax=256.0MB nativeHeap=14.7MB nativeHeapFree=49.9MB nativeHeapSize=68.1MB
  pssTotal=28.9MB privateDirty=20.0MB sharedDirty=52.0MB nativePss=14.2MB dalvikPss=1.3MB otherPss=13.4MB
  systemAvail=14.0GB systemThreshold=216.0MB lowMemory=false trimLevel=0 importance=125 fdCount=152
  procStatus VmRSS=181896 kB VmHWM=3160680 kB VmSize=17176532 kB VmSwap=2924 kB Threads=30 FDSize=256
2026-05-31 06:09:45.193 pid=22991 [model-load-complete] config=Qwen3.5 2B model=Qwen3.5-2B-UD-Q8_K_XL.gguf mmproj=(none)
  javaUsed=2.7MB javaTotal=10.5MB javaMax=256.0MB nativeHeap=362.4MB nativeHeapFree=8.8MB nativeHeapSize=374.9MB
  pssTotal=2.9GB privateDirty=171.8MB sharedDirty=52.0MB nativePss=165.9MB dalvikPss=1.4MB otherPss=2.7GB
  systemAvail=13.8GB systemThreshold=216.0MB lowMemory=false trimLevel=0 importance=125 fdCount=152
  procStatus VmRSS=3151848 kB VmHWM=3160680 kB VmSize=20202752 kB VmSwap=2924 kB Threads=30 FDSize=256
2026-05-31 06:09:45.344 pid=22991 [generation-start] id=28 config=Qwen3.5 2B model=Qwen3.5-2B-UD-Q8_K_XL.gguf promptLen=1051 mediaCount=0
  javaUsed=2.9MB javaTotal=10.5MB javaMax=256.0MB nativeHeap=362.4MB nativeHeapFree=8.7MB nativeHeapSize=374.9MB
  pssTotal=2.9GB privateDirty=172.0MB sharedDirty=52.0MB nativePss=165.9MB dalvikPss=1.5MB otherPss=2.7GB
  systemAvail=13.8GB systemThreshold=216.0MB lowMemory=false trimLevel=0 importance=125 fdCount=152
  procStatus VmRSS=3151976 kB VmHWM=3160680 kB VmSize=20202752 kB VmSwap=2924 kB Threads=30 FDSize=256
2026-05-31 06:09:45.493 pid=22991 [generation-stage] id=28 stage=native-call-start
2026-05-31 06:10:35.385 pid=22991 [generation-stage] id=28 stage=native-call-end resultLen=193
2026-05-31 06:10:35.386 pid=22991 [generation-end] id=28 resultLen=193
  javaUsed=3.1MB javaTotal=10.5MB javaMax=256.0MB nativeHeap=363.7MB nativeHeapFree=8.6MB nativeHeapSize=376.1MB
  pssTotal=2.8GB privateDirty=144.7MB sharedDirty=52.0MB nativePss=138.4MB dalvikPss=1.7MB otherPss=2.7GB
  systemAvail=13.9GB systemThreshold=216.0MB lowMemory=false trimLevel=0 importance=125 fdCount=152
  procStatus VmRSS=3124132 kB VmHWM=3160680 kB VmSize=20202752 kB VmSwap=2924 kB Threads=30 FDSize=256
2026-05-31 06:10:36.337 pid=22991 [model-load] Loading configuration: Qwen3.5 2B MTP
2026-05-31 06:10:36.568 pid=22991 [runtime-memory] Before model load model=Qwen3.5-2B-Q8_0.gguf
  javaUsed=3.4MB javaTotal=10.5MB javaMax=256.0MB nativeHeap=14.7MB nativeHeapFree=49.9MB nativeHeapSize=68.1MB
  pssTotal=29.4MB privateDirty=20.6MB sharedDirty=52.0MB nativePss=14.1MB dalvikPss=2.0MB otherPss=13.4MB
  systemAvail=14.0GB systemThreshold=216.0MB lowMemory=false trimLevel=0 importance=125 fdCount=152
  procStatus VmRSS=182564 kB VmHWM=3160680 kB VmSize=17176532 kB VmSwap=2924 kB Threads=30 FDSize=256
2026-05-31 06:10:36.603 pid=22991 [runtime-memory] After model load cleanup model=Qwen3.5-2B-Q8_0.gguf
  javaUsed=2.5MB javaTotal=10.5MB javaMax=256.0MB nativeHeap=14.7MB nativeHeapFree=49.9MB nativeHeapSize=68.1MB
  pssTotal=28.8MB privateDirty=20.0MB sharedDirty=52.0MB nativePss=14.2MB dalvikPss=1.3MB otherPss=13.4MB
  systemAvail=14.0GB systemThreshold=216.0MB lowMemory=false trimLevel=0 importance=125 fdCount=152
  procStatus VmRSS=181996 kB VmHWM=3160680 kB VmSize=17176532 kB VmSwap=2924 kB Threads=30 FDSize=256
2026-05-31 06:10:37.291 pid=22991 [model-load-complete] config=Qwen3.5 2B MTP model=Qwen3.5-2B-Q8_0.gguf mmproj=(none)
  javaUsed=2.7MB javaTotal=10.5MB javaMax=256.0MB nativeHeap=362.4MB nativeHeapFree=8.8MB nativeHeapSize=374.9MB
  pssTotal=2.1GB privateDirty=171.8MB sharedDirty=52.0MB nativePss=165.9MB dalvikPss=1.4MB otherPss=1.9GB
  systemAvail=13.8GB systemThreshold=216.0MB lowMemory=false trimLevel=0 importance=125 fdCount=152
  procStatus VmRSS=2354560 kB VmHWM=3160680 kB VmSize=19405448 kB VmSwap=2924 kB Threads=30 FDSize=256
2026-05-31 06:10:37.397 pid=22991 [generation-start] id=29 config=Qwen3.5 2B MTP model=Qwen3.5-2B-Q8_0.gguf promptLen=1063 mediaCount=0
  javaUsed=2.9MB javaTotal=10.5MB javaMax=256.0MB nativeHeap=362.4MB nativeHeapFree=8.7MB nativeHeapSize=374.9MB
  pssTotal=2.1GB privateDirty=172.0MB sharedDirty=52.0MB nativePss=165.9MB dalvikPss=1.5MB otherPss=1.9GB
  systemAvail=13.8GB systemThreshold=216.0MB lowMemory=false trimLevel=0 importance=125 fdCount=152
  procStatus VmRSS=2354688 kB VmHWM=3160680 kB VmSize=19405448 kB VmSwap=2924 kB Threads=30 FDSize=256
2026-05-31 06:10:37.508 pid=22991 [generation-stage] id=29 stage=native-call-start
2026-05-31 06:11:10.932 pid=22991 [generation-stage] id=29 stage=native-call-end resultLen=35
2026-05-31 06:11:10.933 pid=22991 [generation-end] id=29 resultLen=35
  javaUsed=3.1MB javaTotal=10.5MB javaMax=256.0MB nativeHeap=363.7MB nativeHeapFree=8.6MB nativeHeapSize=376.1MB
  pssTotal=2.1GB privateDirty=144.6MB sharedDirty=52.0MB nativePss=138.3MB dalvikPss=1.7MB otherPss=1.9GB
  systemAvail=13.8GB systemThreshold=216.0MB lowMemory=false trimLevel=0 importance=125 fdCount=152
  procStatus VmRSS=2326624 kB VmHWM=3160680 kB VmSize=19405448 kB VmSwap=2924 kB Threads=30 FDSize=256
2026-05-31 06:11:11.553 pid=22991 [model-load] Loading configuration: Qwen3.5 2B
2026-05-31 06:11:11.818 pid=22991 [runtime-memory] Before model load model=Qwen3.5-2B-UD-Q8_K_XL.gguf
  javaUsed=2.6MB javaTotal=10.5MB javaMax=256.0MB nativeHeap=14.7MB nativeHeapFree=49.9MB nativeHeapSize=68.1MB
  pssTotal=28.7MB privateDirty=19.8MB sharedDirty=52.0MB nativePss=14.0MB dalvikPss=1.3MB otherPss=13.4MB
  systemAvail=13.9GB systemThreshold=216.0MB lowMemory=false trimLevel=0 importance=125 fdCount=152
  procStatus VmRSS=181588 kB VmHWM=3160680 kB VmSize=17176532 kB VmSwap=2924 kB Threads=30 FDSize=256
2026-05-31 06:11:11.877 pid=22991 [runtime-memory] After model load cleanup model=Qwen3.5-2B-UD-Q8_K_XL.gguf
  javaUsed=2.6MB javaTotal=10.5MB javaMax=256.0MB nativeHeap=14.7MB nativeHeapFree=49.9MB nativeHeapSize=68.1MB
  pssTotal=28.8MB privateDirty=19.9MB sharedDirty=52.0MB nativePss=14.1MB dalvikPss=1.3MB otherPss=13.4MB
  systemAvail=13.9GB systemThreshold=216.0MB lowMemory=false trimLevel=0 importance=125 fdCount=152
  procStatus VmRSS=181732 kB VmHWM=3160680 kB VmSize=17176532 kB VmSwap=2924 kB Threads=30 FDSize=256
2026-05-31 06:11:13.034 pid=22991 [model-load-complete] config=Qwen3.5 2B model=Qwen3.5-2B-UD-Q8_K_XL.gguf mmproj=(none)
  javaUsed=2.7MB javaTotal=10.5MB javaMax=256.0MB nativeHeap=362.4MB nativeHeapFree=8.8MB nativeHeapSize=374.9MB
  pssTotal=2.9GB privateDirty=171.8MB sharedDirty=52.0MB nativePss=165.9MB dalvikPss=1.4MB otherPss=2.7GB
  systemAvail=13.8GB systemThreshold=216.0MB lowMemory=false trimLevel=0 importance=125 fdCount=152
  procStatus VmRSS=3151780 kB VmHWM=3160680 kB VmSize=20202752 kB VmSwap=2924 kB Threads=30 FDSize=256
2026-05-31 06:11:13.173 pid=22991 [generation-start] id=30 config=Qwen3.5 2B model=Qwen3.5-2B-UD-Q8_K_XL.gguf promptLen=1063 mediaCount=0
  javaUsed=2.9MB javaTotal=10.5MB javaMax=256.0MB nativeHeap=362.4MB nativeHeapFree=8.7MB nativeHeapSize=374.9MB
  pssTotal=2.9GB privateDirty=172.0MB sharedDirty=52.0MB nativePss=165.9MB dalvikPss=1.5MB otherPss=2.7GB
  systemAvail=13.8GB systemThreshold=216.0MB lowMemory=false trimLevel=0 importance=125 fdCount=152
  procStatus VmRSS=3152152 kB VmHWM=3160680 kB VmSize=20202752 kB VmSwap=2924 kB Threads=30 FDSize=256
2026-05-31 06:11:13.302 pid=22991 [generation-stage] id=30 stage=native-call-start
2026-05-31 06:12:02.742 pid=22991 [generation-stage] id=30 stage=native-call-end resultLen=179
2026-05-31 06:12:02.743 pid=22991 [generation-end] id=30 resultLen=179
  javaUsed=3.1MB javaTotal=10.5MB javaMax=256.0MB nativeHeap=363.7MB nativeHeapFree=8.6MB nativeHeapSize=376.1MB
  pssTotal=2.8GB privateDirty=144.7MB sharedDirty=52.0MB nativePss=138.4MB dalvikPss=1.7MB otherPss=2.7GB
  systemAvail=13.7GB systemThreshold=216.0MB lowMemory=false trimLevel=0 importance=125 fdCount=152
  procStatus VmRSS=3124156 kB VmHWM=3160680 kB VmSize=20202752 kB VmSwap=2924 kB Threads=30 FDSize=256
2026-05-31 06:12:03.402 pid=22991 [model-load] Loading configuration: Qwen3.5 2B MTP
2026-05-31 06:12:03.709 pid=22991 [runtime-memory] Before model load model=Qwen3.5-2B-Q8_0.gguf
  javaUsed=3.4MB javaTotal=10.5MB javaMax=256.0MB nativeHeap=14.7MB nativeHeapFree=49.9MB nativeHeapSize=68.1MB
  pssTotal=29.5MB privateDirty=20.7MB sharedDirty=52.0MB nativePss=14.2MB dalvikPss=2.0MB otherPss=13.4MB
  systemAvail=13.8GB systemThreshold=216.0MB lowMemory=false trimLevel=0 importance=125 fdCount=152
  procStatus VmRSS=182656 kB VmHWM=3160680 kB VmSize=17176532 kB VmSwap=2924 kB Threads=30 FDSize=256
2026-05-31 06:12:03.778 pid=22991 [runtime-memory] After model load cleanup model=Qwen3.5-2B-Q8_0.gguf
  javaUsed=2.6MB javaTotal=10.5MB javaMax=256.0MB nativeHeap=14.7MB nativeHeapFree=49.9MB nativeHeapSize=68.1MB
  pssTotal=28.9MB privateDirty=20.1MB sharedDirty=52.0MB nativePss=14.3MB dalvikPss=1.3MB otherPss=13.4MB
  systemAvail=13.8GB systemThreshold=216.0MB lowMemory=false trimLevel=0 importance=125 fdCount=152
  procStatus VmRSS=182112 kB VmHWM=3160680 kB VmSize=17176532 kB VmSwap=2924 kB Threads=30 FDSize=256
2026-05-31 06:12:04.912 pid=22991 [model-load-complete] config=Qwen3.5 2B MTP model=Qwen3.5-2B-Q8_0.gguf mmproj=(none)
  javaUsed=2.7MB javaTotal=10.5MB javaMax=256.0MB nativeHeap=362.4MB nativeHeapFree=8.8MB nativeHeapSize=374.9MB
  pssTotal=2.1GB privateDirty=171.8MB sharedDirty=52.0MB nativePss=165.9MB dalvikPss=1.4MB otherPss=1.9GB
  systemAvail=13.7GB systemThreshold=216.0MB lowMemory=false trimLevel=0 importance=125 fdCount=152
  procStatus VmRSS=2354804 kB VmHWM=3160680 kB VmSize=19405448 kB VmSwap=2924 kB Threads=30 FDSize=256
2026-05-31 06:12:05.033 pid=22991 [generation-start] id=31 config=Qwen3.5 2B MTP model=Qwen3.5-2B-Q8_0.gguf promptLen=1060 mediaCount=0
  javaUsed=2.9MB javaTotal=10.5MB javaMax=256.0MB nativeHeap=362.4MB nativeHeapFree=8.7MB nativeHeapSize=374.9MB
  pssTotal=2.1GB privateDirty=172.0MB sharedDirty=52.0MB nativePss=165.9MB dalvikPss=1.5MB otherPss=1.9GB
  systemAvail=13.7GB systemThreshold=216.0MB lowMemory=false trimLevel=0 importance=125 fdCount=152
  procStatus VmRSS=2355060 kB VmHWM=3160680 kB VmSize=19405448 kB VmSwap=2924 kB Threads=30 FDSize=256
2026-05-31 06:12:05.155 pid=22991 [generation-stage] id=31 stage=native-call-start
2026-05-31 06:12:40.618 pid=22991 [generation-stage] id=31 stage=native-call-end resultLen=36
2026-05-31 06:12:40.619 pid=22991 [generation-end] id=31 resultLen=36
  javaUsed=3.1MB javaTotal=10.5MB javaMax=256.0MB nativeHeap=363.7MB nativeHeapFree=8.6MB nativeHeapSize=376.1MB
  pssTotal=2.1GB privateDirty=144.6MB sharedDirty=52.0MB nativePss=138.3MB dalvikPss=1.7MB otherPss=1.9GB
  systemAvail=13.8GB systemThreshold=216.0MB lowMemory=false trimLevel=0 importance=125 fdCount=152
  procStatus VmRSS=2326912 kB VmHWM=3160680 kB VmSize=19405448 kB VmSwap=2924 kB Threads=30 FDSize=256
2026-05-31 06:12:41.551 pid=22991 [model-load] Loading configuration: Qwen3.5 2B
2026-05-31 06:12:41.818 pid=22991 [runtime-memory] Before model load model=Qwen3.5-2B-UD-Q8_K_XL.gguf
  javaUsed=2.8MB javaTotal=10.5MB javaMax=256.0MB nativeHeap=14.7MB nativeHeapFree=49.9MB nativeHeapSize=68.1MB
  pssTotal=30.9MB privateDirty=22.0MB sharedDirty=52.0MB nativePss=14.1MB dalvikPss=3.4MB otherPss=13.4MB
  systemAvail=14.0GB systemThreshold=216.0MB lowMemory=false trimLevel=0 importance=125 fdCount=152
  procStatus VmRSS=184020 kB VmHWM=3160680 kB VmSize=17176532 kB VmSwap=2924 kB Threads=30 FDSize=256
2026-05-31 06:12:41.874 pid=22991 [runtime-memory] After model load cleanup model=Qwen3.5-2B-UD-Q8_K_XL.gguf
  javaUsed=2.6MB javaTotal=10.5MB javaMax=256.0MB nativeHeap=14.7MB nativeHeapFree=49.9MB nativeHeapSize=68.1MB
  pssTotal=28.8MB privateDirty=20.0MB sharedDirty=52.0MB nativePss=14.2MB dalvikPss=1.3MB otherPss=13.4MB
  systemAvail=14.0GB systemThreshold=216.0MB lowMemory=false trimLevel=0 importance=125 fdCount=152
  procStatus VmRSS=182044 kB VmHWM=3160680 kB VmSize=17176532 kB VmSwap=2924 kB Threads=30 FDSize=256
2026-05-31 06:12:43.064 pid=22991 [model-load-complete] config=Qwen3.5 2B model=Qwen3.5-2B-UD-Q8_K_XL.gguf mmproj=(none)
  javaUsed=2.7MB javaTotal=10.5MB javaMax=256.0MB nativeHeap=362.4MB nativeHeapFree=8.8MB nativeHeapSize=374.9MB
  pssTotal=2.9GB privateDirty=171.8MB sharedDirty=52.0MB nativePss=165.9MB dalvikPss=1.4MB otherPss=2.7GB
  systemAvail=13.8GB systemThreshold=216.0MB lowMemory=false trimLevel=0 importance=125 fdCount=152
  procStatus VmRSS=3152124 kB VmHWM=3160680 kB VmSize=20202752 kB VmSwap=2924 kB Threads=30 FDSize=256
2026-05-31 06:12:43.216 pid=22991 [generation-start] id=32 config=Qwen3.5 2B model=Qwen3.5-2B-UD-Q8_K_XL.gguf promptLen=1054 mediaCount=0
  javaUsed=2.9MB javaTotal=10.5MB javaMax=256.0MB nativeHeap=362.4MB nativeHeapFree=8.7MB nativeHeapSize=374.9MB
  pssTotal=2.9GB privateDirty=172.0MB sharedDirty=52.0MB nativePss=165.9MB dalvikPss=1.5MB otherPss=2.7GB
  systemAvail=13.8GB systemThreshold=216.0MB lowMemory=false trimLevel=0 importance=125 fdCount=152
  procStatus VmRSS=3152252 kB VmHWM=3160680 kB VmSize=20202752 kB VmSwap=2924 kB Threads=30 FDSize=256
2026-05-31 06:12:43.363 pid=22991 [generation-stage] id=32 stage=native-call-start
2026-05-31 06:13:28.641 pid=22991 [generation-stage] id=32 stage=native-call-end resultLen=82
2026-05-31 06:13:28.642 pid=22991 [generation-end] id=32 resultLen=82
  javaUsed=3.1MB javaTotal=10.5MB javaMax=256.0MB nativeHeap=363.7MB nativeHeapFree=8.6MB nativeHeapSize=376.1MB
  pssTotal=2.8GB privateDirty=144.7MB sharedDirty=52.0MB nativePss=138.4MB dalvikPss=1.7MB otherPss=2.7GB
  systemAvail=13.9GB systemThreshold=216.0MB lowMemory=false trimLevel=0 importance=125 fdCount=152
  procStatus VmRSS=3124464 kB VmHWM=3159288 kB VmSize=20202752 kB VmSwap=2924 kB Threads=30 FDSize=256
2026-05-31 06:13:29.298 pid=22991 [model-load] Loading configuration: Qwen3.5 2B MTP
2026-05-31 06:13:29.597 pid=22991 [runtime-memory] Before model load model=Qwen3.5-2B-Q8_0.gguf
  javaUsed=3.4MB javaTotal=10.5MB javaMax=256.0MB nativeHeap=14.7MB nativeHeapFree=49.9MB nativeHeapSize=68.1MB
  pssTotal=29.5MB privateDirty=20.7MB sharedDirty=52.0MB nativePss=14.2MB dalvikPss=2.0MB otherPss=13.4MB
  systemAvail=14.0GB systemThreshold=216.0MB lowMemory=false trimLevel=0 importance=125 fdCount=152
  procStatus VmRSS=182644 kB VmHWM=3159288 kB VmSize=17176532 kB VmSwap=2924 kB Threads=30 FDSize=256
2026-05-31 06:13:29.667 pid=22991 [runtime-memory] After model load cleanup model=Qwen3.5-2B-Q8_0.gguf
  javaUsed=2.6MB javaTotal=10.5MB javaMax=256.0MB nativeHeap=14.7MB nativeHeapFree=49.9MB nativeHeapSize=68.1MB
  pssTotal=30.9MB privateDirty=22.1MB sharedDirty=52.0MB nativePss=14.3MB dalvikPss=3.3MB otherPss=13.4MB
  systemAvail=14.0GB systemThreshold=216.0MB lowMemory=false trimLevel=0 importance=125 fdCount=152
  procStatus VmRSS=184164 kB VmHWM=3159288 kB VmSize=17176532 kB VmSwap=2924 kB Threads=30 FDSize=256
2026-05-31 06:13:30.720 pid=22991 [model-load-complete] config=Qwen3.5 2B MTP model=Qwen3.5-2B-Q8_0.gguf mmproj=(none)
  javaUsed=2.7MB javaTotal=10.5MB javaMax=256.0MB nativeHeap=362.4MB nativeHeapFree=8.8MB nativeHeapSize=374.9MB
  pssTotal=2.1GB privateDirty=173.8MB sharedDirty=52.0MB nativePss=165.9MB dalvikPss=3.4MB otherPss=1.9GB
  systemAvail=13.8GB systemThreshold=216.0MB lowMemory=false trimLevel=0 importance=125 fdCount=152
  procStatus VmRSS=2356856 kB VmHWM=3159288 kB VmSize=19405448 kB VmSwap=2924 kB Threads=30 FDSize=256
2026-05-31 06:13:30.841 pid=22991 [generation-start] id=33 config=Qwen3.5 2B MTP model=Qwen3.5-2B-Q8_0.gguf promptLen=1060 mediaCount=0
  javaUsed=2.9MB javaTotal=10.5MB javaMax=256.0MB nativeHeap=362.4MB nativeHeapFree=8.7MB nativeHeapSize=374.9MB
  pssTotal=2.1GB privateDirty=174.0MB sharedDirty=52.0MB nativePss=165.9MB dalvikPss=3.5MB otherPss=1.9GB
  systemAvail=13.8GB systemThreshold=216.0MB lowMemory=false trimLevel=0 importance=125 fdCount=152
  procStatus VmRSS=2356984 kB VmHWM=3159288 kB VmSize=19405448 kB VmSwap=2924 kB Threads=30 FDSize=256
2026-05-31 06:13:30.962 pid=22991 [generation-stage] id=33 stage=native-call-start
2026-05-31 06:14:06.162 pid=22991 [generation-stage] id=33 stage=native-call-end resultLen=104
2026-05-31 06:14:06.163 pid=22991 [generation-end] id=33 resultLen=104
  javaUsed=2.6MB javaTotal=10.5MB javaMax=256.0MB nativeHeap=363.7MB nativeHeapFree=8.6MB nativeHeapSize=376.1MB
  pssTotal=2.1GB privateDirty=144.2MB sharedDirty=52.0MB nativePss=138.3MB dalvikPss=1.3MB otherPss=1.9GB
  systemAvail=13.8GB systemThreshold=216.0MB lowMemory=false trimLevel=0 importance=125 fdCount=152
  procStatus VmRSS=2326692 kB VmHWM=3159288 kB VmSize=19405448 kB VmSwap=2924 kB Threads=30 FDSize=256
2026-05-31 06:14:06.793 pid=22991 [model-load] Loading configuration: Qwen3.5 2B
2026-05-31 06:14:07.058 pid=22991 [runtime-memory] Before model load model=Qwen3.5-2B-UD-Q8_K_XL.gguf
  javaUsed=2.9MB javaTotal=10.5MB javaMax=256.0MB nativeHeap=14.7MB nativeHeapFree=49.9MB nativeHeapSize=68.1MB
  pssTotal=29.0MB privateDirty=20.2MB sharedDirty=52.0MB nativePss=14.1MB dalvikPss=1.5MB otherPss=13.4MB
  systemAvail=14.0GB systemThreshold=216.0MB lowMemory=false trimLevel=0 importance=125 fdCount=152
  procStatus VmRSS=182296 kB VmHWM=3159288 kB VmSize=17176532 kB VmSwap=2924 kB Threads=30 FDSize=256
2026-05-31 06:14:07.116 pid=22991 [runtime-memory] After model load cleanup model=Qwen3.5-2B-UD-Q8_K_XL.gguf
  javaUsed=2.6MB javaTotal=10.5MB javaMax=256.0MB nativeHeap=14.7MB nativeHeapFree=49.9MB nativeHeapSize=68.1MB
  pssTotal=28.8MB privateDirty=20.0MB sharedDirty=52.0MB nativePss=14.2MB dalvikPss=1.3MB otherPss=13.4MB
  systemAvail=14.0GB systemThreshold=216.0MB lowMemory=false trimLevel=0 importance=125 fdCount=152
  procStatus VmRSS=182168 kB VmHWM=3159288 kB VmSize=17176532 kB VmSwap=2924 kB Threads=30 FDSize=256
2026-05-31 06:14:08.263 pid=22991 [model-load-complete] config=Qwen3.5 2B model=Qwen3.5-2B-UD-Q8_K_XL.gguf mmproj=(none)
  javaUsed=2.7MB javaTotal=10.5MB javaMax=256.0MB nativeHeap=362.4MB nativeHeapFree=8.8MB nativeHeapSize=374.9MB
  pssTotal=2.9GB privateDirty=171.8MB sharedDirty=52.0MB nativePss=165.9MB dalvikPss=1.4MB otherPss=2.7GB
  systemAvail=13.8GB systemThreshold=216.0MB lowMemory=false trimLevel=0 importance=125 fdCount=152
  procStatus VmRSS=3152128 kB VmHWM=3159288 kB VmSize=20202752 kB VmSwap=2924 kB Threads=30 FDSize=256
2026-05-31 06:14:08.408 pid=22991 [generation-start] id=34 config=Qwen3.5 2B model=Qwen3.5-2B-UD-Q8_K_XL.gguf promptLen=1036 mediaCount=0
  javaUsed=2.9MB javaTotal=10.5MB javaMax=256.0MB nativeHeap=362.4MB nativeHeapFree=8.7MB nativeHeapSize=374.9MB
  pssTotal=2.9GB privateDirty=172.0MB sharedDirty=52.0MB nativePss=165.9MB dalvikPss=1.5MB otherPss=2.7GB
  systemAvail=13.8GB systemThreshold=216.0MB lowMemory=false trimLevel=0 importance=125 fdCount=152
  procStatus VmRSS=3152384 kB VmHWM=3159288 kB VmSize=20202752 kB VmSwap=2924 kB Threads=30 FDSize=256
2026-05-31 06:14:08.551 pid=22991 [generation-stage] id=34 stage=native-call-start
2026-05-31 06:14:48.465 pid=22991 [generation-stage] id=34 stage=native-call-end resultLen=53
2026-05-31 06:14:48.465 pid=22991 [generation-end] id=34 resultLen=53
  javaUsed=3.1MB javaTotal=10.5MB javaMax=256.0MB nativeHeap=363.7MB nativeHeapFree=8.6MB nativeHeapSize=376.1MB
  pssTotal=2.8GB privateDirty=144.7MB sharedDirty=52.0MB nativePss=138.4MB dalvikPss=1.7MB otherPss=2.7GB
  systemAvail=13.8GB systemThreshold=216.0MB lowMemory=false trimLevel=0 importance=125 fdCount=152
  procStatus VmRSS=3124300 kB VmHWM=3159288 kB VmSize=20202752 kB VmSwap=2924 kB Threads=30 FDSize=256
2026-05-31 06:14:48.602 pid=22991 [model-load] Loading configuration: Qwen3.5 2B
2026-05-31 06:14:48.602 pid=22991 [model-load-skip] config=Qwen3.5 2B model already loaded
  javaUsed=3.4MB javaTotal=10.5MB javaMax=256.0MB nativeHeap=363.7MB nativeHeapFree=8.6MB nativeHeapSize=376.1MB
  pssTotal=2.8GB privateDirty=144.9MB sharedDirty=52.0MB nativePss=138.4MB dalvikPss=1.9MB otherPss=2.7GB
  systemAvail=13.8GB systemThreshold=216.0MB lowMemory=false trimLevel=0 importance=125 fdCount=152
  procStatus VmRSS=3124428 kB VmHWM=3159288 kB VmSize=20202752 kB VmSwap=2924 kB Threads=30 FDSize=256
2026-05-31 06:14:48.749 pid=22991 [generation-start] id=35 config=Qwen3.5 2B model=Qwen3.5-2B-UD-Q8_K_XL.gguf promptLen=1036 mediaCount=0
  javaUsed=3.6MB javaTotal=10.5MB javaMax=256.0MB nativeHeap=363.7MB nativeHeapFree=8.6MB nativeHeapSize=376.1MB
  pssTotal=2.8GB privateDirty=145.1MB sharedDirty=52.0MB nativePss=138.4MB dalvikPss=2.1MB otherPss=2.7GB
  systemAvail=13.8GB systemThreshold=216.0MB lowMemory=false trimLevel=0 importance=125 fdCount=152
  procStatus VmRSS=3124684 kB VmHWM=3159288 kB VmSize=20202752 kB VmSwap=2924 kB Threads=30 FDSize=256
2026-05-31 06:14:48.890 pid=22991 [generation-stage] id=35 stage=native-call-start
2026-05-31 06:15:35.899 pid=22991 [generation-stage] id=35 stage=native-call-end resultLen=109
2026-05-31 06:15:35.900 pid=22991 [generation-end] id=35 resultLen=109
  javaUsed=2.6MB javaTotal=10.5MB javaMax=256.0MB nativeHeap=363.7MB nativeHeapFree=8.6MB nativeHeapSize=376.1MB
  pssTotal=2.8GB privateDirty=144.3MB sharedDirty=52.0MB nativePss=138.4MB dalvikPss=1.3MB otherPss=2.7GB
  systemAvail=13.8GB systemThreshold=216.0MB lowMemory=false trimLevel=0 importance=125 fdCount=152
  procStatus VmRSS=3123840 kB VmHWM=3159288 kB VmSize=20202752 kB VmSwap=2924 kB Threads=30 FDSize=256
2026-05-31 06:15:36.040 pid=22991 [model-load] Loading configuration: Qwen3.5 2B
2026-05-31 06:15:36.040 pid=22991 [model-load-skip] config=Qwen3.5 2B model already loaded
  javaUsed=2.9MB javaTotal=10.5MB javaMax=256.0MB nativeHeap=363.7MB nativeHeapFree=8.6MB nativeHeapSize=376.1MB
  pssTotal=2.8GB privateDirty=144.5MB sharedDirty=52.0MB nativePss=138.4MB dalvikPss=1.5MB otherPss=2.7GB
  systemAvail=13.8GB systemThreshold=216.0MB lowMemory=false trimLevel=0 importance=125 fdCount=152
  procStatus VmRSS=3124096 kB VmHWM=3159288 kB VmSize=20202752 kB VmSwap=2924 kB Threads=30 FDSize=256
2026-05-31 06:15:36.188 pid=22991 [generation-start] id=36 config=Qwen3.5 2B model=Qwen3.5-2B-UD-Q8_K_XL.gguf promptLen=1036 mediaCount=0
  javaUsed=3.1MB javaTotal=10.5MB javaMax=256.0MB nativeHeap=363.7MB nativeHeapFree=8.6MB nativeHeapSize=376.1MB
  pssTotal=2.8GB privateDirty=144.7MB sharedDirty=52.0MB nativePss=138.4MB dalvikPss=1.7MB otherPss=2.7GB
  systemAvail=13.8GB systemThreshold=216.0MB lowMemory=false trimLevel=0 importance=125 fdCount=152
  procStatus VmRSS=3124224 kB VmHWM=3159288 kB VmSize=20202752 kB VmSwap=2924 kB Threads=30 FDSize=256
2026-05-31 06:15:36.328 pid=22991 [generation-stage] id=36 stage=native-call-start
2026-05-31 06:16:25.940 pid=22991 [generation-stage] id=36 stage=native-call-end resultLen=126
2026-05-31 06:16:25.941 pid=22991 [generation-end] id=36 resultLen=126
  javaUsed=3.3MB javaTotal=10.5MB javaMax=256.0MB nativeHeap=363.7MB nativeHeapFree=8.6MB nativeHeapSize=376.1MB
  pssTotal=2.8GB privateDirty=144.8MB sharedDirty=52.0MB nativePss=138.4MB dalvikPss=1.9MB otherPss=2.7GB
  systemAvail=13.8GB systemThreshold=216.0MB lowMemory=false trimLevel=0 importance=125 fdCount=152
  procStatus VmRSS=3124468 kB VmHWM=3159288 kB VmSize=20202752 kB VmSwap=2924 kB Threads=30 FDSize=256
2026-05-31 06:16:26.089 pid=22991 [model-load] Loading configuration: Qwen3.5 2B
2026-05-31 06:16:26.090 pid=22991 [model-load-skip] config=Qwen3.5 2B model already loaded
  javaUsed=3.6MB javaTotal=10.5MB javaMax=256.0MB nativeHeap=363.7MB nativeHeapFree=8.6MB nativeHeapSize=376.1MB
  pssTotal=2.8GB privateDirty=145.0MB sharedDirty=52.0MB nativePss=138.4MB dalvikPss=2.1MB otherPss=2.7GB
  systemAvail=13.8GB systemThreshold=216.0MB lowMemory=false trimLevel=0 importance=125 fdCount=152
  procStatus VmRSS=3124596 kB VmHWM=3159288 kB VmSize=20202752 kB VmSwap=2924 kB Threads=30 FDSize=256
2026-05-31 06:16:26.242 pid=22991 [generation-start] id=37 config=Qwen3.5 2B model=Qwen3.5-2B-UD-Q8_K_XL.gguf promptLen=1036 mediaCount=0
  javaUsed=3.8MB javaTotal=10.5MB javaMax=256.0MB nativeHeap=363.7MB nativeHeapFree=8.6MB nativeHeapSize=376.1MB
  pssTotal=2.8GB privateDirty=145.2MB sharedDirty=52.0MB nativePss=138.4MB dalvikPss=2.3MB otherPss=2.7GB
  systemAvail=13.8GB systemThreshold=216.0MB lowMemory=false trimLevel=0 importance=125 fdCount=152
  procStatus VmRSS=3124852 kB VmHWM=3159288 kB VmSize=20202752 kB VmSwap=2924 kB Threads=30 FDSize=256
2026-05-31 06:16:26.382 pid=22991 [generation-stage] id=37 stage=native-call-start
2026-05-31 06:17:10.897 pid=22991 [generation-stage] id=37 stage=native-call-end resultLen=80
2026-05-31 06:17:10.898 pid=22991 [generation-end] id=37 resultLen=80
  javaUsed=4.0MB javaTotal=10.5MB javaMax=256.0MB nativeHeap=363.7MB nativeHeapFree=8.6MB nativeHeapSize=376.1MB
  pssTotal=2.8GB privateDirty=145.4MB sharedDirty=52.0MB nativePss=138.4MB dalvikPss=2.5MB otherPss=2.7GB
  systemAvail=13.8GB systemThreshold=216.0MB lowMemory=false trimLevel=0 importance=125 fdCount=152
  procStatus VmRSS=3125100 kB VmHWM=3159288 kB VmSize=20202752 kB VmSwap=2924 kB Threads=30 FDSize=256
2026-05-31 06:17:11.655 pid=22991 [model-load] Loading configuration: Qwen3.5 2B MTP
2026-05-31 06:17:11.956 pid=22991 [runtime-memory] Before model load model=Qwen3.5-2B-Q8_0.gguf
  javaUsed=4.3MB javaTotal=10.5MB javaMax=256.0MB nativeHeap=14.7MB nativeHeapFree=49.8MB nativeHeapSize=68.1MB
  pssTotal=30.3MB privateDirty=21.4MB sharedDirty=52.0MB nativePss=14.2MB dalvikPss=2.7MB otherPss=13.4MB
  systemAvail=13.9GB systemThreshold=216.0MB lowMemory=false trimLevel=0 importance=125 fdCount=152
  procStatus VmRSS=183760 kB VmHWM=3159288 kB VmSize=17176532 kB VmSwap=2924 kB Threads=30 FDSize=256
2026-05-31 06:17:12.009 pid=22991 [runtime-memory] After model load cleanup model=Qwen3.5-2B-Q8_0.gguf
  javaUsed=2.6MB javaTotal=10.5MB javaMax=256.0MB nativeHeap=14.7MB nativeHeapFree=49.9MB nativeHeapSize=68.1MB
  pssTotal=29.0MB privateDirty=20.2MB sharedDirty=52.0MB nativePss=14.3MB dalvikPss=1.3MB otherPss=13.4MB
  systemAvail=13.9GB systemThreshold=216.0MB lowMemory=false trimLevel=0 importance=125 fdCount=152
  procStatus VmRSS=182404 kB VmHWM=3159288 kB VmSize=17176532 kB VmSwap=2924 kB Threads=30 FDSize=256
2026-05-31 06:17:13.068 pid=22991 [model-load-complete] config=Qwen3.5 2B MTP model=Qwen3.5-2B-Q8_0.gguf mmproj=(none)
  javaUsed=2.7MB javaTotal=10.5MB javaMax=256.0MB nativeHeap=362.4MB nativeHeapFree=8.8MB nativeHeapSize=374.9MB
  pssTotal=2.1GB privateDirty=171.8MB sharedDirty=52.0MB nativePss=165.9MB dalvikPss=1.4MB otherPss=1.9GB
  systemAvail=13.8GB systemThreshold=216.0MB lowMemory=false trimLevel=0 importance=125 fdCount=152
  procStatus VmRSS=2355032 kB VmHWM=3159288 kB VmSize=19405448 kB VmSwap=2924 kB Threads=30 FDSize=256
2026-05-31 06:17:13.183 pid=22991 [generation-start] id=38 config=Qwen3.5 2B MTP model=Qwen3.5-2B-Q8_0.gguf promptLen=1057 mediaCount=0
  javaUsed=2.9MB javaTotal=10.5MB javaMax=256.0MB nativeHeap=362.4MB nativeHeapFree=8.7MB nativeHeapSize=374.9MB
  pssTotal=2.1GB privateDirty=172.1MB sharedDirty=52.0MB nativePss=165.9MB dalvikPss=1.6MB otherPss=1.9GB
  systemAvail=13.8GB systemThreshold=216.0MB lowMemory=false trimLevel=0 importance=125 fdCount=152
  procStatus VmRSS=2355288 kB VmHWM=3159288 kB VmSize=19405448 kB VmSwap=2924 kB Threads=30 FDSize=256
2026-05-31 06:17:13.298 pid=22991 [generation-stage] id=38 stage=native-call-start
2026-05-31 06:17:47.999 pid=22991 [generation-stage] id=38 stage=native-call-end resultLen=46
2026-05-31 06:17:48.000 pid=22991 [generation-end] id=38 resultLen=46
  javaUsed=3.1MB javaTotal=10.5MB javaMax=256.0MB nativeHeap=363.7MB nativeHeapFree=8.6MB nativeHeapSize=376.1MB
  pssTotal=2.1GB privateDirty=144.6MB sharedDirty=52.0MB nativePss=138.3MB dalvikPss=1.7MB otherPss=1.9GB
  systemAvail=13.8GB systemThreshold=216.0MB lowMemory=false trimLevel=0 importance=125 fdCount=152
  procStatus VmRSS=2326972 kB VmHWM=3159288 kB VmSize=19405448 kB VmSwap=2924 kB Threads=30 FDSize=256
2026-05-31 06:17:48.639 pid=22991 [model-load] Loading configuration: Qwen3.5 2B MTP
2026-05-31 06:17:48.640 pid=22991 [model-load-skip] config=Qwen3.5 2B MTP model already loaded
  javaUsed=3.4MB javaTotal=10.5MB javaMax=256.0MB nativeHeap=363.7MB nativeHeapFree=8.6MB nativeHeapSize=376.1MB
  pssTotal=2.1GB privateDirty=144.8MB sharedDirty=52.0MB nativePss=138.3MB dalvikPss=1.9MB otherPss=1.9GB
  systemAvail=13.8GB systemThreshold=216.0MB lowMemory=false trimLevel=0 importance=125 fdCount=152
  procStatus VmRSS=2327100 kB VmHWM=3159288 kB VmSize=19405448 kB VmSwap=2924 kB Threads=30 FDSize=256
2026-05-31 06:17:48.763 pid=22991 [generation-start] id=39 config=Qwen3.5 2B MTP model=Qwen3.5-2B-Q8_0.gguf promptLen=1057 mediaCount=0
  javaUsed=3.6MB javaTotal=10.5MB javaMax=256.0MB nativeHeap=363.7MB nativeHeapFree=8.6MB nativeHeapSize=376.1MB
  pssTotal=2.1GB privateDirty=145.0MB sharedDirty=52.0MB nativePss=138.3MB dalvikPss=2.1MB otherPss=1.9GB
  systemAvail=13.8GB systemThreshold=216.0MB lowMemory=false trimLevel=0 importance=125 fdCount=152
  procStatus VmRSS=2327228 kB VmHWM=3159288 kB VmSize=19405448 kB VmSwap=2924 kB Threads=30 FDSize=256
2026-05-31 06:17:48.884 pid=22991 [generation-stage] id=39 stage=native-call-start
2026-05-31 06:18:32.440 pid=22991 [generation-stage] id=39 stage=native-call-end resultLen=265
2026-05-31 06:18:32.441 pid=22991 [generation-end] id=39 resultLen=265
  javaUsed=3.8MB javaTotal=10.5MB javaMax=256.0MB nativeHeap=363.7MB nativeHeapFree=8.6MB nativeHeapSize=376.1MB
  pssTotal=2.1GB privateDirty=145.2MB sharedDirty=52.0MB nativePss=138.3MB dalvikPss=2.3MB otherPss=1.9GB
  systemAvail=13.9GB systemThreshold=216.0MB lowMemory=false trimLevel=0 importance=125 fdCount=152
  procStatus VmRSS=2327852 kB VmHWM=3159288 kB VmSize=19405448 kB VmSwap=2924 kB Threads=30 FDSize=256
2026-05-31 06:18:33.179 pid=22991 [model-load] Loading configuration: Qwen3.5 2B
2026-05-31 06:18:33.439 pid=22991 [runtime-memory] Before model load model=Qwen3.5-2B-UD-Q8_K_XL.gguf
  javaUsed=4.1MB javaTotal=10.5MB javaMax=256.0MB nativeHeap=14.7MB nativeHeapFree=49.8MB nativeHeapSize=68.1MB
  pssTotal=30.1MB privateDirty=21.3MB sharedDirty=52.0MB nativePss=14.2MB dalvikPss=2.5MB otherPss=13.4MB
  systemAvail=14.0GB systemThreshold=216.0MB lowMemory=false trimLevel=0 importance=125 fdCount=152
  procStatus VmRSS=183532 kB VmHWM=3159288 kB VmSize=17176532 kB VmSwap=2924 kB Threads=30 FDSize=256
2026-05-31 06:18:33.506 pid=22991 [runtime-memory] After model load cleanup model=Qwen3.5-2B-UD-Q8_K_XL.gguf
  javaUsed=2.6MB javaTotal=10.5MB javaMax=256.0MB nativeHeap=14.7MB nativeHeapFree=49.9MB nativeHeapSize=68.1MB
  pssTotal=31.0MB privateDirty=22.1MB sharedDirty=52.0MB nativePss=14.3MB dalvikPss=3.3MB otherPss=13.4MB
  systemAvail=14.0GB systemThreshold=216.0MB lowMemory=false trimLevel=0 importance=125 fdCount=152
  procStatus VmRSS=184436 kB VmHWM=3159288 kB VmSize=17176532 kB VmSwap=2924 kB Threads=30 FDSize=256
2026-05-31 06:18:34.645 pid=22991 [model-load-complete] config=Qwen3.5 2B model=Qwen3.5-2B-UD-Q8_K_XL.gguf mmproj=(none)
  javaUsed=2.7MB javaTotal=10.5MB javaMax=256.0MB nativeHeap=362.4MB nativeHeapFree=8.8MB nativeHeapSize=374.9MB
  pssTotal=2.9GB privateDirty=173.8MB sharedDirty=52.0MB nativePss=165.9MB dalvikPss=3.4MB otherPss=2.7GB
  systemAvail=13.8GB systemThreshold=216.0MB lowMemory=false trimLevel=0 importance=125 fdCount=152
  procStatus VmRSS=3154304 kB VmHWM=3159288 kB VmSize=20202752 kB VmSwap=2924 kB Threads=30 FDSize=256
2026-05-31 06:18:34.797 pid=22991 [generation-start] id=40 config=Qwen3.5 2B model=Qwen3.5-2B-UD-Q8_K_XL.gguf promptLen=1039 mediaCount=0
  javaUsed=2.9MB javaTotal=10.5MB javaMax=256.0MB nativeHeap=362.4MB nativeHeapFree=8.7MB nativeHeapSize=374.9MB
  pssTotal=2.9GB privateDirty=174.0MB sharedDirty=52.0MB nativePss=165.9MB dalvikPss=3.5MB otherPss=2.7GB
  systemAvail=13.8GB systemThreshold=216.0MB lowMemory=false trimLevel=0 importance=125 fdCount=152
  procStatus VmRSS=3152248 kB VmHWM=3159288 kB VmSize=20202752 kB VmSwap=2924 kB Threads=30 FDSize=256
2026-05-31 06:18:34.945 pid=22991 [generation-stage] id=40 stage=native-call-start
2026-05-31 06:19:09.353 pid=22991 [generation-stage] id=40 stage=native-call-end resultLen=81
2026-05-31 06:19:09.353 pid=22991 [generation-end] id=40 resultLen=81
  javaUsed=2.8MB javaTotal=10.5MB javaMax=256.0MB nativeHeap=363.7MB nativeHeapFree=8.6MB nativeHeapSize=376.1MB
  pssTotal=2.8GB privateDirty=144.4MB sharedDirty=52.0MB nativePss=138.4MB dalvikPss=1.5MB otherPss=2.7GB
  systemAvail=13.6GB systemThreshold=216.0MB lowMemory=false trimLevel=0 importance=125 fdCount=152
  procStatus VmRSS=3123612 kB VmHWM=3159288 kB VmSize=20202752 kB VmSwap=2924 kB Threads=30 FDSize=256
2026-05-31 06:19:09.931 pid=22991 [model-load] Loading configuration: Qwen3.5 2B MTP
2026-05-31 06:19:10.142 pid=22991 [runtime-memory] Before model load model=Qwen3.5-2B-Q8_0.gguf
  javaUsed=3.1MB javaTotal=10.5MB javaMax=256.0MB nativeHeap=14.7MB nativeHeapFree=49.9MB nativeHeapSize=68.1MB
  pssTotal=29.2MB privateDirty=20.4MB sharedDirty=52.0MB nativePss=14.1MB dalvikPss=1.7MB otherPss=13.4MB
  systemAvail=13.8GB systemThreshold=216.0MB lowMemory=false trimLevel=0 importance=125 fdCount=152
  procStatus VmRSS=182240 kB VmHWM=3159288 kB VmSize=17176532 kB VmSwap=2924 kB Threads=30 FDSize=256
2026-05-31 06:19:10.175 pid=22991 [runtime-memory] After model load cleanup model=Qwen3.5-2B-Q8_0.gguf
  javaUsed=2.6MB javaTotal=10.5MB javaMax=256.0MB nativeHeap=14.7MB nativeHeapFree=49.9MB nativeHeapSize=68.1MB
  pssTotal=28.9MB privateDirty=20.0MB sharedDirty=52.0MB nativePss=14.2MB dalvikPss=1.3MB otherPss=13.4MB
  systemAvail=13.8GB systemThreshold=216.0MB lowMemory=false trimLevel=0 importance=125 fdCount=152
  procStatus VmRSS=181928 kB VmHWM=3159288 kB VmSize=17176532 kB VmSwap=2924 kB Threads=30 FDSize=256
2026-05-31 06:19:11.073 pid=22991 [model-load-complete] config=Qwen3.5 2B MTP model=Qwen3.5-2B-Q8_0.gguf mmproj=(none)
  javaUsed=2.7MB javaTotal=10.5MB javaMax=256.0MB nativeHeap=362.4MB nativeHeapFree=8.8MB nativeHeapSize=374.9MB
  pssTotal=2.1GB privateDirty=171.8MB sharedDirty=52.0MB nativePss=165.9MB dalvikPss=1.4MB otherPss=1.9GB
  systemAvail=13.6GB systemThreshold=216.0MB lowMemory=false trimLevel=0 importance=125 fdCount=152
  procStatus VmRSS=2354492 kB VmHWM=3159288 kB VmSize=19405448 kB VmSwap=2924 kB Threads=30 FDSize=256
2026-05-31 06:19:11.245 pid=22991 [generation-start] id=41 config=Qwen3.5 2B MTP model=Qwen3.5-2B-Q8_0.gguf promptLen=1054 mediaCount=0
  javaUsed=2.9MB javaTotal=10.5MB javaMax=256.0MB nativeHeap=362.4MB nativeHeapFree=8.7MB nativeHeapSize=374.9MB
  pssTotal=2.1GB privateDirty=172.0MB sharedDirty=52.0MB nativePss=165.9MB dalvikPss=1.5MB otherPss=1.9GB
  systemAvail=13.6GB systemThreshold=216.0MB lowMemory=false trimLevel=0 importance=125 fdCount=152
  procStatus VmRSS=2354748 kB VmHWM=3159288 kB VmSize=19405448 kB VmSwap=2924 kB Threads=30 FDSize=256
2026-05-31 06:19:11.372 pid=22991 [generation-stage] id=41 stage=native-call-start
2026-05-31 06:19:53.504 pid=22991 [generation-stage] id=41 stage=native-call-end resultLen=184
2026-05-31 06:19:53.504 pid=22991 [generation-end] id=41 resultLen=184
  javaUsed=3.1MB javaTotal=10.5MB javaMax=256.0MB nativeHeap=363.7MB nativeHeapFree=8.6MB nativeHeapSize=376.1MB
  pssTotal=2.1GB privateDirty=144.6MB sharedDirty=52.0MB nativePss=138.3MB dalvikPss=1.7MB otherPss=1.9GB
  systemAvail=13.8GB systemThreshold=216.0MB lowMemory=false trimLevel=0 importance=125 fdCount=152
  procStatus VmRSS=2326876 kB VmHWM=3159288 kB VmSize=19405448 kB VmSwap=2924 kB Threads=30 FDSize=256
2026-05-31 06:19:53.628 pid=22991 [model-load] Loading configuration: Qwen3.5 2B MTP
2026-05-31 06:19:53.628 pid=22991 [model-load-skip] config=Qwen3.5 2B MTP model already loaded
  javaUsed=3.4MB javaTotal=10.5MB javaMax=256.0MB nativeHeap=363.7MB nativeHeapFree=8.6MB nativeHeapSize=376.1MB
  pssTotal=2.1GB privateDirty=144.8MB sharedDirty=52.0MB nativePss=138.3MB dalvikPss=1.9MB otherPss=1.9GB
  systemAvail=13.8GB systemThreshold=216.0MB lowMemory=false trimLevel=0 importance=125 fdCount=152
  procStatus VmRSS=2326528 kB VmHWM=3159288 kB VmSize=19405448 kB VmSwap=2924 kB Threads=30 FDSize=256
2026-05-31 06:19:53.756 pid=22991 [generation-start] id=42 config=Qwen3.5 2B MTP model=Qwen3.5-2B-Q8_0.gguf promptLen=1054 mediaCount=0
  javaUsed=2.8MB javaTotal=10.5MB javaMax=256.0MB nativeHeap=363.7MB nativeHeapFree=8.6MB nativeHeapSize=376.1MB
  pssTotal=2.1GB privateDirty=144.3MB sharedDirty=52.0MB nativePss=138.3MB dalvikPss=1.5MB otherPss=1.9GB
  systemAvail=13.8GB systemThreshold=216.0MB lowMemory=false trimLevel=0 importance=125 fdCount=152
  procStatus VmRSS=2326656 kB VmHWM=3159288 kB VmSize=19405448 kB VmSwap=2924 kB Threads=30 FDSize=256
2026-05-31 06:19:53.871 pid=22991 [generation-stage] id=42 stage=native-call-start
2026-05-31 06:20:31.092 pid=22991 [generation-stage] id=42 stage=native-call-end resultLen=144
2026-05-31 06:20:31.093 pid=22991 [generation-end] id=42 resultLen=144
  javaUsed=3.0MB javaTotal=10.5MB javaMax=256.0MB nativeHeap=363.7MB nativeHeapFree=8.6MB nativeHeapSize=376.1MB
  pssTotal=2.1GB privateDirty=144.5MB sharedDirty=52.0MB nativePss=138.3MB dalvikPss=1.6MB otherPss=1.9GB
  systemAvail=13.8GB systemThreshold=216.0MB lowMemory=false trimLevel=0 importance=125 fdCount=152
  procStatus VmRSS=2327040 kB VmHWM=3159288 kB VmSize=19405448 kB VmSwap=2924 kB Threads=30 FDSize=256
2026-05-31 06:20:31.837 pid=22991 [model-load] Loading configuration: Qwen3.5 2B
2026-05-31 06:20:32.100 pid=22991 [runtime-memory] Before model load model=Qwen3.5-2B-UD-Q8_K_XL.gguf
  javaUsed=3.3MB javaTotal=10.5MB javaMax=256.0MB nativeHeap=14.7MB nativeHeapFree=49.9MB nativeHeapSize=68.1MB
  pssTotal=29.4MB privateDirty=20.6MB sharedDirty=52.0MB nativePss=14.1MB dalvikPss=1.9MB otherPss=13.4MB
  systemAvail=13.9GB systemThreshold=216.0MB lowMemory=false trimLevel=0 importance=125 fdCount=152
  procStatus VmRSS=182616 kB VmHWM=3159288 kB VmSize=17176532 kB VmSwap=2924 kB Threads=30 FDSize=256
2026-05-31 06:20:32.166 pid=22991 [runtime-memory] After model load cleanup model=Qwen3.5-2B-UD-Q8_K_XL.gguf
  javaUsed=2.6MB javaTotal=10.5MB javaMax=256.0MB nativeHeap=14.7MB nativeHeapFree=49.9MB nativeHeapSize=68.1MB
  pssTotal=28.9MB privateDirty=20.1MB sharedDirty=52.0MB nativePss=14.2MB dalvikPss=1.3MB otherPss=13.4MB
  systemAvail=13.9GB systemThreshold=216.0MB lowMemory=false trimLevel=0 importance=125 fdCount=152
  procStatus VmRSS=182140 kB VmHWM=3159288 kB VmSize=17176532 kB VmSwap=2924 kB Threads=30 FDSize=256
2026-05-31 06:20:33.366 pid=22991 [model-load-complete] config=Qwen3.5 2B model=Qwen3.5-2B-UD-Q8_K_XL.gguf mmproj=(none)
  javaUsed=2.7MB javaTotal=10.5MB javaMax=256.0MB nativeHeap=362.4MB nativeHeapFree=8.8MB nativeHeapSize=374.9MB
  pssTotal=2.9GB privateDirty=171.8MB sharedDirty=52.0MB nativePss=165.9MB dalvikPss=1.4MB otherPss=2.7GB
  systemAvail=13.8GB systemThreshold=216.0MB lowMemory=false trimLevel=0 importance=125 fdCount=152
  procStatus VmRSS=3152076 kB VmHWM=3159288 kB VmSize=20202752 kB VmSwap=2924 kB Threads=30 FDSize=256
2026-05-31 06:20:33.513 pid=22991 [generation-start] id=43 config=Qwen3.5 2B model=Qwen3.5-2B-UD-Q8_K_XL.gguf promptLen=1048 mediaCount=0
  javaUsed=2.9MB javaTotal=10.5MB javaMax=256.0MB nativeHeap=362.4MB nativeHeapFree=8.7MB nativeHeapSize=374.9MB
  pssTotal=2.9GB privateDirty=172.0MB sharedDirty=52.0MB nativePss=165.9MB dalvikPss=1.5MB otherPss=2.7GB
  systemAvail=13.8GB systemThreshold=216.0MB lowMemory=false trimLevel=0 importance=125 fdCount=152
  procStatus VmRSS=3152204 kB VmHWM=3159288 kB VmSize=20202752 kB VmSwap=2924 kB Threads=30 FDSize=256
2026-05-31 06:20:33.659 pid=22991 [generation-stage] id=43 stage=native-call-start
2026-05-31 06:21:18.347 pid=22991 [generation-stage] id=43 stage=native-call-end resultLen=64
2026-05-31 06:21:18.348 pid=22991 [generation-end] id=43 resultLen=64
  javaUsed=3.1MB javaTotal=10.5MB javaMax=256.0MB nativeHeap=363.7MB nativeHeapFree=8.6MB nativeHeapSize=376.1MB
  pssTotal=2.8GB privateDirty=144.7MB sharedDirty=52.0MB nativePss=138.4MB dalvikPss=1.7MB otherPss=2.7GB
  systemAvail=13.8GB systemThreshold=216.0MB lowMemory=false trimLevel=0 importance=125 fdCount=152
  procStatus VmRSS=3124484 kB VmHWM=3159372 kB VmSize=20202752 kB VmSwap=2924 kB Threads=30 FDSize=256
2026-05-31 06:21:18.503 pid=22991 [model-load] Loading configuration: Qwen3.5 2B
2026-05-31 06:21:18.503 pid=22991 [model-load-skip] config=Qwen3.5 2B model already loaded
  javaUsed=3.4MB javaTotal=10.5MB javaMax=256.0MB nativeHeap=363.7MB nativeHeapFree=8.6MB nativeHeapSize=376.1MB
  pssTotal=2.8GB privateDirty=144.9MB sharedDirty=52.0MB nativePss=138.4MB dalvikPss=1.9MB otherPss=2.7GB
  systemAvail=13.8GB systemThreshold=216.0MB lowMemory=false trimLevel=0 importance=125 fdCount=152
  procStatus VmRSS=3124612 kB VmHWM=3159372 kB VmSize=20202752 kB VmSwap=2924 kB Threads=30 FDSize=256
2026-05-31 06:21:18.651 pid=22991 [generation-start] id=44 config=Qwen3.5 2B model=Qwen3.5-2B-UD-Q8_K_XL.gguf promptLen=1048 mediaCount=0
  javaUsed=3.6MB javaTotal=10.5MB javaMax=256.0MB nativeHeap=363.7MB nativeHeapFree=8.6MB nativeHeapSize=376.1MB
  pssTotal=2.8GB privateDirty=145.1MB sharedDirty=52.0MB nativePss=138.4MB dalvikPss=2.1MB otherPss=2.7GB
  systemAvail=13.8GB systemThreshold=216.0MB lowMemory=false trimLevel=0 importance=125 fdCount=152
  procStatus VmRSS=3124056 kB VmHWM=3159372 kB VmSize=20202752 kB VmSwap=2924 kB Threads=30 FDSize=256
2026-05-31 06:21:18.802 pid=22991 [generation-stage] id=44 stage=native-call-start
2026-05-31 06:22:01.346 pid=22991 [generation-stage] id=44 stage=native-call-end resultLen=33
2026-05-31 06:22:01.347 pid=22991 [generation-end] id=44 resultLen=33
  javaUsed=2.8MB javaTotal=10.5MB javaMax=256.0MB nativeHeap=363.7MB nativeHeapFree=8.6MB nativeHeapSize=376.1MB
  pssTotal=2.8GB privateDirty=144.4MB sharedDirty=52.0MB nativePss=138.4MB dalvikPss=1.5MB otherPss=2.7GB
  systemAvail=13.8GB systemThreshold=216.0MB lowMemory=false trimLevel=0 importance=125 fdCount=152
  procStatus VmRSS=3124432 kB VmHWM=3159372 kB VmSize=20202752 kB VmSwap=2924 kB Threads=30 FDSize=256
2026-05-31 06:22:02.003 pid=22991 [model-load] Loading configuration: Qwen3.5 2B MTP
2026-05-31 06:22:02.300 pid=22991 [runtime-memory] Before model load model=Qwen3.5-2B-Q8_0.gguf
  javaUsed=3.1MB javaTotal=10.5MB javaMax=256.0MB nativeHeap=14.7MB nativeHeapFree=49.9MB nativeHeapSize=68.1MB
  pssTotal=29.2MB privateDirty=20.3MB sharedDirty=52.0MB nativePss=14.1MB dalvikPss=1.7MB otherPss=13.4MB
  systemAvail=13.9GB systemThreshold=216.0MB lowMemory=false trimLevel=0 importance=125 fdCount=152
  procStatus VmRSS=182648 kB VmHWM=3159372 kB VmSize=17176532 kB VmSwap=2924 kB Threads=30 FDSize=256
2026-05-31 06:22:02.366 pid=22991 [runtime-memory] After model load cleanup model=Qwen3.5-2B-Q8_0.gguf
  javaUsed=2.6MB javaTotal=10.5MB javaMax=256.0MB nativeHeap=14.7MB nativeHeapFree=49.9MB nativeHeapSize=68.1MB
  pssTotal=28.9MB privateDirty=20.0MB sharedDirty=52.0MB nativePss=14.2MB dalvikPss=1.3MB otherPss=13.4MB
  systemAvail=13.9GB systemThreshold=216.0MB lowMemory=false trimLevel=0 importance=125 fdCount=152
  procStatus VmRSS=182364 kB VmHWM=3159372 kB VmSize=17176532 kB VmSwap=2924 kB Threads=30 FDSize=256
2026-05-31 06:22:03.430 pid=22991 [model-load-complete] config=Qwen3.5 2B MTP model=Qwen3.5-2B-Q8_0.gguf mmproj=(none)
  javaUsed=2.7MB javaTotal=10.5MB javaMax=256.0MB nativeHeap=362.4MB nativeHeapFree=8.8MB nativeHeapSize=374.9MB
  pssTotal=2.1GB privateDirty=171.8MB sharedDirty=52.0MB nativePss=165.9MB dalvikPss=1.4MB otherPss=1.9GB
  systemAvail=13.8GB systemThreshold=216.0MB lowMemory=false trimLevel=0 importance=125 fdCount=152
  procStatus VmRSS=2355056 kB VmHWM=3159372 kB VmSize=19405448 kB VmSwap=2924 kB Threads=30 FDSize=256
2026-05-31 06:22:03.548 pid=22991 [generation-start] id=45 config=Qwen3.5 2B MTP model=Qwen3.5-2B-Q8_0.gguf promptLen=1054 mediaCount=0
  javaUsed=2.9MB javaTotal=10.5MB javaMax=256.0MB nativeHeap=362.4MB nativeHeapFree=8.7MB nativeHeapSize=374.9MB
  pssTotal=2.1GB privateDirty=172.0MB sharedDirty=52.0MB nativePss=165.9MB dalvikPss=1.5MB otherPss=1.9GB
  systemAvail=13.8GB systemThreshold=216.0MB lowMemory=false trimLevel=0 importance=125 fdCount=152
  procStatus VmRSS=2355184 kB VmHWM=3159372 kB VmSize=19405448 kB VmSwap=2924 kB Threads=30 FDSize=256
2026-05-31 06:22:03.668 pid=22991 [generation-stage] id=45 stage=native-call-start
2026-05-31 06:22:37.722 pid=22991 [generation-stage] id=45 stage=native-call-end resultLen=85
2026-05-31 06:22:37.722 pid=22991 [generation-end] id=45 resultLen=85
  javaUsed=3.1MB javaTotal=10.5MB javaMax=256.0MB nativeHeap=363.7MB nativeHeapFree=8.6MB nativeHeapSize=376.1MB
  pssTotal=2.1GB privateDirty=144.6MB sharedDirty=52.0MB nativePss=138.3MB dalvikPss=1.7MB otherPss=1.9GB
  systemAvail=13.8GB systemThreshold=216.0MB lowMemory=false trimLevel=0 importance=125 fdCount=152
  procStatus VmRSS=2327040 kB VmHWM=3159372 kB VmSize=19405448 kB VmSwap=2924 kB Threads=30 FDSize=256
2026-05-31 06:22:38.344 pid=22991 [model-load] Loading configuration: Qwen3.5 2B
2026-05-31 06:22:38.595 pid=22991 [runtime-memory] Before model load model=Qwen3.5-2B-UD-Q8_K_XL.gguf
  javaUsed=3.4MB javaTotal=10.5MB javaMax=256.0MB nativeHeap=14.7MB nativeHeapFree=49.9MB nativeHeapSize=68.1MB
  pssTotal=29.5MB privateDirty=20.7MB sharedDirty=52.0MB nativePss=14.2MB dalvikPss=2.0MB otherPss=13.4MB
  systemAvail=14.0GB systemThreshold=216.0MB lowMemory=false trimLevel=0 importance=125 fdCount=152
  procStatus VmRSS=182796 kB VmHWM=3159372 kB VmSize=17176532 kB VmSwap=2924 kB Threads=30 FDSize=256
2026-05-31 06:22:38.657 pid=22991 [runtime-memory] After model load cleanup model=Qwen3.5-2B-UD-Q8_K_XL.gguf
  javaUsed=2.6MB javaTotal=10.5MB javaMax=256.0MB nativeHeap=14.7MB nativeHeapFree=49.9MB nativeHeapSize=68.1MB
  pssTotal=29.0MB privateDirty=20.1MB sharedDirty=52.0MB nativePss=14.3MB dalvikPss=1.3MB otherPss=13.4MB
  systemAvail=14.0GB systemThreshold=216.0MB lowMemory=false trimLevel=0 importance=125 fdCount=152
  procStatus VmRSS=182184 kB VmHWM=3159372 kB VmSize=17176532 kB VmSwap=2924 kB Threads=30 FDSize=256
2026-05-31 06:22:39.784 pid=22991 [model-load-complete] config=Qwen3.5 2B model=Qwen3.5-2B-UD-Q8_K_XL.gguf mmproj=(none)
  javaUsed=2.7MB javaTotal=10.5MB javaMax=256.0MB nativeHeap=362.4MB nativeHeapFree=8.8MB nativeHeapSize=374.9MB
  pssTotal=2.9GB privateDirty=171.8MB sharedDirty=52.0MB nativePss=165.9MB dalvikPss=1.4MB otherPss=2.7GB
  systemAvail=13.8GB systemThreshold=216.0MB lowMemory=false trimLevel=0 importance=125 fdCount=152
  procStatus VmRSS=3152008 kB VmHWM=3159372 kB VmSize=20202752 kB VmSwap=2924 kB Threads=30 FDSize=256
2026-05-31 06:22:39.923 pid=22991 [generation-start] id=46 config=Qwen3.5 2B model=Qwen3.5-2B-UD-Q8_K_XL.gguf promptLen=1048 mediaCount=0
  javaUsed=2.9MB javaTotal=10.5MB javaMax=256.0MB nativeHeap=362.4MB nativeHeapFree=8.7MB nativeHeapSize=374.9MB
  pssTotal=2.9GB privateDirty=172.0MB sharedDirty=52.0MB nativePss=165.9MB dalvikPss=1.5MB otherPss=2.7GB
  systemAvail=13.8GB systemThreshold=216.0MB lowMemory=false trimLevel=0 importance=125 fdCount=152
  procStatus VmRSS=3152264 kB VmHWM=3159372 kB VmSize=20202752 kB VmSwap=2924 kB Threads=30 FDSize=256
2026-05-31 06:22:40.070 pid=22991 [generation-stage] id=46 stage=native-call-start
2026-05-31 06:23:23.944 pid=22991 [generation-stage] id=46 stage=native-call-end resultLen=67
2026-05-31 06:23:23.945 pid=22991 [generation-end] id=46 resultLen=67
  javaUsed=3.1MB javaTotal=10.5MB javaMax=256.0MB nativeHeap=363.7MB nativeHeapFree=8.6MB nativeHeapSize=376.1MB
  pssTotal=2.8GB privateDirty=144.7MB sharedDirty=52.0MB nativePss=138.4MB dalvikPss=1.7MB otherPss=2.7GB
  systemAvail=13.8GB systemThreshold=216.0MB lowMemory=false trimLevel=0 importance=125 fdCount=152
  procStatus VmRSS=3124444 kB VmHWM=3159372 kB VmSize=20202752 kB VmSwap=2924 kB Threads=30 FDSize=256
2026-05-31 06:23:24.605 pid=22991 [model-load] Loading configuration: Qwen3.5 2B MTP
2026-05-31 06:23:24.911 pid=22991 [runtime-memory] Before model load model=Qwen3.5-2B-Q8_0.gguf
  javaUsed=3.4MB javaTotal=10.5MB javaMax=256.0MB nativeHeap=14.7MB nativeHeapFree=49.9MB nativeHeapSize=68.1MB
  pssTotal=29.5MB privateDirty=20.7MB sharedDirty=52.0MB nativePss=14.2MB dalvikPss=1.9MB otherPss=13.4MB
  systemAvail=13.9GB systemThreshold=216.0MB lowMemory=false trimLevel=0 importance=125 fdCount=152
  procStatus VmRSS=182928 kB VmHWM=3159372 kB VmSize=17176532 kB VmSwap=2924 kB Threads=30 FDSize=256
2026-05-31 06:23:24.967 pid=22991 [runtime-memory] After model load cleanup model=Qwen3.5-2B-Q8_0.gguf
  javaUsed=2.6MB javaTotal=10.5MB javaMax=256.0MB nativeHeap=14.7MB nativeHeapFree=49.9MB nativeHeapSize=68.1MB
  pssTotal=28.9MB privateDirty=20.1MB sharedDirty=52.0MB nativePss=14.3MB dalvikPss=1.3MB otherPss=13.4MB
  systemAvail=13.9GB systemThreshold=216.0MB lowMemory=false trimLevel=0 importance=125 fdCount=152
  procStatus VmRSS=182392 kB VmHWM=3159372 kB VmSize=17176532 kB VmSwap=2924 kB Threads=30 FDSize=256
2026-05-31 06:23:26.041 pid=22991 [model-load-complete] config=Qwen3.5 2B MTP model=Qwen3.5-2B-Q8_0.gguf mmproj=(none)
  javaUsed=2.7MB javaTotal=10.5MB javaMax=256.0MB nativeHeap=362.4MB nativeHeapFree=8.8MB nativeHeapSize=374.9MB
  pssTotal=2.1GB privateDirty=171.8MB sharedDirty=52.0MB nativePss=165.9MB dalvikPss=1.4MB otherPss=1.9GB
  systemAvail=13.7GB systemThreshold=216.0MB lowMemory=false trimLevel=0 importance=125 fdCount=152
  procStatus VmRSS=2354956 kB VmHWM=3159372 kB VmSize=19405448 kB VmSwap=2924 kB Threads=30 FDSize=256
2026-05-31 06:23:26.163 pid=22991 [generation-start] id=47 config=Qwen3.5 2B MTP model=Qwen3.5-2B-Q8_0.gguf promptLen=1051 mediaCount=0
  javaUsed=2.9MB javaTotal=10.5MB javaMax=256.0MB nativeHeap=362.4MB nativeHeapFree=8.7MB nativeHeapSize=374.9MB
  pssTotal=2.1GB privateDirty=172.0MB sharedDirty=52.0MB nativePss=165.9MB dalvikPss=1.5MB otherPss=1.9GB
  systemAvail=13.7GB systemThreshold=216.0MB lowMemory=false trimLevel=0 importance=125 fdCount=152
  procStatus VmRSS=2355212 kB VmHWM=3159372 kB VmSize=19405448 kB VmSwap=2924 kB Threads=30 FDSize=256
2026-05-31 06:23:26.283 pid=22991 [generation-stage] id=47 stage=native-call-start
2026-05-31 06:23:58.620 pid=22991 [generation-stage] id=47 stage=native-call-end resultLen=39
2026-05-31 06:23:58.621 pid=22991 [generation-end] id=47 resultLen=39
  javaUsed=3.1MB javaTotal=10.5MB javaMax=256.0MB nativeHeap=363.7MB nativeHeapFree=8.6MB nativeHeapSize=376.1MB
  pssTotal=2.1GB privateDirty=144.6MB sharedDirty=52.0MB nativePss=138.3MB dalvikPss=1.7MB otherPss=1.9GB
  systemAvail=13.8GB systemThreshold=216.0MB lowMemory=false trimLevel=0 importance=125 fdCount=152
  procStatus VmRSS=2326980 kB VmHWM=3159372 kB VmSize=19405448 kB VmSwap=2924 kB Threads=30 FDSize=256
2026-05-31 06:23:59.459 pid=22991 [model-load] Loading configuration: Qwen3.5 2B
2026-05-31 06:23:59.640 pid=22991 [runtime-memory] Before model load model=Qwen3.5-2B-UD-Q8_K_XL.gguf
  javaUsed=2.8MB javaTotal=10.5MB javaMax=256.0MB nativeHeap=14.7MB nativeHeapFree=49.9MB nativeHeapSize=68.1MB
  pssTotal=28.9MB privateDirty=20.0MB sharedDirty=52.0MB nativePss=14.1MB dalvikPss=1.4MB otherPss=13.4MB
  systemAvail=13.9GB systemThreshold=216.0MB lowMemory=false trimLevel=0 importance=125 fdCount=152
  procStatus VmRSS=182396 kB VmHWM=3159372 kB VmSize=17176532 kB VmSwap=2924 kB Threads=30 FDSize=256
2026-05-31 06:23:59.674 pid=22991 [runtime-memory] After model load cleanup model=Qwen3.5-2B-UD-Q8_K_XL.gguf
  javaUsed=2.6MB javaTotal=10.5MB javaMax=256.0MB nativeHeap=14.7MB nativeHeapFree=49.9MB nativeHeapSize=68.1MB
  pssTotal=28.9MB privateDirty=20.0MB sharedDirty=52.0MB nativePss=14.2MB dalvikPss=1.3MB otherPss=13.4MB
  systemAvail=13.9GB systemThreshold=216.0MB lowMemory=false trimLevel=0 importance=125 fdCount=152
  procStatus VmRSS=182396 kB VmHWM=3159372 kB VmSize=17176532 kB VmSwap=2924 kB Threads=30 FDSize=256
2026-05-31 06:24:00.401 pid=22991 [model-load-complete] config=Qwen3.5 2B model=Qwen3.5-2B-UD-Q8_K_XL.gguf mmproj=(none)
  javaUsed=2.7MB javaTotal=10.5MB javaMax=256.0MB nativeHeap=362.4MB nativeHeapFree=8.8MB nativeHeapSize=374.9MB
  pssTotal=2.9GB privateDirty=171.8MB sharedDirty=52.0MB nativePss=165.9MB dalvikPss=1.4MB otherPss=2.7GB
  systemAvail=13.7GB systemThreshold=216.0MB lowMemory=false trimLevel=0 importance=125 fdCount=152
  procStatus VmRSS=3152264 kB VmHWM=3159372 kB VmSize=20202752 kB VmSwap=2924 kB Threads=30 FDSize=256
2026-05-31 06:24:00.529 pid=22991 [generation-start] id=48 config=Qwen3.5 2B model=Qwen3.5-2B-UD-Q8_K_XL.gguf promptLen=1045 mediaCount=0
  javaUsed=2.9MB javaTotal=10.5MB javaMax=256.0MB nativeHeap=362.4MB nativeHeapFree=8.7MB nativeHeapSize=374.9MB
  pssTotal=2.9GB privateDirty=172.0MB sharedDirty=52.0MB nativePss=165.9MB dalvikPss=1.5MB otherPss=2.7GB
  systemAvail=13.7GB systemThreshold=216.0MB lowMemory=false trimLevel=0 importance=125 fdCount=152
  procStatus VmRSS=3152264 kB VmHWM=3159372 kB VmSize=20202752 kB VmSwap=2924 kB Threads=30 FDSize=256
2026-05-31 06:24:00.668 pid=22991 [generation-stage] id=48 stage=native-call-start
2026-05-31 06:24:44.468 pid=22991 [generation-stage] id=48 stage=native-call-end resultLen=77
2026-05-31 06:24:44.469 pid=22991 [generation-end] id=48 resultLen=77
  javaUsed=3.1MB javaTotal=10.5MB javaMax=256.0MB nativeHeap=363.7MB nativeHeapFree=8.6MB nativeHeapSize=376.1MB
  pssTotal=2.8GB privateDirty=144.6MB sharedDirty=52.0MB nativePss=138.4MB dalvikPss=1.7MB otherPss=2.7GB
  systemAvail=13.7GB systemThreshold=216.0MB lowMemory=false trimLevel=0 importance=125 fdCount=152
  procStatus VmRSS=3124616 kB VmHWM=3159432 kB VmSize=20202752 kB VmSwap=2924 kB Threads=30 FDSize=256
2026-05-31 06:24:45.345 pid=22991 [model-load] Loading configuration: Qwen3.5 2B MTP
2026-05-31 06:24:45.646 pid=22991 [runtime-memory] Before model load model=Qwen3.5-2B-Q8_0.gguf
  javaUsed=3.4MB javaTotal=10.5MB javaMax=256.0MB nativeHeap=14.7MB nativeHeapFree=49.9MB nativeHeapSize=68.1MB
  pssTotal=29.5MB privateDirty=20.7MB sharedDirty=52.0MB nativePss=14.2MB dalvikPss=2.0MB otherPss=13.4MB
  systemAvail=13.9GB systemThreshold=216.0MB lowMemory=false trimLevel=0 importance=125 fdCount=152
  procStatus VmRSS=183000 kB VmHWM=3159432 kB VmSize=17176532 kB VmSwap=2924 kB Threads=30 FDSize=256
2026-05-31 06:24:45.713 pid=22991 [runtime-memory] After model load cleanup model=Qwen3.5-2B-Q8_0.gguf
  javaUsed=2.6MB javaTotal=10.5MB javaMax=256.0MB nativeHeap=14.7MB nativeHeapFree=49.9MB nativeHeapSize=68.1MB
  pssTotal=29.0MB privateDirty=20.1MB sharedDirty=52.0MB nativePss=14.3MB dalvikPss=1.3MB otherPss=13.4MB
  systemAvail=13.9GB systemThreshold=216.0MB lowMemory=false trimLevel=0 importance=125 fdCount=152
  procStatus VmRSS=182520 kB VmHWM=3159432 kB VmSize=17176532 kB VmSwap=2924 kB Threads=30 FDSize=256
2026-05-31 06:24:46.501 pid=22991 [model-load-complete] config=Qwen3.5 2B MTP model=Qwen3.5-2B-Q8_0.gguf mmproj=(none)
  javaUsed=2.7MB javaTotal=10.5MB javaMax=256.0MB nativeHeap=362.4MB nativeHeapFree=8.8MB nativeHeapSize=374.9MB
  pssTotal=2.1GB privateDirty=171.8MB sharedDirty=52.0MB nativePss=165.9MB dalvikPss=1.4MB otherPss=1.9GB
  systemAvail=13.7GB systemThreshold=216.0MB lowMemory=false trimLevel=0 importance=125 fdCount=152
  procStatus VmRSS=2355084 kB VmHWM=3159432 kB VmSize=19405448 kB VmSwap=2924 kB Threads=30 FDSize=256
2026-05-31 06:24:46.574 pid=22991 [generation-start] id=49 config=Qwen3.5 2B MTP model=Qwen3.5-2B-Q8_0.gguf promptLen=1057 mediaCount=0
  javaUsed=2.9MB javaTotal=10.5MB javaMax=256.0MB nativeHeap=362.4MB nativeHeapFree=8.7MB nativeHeapSize=374.9MB
  pssTotal=2.1GB privateDirty=172.0MB sharedDirty=52.0MB nativePss=165.9MB dalvikPss=1.5MB otherPss=1.9GB
  systemAvail=13.7GB systemThreshold=216.0MB lowMemory=false trimLevel=0 importance=125 fdCount=152
  procStatus VmRSS=2355340 kB VmHWM=3159432 kB VmSize=19405448 kB VmSwap=2924 kB Threads=30 FDSize=256
2026-05-31 06:24:46.645 pid=22991 [generation-stage] id=49 stage=native-call-start
2026-05-31 06:25:18.611 pid=22991 [generation-stage] id=49 stage=native-call-end resultLen=76
2026-05-31 06:25:18.612 pid=22991 [generation-end] id=49 resultLen=76
  javaUsed=2.6MB javaTotal=10.5MB javaMax=256.0MB nativeHeap=363.7MB nativeHeapFree=8.6MB nativeHeapSize=376.1MB
  pssTotal=2.1GB privateDirty=144.2MB sharedDirty=52.0MB nativePss=138.3MB dalvikPss=1.3MB otherPss=1.9GB
  systemAvail=13.9GB systemThreshold=216.0MB lowMemory=false trimLevel=0 importance=125 fdCount=152
  procStatus VmRSS=2326608 kB VmHWM=3159432 kB VmSize=19405448 kB VmSwap=2924 kB Threads=30 FDSize=256
2026-05-31 06:25:19.263 pid=22991 [model-load] Loading configuration: Qwen3.5 2B
2026-05-31 06:25:19.537 pid=22991 [runtime-memory] Before model load model=Qwen3.5-2B-UD-Q8_K_XL.gguf
  javaUsed=2.9MB javaTotal=10.5MB javaMax=256.0MB nativeHeap=14.7MB nativeHeapFree=49.9MB nativeHeapSize=68.1MB
  pssTotal=29.0MB privateDirty=20.2MB sharedDirty=52.0MB nativePss=14.1MB dalvikPss=1.5MB otherPss=13.4MB
  systemAvail=14.0GB systemThreshold=216.0MB lowMemory=false trimLevel=0 importance=125 fdCount=152
  procStatus VmRSS=182424 kB VmHWM=3159432 kB VmSize=17176532 kB VmSwap=2924 kB Threads=30 FDSize=256
2026-05-31 06:25:19.602 pid=22991 [runtime-memory] After model load cleanup model=Qwen3.5-2B-UD-Q8_K_XL.gguf
  javaUsed=2.6MB javaTotal=10.5MB javaMax=256.0MB nativeHeap=14.7MB nativeHeapFree=49.9MB nativeHeapSize=68.1MB
  pssTotal=28.9MB privateDirty=20.0MB sharedDirty=52.0MB nativePss=14.2MB dalvikPss=1.3MB otherPss=13.4MB
  systemAvail=14.0GB systemThreshold=216.0MB lowMemory=false trimLevel=0 importance=125 fdCount=152
  procStatus VmRSS=182344 kB VmHWM=3159432 kB VmSize=17176532 kB VmSwap=2924 kB Threads=30 FDSize=256
2026-05-31 06:25:20.798 pid=22991 [model-load-complete] config=Qwen3.5 2B model=Qwen3.5-2B-UD-Q8_K_XL.gguf mmproj=(none)
  javaUsed=2.7MB javaTotal=10.5MB javaMax=256.0MB nativeHeap=362.4MB nativeHeapFree=8.8MB nativeHeapSize=374.9MB
  pssTotal=2.9GB privateDirty=171.8MB sharedDirty=52.0MB nativePss=165.9MB dalvikPss=1.4MB otherPss=2.7GB
  systemAvail=13.8GB systemThreshold=216.0MB lowMemory=false trimLevel=0 importance=125 fdCount=152
  procStatus VmRSS=3152312 kB VmHWM=3159432 kB VmSize=20202752 kB VmSwap=2924 kB Threads=30 FDSize=256
2026-05-31 06:25:20.937 pid=22991 [generation-start] id=50 config=Qwen3.5 2B model=Qwen3.5-2B-UD-Q8_K_XL.gguf promptLen=1048 mediaCount=0
  javaUsed=2.9MB javaTotal=10.5MB javaMax=256.0MB nativeHeap=362.4MB nativeHeapFree=8.7MB nativeHeapSize=374.9MB
  pssTotal=2.9GB privateDirty=172.0MB sharedDirty=52.0MB nativePss=165.9MB dalvikPss=1.5MB otherPss=2.7GB
  systemAvail=13.8GB systemThreshold=216.0MB lowMemory=false trimLevel=0 importance=125 fdCount=152
  procStatus VmRSS=3152568 kB VmHWM=3159432 kB VmSize=20202752 kB VmSwap=2924 kB Threads=30 FDSize=256
2026-05-31 06:25:21.086 pid=22991 [generation-stage] id=50 stage=native-call-start
2026-05-31 06:26:06.353 pid=22991 [generation-stage] id=50 stage=native-call-end resultLen=73
2026-05-31 06:26:06.354 pid=22991 [generation-end] id=50 resultLen=73
  javaUsed=3.1MB javaTotal=10.5MB javaMax=256.0MB nativeHeap=363.7MB nativeHeapFree=8.6MB nativeHeapSize=376.1MB
  pssTotal=2.8GB privateDirty=144.7MB sharedDirty=52.0MB nativePss=138.4MB dalvikPss=1.7MB otherPss=2.7GB
  systemAvail=13.8GB systemThreshold=216.0MB lowMemory=false trimLevel=0 importance=125 fdCount=152
  procStatus VmRSS=3124648 kB VmHWM=3159600 kB VmSize=20202752 kB VmSwap=2924 kB Threads=30 FDSize=256
2026-05-31 06:26:07.027 pid=22991 [model-load] Loading configuration: Qwen3.5 2B MTP
2026-05-31 06:26:07.330 pid=22991 [runtime-memory] Before model load model=Qwen3.5-2B-Q8_0.gguf
  javaUsed=3.4MB javaTotal=10.5MB javaMax=256.0MB nativeHeap=14.7MB nativeHeapFree=49.9MB nativeHeapSize=68.1MB
  pssTotal=29.5MB privateDirty=20.7MB sharedDirty=52.0MB nativePss=14.2MB dalvikPss=1.9MB otherPss=13.4MB
  systemAvail=14.0GB systemThreshold=216.0MB lowMemory=false trimLevel=0 importance=125 fdCount=152
  procStatus VmRSS=182880 kB VmHWM=3159600 kB VmSize=17176532 kB VmSwap=2924 kB Threads=30 FDSize=256
2026-05-31 06:26:07.395 pid=22991 [runtime-memory] After model load cleanup model=Qwen3.5-2B-Q8_0.gguf
  javaUsed=2.6MB javaTotal=10.5MB javaMax=256.0MB nativeHeap=14.7MB nativeHeapFree=49.9MB nativeHeapSize=68.1MB
  pssTotal=29.0MB privateDirty=20.1MB sharedDirty=52.0MB nativePss=14.3MB dalvikPss=1.3MB otherPss=13.4MB
  systemAvail=14.0GB systemThreshold=216.0MB lowMemory=false trimLevel=0 importance=125 fdCount=152
  procStatus VmRSS=182344 kB VmHWM=3159600 kB VmSize=17176532 kB VmSwap=2924 kB Threads=30 FDSize=256
2026-05-31 06:26:08.454 pid=22991 [model-load-complete] config=Qwen3.5 2B MTP model=Qwen3.5-2B-Q8_0.gguf mmproj=(none)
  javaUsed=2.7MB javaTotal=10.5MB javaMax=256.0MB nativeHeap=362.4MB nativeHeapFree=8.8MB nativeHeapSize=374.9MB
  pssTotal=2.1GB privateDirty=171.8MB sharedDirty=52.0MB nativePss=165.9MB dalvikPss=1.4MB otherPss=1.9GB
  systemAvail=13.8GB systemThreshold=216.0MB lowMemory=false trimLevel=0 importance=125 fdCount=152
  procStatus VmRSS=2354908 kB VmHWM=3159600 kB VmSize=19405448 kB VmSwap=2924 kB Threads=30 FDSize=256
2026-05-31 06:26:08.575 pid=22991 [generation-start] id=51 config=Qwen3.5 2B MTP model=Qwen3.5-2B-Q8_0.gguf promptLen=1054 mediaCount=0
  javaUsed=2.9MB javaTotal=10.5MB javaMax=256.0MB nativeHeap=362.4MB nativeHeapFree=8.7MB nativeHeapSize=374.9MB
  pssTotal=2.1GB privateDirty=172.0MB sharedDirty=52.0MB nativePss=166.0MB dalvikPss=1.5MB otherPss=1.9GB
  systemAvail=13.8GB systemThreshold=216.0MB lowMemory=false trimLevel=0 importance=125 fdCount=152
  procStatus VmRSS=2354892 kB VmHWM=3159600 kB VmSize=19405448 kB VmSwap=2924 kB Threads=30 FDSize=256
2026-05-31 06:26:08.695 pid=22991 [generation-stage] id=51 stage=native-call-start
2026-05-31 06:26:44.381 pid=22991 [generation-stage] id=51 stage=native-call-end resultLen=89
2026-05-31 06:26:44.382 pid=22991 [generation-end] id=51 resultLen=89
  javaUsed=2.8MB javaTotal=10.5MB javaMax=256.0MB nativeHeap=363.7MB nativeHeapFree=8.6MB nativeHeapSize=376.1MB
  pssTotal=2.1GB privateDirty=144.3MB sharedDirty=52.0MB nativePss=138.3MB dalvikPss=1.5MB otherPss=1.9GB
  systemAvail=13.9GB systemThreshold=216.0MB lowMemory=false trimLevel=0 importance=125 fdCount=152
  procStatus VmRSS=2326944 kB VmHWM=3159600 kB VmSize=19405448 kB VmSwap=2924 kB Threads=30 FDSize=256
2026-05-31 06:26:45.112 pid=22991 [model-load] Loading configuration: Qwen3.5 2B
2026-05-31 06:26:45.365 pid=22991 [runtime-memory] Before model load model=Qwen3.5-2B-UD-Q8_K_XL.gguf
  javaUsed=3.1MB javaTotal=10.5MB javaMax=256.0MB nativeHeap=14.7MB nativeHeapFree=49.9MB nativeHeapSize=68.1MB
  pssTotal=29.2MB privateDirty=20.4MB sharedDirty=52.0MB nativePss=14.1MB dalvikPss=1.7MB otherPss=13.4MB
  systemAvail=14.0GB systemThreshold=216.0MB lowMemory=false trimLevel=0 importance=125 fdCount=152
  procStatus VmRSS=182736 kB VmHWM=3159600 kB VmSize=17176532 kB VmSwap=2924 kB Threads=30 FDSize=256
2026-05-31 06:26:45.432 pid=22991 [runtime-memory] After model load cleanup model=Qwen3.5-2B-UD-Q8_K_XL.gguf
  javaUsed=2.6MB javaTotal=10.5MB javaMax=256.0MB nativeHeap=14.7MB nativeHeapFree=49.9MB nativeHeapSize=68.1MB
  pssTotal=28.9MB privateDirty=20.1MB sharedDirty=52.0MB nativePss=14.2MB dalvikPss=1.3MB otherPss=13.4MB
  systemAvail=14.0GB systemThreshold=216.0MB lowMemory=false trimLevel=0 importance=125 fdCount=152
  procStatus VmRSS=182392 kB VmHWM=3159600 kB VmSize=17176532 kB VmSwap=2924 kB Threads=30 FDSize=256
2026-05-31 06:26:46.573 pid=22991 [model-load-complete] config=Qwen3.5 2B model=Qwen3.5-2B-UD-Q8_K_XL.gguf mmproj=(none)
  javaUsed=2.7MB javaTotal=10.5MB javaMax=256.0MB nativeHeap=362.4MB nativeHeapFree=8.8MB nativeHeapSize=374.9MB
  pssTotal=2.9GB privateDirty=171.8MB sharedDirty=52.0MB nativePss=165.9MB dalvikPss=1.4MB otherPss=2.7GB
  systemAvail=13.8GB systemThreshold=216.0MB lowMemory=false trimLevel=0 importance=125 fdCount=152
  procStatus VmRSS=3152328 kB VmHWM=3159600 kB VmSize=20202752 kB VmSwap=2924 kB Threads=30 FDSize=256
2026-05-31 06:26:46.718 pid=22991 [generation-start] id=52 config=Qwen3.5 2B model=Qwen3.5-2B-UD-Q8_K_XL.gguf promptLen=1045 mediaCount=0
  javaUsed=2.9MB javaTotal=10.5MB javaMax=256.0MB nativeHeap=362.4MB nativeHeapFree=8.7MB nativeHeapSize=374.9MB
  pssTotal=2.9GB privateDirty=172.0MB sharedDirty=52.0MB nativePss=165.9MB dalvikPss=1.5MB otherPss=2.7GB
  systemAvail=13.8GB systemThreshold=216.0MB lowMemory=false trimLevel=0 importance=125 fdCount=152
  procStatus VmRSS=3152584 kB VmHWM=3159600 kB VmSize=20202752 kB VmSwap=2924 kB Threads=30 FDSize=256
2026-05-31 06:26:46.863 pid=22991 [generation-stage] id=52 stage=native-call-start
2026-05-31 06:27:31.152 pid=22991 [generation-stage] id=52 stage=native-call-end resultLen=99
2026-05-31 06:27:31.153 pid=22991 [generation-end] id=52 resultLen=99
  javaUsed=3.1MB javaTotal=10.5MB javaMax=256.0MB nativeHeap=363.7MB nativeHeapFree=8.6MB nativeHeapSize=376.1MB
  pssTotal=2.8GB privateDirty=144.7MB sharedDirty=52.0MB nativePss=138.4MB dalvikPss=1.7MB otherPss=2.7GB
  systemAvail=13.8GB systemThreshold=216.0MB lowMemory=false trimLevel=0 importance=125 fdCount=152
  procStatus VmRSS=3124276 kB VmHWM=3159600 kB VmSize=20202752 kB VmSwap=2924 kB Threads=30 FDSize=256
2026-05-31 06:27:31.813 pid=22991 [model-load] Loading configuration: Qwen3.5 2B MTP
2026-05-31 06:27:32.118 pid=22991 [runtime-memory] Before model load model=Qwen3.5-2B-Q8_0.gguf
  javaUsed=3.4MB javaTotal=10.5MB javaMax=256.0MB nativeHeap=14.7MB nativeHeapFree=49.9MB nativeHeapSize=68.1MB
  pssTotal=29.5MB privateDirty=20.7MB sharedDirty=52.0MB nativePss=14.2MB dalvikPss=2.0MB otherPss=13.4MB
  systemAvail=13.9GB systemThreshold=216.0MB lowMemory=false trimLevel=0 importance=125 fdCount=152
  procStatus VmRSS=182676 kB VmHWM=3159600 kB VmSize=17176532 kB VmSwap=2924 kB Threads=30 FDSize=256
2026-05-31 06:27:32.187 pid=22991 [runtime-memory] After model load cleanup model=Qwen3.5-2B-Q8_0.gguf
  javaUsed=2.6MB javaTotal=10.5MB javaMax=256.0MB nativeHeap=14.7MB nativeHeapFree=49.9MB nativeHeapSize=68.1MB
  pssTotal=30.9MB privateDirty=22.1MB sharedDirty=52.0MB nativePss=14.2MB dalvikPss=3.3MB otherPss=13.4MB
  systemAvail=13.9GB systemThreshold=216.0MB lowMemory=false trimLevel=0 importance=125 fdCount=152
  procStatus VmRSS=184192 kB VmHWM=3159600 kB VmSize=17176532 kB VmSwap=2924 kB Threads=30 FDSize=256
2026-05-31 06:27:33.277 pid=22991 [model-load-complete] config=Qwen3.5 2B MTP model=Qwen3.5-2B-Q8_0.gguf mmproj=(none)
  javaUsed=2.7MB javaTotal=10.5MB javaMax=256.0MB nativeHeap=362.4MB nativeHeapFree=8.8MB nativeHeapSize=374.9MB
  pssTotal=2.1GB privateDirty=173.8MB sharedDirty=52.0MB nativePss=165.9MB dalvikPss=3.4MB otherPss=1.9GB
  systemAvail=13.8GB systemThreshold=216.0MB lowMemory=false trimLevel=0 importance=125 fdCount=152
  procStatus VmRSS=2356756 kB VmHWM=3159600 kB VmSize=19405448 kB VmSwap=2924 kB Threads=30 FDSize=256
2026-05-31 06:27:33.399 pid=22991 [generation-start] id=53 config=Qwen3.5 2B MTP model=Qwen3.5-2B-Q8_0.gguf promptLen=1060 mediaCount=0
  javaUsed=2.9MB javaTotal=10.5MB javaMax=256.0MB nativeHeap=362.4MB nativeHeapFree=8.7MB nativeHeapSize=374.9MB
  pssTotal=2.1GB privateDirty=174.0MB sharedDirty=52.0MB nativePss=165.9MB dalvikPss=3.5MB otherPss=1.9GB
  systemAvail=13.8GB systemThreshold=216.0MB lowMemory=false trimLevel=0 importance=125 fdCount=152
  procStatus VmRSS=2357012 kB VmHWM=3159600 kB VmSize=19405448 kB VmSwap=2924 kB Threads=30 FDSize=256
2026-05-31 06:27:33.517 pid=22991 [generation-stage] id=53 stage=native-call-start
2026-05-31 06:28:21.519 pid=22991 [generation-stage] id=53 stage=native-call-end resultLen=395
2026-05-31 06:28:21.519 pid=22991 [generation-end] id=53 resultLen=395
  javaUsed=3.1MB javaTotal=10.5MB javaMax=256.0MB nativeHeap=363.7MB nativeHeapFree=8.6MB nativeHeapSize=376.1MB
  pssTotal=2.1GB privateDirty=146.6MB sharedDirty=52.0MB nativePss=138.3MB dalvikPss=3.7MB otherPss=1.9GB
  systemAvail=13.9GB systemThreshold=216.0MB lowMemory=false trimLevel=0 importance=125 fdCount=152
  procStatus VmRSS=2329024 kB VmHWM=3159600 kB VmSize=19405448 kB VmSwap=2924 kB Threads=30 FDSize=256
2026-05-31 06:28:22.172 pid=22991 [model-load] Loading configuration: Qwen3.5 2B
2026-05-31 06:28:22.431 pid=22991 [runtime-memory] Before model load model=Qwen3.5-2B-UD-Q8_K_XL.gguf
  javaUsed=3.4MB javaTotal=10.5MB javaMax=256.0MB nativeHeap=14.7MB nativeHeapFree=49.9MB nativeHeapSize=68.1MB
  pssTotal=31.6MB privateDirty=22.7MB sharedDirty=52.0MB nativePss=14.2MB dalvikPss=4.0MB otherPss=13.4MB
  systemAvail=14.0GB systemThreshold=216.0MB lowMemory=false trimLevel=0 importance=125 fdCount=152
  procStatus VmRSS=184912 kB VmHWM=3159600 kB VmSize=17176532 kB VmSwap=2924 kB Threads=30 FDSize=256
2026-05-31 06:28:22.502 pid=22991 [runtime-memory] After model load cleanup model=Qwen3.5-2B-UD-Q8_K_XL.gguf
  javaUsed=2.6MB javaTotal=10.5MB javaMax=256.0MB nativeHeap=14.7MB nativeHeapFree=49.9MB nativeHeapSize=68.1MB
  pssTotal=31.0MB privateDirty=22.1MB sharedDirty=52.0MB nativePss=14.3MB dalvikPss=3.3MB otherPss=13.4MB
  systemAvail=14.0GB systemThreshold=216.0MB lowMemory=false trimLevel=0 importance=125 fdCount=152
  procStatus VmRSS=184412 kB VmHWM=3159600 kB VmSize=17176532 kB VmSwap=2924 kB Threads=30 FDSize=256
2026-05-31 06:28:23.714 pid=22991 [model-load-complete] config=Qwen3.5 2B model=Qwen3.5-2B-UD-Q8_K_XL.gguf mmproj=(none)
  javaUsed=2.7MB javaTotal=10.5MB javaMax=256.0MB nativeHeap=362.4MB nativeHeapFree=8.8MB nativeHeapSize=374.9MB
  pssTotal=2.9GB privateDirty=173.7MB sharedDirty=52.0MB nativePss=165.8MB dalvikPss=3.4MB otherPss=2.7GB
  systemAvail=13.8GB systemThreshold=216.0MB lowMemory=false trimLevel=0 importance=125 fdCount=152
  procStatus VmRSS=3154216 kB VmHWM=3159600 kB VmSize=20202752 kB VmSwap=2924 kB Threads=30 FDSize=256
2026-05-31 06:28:23.865 pid=22991 [generation-start] id=54 config=Qwen3.5 2B model=Qwen3.5-2B-UD-Q8_K_XL.gguf promptLen=1039 mediaCount=0
  javaUsed=2.9MB javaTotal=10.5MB javaMax=256.0MB nativeHeap=362.4MB nativeHeapFree=8.7MB nativeHeapSize=374.9MB
  pssTotal=2.9GB privateDirty=174.0MB sharedDirty=52.0MB nativePss=165.9MB dalvikPss=3.5MB otherPss=2.7GB
  systemAvail=13.8GB systemThreshold=216.0MB lowMemory=false trimLevel=0 importance=125 fdCount=152
  procStatus VmRSS=3154728 kB VmHWM=3159600 kB VmSize=20202752 kB VmSwap=2924 kB Threads=30 FDSize=256
2026-05-31 06:28:24.011 pid=22991 [generation-stage] id=54 stage=native-call-start
2026-05-31 06:29:08.692 pid=22991 [generation-stage] id=54 stage=native-call-end resultLen=53
2026-05-31 06:29:08.693 pid=22991 [generation-end] id=54 resultLen=53
  javaUsed=3.1MB javaTotal=10.5MB javaMax=256.0MB nativeHeap=363.7MB nativeHeapFree=8.6MB nativeHeapSize=376.1MB
  pssTotal=2.8GB privateDirty=146.7MB sharedDirty=52.0MB nativePss=138.4MB dalvikPss=3.7MB otherPss=2.7GB
  systemAvail=13.6GB systemThreshold=216.0MB lowMemory=false trimLevel=0 importance=125 fdCount=152
  procStatus VmRSS=3126584 kB VmHWM=3161508 kB VmSize=20202752 kB VmSwap=2924 kB Threads=30 FDSize=256
2026-05-31 06:29:09.452 pid=22991 [model-load] Loading configuration: Qwen3.5 2B MTP
2026-05-31 06:29:09.763 pid=22991 [runtime-memory] Before model load model=Qwen3.5-2B-Q8_0.gguf
  javaUsed=2.6MB javaTotal=10.5MB javaMax=256.0MB nativeHeap=14.7MB nativeHeapFree=49.9MB nativeHeapSize=68.1MB
  pssTotal=28.8MB privateDirty=19.9MB sharedDirty=52.0MB nativePss=14.1MB dalvikPss=1.3MB otherPss=13.4MB
  systemAvail=13.7GB systemThreshold=216.0MB lowMemory=false trimLevel=0 importance=125 fdCount=152
  procStatus VmRSS=182308 kB VmHWM=3161508 kB VmSize=17176532 kB VmSwap=2924 kB Threads=30 FDSize=256
2026-05-31 06:29:09.825 pid=22991 [runtime-memory] After model load cleanup model=Qwen3.5-2B-Q8_0.gguf
  javaUsed=2.6MB javaTotal=10.5MB javaMax=256.0MB nativeHeap=14.7MB nativeHeapFree=49.9MB nativeHeapSize=68.1MB
  pssTotal=28.9MB privateDirty=20.0MB sharedDirty=52.0MB nativePss=14.2MB dalvikPss=1.3MB otherPss=13.4MB
  systemAvail=13.7GB systemThreshold=216.0MB lowMemory=false trimLevel=0 importance=125 fdCount=152
  procStatus VmRSS=182436 kB VmHWM=3161508 kB VmSize=17176532 kB VmSwap=2924 kB Threads=30 FDSize=256
2026-05-31 06:29:10.977 pid=22991 [model-load-complete] config=Qwen3.5 2B MTP model=Qwen3.5-2B-Q8_0.gguf mmproj=(none)
  javaUsed=2.7MB javaTotal=10.5MB javaMax=256.0MB nativeHeap=362.4MB nativeHeapFree=8.8MB nativeHeapSize=374.9MB
  pssTotal=2.1GB privateDirty=171.8MB sharedDirty=52.0MB nativePss=165.9MB dalvikPss=1.4MB otherPss=1.9GB
  systemAvail=13.6GB systemThreshold=216.0MB lowMemory=false trimLevel=0 importance=125 fdCount=152
  procStatus VmRSS=2355128 kB VmHWM=3161508 kB VmSize=19405448 kB VmSwap=2924 kB Threads=30 FDSize=256
2026-05-31 06:29:11.104 pid=22991 [generation-start] id=55 config=Qwen3.5 2B MTP model=Qwen3.5-2B-Q8_0.gguf promptLen=1060 mediaCount=0
  javaUsed=2.9MB javaTotal=10.5MB javaMax=256.0MB nativeHeap=362.4MB nativeHeapFree=8.7MB nativeHeapSize=374.9MB
  pssTotal=2.1GB privateDirty=172.0MB sharedDirty=52.0MB nativePss=165.9MB dalvikPss=1.5MB otherPss=1.9GB
  systemAvail=13.6GB systemThreshold=216.0MB lowMemory=false trimLevel=0 importance=125 fdCount=152
  procStatus VmRSS=2355384 kB VmHWM=3161508 kB VmSize=19405448 kB VmSwap=2924 kB Threads=30 FDSize=256
2026-05-31 06:29:11.222 pid=22991 [generation-stage] id=55 stage=native-call-start
2026-05-31 06:29:45.273 pid=22991 [generation-stage] id=55 stage=native-call-end resultLen=51
2026-05-31 06:29:45.274 pid=22991 [generation-end] id=55 resultLen=51
  javaUsed=3.1MB javaTotal=10.5MB javaMax=256.0MB nativeHeap=363.7MB nativeHeapFree=8.6MB nativeHeapSize=376.1MB
  pssTotal=2.1GB privateDirty=144.6MB sharedDirty=52.0MB nativePss=138.3MB dalvikPss=1.7MB otherPss=1.9GB
  systemAvail=13.7GB systemThreshold=216.0MB lowMemory=false trimLevel=0 importance=125 fdCount=152
  procStatus VmRSS=2327180 kB VmHWM=3161508 kB VmSize=19405448 kB VmSwap=2924 kB Threads=30 FDSize=256
2026-05-31 06:29:46.007 pid=22991 [model-load] Loading configuration: Qwen3.5 2B
2026-05-31 06:29:46.262 pid=22991 [runtime-memory] Before model load model=Qwen3.5-2B-UD-Q8_K_XL.gguf
  javaUsed=3.4MB javaTotal=10.5MB javaMax=256.0MB nativeHeap=14.7MB nativeHeapFree=49.9MB nativeHeapSize=68.1MB
  pssTotal=29.6MB privateDirty=20.7MB sharedDirty=52.0MB nativePss=14.2MB dalvikPss=2.0MB otherPss=13.4MB
  systemAvail=13.9GB systemThreshold=216.0MB lowMemory=false trimLevel=0 importance=125 fdCount=152
  procStatus VmRSS=182852 kB VmHWM=3161508 kB VmSize=17176532 kB VmSwap=2924 kB Threads=30 FDSize=256
2026-05-31 06:29:46.328 pid=22991 [runtime-memory] After model load cleanup model=Qwen3.5-2B-UD-Q8_K_XL.gguf
  javaUsed=2.6MB javaTotal=10.5MB javaMax=256.0MB nativeHeap=14.7MB nativeHeapFree=49.9MB nativeHeapSize=68.1MB
  pssTotal=29.0MB privateDirty=20.1MB sharedDirty=52.0MB nativePss=14.3MB dalvikPss=1.3MB otherPss=13.4MB
  systemAvail=13.9GB systemThreshold=216.0MB lowMemory=false trimLevel=0 importance=125 fdCount=152
  procStatus VmRSS=182340 kB VmHWM=3161508 kB VmSize=17176532 kB VmSwap=2924 kB Threads=30 FDSize=256
2026-05-31 06:29:47.442 pid=22991 [model-load-complete] config=Qwen3.5 2B model=Qwen3.5-2B-UD-Q8_K_XL.gguf mmproj=(none)
  javaUsed=2.7MB javaTotal=10.5MB javaMax=256.0MB nativeHeap=362.4MB nativeHeapFree=8.8MB nativeHeapSize=374.9MB
  pssTotal=2.9GB privateDirty=171.8MB sharedDirty=52.0MB nativePss=165.9MB dalvikPss=1.4MB otherPss=2.7GB
  systemAvail=13.7GB systemThreshold=216.0MB lowMemory=false trimLevel=0 importance=125 fdCount=152
  procStatus VmRSS=3152208 kB VmHWM=3161508 kB VmSize=20202752 kB VmSwap=2924 kB Threads=30 FDSize=256
2026-05-31 06:29:47.580 pid=22991 [generation-start] id=56 config=Qwen3.5 2B model=Qwen3.5-2B-UD-Q8_K_XL.gguf promptLen=1042 mediaCount=0
  javaUsed=2.9MB javaTotal=10.5MB javaMax=256.0MB nativeHeap=362.4MB nativeHeapFree=8.7MB nativeHeapSize=374.9MB
  pssTotal=2.9GB privateDirty=172.1MB sharedDirty=52.0MB nativePss=165.9MB dalvikPss=1.6MB otherPss=2.7GB
  systemAvail=13.7GB systemThreshold=216.0MB lowMemory=false trimLevel=0 importance=125 fdCount=152
  procStatus VmRSS=3152464 kB VmHWM=3161508 kB VmSize=20202752 kB VmSwap=2924 kB Threads=30 FDSize=256
2026-05-31 06:29:47.719 pid=22991 [generation-stage] id=56 stage=native-call-start
2026-05-31 06:30:28.109 pid=22991 [generation-stage] id=56 stage=native-call-end resultLen=51
2026-05-31 06:30:28.110 pid=22991 [generation-end] id=56 resultLen=51
  javaUsed=3.1MB javaTotal=10.5MB javaMax=256.0MB nativeHeap=363.7MB nativeHeapFree=8.6MB nativeHeapSize=376.1MB
  pssTotal=2.8GB privateDirty=144.7MB sharedDirty=52.0MB nativePss=138.4MB dalvikPss=1.7MB otherPss=2.7GB
  systemAvail=13.8GB systemThreshold=216.0MB lowMemory=false trimLevel=0 importance=125 fdCount=152
  procStatus VmRSS=3124164 kB VmHWM=3161508 kB VmSize=20202752 kB VmSwap=2924 kB Threads=30 FDSize=256
2026-05-31 06:30:28.765 pid=22991 [model-load] Loading configuration: Qwen3.5 2B MTP
2026-05-31 06:30:28.963 pid=22991 [runtime-memory] Before model load model=Qwen3.5-2B-Q8_0.gguf
  javaUsed=2.9MB javaTotal=10.5MB javaMax=256.0MB nativeHeap=14.7MB nativeHeapFree=49.9MB nativeHeapSize=68.1MB
  pssTotal=29.0MB privateDirty=20.1MB sharedDirty=52.0MB nativePss=14.1MB dalvikPss=1.5MB otherPss=13.4MB
  systemAvail=13.8GB systemThreshold=216.0MB lowMemory=false trimLevel=0 importance=125 fdCount=152
  procStatus VmRSS=182500 kB VmHWM=3161508 kB VmSize=17176532 kB VmSwap=2924 kB Threads=30 FDSize=256
2026-05-31 06:30:28.993 pid=22991 [runtime-memory] After model load cleanup model=Qwen3.5-2B-Q8_0.gguf
  javaUsed=2.5MB javaTotal=10.5MB javaMax=256.0MB nativeHeap=14.7MB nativeHeapFree=49.9MB nativeHeapSize=68.1MB
  pssTotal=28.9MB privateDirty=20.0MB sharedDirty=52.0MB nativePss=14.2MB dalvikPss=1.3MB otherPss=13.4MB
  systemAvail=13.9GB systemThreshold=216.0MB lowMemory=false trimLevel=0 importance=125 fdCount=152
  procStatus VmRSS=182412 kB VmHWM=3161508 kB VmSize=17176532 kB VmSwap=2924 kB Threads=30 FDSize=256
2026-05-31 06:30:29.589 pid=22991 [model-load-complete] config=Qwen3.5 2B MTP model=Qwen3.5-2B-Q8_0.gguf mmproj=(none)
  javaUsed=2.7MB javaTotal=10.5MB javaMax=256.0MB nativeHeap=362.4MB nativeHeapFree=8.8MB nativeHeapSize=374.9MB
  pssTotal=2.1GB privateDirty=171.8MB sharedDirty=52.0MB nativePss=165.9MB dalvikPss=1.4MB otherPss=1.9GB
  systemAvail=13.7GB systemThreshold=216.0MB lowMemory=false trimLevel=0 importance=125 fdCount=152
  procStatus VmRSS=2355104 kB VmHWM=3161508 kB VmSize=19405448 kB VmSwap=2924 kB Threads=30 FDSize=256
2026-05-31 06:30:29.660 pid=22991 [generation-start] id=57 config=Qwen3.5 2B MTP model=Qwen3.5-2B-Q8_0.gguf promptLen=1051 mediaCount=0
  javaUsed=2.9MB javaTotal=10.5MB javaMax=256.0MB nativeHeap=362.4MB nativeHeapFree=8.7MB nativeHeapSize=374.9MB
  pssTotal=2.1GB privateDirty=172.0MB sharedDirty=52.0MB nativePss=165.9MB dalvikPss=1.5MB otherPss=1.9GB
  systemAvail=13.7GB systemThreshold=216.0MB lowMemory=false trimLevel=0 importance=125 fdCount=152
  procStatus VmRSS=2355232 kB VmHWM=3161508 kB VmSize=19405448 kB VmSwap=2924 kB Threads=30 FDSize=256
2026-05-31 06:30:29.726 pid=22991 [generation-stage] id=57 stage=native-call-start
2026-05-31 06:30:52.276 pid=22991 [generation-stage] id=57 stage=native-call-end resultLen=48
2026-05-31 06:30:52.277 pid=22991 [generation-end] id=57 resultLen=48
  javaUsed=3.1MB javaTotal=10.5MB javaMax=256.0MB nativeHeap=363.7MB nativeHeapFree=8.6MB nativeHeapSize=376.1MB
  pssTotal=2.1GB privateDirty=144.6MB sharedDirty=52.0MB nativePss=138.3MB dalvikPss=1.7MB otherPss=1.9GB
  systemAvail=13.4GB systemThreshold=216.0MB lowMemory=false trimLevel=0 importance=125 fdCount=152
  procStatus VmRSS=2326952 kB VmHWM=3161508 kB VmSize=19405448 kB VmSwap=2924 kB Threads=30 FDSize=256
2026-05-31 06:30:52.982 pid=22991 [model-load] Loading configuration: Qwen3.5 2B
2026-05-31 06:30:53.248 pid=22991 [runtime-memory] Before model load model=Qwen3.5-2B-UD-Q8_K_XL.gguf
  javaUsed=3.4MB javaTotal=10.5MB javaMax=256.0MB nativeHeap=14.7MB nativeHeapFree=49.9MB nativeHeapSize=68.1MB
  pssTotal=29.5MB privateDirty=20.7MB sharedDirty=52.0MB nativePss=14.2MB dalvikPss=2.0MB otherPss=13.3MB
  systemAvail=13.5GB systemThreshold=216.0MB lowMemory=false trimLevel=0 importance=125 fdCount=152
  procStatus VmRSS=182864 kB VmHWM=3161508 kB VmSize=17176532 kB VmSwap=2924 kB Threads=30 FDSize=256
2026-05-31 06:30:53.316 pid=22991 [runtime-memory] After model load cleanup model=Qwen3.5-2B-UD-Q8_K_XL.gguf
  javaUsed=2.6MB javaTotal=10.5MB javaMax=256.0MB nativeHeap=14.7MB nativeHeapFree=49.9MB nativeHeapSize=68.1MB
  pssTotal=28.9MB privateDirty=20.1MB sharedDirty=52.0MB nativePss=14.3MB dalvikPss=1.3MB otherPss=13.3MB
  systemAvail=13.5GB systemThreshold=216.0MB lowMemory=false trimLevel=0 importance=125 fdCount=152
  procStatus VmRSS=182344 kB VmHWM=3161508 kB VmSize=17176532 kB VmSwap=2924 kB Threads=30 FDSize=256
2026-05-31 06:30:54.533 pid=22991 [model-load-complete] config=Qwen3.5 2B model=Qwen3.5-2B-UD-Q8_K_XL.gguf mmproj=(none)
  javaUsed=2.7MB javaTotal=10.5MB javaMax=256.0MB nativeHeap=362.4MB nativeHeapFree=8.8MB nativeHeapSize=374.9MB
  pssTotal=2.9GB privateDirty=171.7MB sharedDirty=52.0MB nativePss=165.8MB dalvikPss=1.4MB otherPss=2.7GB
  systemAvail=13.3GB systemThreshold=216.0MB lowMemory=false trimLevel=0 importance=125 fdCount=152
  procStatus VmRSS=3152176 kB VmHWM=3161508 kB VmSize=20202752 kB VmSwap=2924 kB Threads=30 FDSize=256
2026-05-31 06:30:54.686 pid=22991 [generation-start] id=58 config=Qwen3.5 2B model=Qwen3.5-2B-UD-Q8_K_XL.gguf promptLen=1048 mediaCount=0
  javaUsed=2.9MB javaTotal=10.5MB javaMax=256.0MB nativeHeap=362.4MB nativeHeapFree=8.7MB nativeHeapSize=374.9MB
  pssTotal=2.9GB privateDirty=172.0MB sharedDirty=52.0MB nativePss=165.9MB dalvikPss=1.5MB otherPss=2.7GB
  systemAvail=13.3GB systemThreshold=216.0MB lowMemory=false trimLevel=0 importance=125 fdCount=152
  procStatus VmRSS=3152304 kB VmHWM=3161508 kB VmSize=20202752 kB VmSwap=2924 kB Threads=30 FDSize=256
2026-05-31 06:30:54.840 pid=22991 [generation-stage] id=58 stage=native-call-start
2026-05-31 06:31:34.086 pid=22991 [generation-stage] id=58 stage=native-call-end resultLen=48
2026-05-31 06:31:34.089 pid=22991 [generation-end] id=58 resultLen=48
  javaUsed=2.7MB javaTotal=10.5MB javaMax=256.0MB nativeHeap=363.7MB nativeHeapFree=8.6MB nativeHeapSize=376.1MB
  pssTotal=2.8GB privateDirty=144.3MB sharedDirty=52.0MB nativePss=138.4MB dalvikPss=1.4MB otherPss=2.7GB
  systemAvail=13.1GB systemThreshold=216.0MB lowMemory=false trimLevel=0 importance=125 fdCount=152
  procStatus VmRSS=3124164 kB VmHWM=3161508 kB VmSize=20202752 kB VmSwap=2924 kB Threads=30 FDSize=256
2026-05-31 06:31:34.987 pid=22991 [model-load] Loading configuration: Qwen3.5 2B MTP
2026-05-31 06:31:35.201 pid=22991 [runtime-memory] Before model load model=Qwen3.5-2B-Q8_0.gguf
  javaUsed=3.0MB javaTotal=10.5MB javaMax=256.0MB nativeHeap=14.7MB nativeHeapFree=49.9MB nativeHeapSize=68.1MB
  pssTotal=28.9MB privateDirty=20.3MB sharedDirty=52.0MB nativePss=14.2MB dalvikPss=1.6MB otherPss=13.1MB
  systemAvail=13.4GB systemThreshold=216.0MB lowMemory=false trimLevel=0 importance=125 fdCount=152
  procStatus VmRSS=182468 kB VmHWM=3161508 kB VmSize=17176532 kB VmSwap=2924 kB Threads=30 FDSize=256
2026-05-31 06:31:35.235 pid=22991 [runtime-memory] After model load cleanup model=Qwen3.5-2B-Q8_0.gguf
  javaUsed=2.5MB javaTotal=10.5MB javaMax=256.0MB nativeHeap=14.7MB nativeHeapFree=49.9MB nativeHeapSize=68.1MB
  pssTotal=30.7MB privateDirty=22.1MB sharedDirty=52.0MB nativePss=14.3MB dalvikPss=3.3MB otherPss=13.2MB
  systemAvail=13.4GB systemThreshold=216.0MB lowMemory=false trimLevel=0 importance=125 fdCount=152
  procStatus VmRSS=184344 kB VmHWM=3161508 kB VmSize=17176532 kB VmSwap=2924 kB Threads=30 FDSize=256
2026-05-31 06:31:35.798 pid=22991 [model-load-complete] config=Qwen3.5 2B MTP model=Qwen3.5-2B-Q8_0.gguf mmproj=(none)
  javaUsed=2.7MB javaTotal=10.5MB javaMax=256.0MB nativeHeap=362.4MB nativeHeapFree=8.8MB nativeHeapSize=374.9MB
  pssTotal=2.1GB privateDirty=173.8MB sharedDirty=52.0MB nativePss=165.9MB dalvikPss=3.4MB otherPss=1.9GB
  systemAvail=13.3GB systemThreshold=216.0MB lowMemory=false trimLevel=0 importance=125 fdCount=152
  procStatus VmRSS=2356908 kB VmHWM=3161508 kB VmSize=19405448 kB VmSwap=2924 kB Threads=30 FDSize=256
2026-05-31 06:31:35.867 pid=22991 [generation-start] id=59 config=Qwen3.5 2B MTP model=Qwen3.5-2B-Q8_0.gguf promptLen=1051 mediaCount=0
  javaUsed=2.9MB javaTotal=10.5MB javaMax=256.0MB nativeHeap=362.4MB nativeHeapFree=8.7MB nativeHeapSize=374.9MB
  pssTotal=2.1GB privateDirty=174.0MB sharedDirty=52.0MB nativePss=165.9MB dalvikPss=3.5MB otherPss=1.9GB
  systemAvail=13.3GB systemThreshold=216.0MB lowMemory=false trimLevel=0 importance=125 fdCount=152
  procStatus VmRSS=2357164 kB VmHWM=3161508 kB VmSize=19405448 kB VmSwap=2924 kB Threads=30 FDSize=256
2026-05-31 06:31:35.935 pid=22991 [generation-stage] id=59 stage=native-call-start
2026-05-31 06:32:03.574 pid=22991 [generation-stage] id=59 stage=native-call-end resultLen=89
2026-05-31 06:32:03.575 pid=22991 [generation-end] id=59 resultLen=89
  javaUsed=3.1MB javaTotal=10.5MB javaMax=256.0MB nativeHeap=363.7MB nativeHeapFree=8.6MB nativeHeapSize=376.1MB
  pssTotal=2.1GB privateDirty=146.6MB sharedDirty=52.0MB nativePss=138.3MB dalvikPss=3.7MB otherPss=1.9GB
  systemAvail=13.3GB systemThreshold=216.0MB lowMemory=false trimLevel=0 importance=125 fdCount=152
  procStatus VmRSS=2329100 kB VmHWM=3161508 kB VmSize=19405448 kB VmSwap=2924 kB Threads=30 FDSize=256
2026-05-31 06:32:04.160 pid=22991 [model-load] Loading configuration: Qwen3.5 2B
2026-05-31 06:32:04.441 pid=22991 [runtime-memory] Before model load model=Qwen3.5-2B-UD-Q8_K_XL.gguf
  javaUsed=3.4MB javaTotal=10.5MB javaMax=256.0MB nativeHeap=14.7MB nativeHeapFree=49.9MB nativeHeapSize=68.1MB
  pssTotal=31.4MB privateDirty=22.7MB sharedDirty=52.0MB nativePss=14.2MB dalvikPss=4.0MB otherPss=13.2MB
  systemAvail=13.4GB systemThreshold=216.0MB lowMemory=false trimLevel=0 importance=125 fdCount=152
  procStatus VmRSS=184892 kB VmHWM=3161508 kB VmSize=17176532 kB VmSwap=2924 kB Threads=30 FDSize=256
2026-05-31 06:32:04.508 pid=22991 [runtime-memory] After model load cleanup model=Qwen3.5-2B-UD-Q8_K_XL.gguf
  javaUsed=2.6MB javaTotal=10.5MB javaMax=256.0MB nativeHeap=14.7MB nativeHeapFree=49.9MB nativeHeapSize=68.1MB
  pssTotal=28.8MB privateDirty=20.1MB sharedDirty=52.0MB nativePss=14.3MB dalvikPss=1.3MB otherPss=13.2MB
  systemAvail=13.4GB systemThreshold=216.0MB lowMemory=false trimLevel=0 importance=125 fdCount=152
  procStatus VmRSS=182328 kB VmHWM=3161508 kB VmSize=17176532 kB VmSwap=2924 kB Threads=30 FDSize=256
2026-05-31 06:32:05.740 pid=22991 [model-load-complete] config=Qwen3.5 2B model=Qwen3.5-2B-UD-Q8_K_XL.gguf mmproj=(none)
  javaUsed=2.7MB javaTotal=10.5MB javaMax=256.0MB nativeHeap=362.4MB nativeHeapFree=8.8MB nativeHeapSize=374.9MB
  pssTotal=2.9GB privateDirty=171.7MB sharedDirty=52.0MB nativePss=165.8MB dalvikPss=1.4MB otherPss=2.7GB
  systemAvail=13.2GB systemThreshold=216.0MB lowMemory=false trimLevel=0 importance=125 fdCount=152
  procStatus VmRSS=3152124 kB VmHWM=3161508 kB VmSize=20202752 kB VmSwap=2924 kB Threads=30 FDSize=256
2026-05-31 06:32:05.896 pid=22991 [generation-start] id=60 config=Qwen3.5 2B model=Qwen3.5-2B-UD-Q8_K_XL.gguf promptLen=1045 mediaCount=0
  javaUsed=2.9MB javaTotal=10.5MB javaMax=256.0MB nativeHeap=362.4MB nativeHeapFree=8.7MB nativeHeapSize=374.9MB
  pssTotal=2.9GB privateDirty=171.9MB sharedDirty=52.0MB nativePss=165.8MB dalvikPss=1.5MB otherPss=2.7GB
  systemAvail=13.2GB systemThreshold=216.0MB lowMemory=false trimLevel=0 importance=125 fdCount=152
  procStatus VmRSS=3152136 kB VmHWM=3161508 kB VmSize=20202752 kB VmSwap=2924 kB Threads=30 FDSize=256
2026-05-31 06:32:06.041 pid=22991 [generation-stage] id=60 stage=native-call-start
2026-05-31 06:32:42.332 pid=22991 [generation-stage] id=60 stage=native-call-end resultLen=45
2026-05-31 06:32:42.333 pid=22991 [generation-end] id=60 resultLen=45
  javaUsed=2.8MB javaTotal=10.5MB javaMax=256.0MB nativeHeap=363.7MB nativeHeapFree=8.6MB nativeHeapSize=376.1MB
  pssTotal=2.8GB privateDirty=144.4MB sharedDirty=52.0MB nativePss=138.4MB dalvikPss=1.5MB otherPss=2.7GB
  systemAvail=13.3GB systemThreshold=216.0MB lowMemory=false trimLevel=0 importance=125 fdCount=152
  procStatus VmRSS=3124152 kB VmHWM=3161508 kB VmSize=20202752 kB VmSwap=2924 kB Threads=30 FDSize=256
2026-05-31 06:32:43.134 pid=22991 [model-load] Loading configuration: Qwen3.5 2B MTP
2026-05-31 06:32:43.355 pid=22991 [runtime-memory] Before model load model=Qwen3.5-2B-Q8_0.gguf
  javaUsed=3.1MB javaTotal=10.5MB javaMax=256.0MB nativeHeap=14.7MB nativeHeapFree=49.9MB nativeHeapSize=68.1MB
  pssTotal=29.1MB privateDirty=20.4MB sharedDirty=52.0MB nativePss=14.1MB dalvikPss=1.7MB otherPss=13.2MB
  systemAvail=13.4GB systemThreshold=216.0MB lowMemory=false trimLevel=0 importance=125 fdCount=152
  procStatus VmRSS=182660 kB VmHWM=3161508 kB VmSize=17176532 kB VmSwap=2924 kB Threads=30 FDSize=256
2026-05-31 06:32:43.390 pid=22991 [runtime-memory] After model load cleanup model=Qwen3.5-2B-Q8_0.gguf
  javaUsed=2.6MB javaTotal=10.5MB javaMax=256.0MB nativeHeap=14.7MB nativeHeapFree=49.9MB nativeHeapSize=68.1MB
  pssTotal=30.7MB privateDirty=22.0MB sharedDirty=52.0MB nativePss=14.2MB dalvikPss=3.3MB otherPss=13.2MB
  systemAvail=13.4GB systemThreshold=216.0MB lowMemory=false trimLevel=0 importance=125 fdCount=152
  procStatus VmRSS=184384 kB VmHWM=3161508 kB VmSize=17176532 kB VmSwap=2924 kB Threads=30 FDSize=256
2026-05-31 06:32:44.001 pid=22991 [model-load-complete] config=Qwen3.5 2B MTP model=Qwen3.5-2B-Q8_0.gguf mmproj=(none)
  javaUsed=2.7MB javaTotal=10.5MB javaMax=256.0MB nativeHeap=362.4MB nativeHeapFree=8.8MB nativeHeapSize=374.9MB
  pssTotal=2.1GB privateDirty=173.8MB sharedDirty=52.0MB nativePss=165.9MB dalvikPss=3.4MB otherPss=1.9GB
  systemAvail=13.2GB systemThreshold=216.0MB lowMemory=false trimLevel=0 importance=125 fdCount=152
  procStatus VmRSS=2356948 kB VmHWM=3161508 kB VmSize=19405448 kB VmSwap=2924 kB Threads=30 FDSize=256
2026-05-31 06:32:44.075 pid=22991 [generation-start] id=61 config=Qwen3.5 2B MTP model=Qwen3.5-2B-Q8_0.gguf promptLen=1045 mediaCount=0
  javaUsed=2.9MB javaTotal=10.5MB javaMax=256.0MB nativeHeap=362.4MB nativeHeapFree=8.7MB nativeHeapSize=374.9MB
  pssTotal=2.1GB privateDirty=174.0MB sharedDirty=52.0MB nativePss=165.9MB dalvikPss=3.5MB otherPss=1.9GB
  systemAvail=13.2GB systemThreshold=216.0MB lowMemory=false trimLevel=0 importance=125 fdCount=152
  procStatus VmRSS=2357204 kB VmHWM=3161508 kB VmSize=19405448 kB VmSwap=2924 kB Threads=30 FDSize=256
2026-05-31 06:32:44.147 pid=22991 [generation-stage] id=61 stage=native-call-start
2026-05-31 06:33:16.596 pid=22991 [generation-stage] id=61 stage=native-call-end resultLen=139
2026-05-31 06:33:16.597 pid=22991 [generation-end] id=61 resultLen=139
  javaUsed=3.1MB javaTotal=10.5MB javaMax=256.0MB nativeHeap=363.7MB nativeHeapFree=8.6MB nativeHeapSize=376.1MB
  pssTotal=2.1GB privateDirty=146.6MB sharedDirty=52.0MB nativePss=138.3MB dalvikPss=3.7MB otherPss=1.9GB
  systemAvail=13.3GB systemThreshold=216.0MB lowMemory=false trimLevel=0 importance=125 fdCount=152
  procStatus VmRSS=2329104 kB VmHWM=3161508 kB VmSize=19405448 kB VmSwap=2924 kB Threads=30 FDSize=256
2026-05-31 06:33:17.345 pid=22991 [model-load] Loading configuration: Qwen3.5 2B
2026-05-31 06:33:17.615 pid=22991 [runtime-memory] Before model load model=Qwen3.5-2B-UD-Q8_K_XL.gguf
  javaUsed=3.4MB javaTotal=10.5MB javaMax=256.0MB nativeHeap=14.7MB nativeHeapFree=49.9MB nativeHeapSize=68.1MB
  pssTotal=31.4MB privateDirty=22.7MB sharedDirty=52.0MB nativePss=14.2MB dalvikPss=4.0MB otherPss=13.2MB
  systemAvail=13.4GB systemThreshold=216.0MB lowMemory=false trimLevel=0 importance=125 fdCount=152
  procStatus VmRSS=184972 kB VmHWM=3161508 kB VmSize=17176532 kB VmSwap=2924 kB Threads=30 FDSize=256
2026-05-31 06:33:17.685 pid=22991 [runtime-memory] After model load cleanup model=Qwen3.5-2B-UD-Q8_K_XL.gguf
  javaUsed=2.6MB javaTotal=10.5MB javaMax=256.0MB nativeHeap=14.7MB nativeHeapFree=49.9MB nativeHeapSize=68.1MB
  pssTotal=28.8MB privateDirty=20.1MB sharedDirty=52.0MB nativePss=14.3MB dalvikPss=1.3MB otherPss=13.2MB
  systemAvail=13.4GB systemThreshold=216.0MB lowMemory=false trimLevel=0 importance=125 fdCount=152
  procStatus VmRSS=182540 kB VmHWM=3161508 kB VmSize=17176532 kB VmSwap=2924 kB Threads=30 FDSize=256
2026-05-31 06:33:19.038 pid=22991 [model-load-complete] config=Qwen3.5 2B model=Qwen3.5-2B-UD-Q8_K_XL.gguf mmproj=(none)
  javaUsed=2.7MB javaTotal=10.5MB javaMax=256.0MB nativeHeap=362.4MB nativeHeapFree=8.8MB nativeHeapSize=374.9MB
  pssTotal=2.9GB privateDirty=167.3MB sharedDirty=52.0MB nativePss=161.4MB dalvikPss=1.4MB otherPss=2.7GB
  systemAvail=13.2GB systemThreshold=216.0MB lowMemory=false trimLevel=0 importance=125 fdCount=152
  procStatus VmRSS=3147552 kB VmHWM=3161508 kB VmSize=20202752 kB VmSwap=2924 kB Threads=30 FDSize=256
2026-05-31 06:33:19.270 pid=22991 [generation-start] id=62 config=Qwen3.5 2B model=Qwen3.5-2B-UD-Q8_K_XL.gguf promptLen=1048 mediaCount=0
  javaUsed=2.9MB javaTotal=10.5MB javaMax=256.0MB nativeHeap=362.4MB nativeHeapFree=8.7MB nativeHeapSize=374.9MB
  pssTotal=2.9GB privateDirty=167.5MB sharedDirty=52.0MB nativePss=161.4MB dalvikPss=1.5MB otherPss=2.7GB
  systemAvail=13.2GB systemThreshold=216.0MB lowMemory=false trimLevel=0 importance=125 fdCount=152
  procStatus VmRSS=3147628 kB VmHWM=3161508 kB VmSize=20202752 kB VmSwap=2924 kB Threads=30 FDSize=256
2026-05-31 06:33:19.413 pid=22991 [generation-stage] id=62 stage=native-call-start
2026-05-31 06:34:05.626 pid=22991 [generation-stage] id=62 stage=native-call-end resultLen=193
2026-05-31 06:34:05.627 pid=22991 [generation-end] id=62 resultLen=193
  javaUsed=2.8MB javaTotal=10.5MB javaMax=256.0MB nativeHeap=363.7MB nativeHeapFree=8.6MB nativeHeapSize=376.1MB
  pssTotal=2.8GB privateDirty=144.4MB sharedDirty=52.0MB nativePss=138.4MB dalvikPss=1.5MB otherPss=2.7GB
  systemAvail=13.1GB systemThreshold=216.0MB lowMemory=false trimLevel=0 importance=125 fdCount=152
  procStatus VmRSS=3124204 kB VmHWM=3161508 kB VmSize=20202752 kB VmSwap=2924 kB Threads=30 FDSize=256
2026-05-31 06:34:05.769 pid=22991 [model-load] Loading configuration: Qwen3.5 2B
2026-05-31 06:34:05.770 pid=22991 [model-load-skip] config=Qwen3.5 2B model already loaded
  javaUsed=3.1MB javaTotal=10.5MB javaMax=256.0MB nativeHeap=363.7MB nativeHeapFree=8.6MB nativeHeapSize=376.1MB
  pssTotal=2.8GB privateDirty=144.6MB sharedDirty=52.0MB nativePss=138.4MB dalvikPss=1.7MB otherPss=2.7GB
  systemAvail=13.1GB systemThreshold=216.0MB lowMemory=false trimLevel=0 importance=125 fdCount=152
  procStatus VmRSS=3124204 kB VmHWM=3161508 kB VmSize=20202752 kB VmSwap=2924 kB Threads=30 FDSize=256
2026-05-31 06:34:05.905 pid=22991 [generation-start] id=63 config=Qwen3.5 2B model=Qwen3.5-2B-UD-Q8_K_XL.gguf promptLen=1048 mediaCount=0
  javaUsed=3.3MB javaTotal=10.5MB javaMax=256.0MB nativeHeap=363.7MB nativeHeapFree=8.6MB nativeHeapSize=376.1MB
  pssTotal=2.8GB privateDirty=144.8MB sharedDirty=52.0MB nativePss=138.4MB dalvikPss=1.9MB otherPss=2.7GB
  systemAvail=13.1GB systemThreshold=216.0MB lowMemory=false trimLevel=0 importance=125 fdCount=152
  procStatus VmRSS=3124460 kB VmHWM=3161508 kB VmSize=20202752 kB VmSwap=2924 kB Threads=30 FDSize=256
2026-05-31 06:34:06.036 pid=22991 [generation-stage] id=63 stage=native-call-start
2026-05-31 06:35:03.200 pid=22991 [generation-stage] id=63 stage=native-call-end resultLen=206
2026-05-31 06:35:03.201 pid=22991 [generation-end] id=63 resultLen=206
  javaUsed=3.5MB javaTotal=10.5MB javaMax=256.0MB nativeHeap=363.7MB nativeHeapFree=8.6MB nativeHeapSize=376.1MB
  pssTotal=2.8GB privateDirty=145.0MB sharedDirty=52.0MB nativePss=138.4MB dalvikPss=2.1MB otherPss=2.7GB
  systemAvail=13.2GB systemThreshold=216.0MB lowMemory=false trimLevel=0 importance=125 fdCount=152
  procStatus VmRSS=3124964 kB VmHWM=3161508 kB VmSize=20202752 kB VmSwap=2924 kB Threads=30 FDSize=256
2026-05-31 06:35:03.858 pid=22991 [model-load] Loading configuration: Qwen3.5 2B MTP
2026-05-31 06:35:04.175 pid=22991 [runtime-memory] Before model load model=Qwen3.5-2B-Q8_0.gguf
  javaUsed=3.9MB javaTotal=10.5MB javaMax=256.0MB nativeHeap=14.7MB nativeHeapFree=49.9MB nativeHeapSize=68.1MB
  pssTotal=29.8MB privateDirty=21.1MB sharedDirty=52.0MB nativePss=14.2MB dalvikPss=2.3MB otherPss=13.2MB
  systemAvail=13.3GB systemThreshold=216.0MB lowMemory=false trimLevel=0 importance=125 fdCount=152
  procStatus VmRSS=183464 kB VmHWM=3161508 kB VmSize=17176532 kB VmSwap=2924 kB Threads=30 FDSize=256
2026-05-31 06:35:04.246 pid=22991 [runtime-memory] After model load cleanup model=Qwen3.5-2B-Q8_0.gguf
  javaUsed=2.6MB javaTotal=10.5MB javaMax=256.0MB nativeHeap=14.7MB nativeHeapFree=49.9MB nativeHeapSize=68.1MB
  pssTotal=28.8MB privateDirty=20.1MB sharedDirty=52.0MB nativePss=14.3MB dalvikPss=1.3MB otherPss=13.2MB
  systemAvail=13.3GB systemThreshold=216.0MB lowMemory=false trimLevel=0 importance=125 fdCount=152
  procStatus VmRSS=182588 kB VmHWM=3161508 kB VmSize=17176532 kB VmSwap=2924 kB Threads=30 FDSize=256
2026-05-31 06:35:05.497 pid=22991 [model-load-complete] config=Qwen3.5 2B MTP model=Qwen3.5-2B-Q8_0.gguf mmproj=(none)
  javaUsed=2.7MB javaTotal=10.5MB javaMax=256.0MB nativeHeap=362.4MB nativeHeapFree=8.8MB nativeHeapSize=374.9MB
  pssTotal=2.1GB privateDirty=171.7MB sharedDirty=52.0MB nativePss=165.8MB dalvikPss=1.4MB otherPss=1.9GB
  systemAvail=13.2GB systemThreshold=216.0MB lowMemory=false trimLevel=0 importance=125 fdCount=152
  procStatus VmRSS=2355160 kB VmHWM=3161508 kB VmSize=19405448 kB VmSwap=2924 kB Threads=30 FDSize=256
2026-05-31 06:35:05.621 pid=22991 [generation-start] id=64 config=Qwen3.5 2B MTP model=Qwen3.5-2B-Q8_0.gguf promptLen=1042 mediaCount=0
  javaUsed=2.9MB javaTotal=10.5MB javaMax=256.0MB nativeHeap=362.4MB nativeHeapFree=8.7MB nativeHeapSize=374.9MB
  pssTotal=2.1GB privateDirty=171.9MB sharedDirty=52.0MB nativePss=165.8MB dalvikPss=1.5MB otherPss=1.9GB
  systemAvail=13.2GB systemThreshold=216.0MB lowMemory=false trimLevel=0 importance=125 fdCount=152
  procStatus VmRSS=2355288 kB VmHWM=3161508 kB VmSize=19405448 kB VmSwap=2924 kB Threads=30 FDSize=256
2026-05-31 06:35:05.744 pid=22991 [generation-stage] id=64 stage=native-call-start
2026-05-31 06:35:40.183 pid=22991 [generation-stage] id=64 stage=native-call-end resultLen=37
2026-05-31 06:35:40.184 pid=22991 [generation-end] id=64 resultLen=37
  javaUsed=3.1MB javaTotal=10.5MB javaMax=256.0MB nativeHeap=363.7MB nativeHeapFree=8.6MB nativeHeapSize=376.1MB
  pssTotal=2.1GB privateDirty=144.6MB sharedDirty=52.0MB nativePss=138.3MB dalvikPss=1.8MB otherPss=1.9GB
  systemAvail=13.3GB systemThreshold=216.0MB lowMemory=false trimLevel=0 importance=125 fdCount=152
  procStatus VmRSS=2327264 kB VmHWM=3161508 kB VmSize=19405448 kB VmSwap=2924 kB Threads=30 FDSize=256
2026-05-31 06:35:41.355 pid=22991 [model-load] Loading configuration: Qwen3.5 2B
2026-05-31 06:35:41.643 pid=22991 [runtime-memory] Before model load model=Qwen3.5-2B-UD-Q8_K_XL.gguf
  javaUsed=3.4MB javaTotal=10.5MB javaMax=256.0MB nativeHeap=14.7MB nativeHeapFree=49.9MB nativeHeapSize=68.1MB
  pssTotal=29.4MB privateDirty=20.7MB sharedDirty=52.0MB nativePss=14.2MB dalvikPss=2.0MB otherPss=13.2MB
  systemAvail=13.4GB systemThreshold=216.0MB lowMemory=false trimLevel=0 importance=125 fdCount=152
  procStatus VmRSS=183156 kB VmHWM=3161508 kB VmSize=17176532 kB VmSwap=2924 kB Threads=30 FDSize=256
2026-05-31 06:35:41.708 pid=22991 [runtime-memory] After model load cleanup model=Qwen3.5-2B-UD-Q8_K_XL.gguf
  javaUsed=2.5MB javaTotal=10.5MB javaMax=256.0MB nativeHeap=14.7MB nativeHeapFree=49.9MB nativeHeapSize=68.1MB
  pssTotal=28.8MB privateDirty=20.1MB sharedDirty=52.0MB nativePss=14.3MB dalvikPss=1.3MB otherPss=13.2MB
  systemAvail=13.4GB systemThreshold=216.0MB lowMemory=false trimLevel=0 importance=125 fdCount=152
  procStatus VmRSS=182592 kB VmHWM=3161508 kB VmSize=17176532 kB VmSwap=2924 kB Threads=30 FDSize=256
2026-05-31 06:35:42.962 pid=22991 [model-load-complete] config=Qwen3.5 2B model=Qwen3.5-2B-UD-Q8_K_XL.gguf mmproj=(none)
  javaUsed=2.7MB javaTotal=10.5MB javaMax=256.0MB nativeHeap=362.4MB nativeHeapFree=8.8MB nativeHeapSize=374.9MB
  pssTotal=2.9GB privateDirty=171.7MB sharedDirty=52.0MB nativePss=165.8MB dalvikPss=1.4MB otherPss=2.7GB
  systemAvail=13.3GB systemThreshold=216.0MB lowMemory=false trimLevel=0 importance=125 fdCount=152
  procStatus VmRSS=3152268 kB VmHWM=3161508 kB VmSize=20202752 kB VmSwap=2924 kB Threads=30 FDSize=256
2026-05-31 06:35:43.108 pid=22991 [generation-start] id=65 config=Qwen3.5 2B model=Qwen3.5-2B-UD-Q8_K_XL.gguf promptLen=1045 mediaCount=0
  javaUsed=2.9MB javaTotal=10.5MB javaMax=256.0MB nativeHeap=362.4MB nativeHeapFree=8.7MB nativeHeapSize=374.9MB
  pssTotal=2.9GB privateDirty=171.9MB sharedDirty=52.0MB nativePss=165.8MB dalvikPss=1.5MB otherPss=2.7GB
  systemAvail=13.3GB systemThreshold=216.0MB lowMemory=false trimLevel=0 importance=125 fdCount=152
  procStatus VmRSS=3152524 kB VmHWM=3161508 kB VmSize=20202752 kB VmSwap=2924 kB Threads=30 FDSize=256
2026-05-31 06:35:43.244 pid=22991 [generation-stage] id=65 stage=native-call-start
2026-05-31 06:36:36.989 pid=22991 [generation-stage] id=65 stage=native-call-end resultLen=191
2026-05-31 06:36:36.990 pid=22991 [generation-end] id=65 resultLen=191
  javaUsed=3.1MB javaTotal=10.5MB javaMax=256.0MB nativeHeap=363.7MB nativeHeapFree=8.6MB nativeHeapSize=376.1MB
  pssTotal=2.8GB privateDirty=144.7MB sharedDirty=52.0MB nativePss=138.4MB dalvikPss=1.7MB otherPss=2.7GB
  systemAvail=13.6GB systemThreshold=216.0MB lowMemory=false trimLevel=0 importance=125 fdCount=152
  procStatus VmRSS=3124472 kB VmHWM=3161508 kB VmSize=20202752 kB VmSwap=2924 kB Threads=30 FDSize=256
2026-05-31 06:36:37.767 pid=22991 [model-load] Loading configuration: Qwen3.5 2B
2026-05-31 06:36:37.768 pid=22991 [model-load-skip] config=Qwen3.5 2B model already loaded
  javaUsed=3.4MB javaTotal=10.5MB javaMax=256.0MB nativeHeap=363.7MB nativeHeapFree=8.6MB nativeHeapSize=376.1MB
  pssTotal=2.8GB privateDirty=144.9MB sharedDirty=52.0MB nativePss=138.4MB dalvikPss=1.9MB otherPss=2.7GB
  systemAvail=13.6GB systemThreshold=216.0MB lowMemory=false trimLevel=0 importance=125 fdCount=152
  procStatus VmRSS=3124128 kB VmHWM=3161508 kB VmSize=20202752 kB VmSwap=2924 kB Threads=30 FDSize=256
2026-05-31 06:36:37.868 pid=22991 [generation-start] id=66 config=Qwen3.5 2B model=Qwen3.5-2B-UD-Q8_K_XL.gguf promptLen=1042 mediaCount=0
  javaUsed=2.8MB javaTotal=10.5MB javaMax=256.0MB nativeHeap=363.7MB nativeHeapFree=8.6MB nativeHeapSize=376.1MB
  pssTotal=2.8GB privateDirty=144.4MB sharedDirty=52.0MB nativePss=138.4MB dalvikPss=1.5MB otherPss=2.7GB
  systemAvail=13.6GB systemThreshold=216.0MB lowMemory=false trimLevel=0 importance=125 fdCount=152
  procStatus VmRSS=3124256 kB VmHWM=3161508 kB VmSize=20202752 kB VmSwap=2924 kB Threads=30 FDSize=256
2026-05-31 06:36:37.952 pid=22991 [generation-stage] id=66 stage=native-call-start
2026-05-31 06:37:30.616 pid=22991 [generation-stage] id=66 stage=native-call-end resultLen=177
2026-05-31 06:37:30.617 pid=22991 [generation-end] id=66 resultLen=177
  javaUsed=3.0MB javaTotal=10.5MB javaMax=256.0MB nativeHeap=363.7MB nativeHeapFree=8.6MB nativeHeapSize=376.1MB
  pssTotal=2.8GB privateDirty=144.6MB sharedDirty=52.0MB nativePss=138.4MB dalvikPss=1.6MB otherPss=2.7GB
  systemAvail=13.6GB systemThreshold=216.0MB lowMemory=false trimLevel=0 importance=125 fdCount=152
  procStatus VmRSS=3124504 kB VmHWM=3161508 kB VmSize=20202752 kB VmSwap=2924 kB Threads=30 FDSize=256
2026-05-31 06:37:31.586 pid=22991 [model-load] Loading configuration: Qwen3.5 2B MTP
2026-05-31 06:37:31.791 pid=22991 [runtime-memory] Before model load model=Qwen3.5-2B-Q8_0.gguf
  javaUsed=3.3MB javaTotal=10.5MB javaMax=256.0MB nativeHeap=14.7MB nativeHeapFree=49.9MB nativeHeapSize=68.1MB
  pssTotal=29.3MB privateDirty=20.6MB sharedDirty=52.0MB nativePss=14.2MB dalvikPss=1.9MB otherPss=13.2MB
  systemAvail=13.7GB systemThreshold=216.0MB lowMemory=false trimLevel=0 importance=125 fdCount=152
  procStatus VmRSS=183236 kB VmHWM=3161508 kB VmSize=17176532 kB VmSwap=2924 kB Threads=30 FDSize=256
2026-05-31 06:37:31.824 pid=22991 [runtime-memory] After model load cleanup model=Qwen3.5-2B-Q8_0.gguf
  javaUsed=2.6MB javaTotal=10.5MB javaMax=256.0MB nativeHeap=14.7MB nativeHeapFree=49.9MB nativeHeapSize=68.1MB
  pssTotal=28.8MB privateDirty=20.1MB sharedDirty=52.0MB nativePss=14.3MB dalvikPss=1.3MB otherPss=13.2MB
  systemAvail=13.7GB systemThreshold=216.0MB lowMemory=false trimLevel=0 importance=125 fdCount=152
  procStatus VmRSS=182776 kB VmHWM=3161508 kB VmSize=17176532 kB VmSwap=2924 kB Threads=30 FDSize=256
2026-05-31 06:37:32.395 pid=22991 [model-load-complete] config=Qwen3.5 2B MTP model=Qwen3.5-2B-Q8_0.gguf mmproj=(none)
  javaUsed=2.7MB javaTotal=10.5MB javaMax=256.0MB nativeHeap=362.4MB nativeHeapFree=8.8MB nativeHeapSize=374.9MB
  pssTotal=2.1GB privateDirty=171.8MB sharedDirty=52.0MB nativePss=165.9MB dalvikPss=1.4MB otherPss=1.9GB
  systemAvail=13.5GB systemThreshold=216.0MB lowMemory=false trimLevel=0 importance=125 fdCount=152
  procStatus VmRSS=2355340 kB VmHWM=3161508 kB VmSize=19405448 kB VmSwap=2924 kB Threads=30 FDSize=256
2026-05-31 06:37:32.464 pid=22991 [generation-start] id=67 config=Qwen3.5 2B MTP model=Qwen3.5-2B-Q8_0.gguf promptLen=1039 mediaCount=0
  javaUsed=2.9MB javaTotal=10.5MB javaMax=256.0MB nativeHeap=362.4MB nativeHeapFree=8.7MB nativeHeapSize=374.9MB
  pssTotal=2.1GB privateDirty=172.0MB sharedDirty=52.0MB nativePss=165.9MB dalvikPss=1.5MB otherPss=1.9GB
  systemAvail=13.5GB systemThreshold=216.0MB lowMemory=false trimLevel=0 importance=125 fdCount=152
  procStatus VmRSS=2355596 kB VmHWM=3161508 kB VmSize=19405448 kB VmSwap=2924 kB Threads=30 FDSize=256
2026-05-31 06:37:32.531 pid=22991 [generation-stage] id=67 stage=native-call-start
2026-05-31 06:38:10.233 pid=22991 [generation-stage] id=67 stage=native-call-end resultLen=102
2026-05-31 06:38:10.234 pid=22991 [generation-end] id=67 resultLen=102
  javaUsed=3.1MB javaTotal=10.5MB javaMax=256.0MB nativeHeap=363.7MB nativeHeapFree=8.6MB nativeHeapSize=376.1MB
  pssTotal=2.1GB privateDirty=144.6MB sharedDirty=52.0MB nativePss=138.3MB dalvikPss=1.7MB otherPss=1.9GB
  systemAvail=13.5GB systemThreshold=216.0MB lowMemory=false trimLevel=0 importance=125 fdCount=152
  procStatus VmRSS=2327368 kB VmHWM=3161508 kB VmSize=19405448 kB VmSwap=2924 kB Threads=30 FDSize=256
2026-05-31 06:38:11.180 pid=22991 [model-load] Loading configuration: Qwen3.5 2B
2026-05-31 06:38:11.356 pid=22991 [runtime-memory] Before model load model=Qwen3.5-2B-UD-Q8_K_XL.gguf
  javaUsed=2.6MB javaTotal=10.5MB javaMax=256.0MB nativeHeap=14.7MB nativeHeapFree=49.9MB nativeHeapSize=68.1MB
  pssTotal=28.6MB privateDirty=19.9MB sharedDirty=52.0MB nativePss=14.1MB dalvikPss=1.3MB otherPss=13.2MB
  systemAvail=13.6GB systemThreshold=216.0MB lowMemory=false trimLevel=0 importance=125 fdCount=152
  procStatus VmRSS=182452 kB VmHWM=3161508 kB VmSize=17176532 kB VmSwap=2924 kB Threads=30 FDSize=256
2026-05-31 06:38:11.389 pid=22991 [runtime-memory] After model load cleanup model=Qwen3.5-2B-UD-Q8_K_XL.gguf
  javaUsed=2.6MB javaTotal=10.5MB javaMax=256.0MB nativeHeap=14.7MB nativeHeapFree=49.9MB nativeHeapSize=68.1MB
  pssTotal=28.7MB privateDirty=20.0MB sharedDirty=52.0MB nativePss=14.2MB dalvikPss=1.3MB otherPss=13.2MB
  systemAvail=13.6GB systemThreshold=216.0MB lowMemory=false trimLevel=0 importance=125 fdCount=152
  procStatus VmRSS=182628 kB VmHWM=3161508 kB VmSize=17176532 kB VmSwap=2924 kB Threads=30 FDSize=256
2026-05-31 06:38:12.000 pid=22991 [model-load-complete] config=Qwen3.5 2B model=Qwen3.5-2B-UD-Q8_K_XL.gguf mmproj=(none)
  javaUsed=2.7MB javaTotal=10.5MB javaMax=256.0MB nativeHeap=362.4MB nativeHeapFree=8.8MB nativeHeapSize=374.9MB
  pssTotal=2.9GB privateDirty=171.8MB sharedDirty=52.0MB nativePss=165.9MB dalvikPss=1.4MB otherPss=2.7GB
  systemAvail=13.5GB systemThreshold=216.0MB lowMemory=false trimLevel=0 importance=125 fdCount=152
  procStatus VmRSS=3152624 kB VmHWM=3161508 kB VmSize=20202752 kB VmSwap=2924 kB Threads=30 FDSize=256
2026-05-31 06:38:12.086 pid=22991 [generation-start] id=68 config=Qwen3.5 2B model=Qwen3.5-2B-UD-Q8_K_XL.gguf promptLen=1039 mediaCount=0
  javaUsed=2.9MB javaTotal=10.5MB javaMax=256.0MB nativeHeap=362.4MB nativeHeapFree=8.7MB nativeHeapSize=374.9MB
  pssTotal=2.9GB privateDirty=172.0MB sharedDirty=52.0MB nativePss=165.9MB dalvikPss=1.5MB otherPss=2.7GB
  systemAvail=13.5GB systemThreshold=216.0MB lowMemory=false trimLevel=0 importance=125 fdCount=152
  procStatus VmRSS=3152752 kB VmHWM=3161508 kB VmSize=20202752 kB VmSwap=2924 kB Threads=30 FDSize=256
2026-05-31 06:38:12.177 pid=22991 [generation-stage] id=68 stage=native-call-start
2026-05-31 06:38:58.219 pid=22991 [generation-stage] id=68 stage=native-call-end resultLen=64
2026-05-31 06:38:58.220 pid=22991 [generation-end] id=68 resultLen=64
  javaUsed=3.1MB javaTotal=10.5MB javaMax=256.0MB nativeHeap=363.7MB nativeHeapFree=8.6MB nativeHeapSize=376.1MB
  pssTotal=2.8GB privateDirty=144.6MB sharedDirty=52.0MB nativePss=138.4MB dalvikPss=1.7MB otherPss=2.7GB
  systemAvail=13.5GB systemThreshold=216.0MB lowMemory=false trimLevel=0 importance=125 fdCount=152
  procStatus VmRSS=3124636 kB VmHWM=3161508 kB VmSize=20202752 kB VmSwap=2924 kB Threads=30 FDSize=256
2026-05-31 06:38:58.358 pid=22991 [model-load] Loading configuration: Qwen3.5 2B
2026-05-31 06:38:58.358 pid=22991 [model-load-skip] config=Qwen3.5 2B model already loaded
  javaUsed=3.4MB javaTotal=10.5MB javaMax=256.0MB nativeHeap=363.7MB nativeHeapFree=8.6MB nativeHeapSize=376.1MB
  pssTotal=2.8GB privateDirty=144.8MB sharedDirty=52.0MB nativePss=138.4MB dalvikPss=1.9MB otherPss=2.7GB
  systemAvail=13.5GB systemThreshold=216.0MB lowMemory=false trimLevel=0 importance=125 fdCount=152
  procStatus VmRSS=3124764 kB VmHWM=3161508 kB VmSize=20202752 kB VmSwap=2924 kB Threads=30 FDSize=256
2026-05-31 06:38:58.496 pid=22991 [generation-start] id=69 config=Qwen3.5 2B model=Qwen3.5-2B-UD-Q8_K_XL.gguf promptLen=1039 mediaCount=0
  javaUsed=3.6MB javaTotal=10.5MB javaMax=256.0MB nativeHeap=363.7MB nativeHeapFree=8.6MB nativeHeapSize=376.1MB
  pssTotal=2.8GB privateDirty=145.0MB sharedDirty=52.0MB nativePss=138.4MB dalvikPss=2.1MB otherPss=2.7GB
  systemAvail=13.5GB systemThreshold=216.0MB lowMemory=false trimLevel=0 importance=125 fdCount=152
  procStatus VmRSS=3125020 kB VmHWM=3161508 kB VmSize=20202752 kB VmSwap=2924 kB Threads=30 FDSize=256
2026-05-31 06:38:58.631 pid=22991 [generation-stage] id=69 stage=native-call-start
2026-05-31 06:39:45.255 pid=22991 [generation-stage] id=69 stage=native-call-end resultLen=76
2026-05-31 06:39:45.256 pid=22991 [generation-end] id=69 resultLen=76
  javaUsed=3.8MB javaTotal=10.5MB javaMax=256.0MB nativeHeap=363.7MB nativeHeapFree=8.6MB nativeHeapSize=376.1MB
  pssTotal=2.8GB privateDirty=145.2MB sharedDirty=52.0MB nativePss=138.4MB dalvikPss=2.3MB otherPss=2.7GB
  systemAvail=13.5GB systemThreshold=216.0MB lowMemory=false trimLevel=0 importance=125 fdCount=152
  procStatus VmRSS=3125276 kB VmHWM=3161508 kB VmSize=20202752 kB VmSwap=2924 kB Threads=30 FDSize=256
2026-05-31 06:39:46.020 pid=22991 [model-load] Loading configuration: Qwen3.5 2B MTP
2026-05-31 06:39:46.229 pid=22991 [runtime-memory] Before model load model=Qwen3.5-2B-Q8_0.gguf
  javaUsed=4.0MB javaTotal=10.5MB javaMax=256.0MB nativeHeap=14.7MB nativeHeapFree=49.8MB nativeHeapSize=68.1MB
  pssTotal=30.0MB privateDirty=21.3MB sharedDirty=52.0MB nativePss=14.2MB dalvikPss=2.5MB otherPss=13.2MB
  systemAvail=13.6GB systemThreshold=216.0MB lowMemory=false trimLevel=0 importance=125 fdCount=152
  procStatus VmRSS=183644 kB VmHWM=3161508 kB VmSize=17176532 kB VmSwap=2924 kB Threads=30 FDSize=256
2026-05-31 06:39:46.262 pid=22991 [runtime-memory] After model load cleanup model=Qwen3.5-2B-Q8_0.gguf
  javaUsed=2.5MB javaTotal=10.5MB javaMax=256.0MB nativeHeap=14.7MB nativeHeapFree=49.9MB nativeHeapSize=68.1MB
  pssTotal=28.8MB privateDirty=20.2MB sharedDirty=52.0MB nativePss=14.3MB dalvikPss=1.3MB otherPss=13.2MB
  systemAvail=13.6GB systemThreshold=216.0MB lowMemory=false trimLevel=0 importance=125 fdCount=152
  procStatus VmRSS=182540 kB VmHWM=3161508 kB VmSize=17176532 kB VmSwap=2924 kB Threads=30 FDSize=256
2026-05-31 06:39:46.834 pid=22991 [model-load-complete] config=Qwen3.5 2B MTP model=Qwen3.5-2B-Q8_0.gguf mmproj=(none)
  javaUsed=2.7MB javaTotal=10.5MB javaMax=256.0MB nativeHeap=362.4MB nativeHeapFree=8.8MB nativeHeapSize=374.9MB
  pssTotal=2.1GB privateDirty=171.8MB sharedDirty=52.0MB nativePss=165.9MB dalvikPss=1.4MB otherPss=1.9GB
  systemAvail=13.4GB systemThreshold=216.0MB lowMemory=false trimLevel=0 importance=125 fdCount=152
  procStatus VmRSS=2354976 kB VmHWM=3161508 kB VmSize=19405448 kB VmSwap=2924 kB Threads=30 FDSize=256
2026-05-31 06:39:46.903 pid=22991 [generation-start] id=70 config=Qwen3.5 2B MTP model=Qwen3.5-2B-Q8_0.gguf promptLen=1039 mediaCount=0
  javaUsed=2.9MB javaTotal=10.5MB javaMax=256.0MB nativeHeap=362.4MB nativeHeapFree=8.7MB nativeHeapSize=374.9MB
  pssTotal=2.1GB privateDirty=172.0MB sharedDirty=52.0MB nativePss=165.9MB dalvikPss=1.6MB otherPss=1.9GB
  systemAvail=13.4GB systemThreshold=216.0MB lowMemory=false trimLevel=0 importance=125 fdCount=152
  procStatus VmRSS=2355232 kB VmHWM=3161508 kB VmSize=19405448 kB VmSwap=2924 kB Threads=30 FDSize=256
2026-05-31 06:39:46.970 pid=22991 [generation-stage] id=70 stage=native-call-start
2026-05-31 06:40:21.159 pid=22991 [generation-stage] id=70 stage=native-call-end resultLen=35
2026-05-31 06:40:21.160 pid=22991 [generation-end] id=70 resultLen=35
  javaUsed=3.1MB javaTotal=10.5MB javaMax=256.0MB nativeHeap=363.7MB nativeHeapFree=8.6MB nativeHeapSize=376.1MB
  pssTotal=2.1GB privateDirty=144.6MB sharedDirty=52.0MB nativePss=138.3MB dalvikPss=1.7MB otherPss=1.9GB
  systemAvail=13.5GB systemThreshold=216.0MB lowMemory=false trimLevel=0 importance=125 fdCount=152
  procStatus VmRSS=2326896 kB VmHWM=3161508 kB VmSize=19405448 kB VmSwap=2924 kB Threads=30 FDSize=256
2026-05-31 06:40:21.791 pid=22991 [model-load] Loading configuration: Qwen3.5 2B MTP
2026-05-31 06:40:21.791 pid=22991 [model-load-skip] config=Qwen3.5 2B MTP model already loaded
  javaUsed=3.4MB javaTotal=10.5MB javaMax=256.0MB nativeHeap=363.7MB nativeHeapFree=8.6MB nativeHeapSize=376.1MB
  pssTotal=2.1GB privateDirty=144.8MB sharedDirty=52.0MB nativePss=138.3MB dalvikPss=1.9MB otherPss=1.9GB
  systemAvail=13.5GB systemThreshold=216.0MB lowMemory=false trimLevel=0 importance=125 fdCount=152
  procStatus VmRSS=2327024 kB VmHWM=3161508 kB VmSize=19405448 kB VmSwap=2924 kB Threads=30 FDSize=256
2026-05-31 06:40:21.872 pid=22991 [generation-start] id=71 config=Qwen3.5 2B MTP model=Qwen3.5-2B-Q8_0.gguf promptLen=1036 mediaCount=0
  javaUsed=3.6MB javaTotal=10.5MB javaMax=256.0MB nativeHeap=363.7MB nativeHeapFree=8.6MB nativeHeapSize=376.1MB
  pssTotal=2.1GB privateDirty=144.9MB sharedDirty=52.0MB nativePss=138.3MB dalvikPss=2.1MB otherPss=1.9GB
  systemAvail=13.5GB systemThreshold=216.0MB lowMemory=false trimLevel=0 importance=125 fdCount=152
  procStatus VmRSS=2327152 kB VmHWM=3161508 kB VmSize=19405448 kB VmSwap=2924 kB Threads=30 FDSize=256
2026-05-31 06:40:21.941 pid=22991 [generation-stage] id=71 stage=native-call-start
2026-05-31 06:40:58.689 pid=22991 [generation-stage] id=71 stage=native-call-end resultLen=101
2026-05-31 06:40:58.690 pid=22991 [generation-end] id=71 resultLen=101
  javaUsed=3.8MB javaTotal=10.5MB javaMax=256.0MB nativeHeap=363.7MB nativeHeapFree=8.6MB nativeHeapSize=376.1MB
  pssTotal=2.1GB privateDirty=145.1MB sharedDirty=52.0MB nativePss=138.3MB dalvikPss=2.3MB otherPss=1.9GB
  systemAvail=13.5GB systemThreshold=216.0MB lowMemory=false trimLevel=0 importance=125 fdCount=152
  procStatus VmRSS=2327660 kB VmHWM=3161508 kB VmSize=19405448 kB VmSwap=2924 kB Threads=30 FDSize=256
2026-05-31 06:40:58.802 pid=22991 [model-load] Loading configuration: Qwen3.5 2B MTP
2026-05-31 06:40:58.802 pid=22991 [model-load-skip] config=Qwen3.5 2B MTP model already loaded
  javaUsed=4.1MB javaTotal=10.5MB javaMax=256.0MB nativeHeap=363.7MB nativeHeapFree=8.6MB nativeHeapSize=376.1MB
  pssTotal=2.1GB privateDirty=145.4MB sharedDirty=52.0MB nativePss=138.3MB dalvikPss=2.5MB otherPss=1.9GB
  systemAvail=13.5GB systemThreshold=216.0MB lowMemory=false trimLevel=0 importance=125 fdCount=152
  procStatus VmRSS=2327836 kB VmHWM=3161508 kB VmSize=19406728 kB VmSwap=2924 kB Threads=30 FDSize=256
2026-05-31 06:40:58.920 pid=22991 [generation-start] id=72 config=Qwen3.5 2B MTP model=Qwen3.5-2B-Q8_0.gguf promptLen=1036 mediaCount=0
  javaUsed=4.3MB javaTotal=10.5MB javaMax=256.0MB nativeHeap=363.7MB nativeHeapFree=8.6MB nativeHeapSize=376.1MB
  pssTotal=2.1GB privateDirty=145.5MB sharedDirty=52.0MB nativePss=138.3MB dalvikPss=2.7MB otherPss=1.9GB
  systemAvail=13.5GB systemThreshold=216.0MB lowMemory=false trimLevel=0 importance=125 fdCount=152
  procStatus VmRSS=2328220 kB VmHWM=3161508 kB VmSize=19406728 kB VmSwap=2924 kB Threads=30 FDSize=256
2026-05-31 06:40:59.034 pid=22991 [generation-stage] id=72 stage=native-call-start
2026-05-31 06:41:40.894 pid=22991 [generation-stage] id=72 stage=native-call-end resultLen=187
2026-05-31 06:41:40.895 pid=22991 [generation-end] id=72 resultLen=187
  javaUsed=2.6MB javaTotal=10.5MB javaMax=256.0MB nativeHeap=363.7MB nativeHeapFree=8.6MB nativeHeapSize=376.1MB
  pssTotal=2.1GB privateDirty=144.2MB sharedDirty=52.0MB nativePss=138.3MB dalvikPss=1.3MB otherPss=1.9GB
  systemAvail=13.5GB systemThreshold=216.0MB lowMemory=false trimLevel=0 importance=125 fdCount=152
  procStatus VmRSS=2326744 kB VmHWM=3161508 kB VmSize=19406728 kB VmSwap=2924 kB Threads=30 FDSize=256
2026-05-31 07:06:56.351 pid=22991 [model-load] Loading configuration: Gemma−4
2026-05-31 07:06:56.504 pid=22991 [runtime-memory] Before model load model=gemma-4-E4B-it-Q4_K_M.gguf
  javaUsed=4.2MB javaTotal=10.5MB javaMax=256.0MB nativeHeap=14.7MB nativeHeapFree=49.8MB nativeHeapSize=68.1MB
  pssTotal=30.2MB privateDirty=19.7MB sharedDirty=52.0MB nativePss=12.9MB dalvikPss=2.4MB otherPss=13.1MB
  systemAvail=14.3GB systemThreshold=216.0MB lowMemory=false trimLevel=0 importance=125 fdCount=152
  procStatus VmRSS=182272 kB VmHWM=3161508 kB VmSize=17218996 kB VmSwap=4588 kB Threads=32 FDSize=256
2026-05-31 07:06:56.526 pid=22991 [runtime-memory] After model load cleanup model=gemma-4-E4B-it-Q4_K_M.gguf
  javaUsed=2.5MB javaTotal=10.5MB javaMax=256.0MB nativeHeap=14.7MB nativeHeapFree=49.9MB nativeHeapSize=68.1MB
  pssTotal=29.1MB privateDirty=18.6MB sharedDirty=52.0MB nativePss=13.0MB dalvikPss=1.3MB otherPss=13.1MB
  systemAvail=14.3GB systemThreshold=216.0MB lowMemory=false trimLevel=0 importance=125 fdCount=152
  procStatus VmRSS=181212 kB VmHWM=3161508 kB VmSize=17218996 kB VmSwap=4588 kB Threads=32 FDSize=256
2026-05-31 07:07:02.478 pid=31713 [app] Application created
2026-05-31 07:07:02.478 pid=31713 [app-start] Application onCreate
  javaUsed=4.5MB javaTotal=256.0MB javaMax=256.0MB nativeHeap=6.6MB nativeHeapFree=1.9MB nativeHeapSize=13.1MB
  pssTotal=10.9MB privateDirty=4.7MB sharedDirty=52.8MB nativePss=2.1MB dalvikPss=839.0KB otherPss=7.8MB
  systemAvail=15.6GB systemThreshold=216.0MB lowMemory=false trimLevel=0 importance=400 fdCount=113
  procStatus VmRSS=121400 kB VmHWM=121400 kB VmSize=16942472 kB VmSwap=3128 kB Threads=13 FDSize=128
2026-05-31 07:07:06.190 pid=31713 [model-load] Loading configuration: Gemma−4
2026-05-31 07:07:06.191 pid=31713 [runtime-memory] Before model load model=gemma-4-E4B-it-Q4_K_M.gguf
  javaUsed=5.5MB javaTotal=64.0MB javaMax=256.0MB nativeHeap=6.7MB nativeHeapFree=1.8MB nativeHeapSize=13.1MB
  pssTotal=12.1MB privateDirty=5.8MB sharedDirty=52.7MB nativePss=2.4MB dalvikPss=1.5MB otherPss=8.2MB
  systemAvail=15.5GB systemThreshold=216.0MB lowMemory=false trimLevel=0 importance=125 fdCount=115
  procStatus VmRSS=124584 kB VmHWM=124584 kB VmSize=17021804 kB VmSwap=3128 kB Threads=17 FDSize=128
2026-05-31 07:07:06.234 pid=31713 [runtime-memory] After model load cleanup model=gemma-4-E4B-it-Q4_K_M.gguf
  javaUsed=2.1MB javaTotal=10.0MB javaMax=256.0MB nativeHeap=6.7MB nativeHeapFree=1.9MB nativeHeapSize=13.1MB
  pssTotal=11.4MB privateDirty=5.2MB sharedDirty=52.6MB nativePss=2.5MB dalvikPss=730.0KB otherPss=8.3MB
  systemAvail=15.5GB systemThreshold=216.0MB lowMemory=false trimLevel=0 importance=125 fdCount=114
  procStatus VmRSS=124468 kB VmHWM=125740 kB VmSize=16752744 kB VmSwap=2664 kB Threads=17 FDSize=128
2026-05-31 07:07:09.080 pid=31769 [app] Application created
2026-05-31 07:07:09.080 pid=31769 [app-start] Application onCreate
  javaUsed=4.5MB javaTotal=256.0MB javaMax=256.0MB nativeHeap=6.7MB nativeHeapFree=1.9MB nativeHeapSize=13.1MB
  pssTotal=10.8MB privateDirty=4.7MB sharedDirty=52.8MB nativePss=2.1MB dalvikPss=838.0KB otherPss=7.7MB
  systemAvail=15.5GB systemThreshold=216.0MB lowMemory=false trimLevel=0 importance=400 fdCount=113
  procStatus VmRSS=121372 kB VmHWM=121372 kB VmSize=16952840 kB VmSwap=3256 kB Threads=13 FDSize=128
2026-05-31 07:07:13.516 pid=31769 [model-load] Loading configuration: Gemma−4:2B
2026-05-31 07:07:13.517 pid=31769 [runtime-memory] Before model load model=gemma-4-E2B-it-Q4_K_M.gguf
  javaUsed=5.5MB javaTotal=64.0MB javaMax=256.0MB nativeHeap=6.7MB nativeHeapFree=1.8MB nativeHeapSize=13.1MB
  pssTotal=12.0MB privateDirty=5.8MB sharedDirty=52.7MB nativePss=2.4MB dalvikPss=1.5MB otherPss=8.1MB
  systemAvail=15.4GB systemThreshold=216.0MB lowMemory=false trimLevel=0 importance=125 fdCount=115
  procStatus VmRSS=124260 kB VmHWM=124260 kB VmSize=17032172 kB VmSwap=3256 kB Threads=17 FDSize=128
2026-05-31 07:07:13.562 pid=31769 [runtime-memory] After model load cleanup model=gemma-4-E2B-it-Q4_K_M.gguf
  javaUsed=2.1MB javaTotal=10.0MB javaMax=256.0MB nativeHeap=6.7MB nativeHeapFree=1.9MB nativeHeapSize=13.1MB
  pssTotal=11.3MB privateDirty=5.2MB sharedDirty=52.6MB nativePss=2.5MB dalvikPss=730.0KB otherPss=8.1MB
  systemAvail=15.4GB systemThreshold=216.0MB lowMemory=false trimLevel=0 importance=125 fdCount=114
  procStatus VmRSS=124284 kB VmHWM=125544 kB VmSize=16763112 kB VmSwap=2660 kB Threads=17 FDSize=128
2026-05-31 07:07:17.062 pid=31769 [model-load-complete] config=Gemma−4:2B model=gemma-4-E2B-it-Q4_K_M.gguf mmproj=mmproj-BF16.gguf
  javaUsed=2.2MB javaTotal=10.0MB javaMax=256.0MB nativeHeap=1.7GB nativeHeapFree=2.6MB nativeHeapSize=1.7GB
  pssTotal=4.0GB privateDirty=1.1GB sharedDirty=52.5MB nativePss=1.1GB dalvikPss=818.0KB otherPss=2.9GB
  systemAvail=14.4GB systemThreshold=216.0MB lowMemory=false trimLevel=0 importance=125 fdCount=114
  procStatus VmRSS=4255608 kB VmHWM=4273892 kB VmSize=21589384 kB VmSwap=2660 kB Threads=17 FDSize=128
2026-05-31 07:07:20.031 pid=31769 [model-load] Loading configuration: Qwen3.5
2026-05-31 07:07:20.472 pid=31769 [runtime-memory] Before model load model=Qwen3.5-4B-Q8_0.gguf
  javaUsed=3.3MB javaTotal=10.0MB javaMax=256.0MB nativeHeap=6.7MB nativeHeapFree=71.1MB nativeHeapSize=82.3MB
  pssTotal=17.7MB privateDirty=10.4MB sharedDirty=52.5MB nativePss=6.3MB dalvikPss=1.6MB otherPss=9.8MB
  systemAvail=15.4GB systemThreshold=216.0MB lowMemory=false trimLevel=0 importance=125 fdCount=114
  procStatus VmRSS=131952 kB VmHWM=4273892 kB VmSize=16911644 kB VmSwap=2660 kB Threads=16 FDSize=128
2026-05-31 07:07:20.510 pid=31769 [runtime-memory] After model load cleanup model=Qwen3.5-4B-Q8_0.gguf
  javaUsed=2.1MB javaTotal=10.0MB javaMax=256.0MB nativeHeap=6.7MB nativeHeapFree=71.2MB nativeHeapSize=82.3MB
  pssTotal=16.8MB privateDirty=9.5MB sharedDirty=52.5MB nativePss=6.3MB dalvikPss=734.0KB otherPss=9.8MB
  systemAvail=15.4GB systemThreshold=216.0MB lowMemory=false trimLevel=0 importance=125 fdCount=114
  procStatus VmRSS=131160 kB VmHWM=4273892 kB VmSize=16911644 kB VmSwap=2660 kB Threads=16 FDSize=128
2026-05-31 07:07:25.456 pid=31769 [model-load-complete] config=Qwen3.5 model=Qwen3.5-4B-Q8_0.gguf mmproj=(none)
  javaUsed=2.2MB javaTotal=10.0MB javaMax=256.0MB nativeHeap=498.9MB nativeHeapFree=32.7MB nativeHeapSize=536.6MB
  pssTotal=4.5GB privateDirty=148.0MB sharedDirty=52.5MB nativePss=147.3MB dalvikPss=152.0KB otherPss=4.3GB
  systemAvail=16.3GB systemThreshold=216.0MB lowMemory=false trimLevel=0 importance=125 fdCount=114
  procStatus VmRSS=4764284 kB VmHWM=4764284 kB VmSize=21881868 kB VmSwap=70748 kB Threads=16 FDSize=128
2026-05-31 07:07:30.098 pid=31769 [model-load] Loading configuration: Gemma−4
2026-05-31 07:07:30.595 pid=31769 [runtime-memory] Before model load model=gemma-4-E4B-it-Q4_K_M.gguf
  javaUsed=2.9MB javaTotal=10.0MB javaMax=256.0MB nativeHeap=8.9MB nativeHeapFree=74.1MB nativeHeapSize=87.7MB
  pssTotal=22.3MB privateDirty=9.9MB sharedDirty=52.5MB nativePss=5.4MB dalvikPss=3.2MB otherPss=9.1MB
  systemAvail=16.2GB systemThreshold=216.0MB lowMemory=false trimLevel=0 importance=125 fdCount=114
  procStatus VmRSS=131904 kB VmHWM=4768508 kB VmSize=16994592 kB VmSwap=6928 kB Threads=16 FDSize=128
2026-05-31 07:07:30.634 pid=31769 [runtime-memory] After model load cleanup model=gemma-4-E4B-it-Q4_K_M.gguf
  javaUsed=2.1MB javaTotal=10.0MB javaMax=256.0MB nativeHeap=8.9MB nativeHeapFree=74.1MB nativeHeapSize=87.7MB
  pssTotal=19.8MB privateDirty=7.4MB sharedDirty=52.5MB nativePss=5.5MB dalvikPss=688.0KB otherPss=9.1MB
  systemAvail=16.2GB systemThreshold=216.0MB lowMemory=false trimLevel=0 importance=125 fdCount=114
  procStatus VmRSS=129444 kB VmHWM=4768508 kB VmSize=16994592 kB VmSwap=6928 kB Threads=16 FDSize=128
2026-05-31 07:07:39.673 pid=32124 [app] Application created
2026-05-31 07:07:39.674 pid=32124 [app-start] Application onCreate
  javaUsed=4.5MB javaTotal=256.0MB javaMax=256.0MB nativeHeap=6.7MB nativeHeapFree=1.9MB nativeHeapSize=13.1MB
  pssTotal=10.2MB privateDirty=4.7MB sharedDirty=52.8MB nativePss=2.2MB dalvikPss=857.0KB otherPss=7.1MB
  systemAvail=16.9GB systemThreshold=216.0MB lowMemory=false trimLevel=0 importance=400 fdCount=113
  procStatus VmRSS=120216 kB VmHWM=120216 kB VmSize=16950792 kB VmSwap=3200 kB Threads=13 FDSize=128
2026-05-31 07:07:42.910 pid=32124 [model-load] Loading configuration: Gemma−4
2026-05-31 07:07:42.912 pid=32124 [runtime-memory] Before model load model=gemma-4-E4B-it-Q4_K_M.gguf
  javaUsed=5.5MB javaTotal=64.0MB javaMax=256.0MB nativeHeap=6.7MB nativeHeapFree=1.8MB nativeHeapSize=13.1MB
  pssTotal=11.4MB privateDirty=5.8MB sharedDirty=52.6MB nativePss=2.4MB dalvikPss=1.5MB otherPss=7.5MB
  systemAvail=16.7GB systemThreshold=216.0MB lowMemory=false trimLevel=0 importance=125 fdCount=115
  procStatus VmRSS=122996 kB VmHWM=122996 kB VmSize=17030124 kB VmSwap=3200 kB Threads=17 FDSize=128
2026-05-31 07:07:42.955 pid=32124 [runtime-memory] After model load cleanup model=gemma-4-E4B-it-Q4_K_M.gguf
  javaUsed=2.0MB javaTotal=10.0MB javaMax=256.0MB nativeHeap=6.7MB nativeHeapFree=1.9MB nativeHeapSize=13.1MB
  pssTotal=10.8MB privateDirty=5.2MB sharedDirty=52.5MB nativePss=2.5MB dalvikPss=749.0KB otherPss=7.6MB
  systemAvail=16.7GB systemThreshold=216.0MB lowMemory=false trimLevel=0 importance=125 fdCount=114
  procStatus VmRSS=123120 kB VmHWM=124432 kB VmSize=16761064 kB VmSwap=2692 kB Threads=17 FDSize=128
2026-05-31 07:07:45.165 pid=32124 [model-load-complete] config=Gemma−4 model=gemma-4-E4B-it-Q4_K_M.gguf mmproj=mmproj-F16.gguf
  javaUsed=2.2MB javaTotal=10.0MB javaMax=256.0MB nativeHeap=1.8GB nativeHeapFree=2.8MB nativeHeapSize=1.8GB
  pssTotal=5.8GB privateDirty=1.1GB sharedDirty=52.5MB nativePss=1.1GB dalvikPss=841.0KB otherPss=4.6GB
  systemAvail=15.7GB systemThreshold=216.0MB lowMemory=false trimLevel=0 importance=125 fdCount=114
  procStatus VmRSS=6161140 kB VmHWM=6214676 kB VmSize=23527076 kB VmSwap=2692 kB Threads=17 FDSize=128
