2026-05-30 09:35:38.409 pid=9989 [runtime-memory] After model load cleanup model=Qwen3.5-2B-Q8_0.gguf
  javaUsed=2.6MB javaTotal=10.5MB javaMax=256.0MB nativeHeap=15.1MB nativeHeapFree=50.1MB nativeHeapSize=69.0MB
  pssTotal=31.1MB privateDirty=17.8MB sharedDirty=52.0MB nativePss=10.6MB dalvikPss=3.3MB otherPss=12.1MB
  systemAvail=15.0GB systemThreshold=216.0MB lowMemory=false trimLevel=0 importance=125 fdCount=151
  procStatus VmRSS=179304 kB VmHWM=3133120 kB VmSize=17156376 kB VmSwap=7732 kB Threads=30 FDSize=256
2026-05-30 09:35:40.477 pid=9989 [model-load-complete] config=Qwen3.5 2B MTP model=Qwen3.5-2B-Q8_0.gguf mmproj=(none)
  javaUsed=2.7MB javaTotal=10.5MB javaMax=256.0MB nativeHeap=2.3GB nativeHeapFree=9.0MB nativeHeapSize=2.3GB
  pssTotal=2.1GB privateDirty=2.1GB sharedDirty=52.0MB nativePss=2.1GB dalvikPss=3.4MB otherPss=12.1MB
  systemAvail=12.9GB systemThreshold=216.0MB lowMemory=false trimLevel=0 importance=125 fdCount=151
  procStatus VmRSS=2328468 kB VmHWM=3133120 kB VmSize=19385300 kB VmSwap=7732 kB Threads=30 FDSize=256
2026-05-30 09:35:40.558 pid=9989 [generation-start] id=57 config=Qwen3.5 2B MTP model=Qwen3.5-2B-Q8_0.gguf promptLen=1054 mediaCount=0
  javaUsed=2.7MB javaTotal=10.5MB javaMax=256.0MB nativeHeap=2.3GB nativeHeapFree=9.0MB nativeHeapSize=2.3GB
  pssTotal=2.1GB privateDirty=2.1GB sharedDirty=52.0MB nativePss=2.1GB dalvikPss=1.4MB otherPss=12.1MB
  systemAvail=12.9GB systemThreshold=216.0MB lowMemory=false trimLevel=0 importance=125 fdCount=151
  procStatus VmRSS=2326536 kB VmHWM=3133120 kB VmSize=19385300 kB VmSwap=7732 kB Threads=30 FDSize=256
2026-05-30 09:35:40.625 pid=9989 [generation-stage] id=57 stage=native-call-start
2026-05-30 09:36:19.653 pid=9989 [generation-stage] id=57 stage=native-call-end resultLen=155
2026-05-30 09:36:19.654 pid=9989 [generation-end] id=57 resultLen=155
  javaUsed=2.8MB javaTotal=10.5MB javaMax=256.0MB nativeHeap=2.3GB nativeHeapFree=8.9MB nativeHeapSize=2.3GB
  pssTotal=2.1GB privateDirty=2.1GB sharedDirty=52.0MB nativePss=2.1GB dalvikPss=1.5MB otherPss=12.1MB
  systemAvail=12.9GB systemThreshold=216.0MB lowMemory=false trimLevel=0 importance=125 fdCount=151
  procStatus VmRSS=2321756 kB VmHWM=3133120 kB VmSize=19385300 kB VmSwap=7732 kB Threads=30 FDSize=256
2026-05-30 09:36:20.194 pid=9989 [model-load] Loading configuration: Qwen3.5 2B
2026-05-30 09:36:20.515 pid=9989 [runtime-memory] Before model load model=Qwen3.5-2B-UD-Q8_K_XL.gguf
  javaUsed=3.1MB javaTotal=10.5MB javaMax=256.0MB nativeHeap=15.1MB nativeHeapFree=50.1MB nativeHeapSize=69.0MB
  pssTotal=29.4MB privateDirty=16.1MB sharedDirty=52.0MB nativePss=10.5MB dalvikPss=1.7MB otherPss=12.1MB
  systemAvail=15.0GB systemThreshold=216.0MB lowMemory=false trimLevel=0 importance=125 fdCount=151
  procStatus VmRSS=177588 kB VmHWM=3133120 kB VmSize=17156376 kB VmSwap=7732 kB Threads=30 FDSize=256
2026-05-30 09:36:20.558 pid=9989 [runtime-memory] After model load cleanup model=Qwen3.5-2B-UD-Q8_K_XL.gguf
  javaUsed=2.6MB javaTotal=10.5MB javaMax=256.0MB nativeHeap=15.1MB nativeHeapFree=50.1MB nativeHeapSize=69.0MB
  pssTotal=31.1MB privateDirty=17.7MB sharedDirty=52.0MB nativePss=10.5MB dalvikPss=3.3MB otherPss=12.1MB
  systemAvail=15.0GB systemThreshold=216.0MB lowMemory=false trimLevel=0 importance=125 fdCount=151
  procStatus VmRSS=179324 kB VmHWM=3133120 kB VmSize=17156376 kB VmSwap=7732 kB Threads=30 FDSize=256
2026-05-30 09:36:24.172 pid=9989 [model-load-complete] config=Qwen3.5 2B model=Qwen3.5-2B-UD-Q8_K_XL.gguf mmproj=(none)
  javaUsed=2.7MB javaTotal=10.5MB javaMax=256.0MB nativeHeap=3.0GB nativeHeapFree=9.0MB nativeHeapSize=3.1GB
  pssTotal=2.8GB privateDirty=2.8GB sharedDirty=52.0MB nativePss=2.8GB dalvikPss=3.4MB otherPss=12.1MB
  systemAvail=12.2GB systemThreshold=216.0MB lowMemory=false trimLevel=0 importance=125 fdCount=151
  procStatus VmRSS=3125944 kB VmHWM=3133120 kB VmSize=20182604 kB VmSwap=7732 kB Threads=30 FDSize=256
2026-05-30 09:36:24.221 pid=9989 [generation-start] id=58 config=Qwen3.5 2B model=Qwen3.5-2B-UD-Q8_K_XL.gguf promptLen=1051 mediaCount=0
  javaUsed=2.9MB javaTotal=10.5MB javaMax=256.0MB nativeHeap=3.0GB nativeHeapFree=9.0MB nativeHeapSize=3.1GB
  pssTotal=2.8GB privateDirty=2.8GB sharedDirty=52.0MB nativePss=2.8GB dalvikPss=3.5MB otherPss=12.1MB
  systemAvail=12.2GB systemThreshold=216.0MB lowMemory=false trimLevel=0 importance=125 fdCount=151
  procStatus VmRSS=3126200 kB VmHWM=3133120 kB VmSize=20182604 kB VmSwap=7732 kB Threads=30 FDSize=256
2026-05-30 09:36:24.268 pid=9989 [generation-stage] id=58 stage=native-call-start
2026-05-30 09:37:13.954 pid=9989 [generation-stage] id=58 stage=native-call-end resultLen=121
2026-05-30 09:37:13.954 pid=9989 [generation-end] id=58 resultLen=121
  javaUsed=3.1MB javaTotal=10.5MB javaMax=256.0MB nativeHeap=3.0GB nativeHeapFree=8.9MB nativeHeapSize=3.1GB
  pssTotal=2.8GB privateDirty=2.8GB sharedDirty=52.0MB nativePss=2.8GB dalvikPss=3.7MB otherPss=12.1MB
  systemAvail=12.3GB systemThreshold=216.0MB lowMemory=false trimLevel=0 importance=125 fdCount=151
  procStatus VmRSS=3121456 kB VmHWM=3133120 kB VmSize=20182604 kB VmSwap=7732 kB Threads=30 FDSize=256
2026-05-30 09:37:14.507 pid=9989 [model-load] Loading configuration: Qwen3.5 2B MTP
2026-05-30 09:37:15.016 pid=9989 [runtime-memory] Before model load model=Qwen3.5-2B-Q8_0.gguf
  javaUsed=3.3MB javaTotal=10.5MB javaMax=256.0MB nativeHeap=15.1MB nativeHeapFree=50.1MB nativeHeapSize=69.0MB
  pssTotal=31.6MB privateDirty=18.2MB sharedDirty=52.0MB nativePss=10.5MB dalvikPss=3.9MB otherPss=12.1MB
  systemAvail=15.1GB systemThreshold=216.0MB lowMemory=false trimLevel=0 importance=125 fdCount=151
  procStatus VmRSS=179800 kB VmHWM=3133120 kB VmSize=17156376 kB VmSwap=7732 kB Threads=30 FDSize=256
2026-05-30 09:37:15.088 pid=9989 [runtime-memory] After model load cleanup model=Qwen3.5-2B-Q8_0.gguf
  javaUsed=2.6MB javaTotal=10.5MB javaMax=256.0MB nativeHeap=15.1MB nativeHeapFree=50.1MB nativeHeapSize=69.0MB
  pssTotal=31.1MB privateDirty=17.7MB sharedDirty=52.0MB nativePss=10.5MB dalvikPss=3.3MB otherPss=12.1MB
  systemAvail=15.1GB systemThreshold=216.0MB lowMemory=false trimLevel=0 importance=125 fdCount=151
  procStatus VmRSS=179208 kB VmHWM=3133120 kB VmSize=17156376 kB VmSwap=7732 kB Threads=30 FDSize=256
2026-05-30 09:37:17.572 pid=9989 [model-load-complete] config=Qwen3.5 2B MTP model=Qwen3.5-2B-Q8_0.gguf mmproj=(none)
  javaUsed=2.6MB javaTotal=10.5MB javaMax=256.0MB nativeHeap=2.3GB nativeHeapFree=9.0MB nativeHeapSize=2.3GB
  pssTotal=2.1GB privateDirty=2.1GB sharedDirty=52.0MB nativePss=2.1GB dalvikPss=3.3MB otherPss=12.1MB
  systemAvail=13.1GB systemThreshold=216.0MB lowMemory=false trimLevel=0 importance=125 fdCount=151
  procStatus VmRSS=2328516 kB VmHWM=3133120 kB VmSize=19385300 kB VmSwap=7732 kB Threads=30 FDSize=256
2026-05-30 09:37:17.647 pid=9989 [generation-start] id=59 config=Qwen3.5 2B MTP model=Qwen3.5-2B-Q8_0.gguf promptLen=1057 mediaCount=0
  javaUsed=2.6MB javaTotal=10.5MB javaMax=256.0MB nativeHeap=2.3GB nativeHeapFree=9.0MB nativeHeapSize=2.3GB
  pssTotal=2.1GB privateDirty=2.1GB sharedDirty=52.0MB nativePss=2.1GB dalvikPss=1.3MB otherPss=12.1MB
  systemAvail=13.1GB systemThreshold=216.0MB lowMemory=false trimLevel=0 importance=125 fdCount=151
  procStatus VmRSS=2326540 kB VmHWM=3133120 kB VmSize=19385300 kB VmSwap=7732 kB Threads=30 FDSize=256
2026-05-30 09:37:17.717 pid=9989 [generation-stage] id=59 stage=native-call-start
2026-05-30 09:37:54.827 pid=9989 [generation-stage] id=59 stage=native-call-end resultLen=143
2026-05-30 09:37:54.827 pid=9989 [generation-end] id=59 resultLen=143
  javaUsed=2.8MB javaTotal=10.5MB javaMax=256.0MB nativeHeap=2.3GB nativeHeapFree=8.9MB nativeHeapSize=2.3GB
  pssTotal=2.1GB privateDirty=2.1GB sharedDirty=52.0MB nativePss=2.1GB dalvikPss=1.5MB otherPss=12.1MB
  systemAvail=13.1GB systemThreshold=216.0MB lowMemory=false trimLevel=0 importance=125 fdCount=151
  procStatus VmRSS=2321620 kB VmHWM=3133120 kB VmSize=19385300 kB VmSwap=7732 kB Threads=30 FDSize=256
2026-05-30 09:37:55.486 pid=9989 [model-load] Loading configuration: Qwen3.5 2B
2026-05-30 09:37:55.901 pid=9989 [runtime-memory] Before model load model=Qwen3.5-2B-UD-Q8_K_XL.gguf
  javaUsed=3.1MB javaTotal=10.5MB javaMax=256.0MB nativeHeap=15.1MB nativeHeapFree=50.1MB nativeHeapSize=69.0MB
  pssTotal=29.4MB privateDirty=16.0MB sharedDirty=52.0MB nativePss=10.5MB dalvikPss=1.7MB otherPss=12.1MB
  systemAvail=15.1GB systemThreshold=216.0MB lowMemory=false trimLevel=0 importance=125 fdCount=151
  procStatus VmRSS=177344 kB VmHWM=3133120 kB VmSize=17156376 kB VmSwap=7732 kB Threads=30 FDSize=256
2026-05-30 09:37:55.963 pid=9989 [runtime-memory] After model load cleanup model=Qwen3.5-2B-UD-Q8_K_XL.gguf
  javaUsed=2.6MB javaTotal=10.5MB javaMax=256.0MB nativeHeap=15.1MB nativeHeapFree=50.1MB nativeHeapSize=69.0MB
  pssTotal=31.1MB privateDirty=17.7MB sharedDirty=52.0MB nativePss=10.6MB dalvikPss=3.3MB otherPss=12.1MB
  systemAvail=15.1GB systemThreshold=216.0MB lowMemory=false trimLevel=0 importance=125 fdCount=151
  procStatus VmRSS=179144 kB VmHWM=3133120 kB VmSize=17156376 kB VmSwap=7732 kB Threads=30 FDSize=256
2026-05-30 09:37:58.974 pid=9989 [model-load-complete] config=Qwen3.5 2B model=Qwen3.5-2B-UD-Q8_K_XL.gguf mmproj=(none)
  javaUsed=2.7MB javaTotal=10.5MB javaMax=256.0MB nativeHeap=3.0GB nativeHeapFree=9.0MB nativeHeapSize=3.1GB
  pssTotal=2.8GB privateDirty=2.8GB sharedDirty=52.0MB nativePss=2.8GB dalvikPss=3.4MB otherPss=12.1MB
  systemAvail=12.3GB systemThreshold=216.0MB lowMemory=false trimLevel=0 importance=125 fdCount=151
  procStatus VmRSS=3125672 kB VmHWM=3133120 kB VmSize=20182604 kB VmSwap=7732 kB Threads=30 FDSize=256
2026-05-30 09:37:59.016 pid=9989 [generation-start] id=60 config=Qwen3.5 2B model=Qwen3.5-2B-UD-Q8_K_XL.gguf promptLen=1045 mediaCount=0
  javaUsed=2.9MB javaTotal=10.5MB javaMax=256.0MB nativeHeap=3.0GB nativeHeapFree=9.0MB nativeHeapSize=3.1GB
  pssTotal=2.8GB privateDirty=2.8GB sharedDirty=52.0MB nativePss=2.8GB dalvikPss=3.5MB otherPss=12.1MB
  systemAvail=12.3GB systemThreshold=216.0MB lowMemory=false trimLevel=0 importance=125 fdCount=151
  procStatus VmRSS=3125928 kB VmHWM=3133120 kB VmSize=20182604 kB VmSwap=7732 kB Threads=30 FDSize=256
2026-05-30 09:37:59.055 pid=9989 [generation-stage] id=60 stage=native-call-start
2026-05-30 09:38:45.746 pid=9989 [generation-stage] id=60 stage=native-call-end resultLen=144
2026-05-30 09:38:45.747 pid=9989 [generation-end] id=60 resultLen=144
  javaUsed=3.1MB javaTotal=10.5MB javaMax=256.0MB nativeHeap=3.0GB nativeHeapFree=8.9MB nativeHeapSize=3.1GB
  pssTotal=2.8GB privateDirty=2.8GB sharedDirty=52.0MB nativePss=2.8GB dalvikPss=3.7MB otherPss=12.1MB
  systemAvail=12.3GB systemThreshold=216.0MB lowMemory=false trimLevel=0 importance=125 fdCount=151
  procStatus VmRSS=3121316 kB VmHWM=3133120 kB VmSize=20182604 kB VmSwap=7732 kB Threads=30 FDSize=256
2026-05-30 09:38:46.456 pid=9989 [model-load] Loading configuration: Qwen3.5 2B MTP
2026-05-30 09:38:46.951 pid=9989 [runtime-memory] Before model load model=Qwen3.5-2B-Q8_0.gguf
  javaUsed=3.3MB javaTotal=10.5MB javaMax=256.0MB nativeHeap=15.1MB nativeHeapFree=50.1MB nativeHeapSize=69.0MB
  pssTotal=31.6MB privateDirty=18.2MB sharedDirty=52.0MB nativePss=10.5MB dalvikPss=3.9MB otherPss=12.1MB
  systemAvail=15.1GB systemThreshold=216.0MB lowMemory=false trimLevel=0 importance=125 fdCount=151
  procStatus VmRSS=179776 kB VmHWM=3133120 kB VmSize=17156376 kB VmSwap=7732 kB Threads=30 FDSize=256
2026-05-30 09:38:47.014 pid=9989 [runtime-memory] After model load cleanup model=Qwen3.5-2B-Q8_0.gguf
  javaUsed=2.6MB javaTotal=10.5MB javaMax=256.0MB nativeHeap=15.1MB nativeHeapFree=50.1MB nativeHeapSize=69.0MB
  pssTotal=31.1MB privateDirty=17.7MB sharedDirty=52.0MB nativePss=10.5MB dalvikPss=3.3MB otherPss=12.1MB
  systemAvail=15.1GB systemThreshold=216.0MB lowMemory=false trimLevel=0 importance=125 fdCount=151
  procStatus VmRSS=179196 kB VmHWM=3133120 kB VmSize=17156376 kB VmSwap=7732 kB Threads=30 FDSize=256
2026-05-30 09:38:49.501 pid=9989 [model-load-complete] config=Qwen3.5 2B MTP model=Qwen3.5-2B-Q8_0.gguf mmproj=(none)
  javaUsed=2.6MB javaTotal=10.5MB javaMax=256.0MB nativeHeap=2.3GB nativeHeapFree=9.0MB nativeHeapSize=2.3GB
  pssTotal=2.1GB privateDirty=2.1GB sharedDirty=52.0MB nativePss=2.1GB dalvikPss=3.3MB otherPss=12.1MB
  systemAvail=13.0GB systemThreshold=216.0MB lowMemory=false trimLevel=0 importance=125 fdCount=151
  procStatus VmRSS=2328596 kB VmHWM=3133120 kB VmSize=19385300 kB VmSwap=7732 kB Threads=30 FDSize=256
2026-05-30 09:38:49.572 pid=9989 [generation-start] id=61 config=Qwen3.5 2B MTP model=Qwen3.5-2B-Q8_0.gguf promptLen=1057 mediaCount=0
  javaUsed=2.8MB javaTotal=10.5MB javaMax=256.0MB nativeHeap=2.3GB nativeHeapFree=9.0MB nativeHeapSize=2.3GB
  pssTotal=2.1GB privateDirty=2.1GB sharedDirty=52.0MB nativePss=2.1GB dalvikPss=3.5MB otherPss=12.1MB
  systemAvail=13.0GB systemThreshold=216.0MB lowMemory=false trimLevel=0 importance=125 fdCount=151
  procStatus VmRSS=2328724 kB VmHWM=3133120 kB VmSize=19385300 kB VmSwap=7732 kB Threads=30 FDSize=256
2026-05-30 09:38:49.644 pid=9989 [generation-stage] id=61 stage=native-call-start
2026-05-30 09:39:23.800 pid=9989 [generation-stage] id=61 stage=native-call-end resultLen=111
2026-05-30 09:39:23.801 pid=9989 [generation-end] id=61 resultLen=111
  javaUsed=3.0MB javaTotal=10.5MB javaMax=256.0MB nativeHeap=2.3GB nativeHeapFree=8.9MB nativeHeapSize=2.3GB
  pssTotal=2.1GB privateDirty=2.1GB sharedDirty=52.0MB nativePss=2.1GB dalvikPss=3.7MB otherPss=12.1MB
  systemAvail=13.0GB systemThreshold=216.0MB lowMemory=false trimLevel=0 importance=125 fdCount=151
  procStatus VmRSS=2324024 kB VmHWM=3133120 kB VmSize=19385300 kB VmSwap=7732 kB Threads=30 FDSize=256
2026-05-30 09:39:23.883 pid=9989 [model-load] Loading configuration: Qwen3.5 2B MTP
2026-05-30 09:39:23.884 pid=9989 [model-load-skip] config=Qwen3.5 2B MTP model already loaded
  javaUsed=2.7MB javaTotal=10.5MB javaMax=256.0MB nativeHeap=2.3GB nativeHeapFree=8.9MB nativeHeapSize=2.3GB
  pssTotal=2.1GB privateDirty=2.1GB sharedDirty=52.0MB nativePss=2.1GB dalvikPss=3.3MB otherPss=12.1MB
  systemAvail=13.0GB systemThreshold=216.0MB lowMemory=false trimLevel=0 importance=125 fdCount=151
  procStatus VmRSS=2323768 kB VmHWM=3133120 kB VmSize=19385300 kB VmSwap=7732 kB Threads=30 FDSize=256
2026-05-30 09:39:23.952 pid=9989 [generation-start] id=62 config=Qwen3.5 2B MTP model=Qwen3.5-2B-Q8_0.gguf promptLen=1057 mediaCount=0
  javaUsed=2.9MB javaTotal=10.5MB javaMax=256.0MB nativeHeap=2.3GB nativeHeapFree=8.9MB nativeHeapSize=2.3GB
  pssTotal=2.1GB privateDirty=2.1GB sharedDirty=52.0MB nativePss=2.1GB dalvikPss=3.5MB otherPss=12.1MB
  systemAvail=13.0GB systemThreshold=216.0MB lowMemory=false trimLevel=0 importance=125 fdCount=151
  procStatus VmRSS=2323896 kB VmHWM=3133120 kB VmSize=19385300 kB VmSwap=7732 kB Threads=30 FDSize=256
2026-05-30 09:39:24.023 pid=9989 [generation-stage] id=62 stage=native-call-start
2026-05-30 09:40:00.777 pid=9989 [generation-stage] id=62 stage=native-call-end resultLen=82
2026-05-30 09:40:00.778 pid=9989 [generation-end] id=62 resultLen=82
  javaUsed=3.0MB javaTotal=10.5MB javaMax=256.0MB nativeHeap=2.3GB nativeHeapFree=8.9MB nativeHeapSize=2.3GB
  pssTotal=2.1GB privateDirty=2.1GB sharedDirty=52.0MB nativePss=2.1GB dalvikPss=3.6MB otherPss=12.1MB
  systemAvail=12.9GB systemThreshold=216.0MB lowMemory=false trimLevel=0 importance=125 fdCount=151
  procStatus VmRSS=2324152 kB VmHWM=3133120 kB VmSize=19385300 kB VmSwap=7732 kB Threads=30 FDSize=256
2026-05-30 09:40:01.367 pid=9989 [model-load] Loading configuration: Qwen3.5 2B
2026-05-30 09:40:01.761 pid=9989 [runtime-memory] Before model load model=Qwen3.5-2B-UD-Q8_K_XL.gguf
  javaUsed=3.3MB javaTotal=10.5MB javaMax=256.0MB nativeHeap=15.1MB nativeHeapFree=50.1MB nativeHeapSize=69.0MB
  pssTotal=31.6MB privateDirty=18.2MB sharedDirty=52.0MB nativePss=10.5MB dalvikPss=3.8MB otherPss=12.1MB
  systemAvail=15.0GB systemThreshold=216.0MB lowMemory=false trimLevel=0 importance=125 fdCount=151
  procStatus VmRSS=179872 kB VmHWM=3133120 kB VmSize=17156376 kB VmSwap=7732 kB Threads=30 FDSize=256
2026-05-30 09:40:01.817 pid=9989 [runtime-memory] After model load cleanup model=Qwen3.5-2B-UD-Q8_K_XL.gguf
  javaUsed=2.6MB javaTotal=10.5MB javaMax=256.0MB nativeHeap=15.1MB nativeHeapFree=50.1MB nativeHeapSize=69.0MB
  pssTotal=31.1MB privateDirty=17.8MB sharedDirty=52.0MB nativePss=10.6MB dalvikPss=3.3MB otherPss=12.1MB
  systemAvail=15.0GB systemThreshold=216.0MB lowMemory=false trimLevel=0 importance=125 fdCount=151
  procStatus VmRSS=179660 kB VmHWM=3133120 kB VmSize=17156376 kB VmSwap=7732 kB Threads=30 FDSize=256
2026-05-30 09:40:04.007 pid=9989 [model-load-complete] config=Qwen3.5 2B model=Qwen3.5-2B-UD-Q8_K_XL.gguf mmproj=(none)
  javaUsed=2.7MB javaTotal=10.5MB javaMax=256.0MB nativeHeap=3.0GB nativeHeapFree=9.0MB nativeHeapSize=3.1GB
  pssTotal=2.8GB privateDirty=2.8GB sharedDirty=52.0MB nativePss=2.8GB dalvikPss=3.4MB otherPss=12.1MB
  systemAvail=12.2GB systemThreshold=216.0MB lowMemory=false trimLevel=0 importance=125 fdCount=151
  procStatus VmRSS=3126112 kB VmHWM=3133120 kB VmSize=20182604 kB VmSwap=7732 kB Threads=30 FDSize=256
2026-05-30 09:40:04.049 pid=9989 [generation-start] id=63 config=Qwen3.5 2B model=Qwen3.5-2B-UD-Q8_K_XL.gguf promptLen=1045 mediaCount=0
  javaUsed=2.9MB javaTotal=10.5MB javaMax=256.0MB nativeHeap=3.0GB nativeHeapFree=9.0MB nativeHeapSize=3.1GB
  pssTotal=2.8GB privateDirty=2.8GB sharedDirty=52.0MB nativePss=2.8GB dalvikPss=3.5MB otherPss=12.1MB
  systemAvail=12.2GB systemThreshold=216.0MB lowMemory=false trimLevel=0 importance=125 fdCount=151
  procStatus VmRSS=3126368 kB VmHWM=3133120 kB VmSize=20182604 kB VmSwap=7732 kB Threads=30 FDSize=256
2026-05-30 09:40:04.089 pid=9989 [generation-stage] id=63 stage=native-call-start
2026-05-30 09:40:42.648 pid=9989 [generation-stage] id=63 stage=native-call-end resultLen=72
2026-05-30 09:40:42.649 pid=9989 [generation-end] id=63 resultLen=72
  javaUsed=3.0MB javaTotal=10.5MB javaMax=256.0MB nativeHeap=3.0GB nativeHeapFree=8.9MB nativeHeapSize=3.1GB
  pssTotal=2.8GB privateDirty=2.8GB sharedDirty=52.0MB nativePss=2.8GB dalvikPss=3.7MB otherPss=12.1MB
  systemAvail=12.2GB systemThreshold=216.0MB lowMemory=false trimLevel=0 importance=125 fdCount=151
  procStatus VmRSS=3121272 kB VmHWM=3133144 kB VmSize=20182604 kB VmSwap=7732 kB Threads=30 FDSize=256
2026-05-30 09:40:42.692 pid=9989 [model-load] Loading configuration: Qwen3.5 2B
2026-05-30 09:40:42.692 pid=9989 [model-load-skip] config=Qwen3.5 2B model already loaded
  javaUsed=3.3MB javaTotal=10.5MB javaMax=256.0MB nativeHeap=3.0GB nativeHeapFree=8.9MB nativeHeapSize=3.1GB
  pssTotal=2.8GB privateDirty=2.8GB sharedDirty=52.0MB nativePss=2.8GB dalvikPss=3.8MB otherPss=12.1MB
  systemAvail=12.2GB systemThreshold=216.0MB lowMemory=false trimLevel=0 importance=125 fdCount=151
  procStatus VmRSS=3121400 kB VmHWM=3133144 kB VmSize=20182604 kB VmSwap=7732 kB Threads=30 FDSize=256
2026-05-30 09:40:42.733 pid=9989 [generation-start] id=64 config=Qwen3.5 2B model=Qwen3.5-2B-UD-Q8_K_XL.gguf promptLen=1045 mediaCount=0
  javaUsed=3.5MB javaTotal=10.5MB javaMax=256.0MB nativeHeap=3.0GB nativeHeapFree=8.9MB nativeHeapSize=3.1GB
  pssTotal=2.8GB privateDirty=2.8GB sharedDirty=52.0MB nativePss=2.8GB dalvikPss=4.0MB otherPss=12.1MB
  systemAvail=12.2GB systemThreshold=216.0MB lowMemory=false trimLevel=0 importance=125 fdCount=151
  procStatus VmRSS=3121656 kB VmHWM=3133144 kB VmSize=20182604 kB VmSwap=7732 kB Threads=30 FDSize=256
2026-05-30 09:40:42.772 pid=9989 [generation-stage] id=64 stage=native-call-start
2026-05-30 09:41:26.246 pid=9989 [generation-stage] id=64 stage=native-call-end resultLen=110
2026-05-30 09:41:26.247 pid=9989 [generation-end] id=64 resultLen=110
  javaUsed=2.6MB javaTotal=10.5MB javaMax=256.0MB nativeHeap=3.0GB nativeHeapFree=8.9MB nativeHeapSize=3.1GB
  pssTotal=2.8GB privateDirty=2.8GB sharedDirty=52.0MB nativePss=2.8GB dalvikPss=1.3MB otherPss=12.1MB
  systemAvail=12.2GB systemThreshold=216.0MB lowMemory=false trimLevel=0 importance=125 fdCount=151
  procStatus VmRSS=3118804 kB VmHWM=3133144 kB VmSize=20182604 kB VmSwap=7732 kB Threads=30 FDSize=256
2026-05-30 09:41:26.836 pid=9989 [model-load] Loading configuration: Qwen3.5 2B MTP
2026-05-30 09:41:27.343 pid=9989 [runtime-memory] Before model load model=Qwen3.5-2B-Q8_0.gguf
  javaUsed=2.9MB javaTotal=10.5MB javaMax=256.0MB nativeHeap=15.1MB nativeHeapFree=50.1MB nativeHeapSize=69.0MB
  pssTotal=29.2MB privateDirty=15.8MB sharedDirty=52.0MB nativePss=10.4MB dalvikPss=1.5MB otherPss=12.1MB
  systemAvail=15.0GB systemThreshold=216.0MB lowMemory=false trimLevel=0 importance=125 fdCount=151
  procStatus VmRSS=177224 kB VmHWM=3133144 kB VmSize=17156376 kB VmSwap=7732 kB Threads=30 FDSize=256
2026-05-30 09:41:27.400 pid=9989 [runtime-memory] After model load cleanup model=Qwen3.5-2B-Q8_0.gguf
  javaUsed=2.6MB javaTotal=10.5MB javaMax=256.0MB nativeHeap=15.1MB nativeHeapFree=50.1MB nativeHeapSize=69.0MB
  pssTotal=31.0MB privateDirty=17.7MB sharedDirty=52.0MB nativePss=10.5MB dalvikPss=3.3MB otherPss=12.1MB
  systemAvail=15.0GB systemThreshold=216.0MB lowMemory=false trimLevel=0 importance=125 fdCount=151
  procStatus VmRSS=179172 kB VmHWM=3133144 kB VmSize=17156376 kB VmSwap=7732 kB Threads=30 FDSize=256
2026-05-30 09:41:29.896 pid=9989 [model-load-complete] config=Qwen3.5 2B MTP model=Qwen3.5-2B-Q8_0.gguf mmproj=(none)
  javaUsed=2.7MB javaTotal=10.5MB javaMax=256.0MB nativeHeap=2.3GB nativeHeapFree=9.0MB nativeHeapSize=2.3GB
  pssTotal=2.1GB privateDirty=2.1GB sharedDirty=52.0MB nativePss=2.1GB dalvikPss=3.4MB otherPss=12.1MB
  systemAvail=13.0GB systemThreshold=216.0MB lowMemory=false trimLevel=0 importance=125 fdCount=151
  procStatus VmRSS=2328580 kB VmHWM=3133144 kB VmSize=19385300 kB VmSwap=7732 kB Threads=30 FDSize=256
2026-05-30 09:41:29.968 pid=9989 [generation-start] id=65 config=Qwen3.5 2B MTP model=Qwen3.5-2B-Q8_0.gguf promptLen=1054 mediaCount=0
  javaUsed=2.8MB javaTotal=10.5MB javaMax=256.0MB nativeHeap=2.3GB nativeHeapFree=9.0MB nativeHeapSize=2.3GB
  pssTotal=2.1GB privateDirty=2.1GB sharedDirty=52.0MB nativePss=2.1GB dalvikPss=3.5MB otherPss=12.1MB
  systemAvail=13.0GB systemThreshold=216.0MB lowMemory=false trimLevel=0 importance=125 fdCount=151
  procStatus VmRSS=2328836 kB VmHWM=3133144 kB VmSize=19385300 kB VmSwap=7732 kB Threads=30 FDSize=256
2026-05-30 09:41:30.039 pid=9989 [generation-stage] id=65 stage=native-call-start
2026-05-30 09:42:10.542 pid=9989 [generation-stage] id=65 stage=native-call-end resultLen=144
2026-05-30 09:42:10.543 pid=9989 [generation-end] id=65 resultLen=144
  javaUsed=3.0MB javaTotal=10.5MB javaMax=256.0MB nativeHeap=2.3GB nativeHeapFree=8.9MB nativeHeapSize=2.3GB
  pssTotal=2.1GB privateDirty=2.1GB sharedDirty=52.0MB nativePss=2.1GB dalvikPss=3.7MB otherPss=12.1MB
  systemAvail=13.0GB systemThreshold=216.0MB lowMemory=false trimLevel=0 importance=125 fdCount=151
  procStatus VmRSS=2323816 kB VmHWM=3133144 kB VmSize=19385300 kB VmSwap=7732 kB Threads=30 FDSize=256
2026-05-30 09:42:11.339 pid=9989 [model-load] Loading configuration: Qwen3.5 2B
2026-05-30 09:42:11.738 pid=9989 [runtime-memory] Before model load model=Qwen3.5-2B-UD-Q8_K_XL.gguf
  javaUsed=3.3MB javaTotal=10.5MB javaMax=256.0MB nativeHeap=15.1MB nativeHeapFree=50.1MB nativeHeapSize=69.0MB
  pssTotal=31.6MB privateDirty=18.2MB sharedDirty=52.0MB nativePss=10.5MB dalvikPss=3.9MB otherPss=12.1MB
  systemAvail=15.0GB systemThreshold=216.0MB lowMemory=false trimLevel=0 importance=125 fdCount=151
  procStatus VmRSS=179604 kB VmHWM=3133144 kB VmSize=17156376 kB VmSwap=7732 kB Threads=30 FDSize=256
2026-05-30 09:42:11.796 pid=9989 [runtime-memory] After model load cleanup model=Qwen3.5-2B-UD-Q8_K_XL.gguf
  javaUsed=2.6MB javaTotal=10.5MB javaMax=256.0MB nativeHeap=15.1MB nativeHeapFree=50.1MB nativeHeapSize=69.0MB
  pssTotal=31.1MB privateDirty=17.7MB sharedDirty=52.0MB nativePss=10.6MB dalvikPss=3.3MB otherPss=12.1MB
  systemAvail=15.0GB systemThreshold=216.0MB lowMemory=false trimLevel=0 importance=125 fdCount=151
  procStatus VmRSS=179296 kB VmHWM=3133144 kB VmSize=17156376 kB VmSwap=7732 kB Threads=30 FDSize=256
2026-05-30 09:42:14.964 pid=9989 [model-load-complete] config=Qwen3.5 2B model=Qwen3.5-2B-UD-Q8_K_XL.gguf mmproj=(none)
  javaUsed=2.7MB javaTotal=10.5MB javaMax=256.0MB nativeHeap=3.0GB nativeHeapFree=9.0MB nativeHeapSize=3.1GB
  pssTotal=2.8GB privateDirty=2.8GB sharedDirty=52.0MB nativePss=2.8GB dalvikPss=3.4MB otherPss=12.1MB
  systemAvail=12.2GB systemThreshold=216.0MB lowMemory=false trimLevel=0 importance=125 fdCount=151
  procStatus VmRSS=3125952 kB VmHWM=3133144 kB VmSize=20182604 kB VmSwap=7732 kB Threads=30 FDSize=256
2026-05-30 09:42:15.049 pid=9989 [generation-start] id=66 config=Qwen3.5 2B model=Qwen3.5-2B-UD-Q8_K_XL.gguf promptLen=1039 mediaCount=0
  javaUsed=2.8MB javaTotal=10.5MB javaMax=256.0MB nativeHeap=3.0GB nativeHeapFree=9.0MB nativeHeapSize=3.1GB
  pssTotal=2.8GB privateDirty=2.8GB sharedDirty=52.0MB nativePss=2.8GB dalvikPss=3.5MB otherPss=12.1MB
  systemAvail=12.2GB systemThreshold=216.0MB lowMemory=false trimLevel=0 importance=125 fdCount=151
  procStatus VmRSS=3126336 kB VmHWM=3133144 kB VmSize=20182604 kB VmSwap=7732 kB Threads=30 FDSize=256
2026-05-30 09:42:15.131 pid=9989 [generation-stage] id=66 stage=native-call-start
2026-05-30 09:43:02.703 pid=9989 [generation-stage] id=66 stage=native-call-end resultLen=96
2026-05-30 09:43:02.704 pid=9989 [generation-end] id=66 resultLen=96
  javaUsed=3.0MB javaTotal=10.5MB javaMax=256.0MB nativeHeap=3.0GB nativeHeapFree=8.9MB nativeHeapSize=3.1GB
  pssTotal=2.8GB privateDirty=2.8GB sharedDirty=52.0MB nativePss=2.8GB dalvikPss=3.7MB otherPss=12.1MB
  systemAvail=12.3GB systemThreshold=216.0MB lowMemory=false trimLevel=0 importance=125 fdCount=151
  procStatus VmRSS=3121364 kB VmHWM=3133244 kB VmSize=20182604 kB VmSwap=7732 kB Threads=30 FDSize=256
2026-05-30 09:43:02.785 pid=9989 [model-load] Loading configuration: Qwen3.5 2B
2026-05-30 09:43:02.786 pid=9989 [model-load-skip] config=Qwen3.5 2B model already loaded
  javaUsed=2.6MB javaTotal=10.5MB javaMax=256.0MB nativeHeap=3.0GB nativeHeapFree=8.9MB nativeHeapSize=3.1GB
  pssTotal=2.8GB privateDirty=2.8GB sharedDirty=52.0MB nativePss=2.8GB dalvikPss=3.3MB otherPss=12.1MB
  systemAvail=12.3GB systemThreshold=216.0MB lowMemory=false trimLevel=0 importance=125 fdCount=151
  procStatus VmRSS=3121000 kB VmHWM=3133244 kB VmSize=20182604 kB VmSwap=7732 kB Threads=30 FDSize=256
2026-05-30 09:43:02.864 pid=9989 [generation-start] id=67 config=Qwen3.5 2B model=Qwen3.5-2B-UD-Q8_K_XL.gguf promptLen=1039 mediaCount=0
  javaUsed=2.8MB javaTotal=10.5MB javaMax=256.0MB nativeHeap=3.0GB nativeHeapFree=8.9MB nativeHeapSize=3.1GB
  pssTotal=2.8GB privateDirty=2.8GB sharedDirty=52.0MB nativePss=2.8GB dalvikPss=3.5MB otherPss=12.1MB
  systemAvail=12.3GB systemThreshold=216.0MB lowMemory=false trimLevel=0 importance=125 fdCount=151
  procStatus VmRSS=3121128 kB VmHWM=3133244 kB VmSize=20182604 kB VmSwap=7732 kB Threads=30 FDSize=256
2026-05-30 09:43:02.935 pid=9989 [generation-stage] id=67 stage=native-call-start
2026-05-30 09:43:46.452 pid=9989 [generation-stage] id=67 stage=native-call-end resultLen=116
2026-05-30 09:43:46.453 pid=9989 [generation-end] id=67 resultLen=116
  javaUsed=3.0MB javaTotal=10.5MB javaMax=256.0MB nativeHeap=3.0GB nativeHeapFree=8.9MB nativeHeapSize=3.1GB
  pssTotal=2.8GB privateDirty=2.8GB sharedDirty=52.0MB nativePss=2.8GB dalvikPss=3.6MB otherPss=12.1MB
  systemAvail=12.2GB systemThreshold=216.0MB lowMemory=false trimLevel=0 importance=125 fdCount=151
  procStatus VmRSS=3121244 kB VmHWM=3133244 kB VmSize=20182604 kB VmSwap=7732 kB Threads=30 FDSize=256
2026-05-30 09:43:47.484 pid=9989 [model-load] Loading configuration: Qwen3.5 2B MTP
2026-05-30 09:43:47.981 pid=9989 [runtime-memory] Before model load model=Qwen3.5-2B-Q8_0.gguf
  javaUsed=3.3MB javaTotal=10.5MB javaMax=256.0MB nativeHeap=15.1MB nativeHeapFree=50.1MB nativeHeapSize=69.0MB
  pssTotal=31.6MB privateDirty=18.2MB sharedDirty=52.1MB nativePss=10.5MB dalvikPss=3.8MB otherPss=12.1MB
  systemAvail=15.0GB systemThreshold=216.0MB lowMemory=false trimLevel=0 importance=125 fdCount=151
  procStatus VmRSS=179652 kB VmHWM=3133244 kB VmSize=17156632 kB VmSwap=7732 kB Threads=30 FDSize=256
2026-05-30 09:43:48.050 pid=9989 [runtime-memory] After model load cleanup model=Qwen3.5-2B-Q8_0.gguf
  javaUsed=2.6MB javaTotal=10.5MB javaMax=256.0MB nativeHeap=15.1MB nativeHeapFree=50.1MB nativeHeapSize=69.0MB
  pssTotal=31.1MB privateDirty=17.8MB sharedDirty=52.1MB nativePss=10.6MB dalvikPss=3.3MB otherPss=12.1MB
  systemAvail=15.0GB systemThreshold=216.0MB lowMemory=false trimLevel=0 importance=125 fdCount=151
  procStatus VmRSS=179228 kB VmHWM=3133244 kB VmSize=17156632 kB VmSwap=7732 kB Threads=30 FDSize=256
2026-05-30 09:43:50.540 pid=9989 [model-load-complete] config=Qwen3.5 2B MTP model=Qwen3.5-2B-Q8_0.gguf mmproj=(none)
  javaUsed=2.7MB javaTotal=10.5MB javaMax=256.0MB nativeHeap=2.3GB nativeHeapFree=9.0MB nativeHeapSize=2.3GB
  pssTotal=2.1GB privateDirty=2.1GB sharedDirty=52.1MB nativePss=2.1GB dalvikPss=3.4MB otherPss=12.1MB
  systemAvail=13.0GB systemThreshold=216.0MB lowMemory=false trimLevel=0 importance=125 fdCount=151
  procStatus VmRSS=2328580 kB VmHWM=3133244 kB VmSize=19385556 kB VmSwap=7732 kB Threads=30 FDSize=256
2026-05-30 09:43:50.611 pid=9989 [generation-start] id=68 config=Qwen3.5 2B MTP model=Qwen3.5-2B-Q8_0.gguf promptLen=1054 mediaCount=0
  javaUsed=2.8MB javaTotal=10.5MB javaMax=256.0MB nativeHeap=2.3GB nativeHeapFree=9.0MB nativeHeapSize=2.3GB
  pssTotal=2.1GB privateDirty=2.1GB sharedDirty=52.1MB nativePss=2.1GB dalvikPss=3.5MB otherPss=12.1MB
  systemAvail=13.0GB systemThreshold=216.0MB lowMemory=false trimLevel=0 importance=125 fdCount=151
  procStatus VmRSS=2328836 kB VmHWM=3133244 kB VmSize=19385556 kB VmSwap=7732 kB Threads=30 FDSize=256
2026-05-30 09:43:50.681 pid=9989 [generation-stage] id=68 stage=native-call-start
2026-05-30 09:44:25.801 pid=9989 [generation-stage] id=68 stage=native-call-end resultLen=112
2026-05-30 09:44:25.802 pid=9989 [generation-end] id=68 resultLen=112
  javaUsed=3.0MB javaTotal=10.5MB javaMax=256.0MB nativeHeap=2.3GB nativeHeapFree=8.9MB nativeHeapSize=2.3GB
  pssTotal=2.1GB privateDirty=2.1GB sharedDirty=52.1MB nativePss=2.1GB dalvikPss=3.7MB otherPss=12.0MB
  systemAvail=12.6GB systemThreshold=216.0MB lowMemory=false trimLevel=0 importance=125 fdCount=151
  procStatus VmRSS=2323948 kB VmHWM=3133244 kB VmSize=19385556 kB VmSwap=7732 kB Threads=30 FDSize=256
2026-05-30 09:44:26.493 pid=9989 [model-load] Loading configuration: Qwen3.5 2B
2026-05-30 09:44:26.889 pid=9989 [runtime-memory] Before model load model=Qwen3.5-2B-UD-Q8_K_XL.gguf
  javaUsed=3.3MB javaTotal=10.5MB javaMax=256.0MB nativeHeap=15.1MB nativeHeapFree=50.1MB nativeHeapSize=69.0MB
  pssTotal=31.6MB privateDirty=18.2MB sharedDirty=52.1MB nativePss=10.5MB dalvikPss=3.9MB otherPss=12.0MB
  systemAvail=14.6GB systemThreshold=216.0MB lowMemory=false trimLevel=0 importance=125 fdCount=151
  procStatus VmRSS=179796 kB VmHWM=3133244 kB VmSize=17156632 kB VmSwap=7732 kB Threads=30 FDSize=256
2026-05-30 09:44:26.959 pid=9989 [runtime-memory] After model load cleanup model=Qwen3.5-2B-UD-Q8_K_XL.gguf
  javaUsed=2.6MB javaTotal=10.5MB javaMax=256.0MB nativeHeap=15.1MB nativeHeapFree=50.1MB nativeHeapSize=69.0MB
  pssTotal=31.1MB privateDirty=17.8MB sharedDirty=52.1MB nativePss=10.6MB dalvikPss=3.3MB otherPss=12.0MB
  systemAvail=14.6GB systemThreshold=216.0MB lowMemory=false trimLevel=0 importance=125 fdCount=151
  procStatus VmRSS=179428 kB VmHWM=3133244 kB VmSize=17156632 kB VmSwap=7732 kB Threads=30 FDSize=256
2026-05-30 09:44:29.917 pid=9989 [model-load-complete] config=Qwen3.5 2B model=Qwen3.5-2B-UD-Q8_K_XL.gguf mmproj=(none)
  javaUsed=2.7MB javaTotal=10.5MB javaMax=256.0MB nativeHeap=3.0GB nativeHeapFree=9.0MB nativeHeapSize=3.1GB
  pssTotal=2.8GB privateDirty=2.8GB sharedDirty=52.1MB nativePss=2.8GB dalvikPss=3.4MB otherPss=12.0MB
  systemAvail=11.8GB systemThreshold=216.0MB lowMemory=false trimLevel=0 importance=125 fdCount=151
  procStatus VmRSS=3125892 kB VmHWM=3133244 kB VmSize=20182860 kB VmSwap=7732 kB Threads=30 FDSize=256
2026-05-30 09:44:29.971 pid=9989 [generation-start] id=69 config=Qwen3.5 2B model=Qwen3.5-2B-UD-Q8_K_XL.gguf promptLen=1054 mediaCount=0
  javaUsed=2.7MB javaTotal=10.5MB javaMax=256.0MB nativeHeap=3.0GB nativeHeapFree=9.0MB nativeHeapSize=3.1GB
  pssTotal=2.8GB privateDirty=2.8GB sharedDirty=52.1MB nativePss=2.8GB dalvikPss=1.4MB otherPss=12.0MB
  systemAvail=11.8GB systemThreshold=216.0MB lowMemory=false trimLevel=0 importance=125 fdCount=151
  procStatus VmRSS=3124076 kB VmHWM=3133244 kB VmSize=20182860 kB VmSwap=7732 kB Threads=30 FDSize=256
2026-05-30 09:44:30.015 pid=9989 [generation-stage] id=69 stage=native-call-start
2026-05-30 09:45:10.340 pid=9989 [generation-stage] id=69 stage=native-call-end resultLen=130
2026-05-30 09:45:10.341 pid=9989 [generation-end] id=69 resultLen=130
  javaUsed=2.9MB javaTotal=10.5MB javaMax=256.0MB nativeHeap=3.0GB nativeHeapFree=8.9MB nativeHeapSize=3.1GB
  pssTotal=2.8GB privateDirty=2.8GB sharedDirty=52.1MB nativePss=2.8GB dalvikPss=1.5MB otherPss=12.0MB
  systemAvail=11.9GB systemThreshold=216.0MB lowMemory=false trimLevel=0 importance=125 fdCount=151
  procStatus VmRSS=3119188 kB VmHWM=3133244 kB VmSize=20182860 kB VmSwap=7732 kB Threads=30 FDSize=256
2026-05-30 09:45:10.917 pid=9989 [model-load] Loading configuration: Qwen3.5 2B MTP
2026-05-30 09:45:11.413 pid=9989 [runtime-memory] Before model load model=Qwen3.5-2B-Q8_0.gguf
  javaUsed=3.1MB javaTotal=10.5MB javaMax=256.0MB nativeHeap=15.1MB nativeHeapFree=50.1MB nativeHeapSize=69.0MB
  pssTotal=29.4MB privateDirty=16.1MB sharedDirty=52.1MB nativePss=10.5MB dalvikPss=1.7MB otherPss=12.0MB
  systemAvail=14.8GB systemThreshold=216.0MB lowMemory=false trimLevel=0 importance=125 fdCount=151
  procStatus VmRSS=177664 kB VmHWM=3133244 kB VmSize=17156632 kB VmSwap=7732 kB Threads=30 FDSize=256
2026-05-30 09:45:11.483 pid=9989 [runtime-memory] After model load cleanup model=Qwen3.5-2B-Q8_0.gguf
  javaUsed=2.6MB javaTotal=10.5MB javaMax=256.0MB nativeHeap=15.1MB nativeHeapFree=50.1MB nativeHeapSize=69.0MB
  pssTotal=31.1MB privateDirty=17.8MB sharedDirty=52.1MB nativePss=10.6MB dalvikPss=3.3MB otherPss=12.0MB
  systemAvail=14.8GB systemThreshold=216.0MB lowMemory=false trimLevel=0 importance=125 fdCount=151
  procStatus VmRSS=179396 kB VmHWM=3133244 kB VmSize=17156632 kB VmSwap=7732 kB Threads=30 FDSize=256
2026-05-30 09:45:13.983 pid=9989 [model-load-complete] config=Qwen3.5 2B MTP model=Qwen3.5-2B-Q8_0.gguf mmproj=(none)
  javaUsed=2.7MB javaTotal=10.5MB javaMax=256.0MB nativeHeap=2.3GB nativeHeapFree=9.0MB nativeHeapSize=2.3GB
  pssTotal=2.1GB privateDirty=2.1GB sharedDirty=52.1MB nativePss=2.1GB dalvikPss=3.4MB otherPss=12.0MB
  systemAvail=12.7GB systemThreshold=216.0MB lowMemory=false trimLevel=0 importance=125 fdCount=151
  procStatus VmRSS=2328692 kB VmHWM=3133244 kB VmSize=19385556 kB VmSwap=7732 kB Threads=30 FDSize=256
2026-05-30 09:45:14.055 pid=9989 [generation-start] id=70 config=Qwen3.5 2B MTP model=Qwen3.5-2B-Q8_0.gguf promptLen=1051 mediaCount=0
  javaUsed=2.8MB javaTotal=10.5MB javaMax=256.0MB nativeHeap=2.3GB nativeHeapFree=9.0MB nativeHeapSize=2.3GB
  pssTotal=2.1GB privateDirty=2.1GB sharedDirty=52.1MB nativePss=2.1GB dalvikPss=3.5MB otherPss=12.0MB
  systemAvail=12.7GB systemThreshold=216.0MB lowMemory=false trimLevel=0 importance=125 fdCount=151
  procStatus VmRSS=2328948 kB VmHWM=3133244 kB VmSize=19385556 kB VmSwap=7732 kB Threads=30 FDSize=256
2026-05-30 09:45:14.124 pid=9989 [generation-stage] id=70 stage=native-call-start
2026-05-30 09:45:46.671 pid=9989 [generation-stage] id=70 stage=native-call-end resultLen=73
2026-05-30 09:45:46.672 pid=9989 [generation-end] id=70 resultLen=73
  javaUsed=3.1MB javaTotal=10.5MB javaMax=256.0MB nativeHeap=2.3GB nativeHeapFree=8.9MB nativeHeapSize=2.3GB
  pssTotal=2.1GB privateDirty=2.1GB sharedDirty=52.1MB nativePss=2.1GB dalvikPss=3.7MB otherPss=12.0MB
  systemAvail=12.7GB systemThreshold=216.0MB lowMemory=false trimLevel=0 importance=125 fdCount=151
  procStatus VmRSS=2324080 kB VmHWM=3133244 kB VmSize=19385556 kB VmSwap=7732 kB Threads=30 FDSize=256
2026-05-30 09:45:46.745 pid=9989 [model-load] Loading configuration: Qwen3.5 2B MTP
2026-05-30 09:45:46.746 pid=9989 [model-load-skip] config=Qwen3.5 2B MTP model already loaded
  javaUsed=3.3MB javaTotal=10.5MB javaMax=256.0MB nativeHeap=2.3GB nativeHeapFree=8.9MB nativeHeapSize=2.3GB
  pssTotal=2.1GB privateDirty=2.1GB sharedDirty=52.1MB nativePss=2.1GB dalvikPss=3.9MB otherPss=12.0MB
  systemAvail=12.7GB systemThreshold=216.0MB lowMemory=false trimLevel=0 importance=125 fdCount=151
  procStatus VmRSS=2324208 kB VmHWM=3133244 kB VmSize=19385556 kB VmSwap=7732 kB Threads=30 FDSize=256
2026-05-30 09:45:46.818 pid=9989 [generation-start] id=71 config=Qwen3.5 2B MTP model=Qwen3.5-2B-Q8_0.gguf promptLen=1051 mediaCount=0
  javaUsed=3.5MB javaTotal=10.5MB javaMax=256.0MB nativeHeap=2.3GB nativeHeapFree=8.9MB nativeHeapSize=2.3GB
  pssTotal=2.1GB privateDirty=2.1GB sharedDirty=52.1MB nativePss=2.1GB dalvikPss=4.0MB otherPss=12.0MB
  systemAvail=12.7GB systemThreshold=216.0MB lowMemory=false trimLevel=0 importance=125 fdCount=151
  procStatus VmRSS=2324336 kB VmHWM=3133244 kB VmSize=19385556 kB VmSwap=7732 kB Threads=30 FDSize=256
2026-05-30 09:45:46.884 pid=9989 [generation-stage] id=71 stage=native-call-start
2026-05-30 09:46:13.426 pid=9989 [generation-stage] id=71 stage=native-call-end resultLen=55
2026-05-30 09:46:13.427 pid=9989 [generation-end] id=71 resultLen=55
  javaUsed=3.7MB javaTotal=10.5MB javaMax=256.0MB nativeHeap=2.3GB nativeHeapFree=8.9MB nativeHeapSize=2.3GB
  pssTotal=2.1GB privateDirty=2.1GB sharedDirty=52.1MB nativePss=2.1GB dalvikPss=4.2MB otherPss=12.0MB
  systemAvail=12.8GB systemThreshold=216.0MB lowMemory=false trimLevel=0 importance=125 fdCount=151
  procStatus VmRSS=2324332 kB VmHWM=3133244 kB VmSize=19385556 kB VmSwap=7732 kB Threads=30 FDSize=256
2026-05-30 09:46:14.437 pid=9989 [model-load] Loading configuration: Qwen3.5 2B
2026-05-30 09:46:14.854 pid=9989 [runtime-memory] Before model load model=Qwen3.5-2B-UD-Q8_K_XL.gguf
  javaUsed=2.6MB javaTotal=10.5MB javaMax=256.0MB nativeHeap=15.1MB nativeHeapFree=50.1MB nativeHeapSize=69.0MB
  pssTotal=30.9MB privateDirty=17.6MB sharedDirty=52.1MB nativePss=10.4MB dalvikPss=3.3MB otherPss=12.0MB
  systemAvail=14.9GB systemThreshold=216.0MB lowMemory=false trimLevel=0 importance=125 fdCount=151
  procStatus VmRSS=179224 kB VmHWM=3133244 kB VmSize=17156632 kB VmSwap=7732 kB Threads=30 FDSize=256
2026-05-30 09:46:14.925 pid=9989 [runtime-memory] After model load cleanup model=Qwen3.5-2B-UD-Q8_K_XL.gguf
  javaUsed=2.6MB javaTotal=10.5MB javaMax=256.0MB nativeHeap=15.1MB nativeHeapFree=50.1MB nativeHeapSize=69.0MB
  pssTotal=31.0MB privateDirty=17.7MB sharedDirty=52.1MB nativePss=10.5MB dalvikPss=3.3MB otherPss=12.0MB
  systemAvail=14.9GB systemThreshold=216.0MB lowMemory=false trimLevel=0 importance=125 fdCount=151
  procStatus VmRSS=179480 kB VmHWM=3133244 kB VmSize=17156632 kB VmSwap=7732 kB Threads=30 FDSize=256
2026-05-30 09:46:18.158 pid=9989 [model-load-complete] config=Qwen3.5 2B model=Qwen3.5-2B-UD-Q8_K_XL.gguf mmproj=(none)
  javaUsed=2.7MB javaTotal=10.5MB javaMax=256.0MB nativeHeap=3.0GB nativeHeapFree=9.0MB nativeHeapSize=3.1GB
  pssTotal=2.8GB privateDirty=2.8GB sharedDirty=52.1MB nativePss=2.8GB dalvikPss=3.4MB otherPss=12.0MB
  systemAvail=12.0GB systemThreshold=216.0MB lowMemory=false trimLevel=0 importance=125 fdCount=151
  procStatus VmRSS=3126144 kB VmHWM=3133244 kB VmSize=20182860 kB VmSwap=7732 kB Threads=30 FDSize=256
2026-05-30 09:46:18.241 pid=9989 [generation-start] id=72 config=Qwen3.5 2B model=Qwen3.5-2B-UD-Q8_K_XL.gguf promptLen=1051 mediaCount=0
  javaUsed=2.9MB javaTotal=10.5MB javaMax=256.0MB nativeHeap=3.0GB nativeHeapFree=9.0MB nativeHeapSize=3.1GB
  pssTotal=2.8GB privateDirty=2.8GB sharedDirty=52.1MB nativePss=2.8GB dalvikPss=3.5MB otherPss=12.0MB
  systemAvail=12.0GB systemThreshold=216.0MB lowMemory=false trimLevel=0 importance=125 fdCount=151
  procStatus VmRSS=3126272 kB VmHWM=3133244 kB VmSize=20182860 kB VmSwap=7732 kB Threads=30 FDSize=256
2026-05-30 09:46:18.310 pid=9989 [generation-stage] id=72 stage=native-call-start
2026-05-30 09:46:56.729 pid=9989 [generation-stage] id=72 stage=native-call-end resultLen=54
2026-05-30 09:46:56.730 pid=9989 [generation-end] id=72 resultLen=54
  javaUsed=3.0MB javaTotal=10.5MB javaMax=256.0MB nativeHeap=3.0GB nativeHeapFree=8.9MB nativeHeapSize=3.1GB
  pssTotal=2.8GB privateDirty=2.8GB sharedDirty=52.1MB nativePss=2.8GB dalvikPss=3.7MB otherPss=12.0MB
  systemAvail=12.1GB systemThreshold=216.0MB lowMemory=false trimLevel=0 importance=125 fdCount=151
  procStatus VmRSS=3121196 kB VmHWM=3133244 kB VmSize=20182860 kB VmSwap=7732 kB Threads=30 FDSize=256
2026-05-30 09:46:57.326 pid=9989 [model-load] Loading configuration: Qwen3.5 2B MTP
2026-05-30 09:46:57.830 pid=9989 [runtime-memory] Before model load model=Qwen3.5-2B-Q8_0.gguf
  javaUsed=3.3MB javaTotal=10.5MB javaMax=256.0MB nativeHeap=15.1MB nativeHeapFree=50.1MB nativeHeapSize=69.0MB
  pssTotal=31.5MB privateDirty=18.2MB sharedDirty=52.1MB nativePss=10.5MB dalvikPss=3.9MB otherPss=12.0MB
  systemAvail=14.9GB systemThreshold=216.0MB lowMemory=false trimLevel=0 importance=125 fdCount=151
  procStatus VmRSS=179672 kB VmHWM=3133244 kB VmSize=17156632 kB VmSwap=7732 kB Threads=30 FDSize=256
2026-05-30 09:46:57.899 pid=9989 [runtime-memory] After model load cleanup model=Qwen3.5-2B-Q8_0.gguf
  javaUsed=2.6MB javaTotal=10.5MB javaMax=256.0MB nativeHeap=15.1MB nativeHeapFree=50.1MB nativeHeapSize=69.0MB
  pssTotal=31.0MB privateDirty=17.7MB sharedDirty=52.1MB nativePss=10.6MB dalvikPss=3.3MB otherPss=12.0MB
  systemAvail=14.9GB systemThreshold=216.0MB lowMemory=false trimLevel=0 importance=125 fdCount=151
  procStatus VmRSS=179208 kB VmHWM=3133244 kB VmSize=17156632 kB VmSwap=7732 kB Threads=30 FDSize=256
2026-05-30 09:47:00.406 pid=9989 [model-load-complete] config=Qwen3.5 2B MTP model=Qwen3.5-2B-Q8_0.gguf mmproj=(none)
  javaUsed=2.7MB javaTotal=10.5MB javaMax=256.0MB nativeHeap=2.3GB nativeHeapFree=9.0MB nativeHeapSize=2.3GB
  pssTotal=2.1GB privateDirty=2.1GB sharedDirty=52.1MB nativePss=2.1GB dalvikPss=3.3MB otherPss=12.0MB
  systemAvail=12.8GB systemThreshold=216.0MB lowMemory=false trimLevel=0 importance=125 fdCount=151
  procStatus VmRSS=2328616 kB VmHWM=3133244 kB VmSize=19385556 kB VmSwap=7732 kB Threads=30 FDSize=256
2026-05-30 09:47:00.473 pid=9989 [generation-start] id=73 config=Qwen3.5 2B MTP model=Qwen3.5-2B-Q8_0.gguf promptLen=1051 mediaCount=0
  javaUsed=2.8MB javaTotal=10.5MB javaMax=256.0MB nativeHeap=2.3GB nativeHeapFree=9.0MB nativeHeapSize=2.3GB
  pssTotal=2.1GB privateDirty=2.1GB sharedDirty=52.1MB nativePss=2.1GB dalvikPss=3.5MB otherPss=12.0MB
  systemAvail=12.8GB systemThreshold=216.0MB lowMemory=false trimLevel=0 importance=125 fdCount=151
  procStatus VmRSS=2328744 kB VmHWM=3133244 kB VmSize=19385556 kB VmSwap=7732 kB Threads=30 FDSize=256
2026-05-30 09:47:00.532 pid=9989 [generation-stage] id=73 stage=native-call-start
2026-05-30 09:47:35.291 pid=9989 [generation-stage] id=73 stage=native-call-end resultLen=32
2026-05-30 09:47:35.292 pid=9989 [generation-end] id=73 resultLen=32
  javaUsed=3.0MB javaTotal=10.5MB javaMax=256.0MB nativeHeap=2.3GB nativeHeapFree=8.9MB nativeHeapSize=2.3GB
  pssTotal=2.1GB privateDirty=2.1GB sharedDirty=52.1MB nativePss=2.1GB dalvikPss=3.6MB otherPss=12.0MB
  systemAvail=12.8GB systemThreshold=216.0MB lowMemory=false trimLevel=0 importance=125 fdCount=151
  procStatus VmRSS=2323884 kB VmHWM=3133244 kB VmSize=19385556 kB VmSwap=7732 kB Threads=30 FDSize=256
2026-05-30 09:47:36.100 pid=9989 [model-load] Loading configuration: Qwen3.5 2B
2026-05-30 09:47:36.492 pid=9989 [runtime-memory] Before model load model=Qwen3.5-2B-UD-Q8_K_XL.gguf
  javaUsed=3.3MB javaTotal=10.5MB javaMax=256.0MB nativeHeap=15.1MB nativeHeapFree=50.1MB nativeHeapSize=69.0MB
  pssTotal=31.5MB privateDirty=18.2MB sharedDirty=52.1MB nativePss=10.5MB dalvikPss=3.8MB otherPss=12.0MB
  systemAvail=14.9GB systemThreshold=216.0MB lowMemory=false trimLevel=0 importance=125 fdCount=151
  procStatus VmRSS=179756 kB VmHWM=3133244 kB VmSize=17156632 kB VmSwap=7732 kB Threads=30 FDSize=256
2026-05-30 09:47:36.562 pid=9989 [runtime-memory] After model load cleanup model=Qwen3.5-2B-UD-Q8_K_XL.gguf
  javaUsed=2.6MB javaTotal=10.5MB javaMax=256.0MB nativeHeap=15.1MB nativeHeapFree=50.1MB nativeHeapSize=69.0MB
  pssTotal=31.0MB privateDirty=17.7MB sharedDirty=52.1MB nativePss=10.6MB dalvikPss=3.3MB otherPss=12.0MB
  systemAvail=14.9GB systemThreshold=216.0MB lowMemory=false trimLevel=0 importance=125 fdCount=151
  procStatus VmRSS=179364 kB VmHWM=3133244 kB VmSize=17156632 kB VmSwap=7732 kB Threads=30 FDSize=256
2026-05-30 09:47:39.705 pid=9989 [model-load-complete] config=Qwen3.5 2B model=Qwen3.5-2B-UD-Q8_K_XL.gguf mmproj=(none)
  javaUsed=2.7MB javaTotal=10.5MB javaMax=256.0MB nativeHeap=3.0GB nativeHeapFree=9.0MB nativeHeapSize=3.1GB
  pssTotal=2.8GB privateDirty=2.8GB sharedDirty=52.1MB nativePss=2.8GB dalvikPss=3.3MB otherPss=12.0MB
  systemAvail=12.0GB systemThreshold=216.0MB lowMemory=false trimLevel=0 importance=125 fdCount=151
  procStatus VmRSS=3125972 kB VmHWM=3133244 kB VmSize=20182860 kB VmSwap=7732 kB Threads=30 FDSize=256
2026-05-30 09:47:39.790 pid=9989 [generation-start] id=74 config=Qwen3.5 2B model=Qwen3.5-2B-UD-Q8_K_XL.gguf promptLen=1039 mediaCount=0
  javaUsed=2.8MB javaTotal=10.5MB javaMax=256.0MB nativeHeap=3.0GB nativeHeapFree=9.0MB nativeHeapSize=3.1GB
  pssTotal=2.8GB privateDirty=2.8GB sharedDirty=52.1MB nativePss=2.8GB dalvikPss=3.5MB otherPss=12.0MB
  systemAvail=12.0GB systemThreshold=216.0MB lowMemory=false trimLevel=0 importance=125 fdCount=151
  procStatus VmRSS=3126228 kB VmHWM=3133244 kB VmSize=20182860 kB VmSwap=7732 kB Threads=30 FDSize=256
2026-05-30 09:47:39.862 pid=9989 [generation-stage] id=74 stage=native-call-start
2026-05-30 09:48:27.219 pid=9989 [generation-stage] id=74 stage=native-call-end resultLen=96
2026-05-30 09:48:27.220 pid=9989 [generation-end] id=74 resultLen=96
  javaUsed=3.0MB javaTotal=10.5MB javaMax=256.0MB nativeHeap=3.0GB nativeHeapFree=8.9MB nativeHeapSize=3.1GB
  pssTotal=2.8GB privateDirty=2.8GB sharedDirty=52.1MB nativePss=2.8GB dalvikPss=3.7MB otherPss=12.0MB
  systemAvail=12.1GB systemThreshold=216.0MB lowMemory=false trimLevel=0 importance=125 fdCount=151
  procStatus VmRSS=3121392 kB VmHWM=3133268 kB VmSize=20182860 kB VmSwap=7732 kB Threads=30 FDSize=256
2026-05-30 09:48:27.291 pid=9989 [model-load] Loading configuration: Qwen3.5 2B
2026-05-30 09:48:27.292 pid=9989 [model-load-skip] config=Qwen3.5 2B model already loaded
  javaUsed=3.3MB javaTotal=10.5MB javaMax=256.0MB nativeHeap=3.0GB nativeHeapFree=8.9MB nativeHeapSize=3.1GB
  pssTotal=2.8GB privateDirty=2.8GB sharedDirty=52.1MB nativePss=2.8GB dalvikPss=3.8MB otherPss=12.0MB
  systemAvail=12.1GB systemThreshold=216.0MB lowMemory=false trimLevel=0 importance=125 fdCount=151
  procStatus VmRSS=3121392 kB VmHWM=3133268 kB VmSize=20182860 kB VmSwap=7732 kB Threads=30 FDSize=256
2026-05-30 09:48:27.375 pid=9989 [generation-start] id=75 config=Qwen3.5 2B model=Qwen3.5-2B-UD-Q8_K_XL.gguf promptLen=1039 mediaCount=0
  javaUsed=3.5MB javaTotal=10.5MB javaMax=256.0MB nativeHeap=3.0GB nativeHeapFree=8.9MB nativeHeapSize=3.1GB
  pssTotal=2.8GB privateDirty=2.8GB sharedDirty=52.1MB nativePss=2.8GB dalvikPss=4.0MB otherPss=12.0MB
  systemAvail=12.1GB systemThreshold=216.0MB lowMemory=false trimLevel=0 importance=125 fdCount=151
  procStatus VmRSS=3121520 kB VmHWM=3133268 kB VmSize=20182860 kB VmSwap=7732 kB Threads=30 FDSize=256
2026-05-30 09:48:27.456 pid=9989 [generation-stage] id=75 stage=native-call-start
2026-05-30 09:49:13.660 pid=9989 [generation-stage] id=75 stage=native-call-end resultLen=78
2026-05-30 09:49:13.661 pid=9989 [generation-end] id=75 resultLen=78
  javaUsed=3.6MB javaTotal=10.5MB javaMax=256.0MB nativeHeap=3.0GB nativeHeapFree=8.9MB nativeHeapSize=3.1GB
  pssTotal=2.8GB privateDirty=2.8GB sharedDirty=52.1MB nativePss=2.8GB dalvikPss=4.1MB otherPss=12.0MB
  systemAvail=12.1GB systemThreshold=216.0MB lowMemory=false trimLevel=0 importance=125 fdCount=151
  procStatus VmRSS=3121776 kB VmHWM=3133268 kB VmSize=20182860 kB VmSwap=7732 kB Threads=30 FDSize=256
2026-05-30 09:49:14.253 pid=9989 [model-load] Loading configuration: Qwen3.5 2B MTP
2026-05-30 09:49:14.761 pid=9989 [runtime-memory] Before model load model=Qwen3.5-2B-Q8_0.gguf
  javaUsed=3.9MB javaTotal=10.5MB javaMax=256.0MB nativeHeap=15.1MB nativeHeapFree=50.1MB nativeHeapSize=69.0MB
  pssTotal=32.1MB privateDirty=18.8MB sharedDirty=52.1MB nativePss=10.5MB dalvikPss=4.3MB otherPss=12.0MB
  systemAvail=14.9GB systemThreshold=216.0MB lowMemory=false trimLevel=0 importance=125 fdCount=151
  procStatus VmRSS=180256 kB VmHWM=3133268 kB VmSize=17156632 kB VmSwap=7732 kB Threads=30 FDSize=256
2026-05-30 09:49:14.832 pid=9989 [runtime-memory] After model load cleanup model=Qwen3.5-2B-Q8_0.gguf
  javaUsed=2.6MB javaTotal=10.5MB javaMax=256.0MB nativeHeap=15.1MB nativeHeapFree=50.1MB nativeHeapSize=69.0MB
  pssTotal=31.1MB privateDirty=17.8MB sharedDirty=52.1MB nativePss=10.6MB dalvikPss=3.3MB otherPss=12.0MB
  systemAvail=14.9GB systemThreshold=216.0MB lowMemory=false trimLevel=0 importance=125 fdCount=151
  procStatus VmRSS=179444 kB VmHWM=3133268 kB VmSize=17156632 kB VmSwap=7732 kB Threads=30 FDSize=256
2026-05-30 09:49:17.410 pid=9989 [model-load-complete] config=Qwen3.5 2B MTP model=Qwen3.5-2B-Q8_0.gguf mmproj=(none)
  javaUsed=2.7MB javaTotal=10.5MB javaMax=256.0MB nativeHeap=2.3GB nativeHeapFree=9.0MB nativeHeapSize=2.3GB
  pssTotal=2.1GB privateDirty=2.1GB sharedDirty=52.1MB nativePss=2.1GB dalvikPss=3.4MB otherPss=12.0MB
  systemAvail=12.8GB systemThreshold=216.0MB lowMemory=false trimLevel=0 importance=125 fdCount=151
  procStatus VmRSS=2328796 kB VmHWM=3133268 kB VmSize=19385556 kB VmSwap=7732 kB Threads=30 FDSize=256
2026-05-30 09:49:17.481 pid=9989 [generation-start] id=76 config=Qwen3.5 2B MTP model=Qwen3.5-2B-Q8_0.gguf promptLen=1045 mediaCount=0
  javaUsed=2.8MB javaTotal=10.5MB javaMax=256.0MB nativeHeap=2.3GB nativeHeapFree=9.0MB nativeHeapSize=2.3GB
  pssTotal=2.1GB privateDirty=2.1GB sharedDirty=52.1MB nativePss=2.1GB dalvikPss=3.5MB otherPss=12.0MB
  systemAvail=12.8GB systemThreshold=216.0MB lowMemory=false trimLevel=0 importance=125 fdCount=151
  procStatus VmRSS=2329052 kB VmHWM=3133268 kB VmSize=19385556 kB VmSwap=7732 kB Threads=30 FDSize=256
2026-05-30 09:49:17.550 pid=9989 [generation-stage] id=76 stage=native-call-start
2026-05-30 09:49:57.941 pid=9989 [generation-stage] id=76 stage=native-call-end resultLen=162
2026-05-30 09:49:57.941 pid=9989 [generation-end] id=76 resultLen=162
  javaUsed=2.6MB javaTotal=10.5MB javaMax=256.0MB nativeHeap=2.3GB nativeHeapFree=8.9MB nativeHeapSize=2.3GB
  pssTotal=2.1GB privateDirty=2.1GB sharedDirty=52.1MB nativePss=2.1GB dalvikPss=1.3MB otherPss=12.0MB
  systemAvail=12.8GB systemThreshold=216.0MB lowMemory=false trimLevel=0 importance=125 fdCount=151
  procStatus VmRSS=2321632 kB VmHWM=3133268 kB VmSize=19385556 kB VmSwap=7732 kB Threads=30 FDSize=256
2026-05-30 09:49:58.960 pid=9989 [model-load] Loading configuration: Qwen3.5 2B
2026-05-30 09:49:59.368 pid=9989 [runtime-memory] Before model load model=Qwen3.5-2B-UD-Q8_K_XL.gguf
  javaUsed=2.9MB javaTotal=10.5MB javaMax=256.0MB nativeHeap=15.1MB nativeHeapFree=50.1MB nativeHeapSize=69.0MB
  pssTotal=29.2MB privateDirty=15.9MB sharedDirty=52.1MB nativePss=10.4MB dalvikPss=1.5MB otherPss=12.0MB
  systemAvail=14.9GB systemThreshold=216.0MB lowMemory=false trimLevel=0 importance=125 fdCount=151
  procStatus VmRSS=177300 kB VmHWM=3133268 kB VmSize=17156632 kB VmSwap=7732 kB Threads=30 FDSize=256
2026-05-30 09:49:59.435 pid=9989 [runtime-memory] After model load cleanup model=Qwen3.5-2B-UD-Q8_K_XL.gguf
  javaUsed=2.6MB javaTotal=10.5MB javaMax=256.0MB nativeHeap=15.1MB nativeHeapFree=50.1MB nativeHeapSize=69.0MB
  pssTotal=31.0MB privateDirty=17.7MB sharedDirty=52.1MB nativePss=10.5MB dalvikPss=3.3MB otherPss=12.0MB
  systemAvail=14.9GB systemThreshold=216.0MB lowMemory=false trimLevel=0 importance=125 fdCount=151
  procStatus VmRSS=179248 kB VmHWM=3133268 kB VmSize=17156632 kB VmSwap=7732 kB Threads=30 FDSize=256
2026-05-30 09:50:02.634 pid=9989 [model-load-complete] config=Qwen3.5 2B model=Qwen3.5-2B-UD-Q8_K_XL.gguf mmproj=(none)
  javaUsed=2.7MB javaTotal=10.5MB javaMax=256.0MB nativeHeap=3.0GB nativeHeapFree=9.0MB nativeHeapSize=3.1GB
  pssTotal=2.8GB privateDirty=2.8GB sharedDirty=52.1MB nativePss=2.8GB dalvikPss=3.4MB otherPss=12.0MB
  systemAvail=12.0GB systemThreshold=216.0MB lowMemory=false trimLevel=0 importance=125 fdCount=151
  procStatus VmRSS=3125952 kB VmHWM=3133268 kB VmSize=20182860 kB VmSwap=7732 kB Threads=30 FDSize=256
2026-05-30 09:50:02.712 pid=9989 [generation-start] id=77 config=Qwen3.5 2B model=Qwen3.5-2B-UD-Q8_K_XL.gguf promptLen=1039 mediaCount=0
  javaUsed=2.8MB javaTotal=10.5MB javaMax=256.0MB nativeHeap=3.0GB nativeHeapFree=9.0MB nativeHeapSize=3.1GB
  pssTotal=2.8GB privateDirty=2.8GB sharedDirty=52.1MB nativePss=2.8GB dalvikPss=3.5MB otherPss=12.0MB
  systemAvail=12.0GB systemThreshold=216.0MB lowMemory=false trimLevel=0 importance=125 fdCount=151
  procStatus VmRSS=3126208 kB VmHWM=3133268 kB VmSize=20182860 kB VmSwap=7732 kB Threads=30 FDSize=256
2026-05-30 09:50:02.794 pid=9989 [generation-stage] id=77 stage=native-call-start
2026-05-30 09:50:51.102 pid=9989 [generation-stage] id=77 stage=native-call-end resultLen=142
2026-05-30 09:50:51.103 pid=9989 [generation-end] id=77 resultLen=142
  javaUsed=3.0MB javaTotal=10.5MB javaMax=256.0MB nativeHeap=3.0GB nativeHeapFree=8.9MB nativeHeapSize=3.1GB
  pssTotal=2.8GB privateDirty=2.8GB sharedDirty=52.1MB nativePss=2.8GB dalvikPss=3.7MB otherPss=12.0MB
  systemAvail=12.0GB systemThreshold=216.0MB lowMemory=false trimLevel=0 importance=125 fdCount=151
  procStatus VmRSS=3121268 kB VmHWM=3133268 kB VmSize=20182860 kB VmSwap=7732 kB Threads=30 FDSize=256
2026-05-30 09:50:52.233 pid=9989 [model-load] Loading configuration: Qwen3.5 2B MTP
2026-05-30 09:50:52.606 pid=9989 [runtime-memory] Before model load model=Qwen3.5-2B-Q8_0.gguf
  javaUsed=3.3MB javaTotal=10.5MB javaMax=256.0MB nativeHeap=15.1MB nativeHeapFree=50.1MB nativeHeapSize=69.0MB
  pssTotal=31.5MB privateDirty=18.2MB sharedDirty=52.1MB nativePss=10.5MB dalvikPss=3.9MB otherPss=12.0MB
  systemAvail=14.7GB systemThreshold=216.0MB lowMemory=false trimLevel=0 importance=125 fdCount=151
  procStatus VmRSS=179756 kB VmHWM=3133268 kB VmSize=17156632 kB VmSwap=7732 kB Threads=30 FDSize=256
2026-05-30 09:50:52.641 pid=9989 [runtime-memory] After model load cleanup model=Qwen3.5-2B-Q8_0.gguf
  javaUsed=2.5MB javaTotal=10.5MB javaMax=256.0MB nativeHeap=15.1MB nativeHeapFree=50.1MB nativeHeapSize=69.0MB
  pssTotal=31.1MB privateDirty=17.8MB sharedDirty=52.1MB nativePss=10.6MB dalvikPss=3.3MB otherPss=12.0MB
  systemAvail=14.7GB systemThreshold=216.0MB lowMemory=false trimLevel=0 importance=125 fdCount=151
  procStatus VmRSS=179304 kB VmHWM=3133268 kB VmSize=17156632 kB VmSwap=7732 kB Threads=30 FDSize=256
2026-05-30 09:50:54.099 pid=9989 [model-load-complete] config=Qwen3.5 2B MTP model=Qwen3.5-2B-Q8_0.gguf mmproj=(none)
  javaUsed=2.7MB javaTotal=10.5MB javaMax=256.0MB nativeHeap=2.3GB nativeHeapFree=9.0MB nativeHeapSize=2.3GB
  pssTotal=2.1GB privateDirty=2.1GB sharedDirty=52.1MB nativePss=2.1GB dalvikPss=3.4MB otherPss=12.0MB
  systemAvail=12.8GB systemThreshold=216.0MB lowMemory=false trimLevel=0 importance=125 fdCount=151
  procStatus VmRSS=2328600 kB VmHWM=3133268 kB VmSize=19385556 kB VmSwap=7732 kB Threads=30 FDSize=256
2026-05-30 09:50:54.133 pid=9989 [generation-start] id=78 config=Qwen3.5 2B MTP model=Qwen3.5-2B-Q8_0.gguf promptLen=1039 mediaCount=0
  javaUsed=2.8MB javaTotal=10.5MB javaMax=256.0MB nativeHeap=2.3GB nativeHeapFree=9.0MB nativeHeapSize=2.3GB
  pssTotal=2.1GB privateDirty=2.1GB sharedDirty=52.1MB nativePss=2.1GB dalvikPss=3.5MB otherPss=12.0MB
  systemAvail=12.8GB systemThreshold=216.0MB lowMemory=false trimLevel=0 importance=125 fdCount=151
  procStatus VmRSS=2328856 kB VmHWM=3133268 kB VmSize=19385556 kB VmSwap=7732 kB Threads=30 FDSize=256
2026-05-30 09:50:54.164 pid=9989 [generation-stage] id=78 stage=native-call-start
2026-05-30 09:51:26.374 pid=9989 [generation-stage] id=78 stage=native-call-end resultLen=59
2026-05-30 09:51:26.375 pid=9989 [generation-end] id=78 resultLen=59
  javaUsed=3.0MB javaTotal=10.5MB javaMax=256.0MB nativeHeap=2.3GB nativeHeapFree=8.9MB nativeHeapSize=2.3GB
  pssTotal=2.1GB privateDirty=2.1GB sharedDirty=52.1MB nativePss=2.1GB dalvikPss=3.7MB otherPss=12.0MB
  systemAvail=12.8GB systemThreshold=216.0MB lowMemory=false trimLevel=0 importance=125 fdCount=151
  procStatus VmRSS=2323952 kB VmHWM=3133268 kB VmSize=19385556 kB VmSwap=7732 kB Threads=30 FDSize=256
2026-05-30 09:51:27.396 pid=9989 [model-load] Loading configuration: Qwen3.5 2B
2026-05-30 09:51:27.795 pid=9989 [runtime-memory] Before model load model=Qwen3.5-2B-UD-Q8_K_XL.gguf
  javaUsed=2.7MB javaTotal=10.5MB javaMax=256.0MB nativeHeap=15.1MB nativeHeapFree=50.1MB nativeHeapSize=69.0MB
  pssTotal=31.0MB privateDirty=17.7MB sharedDirty=52.1MB nativePss=10.4MB dalvikPss=3.4MB otherPss=12.0MB
  systemAvail=14.8GB systemThreshold=216.0MB lowMemory=false trimLevel=0 importance=125 fdCount=151
  procStatus VmRSS=179268 kB VmHWM=3133268 kB VmSize=17157528 kB VmSwap=7732 kB Threads=30 FDSize=256
2026-05-30 09:51:27.863 pid=9989 [runtime-memory] After model load cleanup model=Qwen3.5-2B-UD-Q8_K_XL.gguf
  javaUsed=2.6MB javaTotal=10.5MB javaMax=256.0MB nativeHeap=15.1MB nativeHeapFree=50.1MB nativeHeapSize=69.0MB
  pssTotal=31.0MB privateDirty=17.7MB sharedDirty=52.1MB nativePss=10.5MB dalvikPss=3.3MB otherPss=12.0MB
  systemAvail=14.8GB systemThreshold=216.0MB lowMemory=false trimLevel=0 importance=125 fdCount=151
  procStatus VmRSS=179316 kB VmHWM=3133268 kB VmSize=17157528 kB VmSwap=7732 kB Threads=30 FDSize=256
2026-05-30 09:51:30.302 pid=9989 [model-load-complete] config=Qwen3.5 2B model=Qwen3.5-2B-UD-Q8_K_XL.gguf mmproj=(none)
  javaUsed=2.7MB javaTotal=10.5MB javaMax=256.0MB nativeHeap=3.0GB nativeHeapFree=9.0MB nativeHeapSize=3.1GB
  pssTotal=2.8GB privateDirty=2.8GB sharedDirty=52.1MB nativePss=2.8GB dalvikPss=3.4MB otherPss=12.0MB
  systemAvail=12.0GB systemThreshold=216.0MB lowMemory=false trimLevel=0 importance=125 fdCount=151
  procStatus VmRSS=3125904 kB VmHWM=3133268 kB VmSize=20183756 kB VmSwap=7732 kB Threads=30 FDSize=256
2026-05-30 09:51:30.342 pid=9989 [generation-start] id=79 config=Qwen3.5 2B model=Qwen3.5-2B-UD-Q8_K_XL.gguf promptLen=1036 mediaCount=0
  javaUsed=2.9MB javaTotal=10.5MB javaMax=256.0MB nativeHeap=3.0GB nativeHeapFree=9.0MB nativeHeapSize=3.1GB
  pssTotal=2.8GB privateDirty=2.8GB sharedDirty=52.1MB nativePss=2.8GB dalvikPss=3.5MB otherPss=12.0MB
  systemAvail=12.0GB systemThreshold=216.0MB lowMemory=false trimLevel=0 importance=125 fdCount=151
  procStatus VmRSS=3126160 kB VmHWM=3133268 kB VmSize=20183756 kB VmSwap=7732 kB Threads=30 FDSize=256
2026-05-30 09:51:30.379 pid=9989 [generation-stage] id=79 stage=native-call-start
2026-05-30 09:52:12.350 pid=9989 [generation-stage] id=79 stage=native-call-end resultLen=49
2026-05-30 09:52:12.350 pid=9989 [generation-end] id=79 resultLen=49
  javaUsed=3.0MB javaTotal=10.5MB javaMax=256.0MB nativeHeap=3.0GB nativeHeapFree=8.9MB nativeHeapSize=3.1GB
  pssTotal=2.8GB privateDirty=2.8GB sharedDirty=52.1MB nativePss=2.8GB dalvikPss=3.7MB otherPss=12.0MB
  systemAvail=12.0GB systemThreshold=216.0MB lowMemory=false trimLevel=0 importance=125 fdCount=151
  procStatus VmRSS=3121324 kB VmHWM=3133268 kB VmSize=20183756 kB VmSwap=7732 kB Threads=30 FDSize=256
2026-05-30 09:52:12.390 pid=9989 [model-load] Loading configuration: Qwen3.5 2B
2026-05-30 09:52:12.391 pid=9989 [model-load-skip] config=Qwen3.5 2B model already loaded
  javaUsed=3.3MB javaTotal=10.5MB javaMax=256.0MB nativeHeap=3.0GB nativeHeapFree=8.9MB nativeHeapSize=3.1GB
  pssTotal=2.8GB privateDirty=2.8GB sharedDirty=52.1MB nativePss=2.8GB dalvikPss=3.8MB otherPss=12.1MB
  systemAvail=12.0GB systemThreshold=216.0MB lowMemory=false trimLevel=0 importance=125 fdCount=151
  procStatus VmRSS=3121572 kB VmHWM=3133268 kB VmSize=20183756 kB VmSwap=7732 kB Threads=30 FDSize=256
2026-05-30 09:52:12.476 pid=9989 [generation-start] id=80 config=Qwen3.5 2B model=Qwen3.5-2B-UD-Q8_K_XL.gguf promptLen=1036 mediaCount=0
  javaUsed=3.5MB javaTotal=10.5MB javaMax=256.0MB nativeHeap=3.0GB nativeHeapFree=8.9MB nativeHeapSize=3.1GB
  pssTotal=2.8GB privateDirty=2.8GB sharedDirty=52.1MB nativePss=2.8GB dalvikPss=4.0MB otherPss=12.0MB
  systemAvail=12.0GB systemThreshold=216.0MB lowMemory=false trimLevel=0 importance=125 fdCount=151
  procStatus VmRSS=3121708 kB VmHWM=3133268 kB VmSize=20183756 kB VmSwap=7732 kB Threads=30 FDSize=256
2026-05-30 09:52:12.552 pid=9989 [generation-stage] id=80 stage=native-call-start
2026-05-30 09:52:45.378 pid=9989 [generation-stage] id=80 stage=native-call-end resultLen=54
2026-05-30 09:52:45.378 pid=9989 [generation-end] id=80 resultLen=54
  javaUsed=3.7MB javaTotal=10.5MB javaMax=256.0MB nativeHeap=3.0GB nativeHeapFree=8.9MB nativeHeapSize=3.1GB
  pssTotal=2.8GB privateDirty=2.8GB sharedDirty=52.1MB nativePss=2.8GB dalvikPss=4.2MB otherPss=12.0MB
  systemAvail=11.4GB systemThreshold=216.0MB lowMemory=false trimLevel=0 importance=125 fdCount=151
  procStatus VmRSS=3121932 kB VmHWM=3133268 kB VmSize=20183756 kB VmSwap=7732 kB Threads=30 FDSize=256
2026-05-30 09:55:25.351 pid=9989 [model-load] Loading configuration: gpt-oss
2026-05-30 10:08:58.303 pid=9989 [runtime-memory] Before model load model=gpt-oss-20b-Q4_K_M.gguf
  javaUsed=8.1MB javaTotal=28.4MB javaMax=256.0MB nativeHeap=22.8MB nativeHeapFree=56.2MB nativeHeapSize=83.2MB
  pssTotal=47.0MB privateDirty=34.3MB sharedDirty=51.7MB nativePss=22.7MB dalvikPss=6.7MB otherPss=14.3MB
  systemAvail=14.4GB systemThreshold=216.0MB lowMemory=false trimLevel=0 importance=125 fdCount=161
  procStatus VmRSS=205236 kB VmHWM=3178696 kB VmSize=17269096 kB VmSwap=5940 kB Threads=34 FDSize=512
2026-05-30 10:08:58.390 pid=9989 [runtime-memory] After model load cleanup model=gpt-oss-20b-Q4_K_M.gguf
  javaUsed=3.8MB javaTotal=11.7MB javaMax=256.0MB nativeHeap=22.2MB nativeHeapFree=56.9MB nativeHeapSize=83.2MB
  pssTotal=45.0MB privateDirty=32.3MB sharedDirty=51.7MB nativePss=22.8MB dalvikPss=4.6MB otherPss=14.3MB
  systemAvail=14.4GB systemThreshold=216.0MB lowMemory=false trimLevel=0 importance=125 fdCount=161
  procStatus VmRSS=203536 kB VmHWM=3178696 kB VmSize=17269096 kB VmSwap=5940 kB Threads=34 FDSize=512
2026-05-30 10:09:04.700 pid=30315 [app] Application created
2026-05-30 10:09:04.700 pid=30315 [app-start] Application onCreate
  javaUsed=3.0MB javaTotal=256.0MB javaMax=256.0MB nativeHeap=6.6MB nativeHeapFree=1.8MB nativeHeapSize=13.1MB
  pssTotal=12.6MB privateDirty=6.6MB sharedDirty=53.0MB nativePss=2.2MB dalvikPss=837.0KB otherPss=9.5MB
  systemAvail=14.6GB systemThreshold=216.0MB lowMemory=false trimLevel=0 importance=100 fdCount=113
  procStatus VmRSS=122800 kB VmHWM=122800 kB VmSize=16950632 kB VmSwap=2656 kB Threads=13 FDSize=128
2026-05-30 10:09:18.563 pid=30315 [model-load] Loading configuration: gpt-oss
2026-05-30 10:09:18.566 pid=30315 [runtime-memory] Before model load model=gpt-oss-20b-Q4_K_M.gguf
  javaUsed=9.0MB javaTotal=16.0MB javaMax=256.0MB nativeHeap=21.7MB nativeHeapFree=2.1MB nativeHeapSize=27.1MB
  pssTotal=65.4MB privateDirty=57.8MB sharedDirty=52.0MB nativePss=18.2MB dalvikPss=7.6MB otherPss=39.5MB
  systemAvail=14.6GB systemThreshold=216.0MB lowMemory=false trimLevel=0 importance=100 fdCount=208
  procStatus VmRSS=195712 kB VmHWM=195712 kB VmSize=17408192 kB VmSwap=2528 kB Threads=33 FDSize=512
2026-05-30 10:09:18.644 pid=30315 [runtime-memory] After model load cleanup model=gpt-oss-20b-Q4_K_M.gguf
  javaUsed=3.7MB javaTotal=27.6MB javaMax=256.0MB nativeHeap=20.6MB nativeHeapFree=3.2MB nativeHeapSize=27.1MB
  pssTotal=60.4MB privateDirty=52.9MB sharedDirty=51.9MB nativePss=18.2MB dalvikPss=4.4MB otherPss=37.8MB
  systemAvail=14.6GB systemThreshold=216.0MB lowMemory=false trimLevel=0 importance=100 fdCount=205
  procStatus VmRSS=191104 kB VmHWM=200580 kB VmSize=17139132 kB VmSwap=2324 kB Threads=33 FDSize=512
2026-05-30 10:09:27.077 pid=30447 [app] Application created
2026-05-30 10:09:27.077 pid=30447 [app-start] Application onCreate
  javaUsed=3.0MB javaTotal=256.0MB javaMax=256.0MB nativeHeap=6.6MB nativeHeapFree=1.8MB nativeHeapSize=13.1MB
  pssTotal=12.4MB privateDirty=6.6MB sharedDirty=53.0MB nativePss=2.2MB dalvikPss=834.0KB otherPss=9.3MB
  systemAvail=14.7GB systemThreshold=216.0MB lowMemory=false trimLevel=0 importance=100 fdCount=113
  procStatus VmRSS=122988 kB VmHWM=122988 kB VmSize=16946664 kB VmSwap=2808 kB Threads=13 FDSize=128
2026-05-30 10:09:33.465 pid=30447 [model-load] Loading configuration: default
2026-05-30 10:09:33.468 pid=30447 [runtime-memory] Before model load model=gemma-3-1b-it-Q8_0.gguf
  javaUsed=7.9MB javaTotal=64.0MB javaMax=256.0MB nativeHeap=20.0MB nativeHeapFree=2.8MB nativeHeapSize=26.1MB
  pssTotal=61.7MB privateDirty=54.5MB sharedDirty=51.9MB nativePss=16.8MB dalvikPss=5.5MB otherPss=39.3MB
  systemAvail=14.6GB systemThreshold=216.0MB lowMemory=false trimLevel=0 importance=100 fdCount=207
  procStatus VmRSS=190876 kB VmHWM=190876 kB VmSize=17413804 kB VmSwap=2552 kB Threads=34 FDSize=512
2026-05-30 10:09:33.550 pid=30447 [runtime-memory] After model load cleanup model=gemma-3-1b-it-Q8_0.gguf
  javaUsed=3.5MB javaTotal=27.4MB javaMax=256.0MB nativeHeap=19.2MB nativeHeapFree=3.5MB nativeHeapSize=26.1MB
  pssTotal=58.7MB privateDirty=51.6MB sharedDirty=51.9MB nativePss=16.8MB dalvikPss=4.3MB otherPss=37.7MB
  systemAvail=14.6GB systemThreshold=216.0MB lowMemory=false trimLevel=0 importance=100 fdCount=204
  procStatus VmRSS=188528 kB VmHWM=195656 kB VmSize=17144744 kB VmSwap=2424 kB Threads=34 FDSize=512
2026-05-30 10:09:35.372 pid=30447 [model-load-complete] config=default model=gemma-3-1b-it-Q8_0.gguf mmproj=(none)
  javaUsed=3.7MB javaTotal=27.4MB javaMax=256.0MB nativeHeap=1.2GB nativeHeapFree=3.4MB nativeHeapSize=1.2GB
  pssTotal=1.1GB privateDirty=1.1GB sharedDirty=51.9MB nativePss=1.1GB dalvikPss=4.4MB otherPss=39.0MB
  systemAvail=13.5GB systemThreshold=216.0MB lowMemory=false trimLevel=0 importance=100 fdCount=210
  procStatus VmRSS=1327712 kB VmHWM=1327712 kB VmSize=18334412 kB VmSwap=2424 kB Threads=33 FDSize=512
2026-05-30 10:09:39.483 pid=30447 [model-load] Loading configuration: gpt-oss
2026-05-30 10:09:39.676 pid=30447 [runtime-memory] Before model load model=gpt-oss-20b-Q4_K_M.gguf
  javaUsed=4.6MB javaTotal=27.4MB javaMax=256.0MB nativeHeap=20.9MB nativeHeapFree=21.7MB nativeHeapSize=45.6MB
  pssTotal=61.1MB privateDirty=52.9MB sharedDirty=51.9MB nativePss=18.7MB dalvikPss=3.1MB otherPss=39.3MB
  systemAvail=14.5GB systemThreshold=216.0MB lowMemory=false trimLevel=0 importance=100 fdCount=212
  procStatus VmRSS=192380 kB VmHWM=1329888 kB VmSize=17208012 kB VmSwap=2424 kB Threads=33 FDSize=512
2026-05-30 10:09:39.746 pid=30447 [runtime-memory] After model load cleanup model=gpt-oss-20b-Q4_K_M.gguf
  javaUsed=3.7MB javaTotal=27.6MB javaMax=256.0MB nativeHeap=20.4MB nativeHeapFree=22.2MB nativeHeapSize=45.6MB
  pssTotal=62.5MB privateDirty=54.3MB sharedDirty=51.9MB nativePss=18.8MB dalvikPss=4.4MB otherPss=39.3MB
  systemAvail=14.5GB systemThreshold=216.0MB lowMemory=false trimLevel=0 importance=100 fdCount=205
  procStatus VmRSS=193744 kB VmHWM=1329888 kB VmSize=17208012 kB VmSwap=2424 kB Threads=33 FDSize=512
2026-05-30 10:09:45.297 pid=30547 [app] Application created
2026-05-30 10:09:45.298 pid=30547 [app-start] Application onCreate
  javaUsed=3.0MB javaTotal=256.0MB javaMax=256.0MB nativeHeap=6.6MB nativeHeapFree=1.8MB nativeHeapSize=13.1MB
  pssTotal=12.3MB privateDirty=6.6MB sharedDirty=53.0MB nativePss=2.2MB dalvikPss=834.0KB otherPss=9.3MB
  systemAvail=14.7GB systemThreshold=216.0MB lowMemory=false trimLevel=0 importance=100 fdCount=113
  procStatus VmRSS=122828 kB VmHWM=122828 kB VmSize=16979304 kB VmSwap=2772 kB Threads=13 FDSize=128
2026-05-30 10:09:52.796 pid=30547 [model-load] Loading configuration: gpt-oss
2026-05-30 10:09:52.799 pid=30547 [runtime-memory] Before model load model=gpt-oss-20b-Q4_K_M.gguf
  javaUsed=8.1MB javaTotal=64.0MB javaMax=256.0MB nativeHeap=21.4MB nativeHeapFree=2.4MB nativeHeapSize=27.1MB
  pssTotal=63.1MB privateDirty=55.8MB sharedDirty=51.9MB nativePss=18.0MB dalvikPss=5.6MB otherPss=39.5MB
  systemAvail=14.5GB systemThreshold=216.0MB lowMemory=false trimLevel=0 importance=100 fdCount=207
  procStatus VmRSS=192348 kB VmHWM=192348 kB VmSize=17456768 kB VmSwap=2772 kB Threads=34 FDSize=512
2026-05-30 10:09:52.884 pid=30547 [runtime-memory] After model load cleanup model=gpt-oss-20b-Q4_K_M.gguf
  javaUsed=3.7MB javaTotal=27.6MB javaMax=256.0MB nativeHeap=20.3MB nativeHeapFree=3.6MB nativeHeapSize=27.1MB
  pssTotal=60.2MB privateDirty=53.0MB sharedDirty=51.9MB nativePss=18.0MB dalvikPss=4.4MB otherPss=37.8MB
  systemAvail=14.5GB systemThreshold=216.0MB lowMemory=false trimLevel=0 importance=100 fdCount=205
  procStatus VmRSS=189924 kB VmHWM=197200 kB VmSize=17187708 kB VmSwap=2432 kB Threads=34 FDSize=512
2026-05-30 10:10:02.647 pid=30648 [app] Application created
2026-05-30 10:10:02.648 pid=30648 [app-start] Application onCreate
  javaUsed=3.0MB javaTotal=256.0MB javaMax=256.0MB nativeHeap=6.6MB nativeHeapFree=1.8MB nativeHeapSize=13.1MB
  pssTotal=12.6MB privateDirty=6.6MB sharedDirty=53.0MB nativePss=2.2MB dalvikPss=839.0KB otherPss=9.5MB
  systemAvail=14.6GB systemThreshold=216.0MB lowMemory=false trimLevel=0 importance=100 fdCount=113
  procStatus VmRSS=123424 kB VmHWM=123424 kB VmSize=16983528 kB VmSwap=2608 kB Threads=13 FDSize=128
2026-05-30 10:10:53.997 pid=30648 [model-load] Loading configuration: gpt-oss
2026-05-30 10:10:54.000 pid=30648 [runtime-memory] Before model load model=gpt-oss-20b-Q4_K_M.gguf
  javaUsed=7.2MB javaTotal=27.7MB javaMax=256.0MB nativeHeap=24.6MB nativeHeapFree=2.9MB nativeHeapSize=30.6MB
  pssTotal=67.5MB privateDirty=60.2MB sharedDirty=51.8MB nativePss=21.9MB dalvikPss=6.4MB otherPss=39.3MB
  systemAvail=14.6GB systemThreshold=216.0MB lowMemory=false trimLevel=0 importance=100 fdCount=202
  procStatus VmRSS=197216 kB VmHWM=197216 kB VmSize=17161984 kB VmSwap=2276 kB Threads=33 FDSize=512
2026-05-30 10:10:54.082 pid=30648 [runtime-memory] After model load cleanup model=gpt-oss-20b-Q4_K_M.gguf
  javaUsed=3.7MB javaTotal=27.6MB javaMax=256.0MB nativeHeap=20.4MB nativeHeapFree=7.1MB nativeHeapSize=30.7MB
  pssTotal=61.3MB privateDirty=54.0MB sharedDirty=51.8MB nativePss=19.2MB dalvikPss=4.5MB otherPss=37.7MB
  systemAvail=14.6GB systemThreshold=216.0MB lowMemory=false trimLevel=0 importance=100 fdCount=201
  procStatus VmRSS=191276 kB VmHWM=201308 kB VmSize=17161984 kB VmSwap=2276 kB Threads=33 FDSize=512
2026-05-30 10:11:01.068 pid=30842 [app] Application created
2026-05-30 10:11:01.068 pid=30842 [app-start] Application onCreate
  javaUsed=3.0MB javaTotal=256.0MB javaMax=256.0MB nativeHeap=6.7MB nativeHeapFree=1.8MB nativeHeapSize=13.1MB
  pssTotal=12.3MB privateDirty=6.6MB sharedDirty=53.0MB nativePss=2.2MB dalvikPss=843.0KB otherPss=9.2MB
  systemAvail=14.7GB systemThreshold=216.0MB lowMemory=false trimLevel=0 importance=100 fdCount=113
  procStatus VmRSS=122944 kB VmHWM=122944 kB VmSize=16970156 kB VmSwap=2772 kB Threads=14 FDSize=128
2026-05-30 10:11:14.249 pid=30842 [model-load] Loading configuration: gpt-oss
2026-05-30 10:11:14.252 pid=30842 [runtime-memory] Before model load model=gpt-oss-20b-Q4_K_M.gguf
  javaUsed=8.2MB javaTotal=16.0MB javaMax=256.0MB nativeHeap=19.2MB nativeHeapFree=2.6MB nativeHeapSize=25.1MB
  pssTotal=60.7MB privateDirty=53.6MB sharedDirty=51.9MB nativePss=16.2MB dalvikPss=5.5MB otherPss=38.8MB
  systemAvail=14.6GB systemThreshold=216.0MB lowMemory=false trimLevel=0 importance=100 fdCount=206
  procStatus VmRSS=186076 kB VmHWM=186076 kB VmSize=17451004 kB VmSwap=2644 kB Threads=33 FDSize=512
2026-05-30 10:11:14.337 pid=30842 [runtime-memory] After model load cleanup model=gpt-oss-20b-Q4_K_M.gguf
  javaUsed=3.7MB javaTotal=27.6MB javaMax=256.0MB nativeHeap=18.0MB nativeHeapFree=3.8MB nativeHeapSize=25.1MB
  pssTotal=57.6MB privateDirty=50.7MB sharedDirty=51.9MB nativePss=16.1MB dalvikPss=4.4MB otherPss=37.2MB
  systemAvail=14.6GB systemThreshold=216.0MB lowMemory=false trimLevel=0 importance=100 fdCount=202
  procStatus VmRSS=183664 kB VmHWM=190904 kB VmSize=17181944 kB VmSwap=2512 kB Threads=33 FDSize=512
2026-05-30 10:11:21.084 pid=30950 [app] Application created
2026-05-30 10:11:21.084 pid=30950 [app-start] Application onCreate
  javaUsed=2.9MB javaTotal=256.0MB javaMax=256.0MB nativeHeap=6.6MB nativeHeapFree=1.8MB nativeHeapSize=13.1MB
  pssTotal=12.3MB privateDirty=6.6MB sharedDirty=53.0MB nativePss=2.1MB dalvikPss=835.0KB otherPss=9.3MB
  systemAvail=14.7GB systemThreshold=216.0MB lowMemory=false trimLevel=0 importance=100 fdCount=113
  procStatus VmRSS=122968 kB VmHWM=122968 kB VmSize=16957736 kB VmSwap=2644 kB Threads=12 FDSize=128
2026-05-30 10:11:37.169 pid=30950 [model-load] Loading configuration: gpt-oss
2026-05-30 10:11:37.171 pid=30950 [runtime-memory] Before model load model=gpt-oss-20b-Q4_K_M.gguf
  javaUsed=8.2MB javaTotal=16.0MB javaMax=256.0MB nativeHeap=19.3MB nativeHeapFree=2.4MB nativeHeapSize=25.1MB
  pssTotal=60.9MB privateDirty=53.7MB sharedDirty=51.9MB nativePss=16.2MB dalvikPss=5.6MB otherPss=39.0MB
  systemAvail=14.6GB systemThreshold=216.0MB lowMemory=false trimLevel=0 importance=100 fdCount=211
  procStatus VmRSS=186536 kB VmHWM=186536 kB VmSize=17428252 kB VmSwap=2516 kB Threads=33 FDSize=512
2026-05-30 10:11:37.251 pid=30950 [runtime-memory] After model load cleanup model=gpt-oss-20b-Q4_K_M.gguf
  javaUsed=3.7MB javaTotal=27.6MB javaMax=256.0MB nativeHeap=18.1MB nativeHeapFree=3.5MB nativeHeapSize=25.1MB
  pssTotal=57.8MB privateDirty=50.8MB sharedDirty=51.9MB nativePss=16.1MB dalvikPss=4.4MB otherPss=37.3MB
  systemAvail=14.6GB systemThreshold=216.0MB lowMemory=false trimLevel=0 importance=100 fdCount=205
  procStatus VmRSS=183816 kB VmHWM=191216 kB VmSize=17159192 kB VmSwap=2364 kB Threads=33 FDSize=512
2026-05-30 10:11:44.046 pid=31059 [app] Application created
2026-05-30 10:11:44.046 pid=31059 [app-start] Application onCreate
  javaUsed=3.0MB javaTotal=256.0MB javaMax=256.0MB nativeHeap=6.6MB nativeHeapFree=1.8MB nativeHeapSize=13.1MB
  pssTotal=12.3MB privateDirty=6.6MB sharedDirty=53.0MB nativePss=2.2MB dalvikPss=839.0KB otherPss=9.2MB
  systemAvail=14.7GB systemThreshold=216.0MB lowMemory=false trimLevel=0 importance=100 fdCount=113
  procStatus VmRSS=122888 kB VmHWM=122888 kB VmSize=16930152 kB VmSwap=2772 kB Threads=13 FDSize=128
2026-05-30 10:12:32.165 pid=31059 [model-load] Loading configuration: gpt-oss
2026-05-30 10:25:09.217 pid=31059 [runtime-memory] Before model load model=gpt-oss-20b-Q2_K.gguf
  javaUsed=5.0MB javaTotal=28.2MB javaMax=256.0MB nativeHeap=18.7MB nativeHeapFree=13.8MB nativeHeapSize=36.1MB
  pssTotal=73.2MB privateDirty=65.3MB sharedDirty=51.6MB nativePss=54.9MB dalvikPss=5.6MB otherPss=12.6MB
  systemAvail=14.2GB systemThreshold=216.0MB lowMemory=false trimLevel=0 importance=125 fdCount=158
  procStatus VmRSS=230556 kB VmHWM=230924 kB VmSize=17069548 kB VmSwap=2416 kB Threads=32 FDSize=512
2026-05-30 10:25:09.287 pid=31059 [runtime-memory] After model load cleanup model=gpt-oss-20b-Q2_K.gguf
  javaUsed=3.8MB javaTotal=11.7MB javaMax=256.0MB nativeHeap=18.2MB nativeHeapFree=14.3MB nativeHeapSize=36.1MB
  pssTotal=38.3MB privateDirty=30.4MB sharedDirty=51.6MB nativePss=21.1MB dalvikPss=4.6MB otherPss=12.6MB
  systemAvail=14.2GB systemThreshold=216.0MB lowMemory=false trimLevel=0 importance=125 fdCount=157
  procStatus VmRSS=194864 kB VmHWM=235420 kB VmSize=17069548 kB VmSwap=2416 kB Threads=32 FDSize=512
2026-05-30 10:25:19.562 pid=478 [app] Application created
2026-05-30 10:25:19.566 pid=478 [app-start] Application onCreate
  javaUsed=3.0MB javaTotal=256.0MB javaMax=256.0MB nativeHeap=6.6MB nativeHeapFree=1.8MB nativeHeapSize=13.1MB
  pssTotal=12.7MB privateDirty=6.6MB sharedDirty=53.0MB nativePss=2.2MB dalvikPss=837.0KB otherPss=9.6MB
  systemAvail=14.3GB systemThreshold=216.0MB lowMemory=false trimLevel=0 importance=400 fdCount=113
  procStatus VmRSS=123532 kB VmHWM=123532 kB VmSize=16932200 kB VmSwap=2772 kB Threads=13 FDSize=128
2026-05-30 10:49:48.473 pid=478 [model-load] Loading configuration: gpt-oss
2026-05-30 11:02:49.568 pid=478 [runtime-memory] Before model load model=gpt-oss-20b-Q2_K.gguf
  javaUsed=6.3MB javaTotal=29.1MB javaMax=256.0MB nativeHeap=19.7MB nativeHeapFree=14.7MB nativeHeapSize=37.7MB
  pssTotal=74.6MB privateDirty=66.6MB sharedDirty=51.7MB nativePss=55.7MB dalvikPss=6.3MB otherPss=12.6MB
  systemAvail=12.8GB systemThreshold=216.0MB lowMemory=false trimLevel=0 importance=125 fdCount=157
  procStatus VmRSS=230960 kB VmHWM=232056 kB VmSize=17090544 kB VmSwap=2324 kB Threads=33 FDSize=512
2026-05-30 11:02:49.661 pid=478 [runtime-memory] After model load cleanup model=gpt-oss-20b-Q2_K.gguf
  javaUsed=3.6MB javaTotal=11.6MB javaMax=256.0MB nativeHeap=17.3MB nativeHeapFree=16.5MB nativeHeapSize=37.1MB
  pssTotal=38.2MB privateDirty=30.2MB sharedDirty=51.7MB nativePss=21.1MB dalvikPss=4.5MB otherPss=12.6MB
  systemAvail=12.8GB systemThreshold=216.0MB lowMemory=false trimLevel=0 importance=125 fdCount=157
  procStatus VmRSS=193756 kB VmHWM=233648 kB VmSize=17090544 kB VmSwap=2324 kB Threads=33 FDSize=512
2026-05-30 11:02:59.713 pid=11365 [app] Application created
2026-05-30 11:02:59.714 pid=11365 [app-start] Application onCreate
  javaUsed=3.5MB javaTotal=256.0MB javaMax=256.0MB nativeHeap=6.6MB nativeHeapFree=1.9MB nativeHeapSize=13.1MB
  pssTotal=12.4MB privateDirty=6.6MB sharedDirty=53.1MB nativePss=2.1MB dalvikPss=833.0KB otherPss=9.4MB
  systemAvail=12.9GB systemThreshold=216.0MB lowMemory=false trimLevel=0 importance=400 fdCount=113
  procStatus VmRSS=123280 kB VmHWM=123280 kB VmSize=16958824 kB VmSwap=2720 kB Threads=13 FDSize=128
2026-05-30 11:08:18.028 pid=11365 [model-load] Loading configuration: gpt-oss
2026-05-30 11:08:18.031 pid=11365 [runtime-memory] Before model load model=gpt-oss-20b-Q2_K.gguf
  javaUsed=6.5MB javaTotal=26.0MB javaMax=256.0MB nativeHeap=18.4MB nativeHeapFree=2.6MB nativeHeapSize=24.5MB
  pssTotal=59.3MB privateDirty=52.1MB sharedDirty=51.9MB nativePss=15.4MB dalvikPss=4.6MB otherPss=39.3MB
  systemAvail=14.0GB systemThreshold=216.0MB lowMemory=false trimLevel=0 importance=100 fdCount=197
  procStatus VmRSS=184304 kB VmHWM=184304 kB VmSize=17056160 kB VmSwap=2528 kB Threads=29 FDSize=256
2026-05-30 11:08:18.105 pid=11365 [runtime-memory] After model load cleanup model=gpt-oss-20b-Q2_K.gguf
  javaUsed=3.4MB javaTotal=27.2MB javaMax=256.0MB nativeHeap=16.4MB nativeHeapFree=4.6MB nativeHeapSize=24.4MB
  pssTotal=54.2MB privateDirty=46.9MB sharedDirty=51.9MB nativePss=14.5MB dalvikPss=2.1MB otherPss=37.6MB
  systemAvail=14.0GB systemThreshold=216.0MB lowMemory=false trimLevel=0 importance=100 fdCount=199
  procStatus VmRSS=179728 kB VmHWM=184880 kB VmSize=17056160 kB VmSwap=2528 kB Threads=29 FDSize=256
2026-05-30 11:08:28.047 pid=11943 [app] Application created
2026-05-30 11:08:28.047 pid=11943 [app-start] Application onCreate
  javaUsed=3.5MB javaTotal=256.0MB javaMax=256.0MB nativeHeap=6.6MB nativeHeapFree=1.9MB nativeHeapSize=13.1MB
  pssTotal=12.6MB privateDirty=6.6MB sharedDirty=53.1MB nativePss=2.2MB dalvikPss=872.0KB otherPss=9.5MB
  systemAvail=14.2GB systemThreshold=216.0MB lowMemory=false trimLevel=0 importance=100 fdCount=113
  procStatus VmRSS=123428 kB VmHWM=123428 kB VmSize=16983400 kB VmSwap=2672 kB Threads=13 FDSize=128
2026-05-30 11:08:47.661 pid=11943 [model-load] Loading configuration: gpt-oss
2026-05-30 11:08:47.663 pid=11943 [runtime-memory] Before model load model=gpt-oss-20b-Q2_K.gguf
  javaUsed=8.7MB javaTotal=16.0MB javaMax=256.0MB nativeHeap=19.4MB nativeHeapFree=2.2MB nativeHeapSize=25.1MB
  pssTotal=60.6MB privateDirty=53.1MB sharedDirty=52.0MB nativePss=16.1MB dalvikPss=5.2MB otherPss=39.2MB
  systemAvail=14.1GB systemThreshold=216.0MB lowMemory=false trimLevel=0 importance=100 fdCount=208
  procStatus VmRSS=186088 kB VmHWM=186088 kB VmSize=17419184 kB VmSwap=2672 kB Threads=32 FDSize=512
2026-05-30 11:08:47.747 pid=11943 [runtime-memory] After model load cleanup model=gpt-oss-20b-Q2_K.gguf
  javaUsed=3.7MB javaTotal=27.6MB javaMax=256.0MB nativeHeap=18.2MB nativeHeapFree=3.5MB nativeHeapSize=25.1MB
  pssTotal=56.0MB privateDirty=48.6MB sharedDirty=51.9MB nativePss=16.1MB dalvikPss=2.4MB otherPss=37.6MB
  systemAvail=14.1GB systemThreshold=216.0MB lowMemory=false trimLevel=0 importance=100 fdCount=208
  procStatus VmRSS=181964 kB VmHWM=189180 kB VmSize=17150124 kB VmSwap=2496 kB Threads=32 FDSize=512
2026-05-30 11:09:02.768 pid=12244 [app] Application created
2026-05-30 11:09:02.769 pid=12244 [app-start] Application onCreate
  javaUsed=3.5MB javaTotal=256.0MB javaMax=256.0MB nativeHeap=6.6MB nativeHeapFree=1.9MB nativeHeapSize=13.1MB
  pssTotal=13.0MB privateDirty=6.6MB sharedDirty=52.9MB nativePss=2.2MB dalvikPss=865.0KB otherPss=9.9MB
  systemAvail=16.7GB systemThreshold=216.0MB lowMemory=false trimLevel=0 importance=100 fdCount=113
  procStatus VmRSS=123040 kB VmHWM=123040 kB VmSize=16971112 kB VmSwap=2824 kB Threads=13 FDSize=128
2026-05-30 11:09:39.447 pid=12244 [model-load] Loading configuration: Gemma−4:2B
2026-05-30 11:09:39.448 pid=12244 [runtime-memory] Before model load model=gemma-4-E2B-it-Q4_K_M.gguf
  javaUsed=5.7MB javaTotal=27.9MB javaMax=256.0MB nativeHeap=16.7MB nativeHeapFree=7.2MB nativeHeapSize=28.2MB
  pssTotal=37.4MB privateDirty=29.4MB sharedDirty=51.8MB nativePss=17.5MB dalvikPss=5.9MB otherPss=14.1MB
  systemAvail=15.8GB systemThreshold=216.0MB lowMemory=false trimLevel=0 importance=125 fdCount=158
  procStatus VmRSS=188272 kB VmHWM=196180 kB VmSize=17094064 kB VmSwap=2552 kB Threads=33 FDSize=512
2026-05-30 11:09:39.523 pid=12244 [runtime-memory] After model load cleanup model=gemma-4-E2B-it-Q4_K_M.gguf
  javaUsed=3.7MB javaTotal=11.6MB javaMax=256.0MB nativeHeap=16.5MB nativeHeapFree=7.5MB nativeHeapSize=28.2MB
  pssTotal=32.0MB privateDirty=23.9MB sharedDirty=51.8MB nativePss=17.0MB dalvikPss=2.5MB otherPss=12.5MB
  systemAvail=15.8GB systemThreshold=216.0MB lowMemory=false trimLevel=0 importance=125 fdCount=158
  procStatus VmRSS=182824 kB VmHWM=196180 kB VmSize=17094064 kB VmSwap=2552 kB Threads=33 FDSize=512
2026-05-30 11:09:44.050 pid=12244 [model-load-complete] config=Gemma−4:2B model=gemma-4-E2B-it-Q4_K_M.gguf mmproj=(none)
  javaUsed=3.8MB javaTotal=11.6MB javaMax=256.0MB nativeHeap=3.3GB nativeHeapFree=7.5MB nativeHeapSize=3.4GB
  pssTotal=3.3GB privateDirty=3.3GB sharedDirty=51.7MB nativePss=3.3GB dalvikPss=2.6MB otherPss=13.9MB
  systemAvail=12.6GB systemThreshold=216.0MB lowMemory=false trimLevel=0 importance=125 fdCount=158
  procStatus VmRSS=3576620 kB VmHWM=3583104 kB VmSize=20573252 kB VmSwap=2552 kB Threads=33 FDSize=512
2026-05-30 11:14:59.908 pid=12244 [model-load] Loading configuration: Gemma−4
2026-05-30 11:15:00.501 pid=12244 [runtime-memory] Before model load model=gemma-4-E4B-it-Q8_0.gguf
  javaUsed=4.1MB javaTotal=11.6MB javaMax=256.0MB nativeHeap=16.6MB nativeHeapFree=75.9MB nativeHeapSize=95.9MB
  pssTotal=35.8MB privateDirty=26.1MB sharedDirty=51.7MB nativePss=18.3MB dalvikPss=2.7MB otherPss=14.7MB
  systemAvail=15.3GB systemThreshold=216.0MB lowMemory=false trimLevel=0 importance=125 fdCount=158
  procStatus VmRSS=187024 kB VmHWM=3570360 kB VmSize=17240768 kB VmSwap=2552 kB Threads=33 FDSize=512
2026-05-30 11:15:00.567 pid=12244 [runtime-memory] After model load cleanup model=gemma-4-E4B-it-Q8_0.gguf
  javaUsed=3.7MB javaTotal=11.6MB javaMax=256.0MB nativeHeap=16.5MB nativeHeapFree=75.9MB nativeHeapSize=95.9MB
  pssTotal=37.6MB privateDirty=27.9MB sharedDirty=51.7MB nativePss=18.4MB dalvikPss=4.5MB otherPss=14.7MB
  systemAvail=15.3GB systemThreshold=216.0MB lowMemory=false trimLevel=0 importance=125 fdCount=158
  procStatus VmRSS=188812 kB VmHWM=3570360 kB VmSize=17240768 kB VmSwap=2552 kB Threads=33 FDSize=512
2026-05-30 11:15:08.810 pid=14033 [app] Application created
2026-05-30 11:15:08.811 pid=14033 [app-start] Application onCreate
  javaUsed=3.7MB javaTotal=256.0MB javaMax=256.0MB nativeHeap=6.6MB nativeHeapFree=1.9MB nativeHeapSize=13.1MB
  pssTotal=13.0MB privateDirty=6.6MB sharedDirty=53.0MB nativePss=2.2MB dalvikPss=916.0KB otherPss=9.8MB
  systemAvail=15.4GB systemThreshold=216.0MB lowMemory=false trimLevel=0 importance=400 fdCount=113
  procStatus VmRSS=123536 kB VmHWM=123536 kB VmSize=16971112 kB VmSwap=2856 kB Threads=13 FDSize=128
2026-05-30 11:15:14.238 pid=14033 [model-load] Loading configuration: Gemma−4:2B
2026-05-30 11:15:14.240 pid=14033 [runtime-memory] Before model load model=gemma-4-E2B-it-Q4_K_M.gguf
  javaUsed=4.6MB javaTotal=64.0MB javaMax=256.0MB nativeHeap=6.7MB nativeHeapFree=1.9MB nativeHeapSize=13.1MB
  pssTotal=14.2MB privateDirty=7.7MB sharedDirty=52.8MB nativePss=2.4MB dalvikPss=1.5MB otherPss=10.1MB
  systemAvail=15.3GB systemThreshold=216.0MB lowMemory=false trimLevel=0 importance=125 fdCount=115
  procStatus VmRSS=127984 kB VmHWM=127984 kB VmSize=17050572 kB VmSwap=2856 kB Threads=17 FDSize=128
2026-05-30 11:15:14.290 pid=14033 [runtime-memory] After model load cleanup model=gemma-4-E2B-it-Q4_K_M.gguf
  javaUsed=2.1MB javaTotal=10.0MB javaMax=256.0MB nativeHeap=6.7MB nativeHeapFree=1.9MB nativeHeapSize=13.1MB
  pssTotal=13.5MB privateDirty=7.2MB sharedDirty=52.7MB nativePss=2.5MB dalvikPss=2.7MB otherPss=8.3MB
  systemAvail=15.3GB systemThreshold=216.0MB lowMemory=false trimLevel=0 importance=125 fdCount=114
  procStatus VmRSS=127884 kB VmHWM=131668 kB VmSize=16781512 kB VmSwap=2600 kB Threads=17 FDSize=128
2026-05-30 11:15:18.349 pid=14033 [model-load-complete] config=Gemma−4:2B model=gemma-4-E2B-it-Q4_K_M.gguf mmproj=(none)
  javaUsed=2.2MB javaTotal=10.0MB javaMax=256.0MB nativeHeap=3.3GB nativeHeapFree=2.6MB nativeHeapSize=3.3GB
  pssTotal=3.3GB privateDirty=3.2GB sharedDirty=52.6MB nativePss=3.2GB dalvikPss=2.8MB otherPss=9.8MB
  systemAvail=12.2GB systemThreshold=216.0MB lowMemory=false trimLevel=0 importance=125 fdCount=114
  procStatus VmRSS=3522368 kB VmHWM=3528520 kB VmSize=20260244 kB VmSwap=2600 kB Threads=17 FDSize=128
2026-05-30 11:15:26.751 pid=14033 [model-load] Loading configuration: Gemma−4
2026-05-30 11:15:27.320 pid=14033 [runtime-memory] Before model load model=gemma-4-E4B-it-Q8_0.gguf
  javaUsed=3.1MB javaTotal=10.0MB javaMax=256.0MB nativeHeap=6.7MB nativeHeapFree=70.9MB nativeHeapSize=82.1MB
  pssTotal=17.4MB privateDirty=10.1MB sharedDirty=52.6MB nativePss=6.2MB dalvikPss=1.5MB otherPss=9.8MB
  systemAvail=15.3GB systemThreshold=216.0MB lowMemory=false trimLevel=0 importance=125 fdCount=114
  procStatus VmRSS=131824 kB VmHWM=3528520 kB VmSize=16904888 kB VmSwap=2600 kB Threads=16 FDSize=128
2026-05-30 11:15:27.365 pid=14033 [runtime-memory] After model load cleanup model=gemma-4-E4B-it-Q8_0.gguf
  javaUsed=2.1MB javaTotal=10.0MB javaMax=256.0MB nativeHeap=6.7MB nativeHeapFree=70.9MB nativeHeapSize=82.1MB
  pssTotal=18.7MB privateDirty=11.4MB sharedDirty=52.6MB nativePss=6.2MB dalvikPss=2.7MB otherPss=9.8MB
  systemAvail=15.3GB systemThreshold=216.0MB lowMemory=false trimLevel=0 importance=125 fdCount=114
  procStatus VmRSS=133108 kB VmHWM=3528520 kB VmSize=16904888 kB VmSwap=2600 kB Threads=16 FDSize=128
2026-05-30 11:15:38.546 pid=14127 [app] Application created
2026-05-30 11:15:38.546 pid=14127 [app-start] Application onCreate
  javaUsed=3.7MB javaTotal=256.0MB javaMax=256.0MB nativeHeap=6.6MB nativeHeapFree=1.9MB nativeHeapSize=13.1MB
  pssTotal=12.8MB privateDirty=6.6MB sharedDirty=53.0MB nativePss=2.2MB dalvikPss=916.0KB otherPss=9.6MB
  systemAvail=15.5GB systemThreshold=216.0MB lowMemory=false trimLevel=0 importance=400 fdCount=113
  procStatus VmRSS=123452 kB VmHWM=123452 kB VmSize=16960872 kB VmSwap=2792 kB Threads=13 FDSize=128
2026-05-30 11:15:46.452 pid=14127 [model-load] Loading configuration: Gemma−4:2B
2026-05-30 11:15:46.454 pid=14127 [runtime-memory] Before model load model=gemma-4-E2B-it-Q4_K_M.gguf
  javaUsed=4.6MB javaTotal=64.0MB javaMax=256.0MB nativeHeap=6.7MB nativeHeapFree=1.8MB nativeHeapSize=13.1MB
  pssTotal=14.0MB privateDirty=7.7MB sharedDirty=52.8MB nativePss=2.4MB dalvikPss=1.5MB otherPss=10.0MB
  systemAvail=15.3GB systemThreshold=216.0MB lowMemory=false trimLevel=0 importance=125 fdCount=115
  procStatus VmRSS=127724 kB VmHWM=127724 kB VmSize=17040332 kB VmSwap=2792 kB Threads=17 FDSize=128
2026-05-30 11:15:46.505 pid=14127 [runtime-memory] After model load cleanup model=gemma-4-E2B-it-Q4_K_M.gguf
  javaUsed=2.0MB javaTotal=10.0MB javaMax=256.0MB nativeHeap=6.7MB nativeHeapFree=1.9MB nativeHeapSize=13.1MB
  pssTotal=11.3MB privateDirty=5.2MB sharedDirty=52.7MB nativePss=2.5MB dalvikPss=749.0KB otherPss=8.1MB
  systemAvail=15.3GB systemThreshold=216.0MB lowMemory=false trimLevel=0 importance=125 fdCount=114
  procStatus VmRSS=125324 kB VmHWM=128748 kB VmSize=16771272 kB VmSwap=2532 kB Threads=17 FDSize=128
2026-05-30 11:15:50.623 pid=14127 [model-load-complete] config=Gemma−4:2B model=gemma-4-E2B-it-Q4_K_M.gguf mmproj=(none)
  javaUsed=2.2MB javaTotal=10.0MB javaMax=256.0MB nativeHeap=3.3GB nativeHeapFree=2.6MB nativeHeapSize=3.3GB
  pssTotal=3.2GB privateDirty=3.2GB sharedDirty=52.6MB nativePss=3.2GB dalvikPss=829.0KB otherPss=9.8MB
  systemAvail=12.2GB systemThreshold=216.0MB lowMemory=false trimLevel=0 importance=125 fdCount=114
  procStatus VmRSS=3520196 kB VmHWM=3526216 kB VmSize=20229412 kB VmSwap=2532 kB Threads=16 FDSize=128
2026-05-30 12:23:58.119 pid=20153 [app] Application created
2026-05-30 12:23:58.120 pid=20153 [app-start] Application onCreate
  javaUsed=3.7MB javaTotal=256.0MB javaMax=256.0MB nativeHeap=6.6MB nativeHeapFree=1.9MB nativeHeapSize=13.1MB
  pssTotal=10.6MB privateDirty=4.6MB sharedDirty=53.0MB nativePss=2.1MB dalvikPss=848.0KB otherPss=7.6MB
  systemAvail=14.5GB systemThreshold=216.0MB lowMemory=false trimLevel=0 importance=100 fdCount=113
  procStatus VmRSS=121672 kB VmHWM=121672 kB VmSize=16928052 kB VmSwap=2944 kB Threads=13 FDSize=128
2026-05-30 12:24:18.993 pid=20153 [model-load] Loading configuration: Gemma−4
2026-05-30 12:24:18.994 pid=20153 [runtime-memory] Before model load model=gemma-4-E4B-it-Q8_0.gguf
  javaUsed=6.4MB javaTotal=16.0MB javaMax=256.0MB nativeHeap=10.9MB nativeHeapFree=3.6MB nativeHeapSize=18.3MB
  pssTotal=22.8MB privateDirty=15.7MB sharedDirty=52.1MB nativePss=8.8MB dalvikPss=2.9MB otherPss=11.1MB
  systemAvail=14.4GB systemThreshold=216.0MB lowMemory=false trimLevel=0 importance=125 fdCount=152
  procStatus VmRSS=170300 kB VmHWM=170300 kB VmSize=17274848 kB VmSwap=2944 kB Threads=31 FDSize=256
2026-05-30 12:24:19.060 pid=20153 [runtime-memory] After model load cleanup model=gemma-4-E4B-it-Q8_0.gguf
  javaUsed=2.5MB javaTotal=10.5MB javaMax=256.0MB nativeHeap=10.7MB nativeHeapFree=3.8MB nativeHeapSize=18.3MB
  pssTotal=21.1MB privateDirty=14.0MB sharedDirty=51.9MB nativePss=8.6MB dalvikPss=1.3MB otherPss=11.2MB
  systemAvail=14.4GB systemThreshold=216.0MB lowMemory=false trimLevel=0 importance=125 fdCount=151
  procStatus VmRSS=168976 kB VmHWM=172020 kB VmSize=17005788 kB VmSwap=2768 kB Threads=31 FDSize=256
2026-05-30 12:24:25.428 pid=20358 [app] Application created
2026-05-30 12:24:25.429 pid=20358 [app-start] Application onCreate
  javaUsed=3.7MB javaTotal=256.0MB javaMax=256.0MB nativeHeap=6.6MB nativeHeapFree=1.9MB nativeHeapSize=13.1MB
  pssTotal=12.9MB privateDirty=6.6MB sharedDirty=53.0MB nativePss=2.1MB dalvikPss=865.0KB otherPss=9.8MB
  systemAvail=15.6GB systemThreshold=216.0MB lowMemory=false trimLevel=0 importance=400 fdCount=113
  procStatus VmRSS=123352 kB VmHWM=123352 kB VmSize=16930168 kB VmSwap=2728 kB Threads=13 FDSize=128
2026-05-30 12:24:29.876 pid=20358 [model-load] Loading configuration: Gemma−4:2B
2026-05-30 12:24:29.877 pid=20358 [runtime-memory] Before model load model=gemma-4-E2B-it-Q4_K_M.gguf
  javaUsed=4.6MB javaTotal=64.0MB javaMax=256.0MB nativeHeap=6.7MB nativeHeapFree=1.8MB nativeHeapSize=13.1MB
  pssTotal=14.0MB privateDirty=7.7MB sharedDirty=52.8MB nativePss=2.4MB dalvikPss=1.5MB otherPss=10.2MB
  systemAvail=15.4GB systemThreshold=216.0MB lowMemory=false trimLevel=0 importance=125 fdCount=115
  procStatus VmRSS=126028 kB VmHWM=126028 kB VmSize=17009500 kB VmSwap=2728 kB Threads=17 FDSize=128
2026-05-30 12:24:29.916 pid=20358 [runtime-memory] After model load cleanup model=gemma-4-E2B-it-Q4_K_M.gguf
  javaUsed=2.1MB javaTotal=10.0MB javaMax=256.0MB nativeHeap=6.7MB nativeHeapFree=1.9MB nativeHeapSize=13.1MB
  pssTotal=11.5MB privateDirty=5.2MB sharedDirty=52.7MB nativePss=2.5MB dalvikPss=741.0KB otherPss=8.3MB
  systemAvail=15.4GB systemThreshold=216.0MB lowMemory=false trimLevel=0 importance=125 fdCount=114
  procStatus VmRSS=124120 kB VmHWM=129948 kB VmSize=16740440 kB VmSwap=2452 kB Threads=17 FDSize=128
2026-05-30 12:24:33.291 pid=20358 [model-load-complete] config=Gemma−4:2B model=gemma-4-E2B-it-Q4_K_M.gguf mmproj=(none)
  javaUsed=2.2MB javaTotal=10.0MB javaMax=256.0MB nativeHeap=3.3GB nativeHeapFree=2.6MB nativeHeapSize=3.3GB
  pssTotal=3.2GB privateDirty=3.2GB sharedDirty=52.6MB nativePss=3.2GB dalvikPss=817.0KB otherPss=10.0MB
  systemAvail=12.2GB systemThreshold=216.0MB lowMemory=false trimLevel=0 importance=125 fdCount=114
  procStatus VmRSS=3519652 kB VmHWM=3525864 kB VmSize=20219300 kB VmSwap=2452 kB Threads=17 FDSize=128
2026-05-30 12:25:48.650 pid=20358 [model-load] Loading configuration: Gemma−4
2026-05-30 12:25:49.033 pid=20358 [runtime-memory] Before model load model=gemma-4-E4B-it-Q8_0.gguf
  javaUsed=5.8MB javaTotal=13.1MB javaMax=256.0MB nativeHeap=24.0MB nativeHeapFree=76.1MB nativeHeapSize=104.1MB
  pssTotal=46.7MB privateDirty=37.3MB sharedDirty=51.7MB nativePss=25.9MB dalvikPss=6.4MB otherPss=14.5MB
  systemAvail=15.5GB systemThreshold=216.0MB lowMemory=false trimLevel=0 importance=125 fdCount=157
  procStatus VmRSS=203216 kB VmHWM=3587456 kB VmSize=17195744 kB VmSwap=2452 kB Threads=33 FDSize=512
2026-05-30 12:25:49.059 pid=20358 [runtime-memory] After model load cleanup model=gemma-4-E4B-it-Q8_0.gguf
  javaUsed=3.5MB javaTotal=11.5MB javaMax=256.0MB nativeHeap=20.1MB nativeHeapFree=79.9MB nativeHeapSize=104.0MB
  pssTotal=40.7MB privateDirty=31.2MB sharedDirty=51.7MB nativePss=23.8MB dalvikPss=2.4MB otherPss=14.5MB
  systemAvail=15.5GB systemThreshold=216.0MB lowMemory=false trimLevel=0 importance=125 fdCount=157
  procStatus VmRSS=197028 kB VmHWM=3587456 kB VmSize=17195744 kB VmSwap=2452 kB Threads=33 FDSize=512
2026-05-30 12:25:55.677 pid=20693 [app] Application created
2026-05-30 12:25:55.678 pid=20693 [app-start] Application onCreate
  javaUsed=3.7MB javaTotal=256.0MB javaMax=256.0MB nativeHeap=6.6MB nativeHeapFree=1.9MB nativeHeapSize=13.1MB
  pssTotal=12.8MB privateDirty=6.6MB sharedDirty=53.0MB nativePss=2.2MB dalvikPss=889.0KB otherPss=9.7MB
  systemAvail=16.3GB systemThreshold=216.0MB lowMemory=false trimLevel=0 importance=400 fdCount=113
  procStatus VmRSS=122832 kB VmHWM=122832 kB VmSize=16971128 kB VmSwap=2896 kB Threads=13 FDSize=128
2026-05-30 12:26:17.430 pid=20693 [model-load] Loading configuration: Gemma−4
2026-05-30 12:26:17.432 pid=20693 [runtime-memory] Before model load model=gemma-4-E4B-it-Q8_0.gguf
  javaUsed=3.3MB javaTotal=10.5MB javaMax=256.0MB nativeHeap=12.9MB nativeHeapFree=3.7MB nativeHeapSize=20.0MB
  pssTotal=25.6MB privateDirty=18.1MB sharedDirty=51.9MB nativePss=10.5MB dalvikPss=1.8MB otherPss=13.3MB
  systemAvail=15.9GB systemThreshold=216.0MB lowMemory=false trimLevel=0 importance=125 fdCount=151
  procStatus VmRSS=176616 kB VmHWM=179296 kB VmSize=17050628 kB VmSwap=2668 kB Threads=31 FDSize=256
2026-05-30 12:26:17.489 pid=20693 [runtime-memory] After model load cleanup model=gemma-4-E4B-it-Q8_0.gguf
  javaUsed=2.5MB javaTotal=10.4MB javaMax=256.0MB nativeHeap=12.8MB nativeHeapFree=3.8MB nativeHeapSize=20.0MB
  pssTotal=23.5MB privateDirty=16.0MB sharedDirty=51.9MB nativePss=10.5MB dalvikPss=1.3MB otherPss=11.8MB
  systemAvail=15.9GB systemThreshold=216.0MB lowMemory=false trimLevel=0 importance=125 fdCount=151
  procStatus VmRSS=174536 kB VmHWM=179296 kB VmSize=17050628 kB VmSwap=2668 kB Threads=31 FDSize=256
2026-05-30 12:26:27.082 pid=21020 [app] Application created
2026-05-30 12:26:27.082 pid=21020 [app-start] Application onCreate
  javaUsed=3.7MB javaTotal=256.0MB javaMax=256.0MB nativeHeap=6.6MB nativeHeapFree=1.9MB nativeHeapSize=13.1MB
  pssTotal=12.7MB privateDirty=6.6MB sharedDirty=53.0MB nativePss=2.1MB dalvikPss=861.0KB otherPss=9.6MB
  systemAvail=16.1GB systemThreshold=216.0MB lowMemory=false trimLevel=0 importance=400 fdCount=113
  procStatus VmRSS=123348 kB VmHWM=123348 kB VmSize=16952696 kB VmSwap=2896 kB Threads=13 FDSize=128
2026-05-30 12:26:37.414 pid=21020 [model-load] Loading configuration: Gemma−4:2B
2026-05-30 12:26:37.416 pid=21020 [runtime-memory] Before model load model=gemma-4-E2B-it-Q4_K_M.gguf
  javaUsed=6.0MB javaTotal=16.0MB javaMax=256.0MB nativeHeap=13.0MB nativeHeapFree=3.1MB nativeHeapSize=20.0MB
  pssTotal=26.3MB privateDirty=18.8MB sharedDirty=52.1MB nativePss=10.5MB dalvikPss=2.6MB otherPss=13.1MB
  systemAvail=15.9GB systemThreshold=216.0MB lowMemory=false trimLevel=0 importance=125 fdCount=146
  procStatus VmRSS=176292 kB VmHWM=176292 kB VmSize=17241392 kB VmSwap=2896 kB Threads=28 FDSize=256
2026-05-30 12:26:37.470 pid=21020 [runtime-memory] After model load cleanup model=gemma-4-E2B-it-Q4_K_M.gguf
  javaUsed=2.6MB javaTotal=10.5MB javaMax=256.0MB nativeHeap=13.0MB nativeHeapFree=3.2MB nativeHeapSize=20.0MB
  pssTotal=25.1MB privateDirty=17.7MB sharedDirty=52.0MB nativePss=10.4MB dalvikPss=3.3MB otherPss=11.4MB
  systemAvail=15.9GB systemThreshold=216.0MB lowMemory=false trimLevel=0 importance=125 fdCount=145
  procStatus VmRSS=175456 kB VmHWM=177956 kB VmSize=16972332 kB VmSwap=2660 kB Threads=28 FDSize=256
2026-05-30 12:26:41.029 pid=21020 [model-load-complete] config=Gemma−4:2B model=gemma-4-E2B-it-Q4_K_M.gguf mmproj=(none)
  javaUsed=2.7MB javaTotal=10.5MB javaMax=256.0MB nativeHeap=3.3GB nativeHeapFree=3.8MB nativeHeapSize=3.3GB
  pssTotal=3.3GB privateDirty=3.3GB sharedDirty=52.0MB nativePss=3.2GB dalvikPss=3.4MB otherPss=13.1MB
  systemAvail=12.7GB systemThreshold=216.0MB lowMemory=false trimLevel=0 importance=125 fdCount=145
  procStatus VmRSS=3569900 kB VmHWM=3575948 kB VmSize=20451284 kB VmSwap=2660 kB Threads=28 FDSize=256
2026-05-30 12:27:34.476 pid=21020 [model-load] Loading configuration: Gemma−4
2026-05-30 12:27:34.997 pid=21020 [runtime-memory] Before model load model=gemma-4-E4B-it-Q8_0.gguf
  javaUsed=8.3MB javaTotal=26.5MB javaMax=256.0MB nativeHeap=22.0MB nativeHeapFree=70.8MB nativeHeapSize=96.2MB
  pssTotal=68.4MB privateDirty=59.3MB sharedDirty=51.8MB nativePss=22.0MB dalvikPss=6.2MB otherPss=40.1MB
  systemAvail=16.1GB systemThreshold=216.0MB lowMemory=false trimLevel=0 importance=100 fdCount=207
  procStatus VmRSS=199248 kB VmHWM=3575948 kB VmSize=17258056 kB VmSwap=2660 kB Threads=32 FDSize=512
2026-05-30 12:27:35.058 pid=21020 [runtime-memory] After model load cleanup model=gemma-4-E4B-it-Q8_0.gguf
  javaUsed=3.6MB javaTotal=27.6MB javaMax=256.0MB nativeHeap=20.5MB nativeHeapFree=72.3MB nativeHeapSize=96.2MB
  pssTotal=66.8MB privateDirty=57.7MB sharedDirty=51.8MB nativePss=22.2MB dalvikPss=4.4MB otherPss=40.2MB
  systemAvail=16.1GB systemThreshold=216.0MB lowMemory=false trimLevel=0 importance=100 fdCount=202
  procStatus VmRSS=197716 kB VmHWM=3575948 kB VmSize=17258056 kB VmSwap=2660 kB Threads=32 FDSize=512
2026-05-30 12:27:42.010 pid=21350 [app] Application created
2026-05-30 12:27:42.010 pid=21350 [app-start] Application onCreate
  javaUsed=3.7MB javaTotal=256.0MB javaMax=256.0MB nativeHeap=6.6MB nativeHeapFree=1.9MB nativeHeapSize=13.1MB
  pssTotal=13.5MB privateDirty=6.6MB sharedDirty=53.0MB nativePss=2.2MB dalvikPss=919.0KB otherPss=10.2MB
  systemAvail=16.9GB systemThreshold=216.0MB lowMemory=false trimLevel=0 importance=100 fdCount=113
  procStatus VmRSS=123220 kB VmHWM=123220 kB VmSize=16936312 kB VmSwap=2872 kB Threads=13 FDSize=128
2026-05-30 12:28:25.586 pid=21350 [model-load] Loading configuration: Gemma−4
2026-05-30 12:28:25.590 pid=21350 [runtime-memory] Before model load model=gemma-4-E4B-it-Q4_K_M.gguf
  javaUsed=5.6MB javaTotal=27.8MB javaMax=256.0MB nativeHeap=19.9MB nativeHeapFree=3.9MB nativeHeapSize=27.0MB
  pssTotal=61.8MB privateDirty=53.6MB sharedDirty=51.8MB nativePss=18.0MB dalvikPss=4.1MB otherPss=39.6MB
  systemAvail=16.6GB systemThreshold=216.0MB lowMemory=false trimLevel=0 importance=100 fdCount=195
  procStatus VmRSS=191716 kB VmHWM=194292 kB VmSize=17069208 kB VmSwap=2664 kB Threads=31 FDSize=256
2026-05-30 12:28:25.650 pid=21350 [runtime-memory] After model load cleanup model=gemma-4-E4B-it-Q4_K_M.gguf
  javaUsed=3.7MB javaTotal=27.6MB javaMax=256.0MB nativeHeap=19.7MB nativeHeapFree=4.1MB nativeHeapSize=27.0MB
  pssTotal=60.5MB privateDirty=52.3MB sharedDirty=51.8MB nativePss=18.0MB dalvikPss=4.4MB otherPss=38.1MB
  systemAvail=16.7GB systemThreshold=216.0MB lowMemory=false trimLevel=0 importance=100 fdCount=195
  procStatus VmRSS=190600 kB VmHWM=194836 kB VmSize=17069208 kB VmSwap=2664 kB Threads=31 FDSize=256
2026-05-30 12:28:30.320 pid=21350 [model-load-complete] config=Gemma−4 model=gemma-4-E4B-it-Q4_K_M.gguf mmproj=(none)
  javaUsed=3.8MB javaTotal=27.6MB javaMax=256.0MB nativeHeap=5.3GB nativeHeapFree=4.6MB nativeHeapSize=5.3GB
  pssTotal=5.3GB privateDirty=5.2GB sharedDirty=51.8MB nativePss=5.2GB dalvikPss=4.5MB otherPss=40.6MB
  systemAvail=12.1GB systemThreshold=216.0MB lowMemory=false trimLevel=0 importance=100 fdCount=201
  procStatus VmRSS=5637820 kB VmHWM=5637820 kB VmSize=22633364 kB VmSwap=2664 kB Threads=31 FDSize=256
2026-05-30 12:29:03.192 pid=21350 [model-load] Loading configuration: Gemma−4:2B
2026-05-30 12:29:03.916 pid=21350 [runtime-memory] Before model load model=gemma-4-E2B-it-Q4_K_M.gguf
  javaUsed=8.8MB javaTotal=27.5MB javaMax=256.0MB nativeHeap=20.5MB nativeHeapFree=73.9MB nativeHeapSize=97.4MB
  pssTotal=43.1MB privateDirty=33.4MB sharedDirty=51.8MB nativePss=21.3MB dalvikPss=7.0MB otherPss=14.8MB
  systemAvail=16.4GB systemThreshold=216.0MB lowMemory=false trimLevel=0 importance=125 fdCount=152
  procStatus VmRSS=199336 kB VmHWM=5640124 kB VmSize=17141484 kB VmSwap=2664 kB Threads=31 FDSize=256
2026-05-30 12:29:03.969 pid=21350 [runtime-memory] After model load cleanup model=gemma-4-E2B-it-Q4_K_M.gguf
  javaUsed=3.5MB javaTotal=11.5MB javaMax=256.0MB nativeHeap=20.1MB nativeHeapFree=74.3MB nativeHeapSize=97.4MB
  pssTotal=40.5MB privateDirty=30.8MB sharedDirty=51.8MB nativePss=21.4MB dalvikPss=4.3MB otherPss=14.8MB
  systemAvail=16.4GB systemThreshold=216.0MB lowMemory=false trimLevel=0 importance=125 fdCount=151
  procStatus VmRSS=196468 kB VmHWM=5640124 kB VmSize=17141484 kB VmSwap=2664 kB Threads=31 FDSize=256
2026-05-30 12:29:06.974 pid=21350 [model-load-complete] config=Gemma−4:2B model=gemma-4-E2B-it-Q4_K_M.gguf mmproj=(none)
  javaUsed=3.6MB javaTotal=11.5MB javaMax=256.0MB nativeHeap=3.3GB nativeHeapFree=9.8MB nativeHeapSize=3.4GB
  pssTotal=3.3GB privateDirty=3.3GB sharedDirty=51.8MB nativePss=3.3GB dalvikPss=2.4MB otherPss=14.7MB
  systemAvail=13.1GB systemThreshold=216.0MB lowMemory=false trimLevel=0 importance=125 fdCount=151
  procStatus VmRSS=3587240 kB VmHWM=5640124 kB VmSize=20527036 kB VmSwap=2664 kB Threads=31 FDSize=256
2026-05-30 12:30:16.541 pid=21350 [model-load] Loading configuration: Gemma−4
2026-05-30 12:30:17.059 pid=21350 [runtime-memory] Before model load model=gemma-4-E4B-it-Q4_K_M.gguf
  javaUsed=6.2MB javaTotal=27.5MB javaMax=256.0MB nativeHeap=20.8MB nativeHeapFree=73.8MB nativeHeapSize=97.8MB
  pssTotal=42.1MB privateDirty=32.5MB sharedDirty=51.8MB nativePss=22.8MB dalvikPss=4.6MB otherPss=14.7MB
  systemAvail=16.3GB systemThreshold=216.0MB lowMemory=false trimLevel=0 importance=125 fdCount=157
  procStatus VmRSS=198276 kB VmHWM=5640124 kB VmSize=17247748 kB VmSwap=2664 kB Threads=34 FDSize=256
2026-05-30 12:30:17.115 pid=21350 [runtime-memory] After model load cleanup model=gemma-4-E4B-it-Q4_K_M.gguf
  javaUsed=3.6MB javaTotal=11.5MB javaMax=256.0MB nativeHeap=20.4MB nativeHeapFree=74.3MB nativeHeapSize=97.8MB
  pssTotal=42.0MB privateDirty=32.4MB sharedDirty=51.8MB nativePss=22.9MB dalvikPss=4.4MB otherPss=14.7MB
  systemAvail=16.3GB systemThreshold=216.0MB lowMemory=false trimLevel=0 importance=125 fdCount=157
  procStatus VmRSS=198252 kB VmHWM=5640124 kB VmSize=17247748 kB VmSwap=2664 kB Threads=34 FDSize=256
2026-05-30 12:30:22.004 pid=21350 [model-load-complete] config=Gemma−4 model=gemma-4-E4B-it-Q4_K_M.gguf mmproj=(none)
  javaUsed=3.7MB javaTotal=11.5MB javaMax=256.0MB nativeHeap=5.3GB nativeHeapFree=9.7MB nativeHeapSize=5.3GB
  pssTotal=5.2GB privateDirty=5.2GB sharedDirty=51.8MB nativePss=5.2GB dalvikPss=4.4MB otherPss=14.5MB
  systemAvail=11.2GB systemThreshold=216.0MB lowMemory=false trimLevel=0 importance=125 fdCount=157
  procStatus VmRSS=5642312 kB VmHWM=5642312 kB VmSize=22690244 kB VmSwap=2664 kB Threads=34 FDSize=256
2026-05-30 12:30:27.240 pid=23615 [app] Application created
2026-05-30 12:30:27.241 pid=23615 [app-start] Application onCreate
  javaUsed=4.0MB javaTotal=256.0MB javaMax=256.0MB nativeHeap=6.6MB nativeHeapFree=1.8MB nativeHeapSize=13.1MB
  pssTotal=12.7MB privateDirty=6.6MB sharedDirty=53.0MB nativePss=2.1MB dalvikPss=862.0KB otherPss=9.7MB
  systemAvail=16.3GB systemThreshold=216.0MB lowMemory=false trimLevel=0 importance=100 fdCount=113
  procStatus VmRSS=123764 kB VmHWM=123764 kB VmSize=16960888 kB VmSwap=2940 kB Threads=13 FDSize=128
2026-05-30 12:37:31.313 pid=23615 [model-load] Loading configuration: default
2026-05-30 12:37:31.321 pid=23615 [runtime-memory] Before model load model=Qwen3.5-9B-Q4_K_M.gguf
  javaUsed=9.3MB javaTotal=26.5MB javaMax=256.0MB nativeHeap=23.3MB nativeHeapFree=2.6MB nativeHeapSize=29.9MB
  pssTotal=67.1MB privateDirty=59.3MB sharedDirty=51.8MB nativePss=20.7MB dalvikPss=7.3MB otherPss=39.1MB
  systemAvail=16.4GB systemThreshold=216.0MB lowMemory=false trimLevel=0 importance=100 fdCount=204
  procStatus VmRSS=197732 kB VmHWM=197732 kB VmSize=17117392 kB VmSwap=2572 kB Threads=32 FDSize=512
2026-05-30 12:37:31.398 pid=23615 [runtime-memory] After model load cleanup model=Qwen3.5-9B-Q4_K_M.gguf
  javaUsed=3.6MB javaTotal=27.5MB javaMax=256.0MB nativeHeap=19.8MB nativeHeapFree=6.2MB nativeHeapSize=29.9MB
  pssTotal=59.0MB privateDirty=51.1MB sharedDirty=51.8MB nativePss=19.0MB dalvikPss=2.4MB otherPss=37.6MB
  systemAvail=16.4GB systemThreshold=216.0MB lowMemory=false trimLevel=0 importance=100 fdCount=201
  procStatus VmRSS=189416 kB VmHWM=197988 kB VmSize=17117392 kB VmSwap=2572 kB Threads=32 FDSize=512
2026-05-30 12:37:40.186 pid=23615 [model-load-complete] config=default model=Qwen3.5-9B-Q4_K_M.gguf mmproj=(none)
  javaUsed=3.8MB javaTotal=27.5MB javaMax=256.0MB nativeHeap=5.8GB nativeHeapFree=8.3MB nativeHeapSize=5.8GB
  pssTotal=5.5GB privateDirty=5.5GB sharedDirty=51.8MB nativePss=5.5GB dalvikPss=2.5MB otherPss=39.4MB
  systemAvail=11.0GB systemThreshold=216.0MB lowMemory=false trimLevel=0 importance=100 fdCount=207
  procStatus VmRSS=5936448 kB VmHWM=5936448 kB VmSize=23141984 kB VmSwap=2572 kB Threads=32 FDSize=512
2026-05-30 12:53:11.614 pid=28425 [app] Application created
2026-05-30 12:53:11.615 pid=28425 [app-start] Application onCreate
  javaUsed=4.0MB javaTotal=256.0MB javaMax=256.0MB nativeHeap=6.6MB nativeHeapFree=1.8MB nativeHeapSize=13.1MB
  pssTotal=12.6MB privateDirty=6.5MB sharedDirty=53.0MB nativePss=2.1MB dalvikPss=851.0KB otherPss=9.6MB
  systemAvail=15.5GB systemThreshold=216.0MB lowMemory=false trimLevel=0 importance=100 fdCount=113
  procStatus VmRSS=123688 kB VmHWM=123688 kB VmSize=16940340 kB VmSwap=3000 kB Threads=13 FDSize=128
2026-05-30 12:53:24.459 pid=28425 [model-load] Loading configuration: Gemma−4:2B
2026-05-30 12:53:24.461 pid=28425 [runtime-memory] Before model load model=gemma-4-E2B-it-Q4_K_M.gguf
  javaUsed=6.5MB javaTotal=16.0MB javaMax=256.0MB nativeHeap=12.5MB nativeHeapFree=3.7MB nativeHeapSize=19.9MB
  pssTotal=26.7MB privateDirty=19.2MB sharedDirty=52.1MB nativePss=10.6MB dalvikPss=2.8MB otherPss=13.3MB
  systemAvail=15.4GB systemThreshold=216.0MB lowMemory=false trimLevel=0 importance=125 fdCount=152
  procStatus VmRSS=176944 kB VmHWM=176944 kB VmSize=17252804 kB VmSwap=2872 kB Threads=29 FDSize=256
2026-05-30 12:53:24.522 pid=28425 [runtime-memory] After model load cleanup model=gemma-4-E2B-it-Q4_K_M.gguf
  javaUsed=2.5MB javaTotal=10.5MB javaMax=256.0MB nativeHeap=12.4MB nativeHeapFree=3.9MB nativeHeapSize=19.9MB
  pssTotal=25.3MB privateDirty=17.8MB sharedDirty=51.9MB nativePss=10.4MB dalvikPss=3.3MB otherPss=11.6MB
  systemAvail=15.4GB systemThreshold=216.0MB lowMemory=false trimLevel=0 importance=125 fdCount=151
  procStatus VmRSS=175728 kB VmHWM=178488 kB VmSize=16983744 kB VmSwap=2692 kB Threads=29 FDSize=256
2026-05-30 12:53:28.244 pid=28425 [model-load-complete] config=Gemma−4:2B model=gemma-4-E2B-it-Q4_K_M.gguf mmproj=(none)
  javaUsed=2.6MB javaTotal=10.5MB javaMax=256.0MB nativeHeap=1.7GB nativeHeapFree=4.2MB nativeHeapSize=1.8GB
  pssTotal=4.0GB privateDirty=1.1GB sharedDirty=51.9MB nativePss=1.1GB dalvikPss=3.3MB otherPss=2.9GB
  systemAvail=14.3GB systemThreshold=216.0MB lowMemory=false trimLevel=0 importance=125 fdCount=151
  procStatus VmRSS=4308128 kB VmHWM=4326336 kB VmSize=21812324 kB VmSwap=2692 kB Threads=29 FDSize=256
2026-05-30 12:53:35.819 pid=28425 [model-load] Loading configuration: Gemma−4
2026-05-30 12:53:36.168 pid=28425 [runtime-memory] Before model load model=gemma-4-E4B-it-Q4_K_M.gguf
  javaUsed=2.8MB javaTotal=10.5MB javaMax=256.0MB nativeHeap=1.5GB nativeHeapFree=72.5MB nativeHeapSize=1.6GB
  pssTotal=980.9MB privateDirty=971.9MB sharedDirty=51.9MB nativePss=965.9MB dalvikPss=1.5MB otherPss=13.5MB
  systemAvail=14.2GB systemThreshold=216.0MB lowMemory=false trimLevel=0 importance=125 fdCount=151
  procStatus VmRSS=1154692 kB VmHWM=4326336 kB VmSize=18698748 kB VmSwap=2692 kB Threads=29 FDSize=256
2026-05-30 12:53:36.234 pid=28425 [runtime-memory] After model load cleanup model=gemma-4-E4B-it-Q4_K_M.gguf
  javaUsed=2.5MB javaTotal=10.5MB javaMax=256.0MB nativeHeap=1.5GB nativeHeapFree=72.5MB nativeHeapSize=1.6GB
  pssTotal=980.7MB privateDirty=971.7MB sharedDirty=51.9MB nativePss=966.0MB dalvikPss=1.3MB otherPss=13.5MB
  systemAvail=14.2GB systemThreshold=216.0MB lowMemory=false trimLevel=0 importance=125 fdCount=151
  procStatus VmRSS=1154540 kB VmHWM=4326336 kB VmSize=18698748 kB VmSwap=2692 kB Threads=29 FDSize=256
2026-05-30 12:53:43.365 pid=28425 [model-load-complete] config=Gemma−4 model=gemma-4-E4B-it-Q4_K_M.gguf mmproj=mmproj-F16.gguf
  javaUsed=2.7MB javaTotal=10.5MB javaMax=256.0MB nativeHeap=3.3GB nativeHeapFree=7.6MB nativeHeapSize=3.4GB
  pssTotal=6.7GB privateDirty=2.1GB sharedDirty=51.9MB nativePss=2.1GB dalvikPss=1.4MB otherPss=4.6GB
  systemAvail=14.7GB systemThreshold=216.0MB lowMemory=false trimLevel=0 importance=125 fdCount=151
  procStatus VmRSS=7208820 kB VmHWM=7208820 kB VmSize=25370244 kB VmSwap=2692 kB Threads=29 FDSize=256
2026-05-30 12:53:47.546 pid=28720 [app] Application created
2026-05-30 12:53:47.546 pid=28720 [app-start] Application onCreate
  javaUsed=4.0MB javaTotal=256.0MB javaMax=256.0MB nativeHeap=6.6MB nativeHeapFree=1.8MB nativeHeapSize=13.1MB
  pssTotal=11.3MB privateDirty=4.7MB sharedDirty=53.0MB nativePss=2.2MB dalvikPss=901.0KB otherPss=8.2MB
  systemAvail=16.8GB systemThreshold=216.0MB lowMemory=false trimLevel=0 importance=400 fdCount=113
  procStatus VmRSS=122092 kB VmHWM=122092 kB VmSize=16983416 kB VmSwap=2828 kB Threads=13 FDSize=128
2026-05-30 12:54:22.031 pid=28720 [model-load] Loading configuration: Gemma−4
2026-05-30 12:54:22.034 pid=28720 [runtime-memory] Before model load model=gemma-4-E4B-it-Q4_K_M.gguf
  javaUsed=2.6MB javaTotal=10.0MB javaMax=256.0MB nativeHeap=6.7MB nativeHeapFree=1.9MB nativeHeapSize=13.1MB
  pssTotal=12.1MB privateDirty=5.6MB sharedDirty=52.7MB nativePss=2.4MB dalvikPss=1.1MB otherPss=8.6MB
  systemAvail=16.5GB systemThreshold=216.0MB lowMemory=false trimLevel=0 importance=125 fdCount=114
  procStatus VmRSS=126120 kB VmHWM=126416 kB VmSize=16793816 kB VmSwap=2588 kB Threads=17 FDSize=128
2026-05-30 12:54:22.082 pid=28720 [runtime-memory] After model load cleanup model=gemma-4-E4B-it-Q4_K_M.gguf
  javaUsed=2.1MB javaTotal=10.0MB javaMax=256.0MB nativeHeap=6.7MB nativeHeapFree=1.9MB nativeHeapSize=13.1MB
  pssTotal=11.8MB privateDirty=5.3MB sharedDirty=52.7MB nativePss=2.5MB dalvikPss=763.0KB otherPss=8.6MB
  systemAvail=16.6GB systemThreshold=216.0MB lowMemory=false trimLevel=0 importance=125 fdCount=114
  procStatus VmRSS=125912 kB VmHWM=128724 kB VmSize=16793816 kB VmSwap=2588 kB Threads=17 FDSize=128
2026-05-30 12:54:24.685 pid=28720 [model-load-complete] config=Gemma−4 model=gemma-4-E4B-it-Q4_K_M.gguf mmproj=mmproj-F16.gguf
  javaUsed=2.2MB javaTotal=10.0MB javaMax=256.0MB nativeHeap=1.8GB nativeHeapFree=2.6MB nativeHeapSize=1.8GB
  pssTotal=5.8GB privateDirty=1.2GB sharedDirty=52.6MB nativePss=1.2GB dalvikPss=843.0KB otherPss=4.6GB
  systemAvail=15.4GB systemThreshold=216.0MB lowMemory=false trimLevel=0 importance=125 fdCount=114
  procStatus VmRSS=6182412 kB VmHWM=6185268 kB VmSize=23559828 kB VmSwap=2588 kB Threads=17 FDSize=128
2026-05-30 12:56:43.580 pid=28720 [model-load] Loading configuration: Gemma−4
2026-05-30 12:56:43.581 pid=28720 [model-load-skip] config=Gemma−4 model already loaded
  javaUsed=4.7MB javaTotal=26.1MB javaMax=256.0MB nativeHeap=1.9GB nativeHeapFree=3.7MB nativeHeapSize=1.9GB
  pssTotal=5.9GB privateDirty=1.3GB sharedDirty=51.9MB nativePss=1.3GB dalvikPss=2.8MB otherPss=4.6GB
  systemAvail=15.2GB systemThreshold=216.0MB lowMemory=false trimLevel=0 importance=125 fdCount=150
  procStatus VmRSS=6329720 kB VmHWM=6338440 kB VmSize=23860620 kB VmSwap=2588 kB Threads=30 FDSize=256
2026-05-30 13:00:23.923 pid=28720 [model-load] Loading configuration: Gemma−4:2B
2026-05-30 13:00:24.558 pid=28720 [runtime-memory] Before model load model=gemma-4-E2B-it-Q4_K_M.gguf
  javaUsed=5.9MB javaTotal=26.1MB javaMax=256.0MB nativeHeap=12.3MB nativeHeapFree=72.7MB nativeHeapSize=88.6MB
  pssTotal=30.9MB privateDirty=20.7MB sharedDirty=51.9MB nativePss=12.6MB dalvikPss=3.8MB otherPss=14.6MB
  systemAvail=16.3GB systemThreshold=216.0MB lowMemory=false trimLevel=0 importance=125 fdCount=150
  procStatus VmRSS=180388 kB VmHWM=6366504 kB VmSize=17241932 kB VmSwap=2588 kB Threads=30 FDSize=256
2026-05-30 13:00:24.616 pid=28720 [runtime-memory] After model load cleanup model=gemma-4-E2B-it-Q4_K_M.gguf
  javaUsed=2.5MB javaTotal=10.4MB javaMax=256.0MB nativeHeap=12.2MB nativeHeapFree=72.8MB nativeHeapSize=88.6MB
  pssTotal=28.6MB privateDirty=18.4MB sharedDirty=51.9MB nativePss=12.7MB dalvikPss=1.3MB otherPss=14.6MB
  systemAvail=16.3GB systemThreshold=216.0MB lowMemory=false trimLevel=0 importance=125 fdCount=150
  procStatus VmRSS=177932 kB VmHWM=6366504 kB VmSize=17241932 kB VmSwap=2588 kB Threads=30 FDSize=256
2026-05-30 13:00:26.896 pid=28720 [model-load-complete] config=Gemma−4:2B model=gemma-4-E2B-it-Q4_K_M.gguf mmproj=(none)
  javaUsed=2.6MB javaTotal=10.4MB javaMax=256.0MB nativeHeap=1.7GB nativeHeapFree=8.1MB nativeHeapSize=1.8GB
  pssTotal=4.0GB privateDirty=1.1GB sharedDirty=51.9MB nativePss=1.1GB dalvikPss=1.3MB otherPss=2.9GB
  systemAvail=15.4GB systemThreshold=216.0MB lowMemory=false trimLevel=0 importance=125 fdCount=150
  procStatus VmRSS=4308608 kB VmHWM=6366504 kB VmSize=21951960 kB VmSwap=2588 kB Threads=30 FDSize=256
2026-05-30 13:00:58.388 pid=28720 [model-load] Loading configuration: Gemma−4
2026-05-30 13:00:58.770 pid=28720 [runtime-memory] Before model load model=gemma-4-E4B-it-Q4_K_M.gguf
  javaUsed=4.4MB javaTotal=10.4MB javaMax=256.0MB nativeHeap=1.5GB nativeHeapFree=72.6MB nativeHeapSize=1.6GB
  pssTotal=984.4MB privateDirty=973.9MB sharedDirty=51.9MB nativePss=966.8MB dalvikPss=2.8MB otherPss=14.9MB
  systemAvail=15.6GB systemThreshold=216.0MB lowMemory=false trimLevel=0 importance=125 fdCount=150
  procStatus VmRSS=1156984 kB VmHWM=6366504 kB VmSize=18838384 kB VmSwap=2588 kB Threads=30 FDSize=256
2026-05-30 13:00:58.839 pid=28720 [runtime-memory] After model load cleanup model=gemma-4-E4B-it-Q4_K_M.gguf
  javaUsed=2.6MB javaTotal=10.5MB javaMax=256.0MB nativeHeap=1.5GB nativeHeapFree=72.6MB nativeHeapSize=1.6GB
  pssTotal=983.1MB privateDirty=972.6MB sharedDirty=51.9MB nativePss=966.8MB dalvikPss=1.4MB otherPss=14.9MB
  systemAvail=15.6GB systemThreshold=216.0MB lowMemory=false trimLevel=0 importance=125 fdCount=150
  procStatus VmRSS=1155740 kB VmHWM=6366504 kB VmSize=18838384 kB VmSwap=2588 kB Threads=30 FDSize=256
2026-05-30 13:01:01.692 pid=28720 [model-load-complete] config=Gemma−4 model=gemma-4-E4B-it-Q4_K_M.gguf mmproj=mmproj-F16.gguf
  javaUsed=2.7MB javaTotal=10.5MB javaMax=256.0MB nativeHeap=3.3GB nativeHeapFree=7.7MB nativeHeapSize=3.4GB
  pssTotal=6.7GB privateDirty=2.1GB sharedDirty=51.9MB nativePss=2.1GB dalvikPss=1.5MB otherPss=4.6GB
  systemAvail=14.5GB systemThreshold=216.0MB lowMemory=false trimLevel=0 importance=125 fdCount=150
  procStatus VmRSS=7190564 kB VmHWM=7212100 kB VmSize=25481304 kB VmSwap=2588 kB Threads=30 FDSize=256
2026-05-30 13:16:36.690 pid=31048 [app] Application created
2026-05-30 13:16:36.692 pid=31048 [app-start] Application onCreate
  javaUsed=4.0MB javaTotal=256.0MB javaMax=256.0MB nativeHeap=6.6MB nativeHeapFree=1.8MB nativeHeapSize=13.1MB
  pssTotal=13.1MB privateDirty=6.6MB sharedDirty=53.0MB nativePss=2.1MB dalvikPss=916.0KB otherPss=9.9MB
  systemAvail=16.6GB systemThreshold=216.0MB lowMemory=false trimLevel=0 importance=400 fdCount=113
  procStatus VmRSS=123952 kB VmHWM=123952 kB VmSize=16964984 kB VmSwap=2760 kB Threads=13 FDSize=128
2026-05-30 14:12:38.998 pid=31048 [model-load] Loading configuration: Qwen3.5 2B MTP
2026-05-30 14:12:39.001 pid=31048 [runtime-memory] Before model load model=Qwen3.5-2B-Q8_0.gguf
  javaUsed=2.7MB javaTotal=10.0MB javaMax=256.0MB nativeHeap=6.7MB nativeHeapFree=1.9MB nativeHeapSize=13.1MB
  pssTotal=13.3MB privateDirty=7.3MB sharedDirty=52.7MB nativePss=2.4MB dalvikPss=1.1MB otherPss=9.8MB
  systemAvail=15.9GB systemThreshold=216.0MB lowMemory=false trimLevel=0 importance=125 fdCount=114
  procStatus VmRSS=127920 kB VmHWM=128480 kB VmSize=16737240 kB VmSwap=2564 kB Threads=15 FDSize=128
2026-05-30 14:12:39.058 pid=31048 [runtime-memory] After model load cleanup model=Qwen3.5-2B-Q8_0.gguf
  javaUsed=2.1MB javaTotal=10.0MB javaMax=256.0MB nativeHeap=6.7MB nativeHeapFree=1.9MB nativeHeapSize=13.1MB
  pssTotal=11.2MB privateDirty=5.2MB sharedDirty=52.7MB nativePss=2.4MB dalvikPss=750.0KB otherPss=8.0MB
  systemAvail=15.9GB systemThreshold=216.0MB lowMemory=false trimLevel=0 importance=125 fdCount=114
  procStatus VmRSS=125744 kB VmHWM=128480 kB VmSize=16737240 kB VmSwap=2564 kB Threads=15 FDSize=128
2026-05-30 14:12:40.979 pid=31048 [model-load-complete] config=Qwen3.5 2B MTP model=Qwen3.5-2B-Q8_0.gguf mmproj=(none)
  javaUsed=2.2MB javaTotal=10.0MB javaMax=256.0MB nativeHeap=2.3GB nativeHeapFree=4.1MB nativeHeapSize=2.3GB
  pssTotal=2.1GB privateDirty=2.1GB sharedDirty=52.6MB nativePss=2.1GB dalvikPss=827.0KB otherPss=9.8MB
  systemAvail=14.3GB systemThreshold=216.0MB lowMemory=false trimLevel=0 importance=125 fdCount=114
  procStatus VmRSS=2279700 kB VmHWM=2279700 kB VmSize=19106316 kB VmSwap=2564 kB Threads=15 FDSize=128
2026-05-30 14:12:41.001 pid=31048 [generation-start] id=1 config=Qwen3.5 2B MTP model=Qwen3.5-2B-Q8_0.gguf promptLen=1045 mediaCount=0
  javaUsed=2.4MB javaTotal=10.0MB javaMax=256.0MB nativeHeap=2.3GB nativeHeapFree=4.1MB nativeHeapSize=2.3GB
  pssTotal=2.1GB privateDirty=2.1GB sharedDirty=52.6MB nativePss=2.1GB dalvikPss=1003.0KB otherPss=9.8MB
  systemAvail=14.3GB systemThreshold=216.0MB lowMemory=false trimLevel=0 importance=125 fdCount=114
  procStatus VmRSS=2279956 kB VmHWM=2279956 kB VmSize=19106316 kB VmSwap=2564 kB Threads=15 FDSize=128
2026-05-30 14:12:41.020 pid=31048 [generation-stage] id=1 stage=native-call-start
2026-05-30 14:12:56.265 pid=31048 [generation-stage] id=1 stage=native-call-end resultLen=87
2026-05-30 14:12:56.266 pid=31048 [generation-end] id=1 resultLen=87
  javaUsed=2.5MB javaTotal=10.0MB javaMax=256.0MB nativeHeap=2.3GB nativeHeapFree=4.1MB nativeHeapSize=2.3GB
  pssTotal=2.1GB privateDirty=2.1GB sharedDirty=52.6MB nativePss=2.1GB dalvikPss=1.1MB otherPss=10.1MB
  systemAvail=14.2GB systemThreshold=216.0MB lowMemory=false trimLevel=0 importance=125 fdCount=114
  procStatus VmRSS=2274876 kB VmHWM=2287112 kB VmSize=19110400 kB VmSwap=2564 kB Threads=15 FDSize=128
2026-05-30 14:12:56.782 pid=31048 [model-load] Loading configuration: Qwen3.5 2B
2026-05-30 14:12:57.099 pid=31048 [runtime-memory] Before model load model=Qwen3.5-2B-UD-Q8_K_XL.gguf
  javaUsed=2.1MB javaTotal=10.0MB javaMax=256.0MB nativeHeap=8.9MB nativeHeapFree=48.0MB nativeHeapSize=61.5MB
  pssTotal=18.2MB privateDirty=10.6MB sharedDirty=52.6MB nativePss=7.3MB dalvikPss=783.0KB otherPss=10.1MB
  systemAvail=16.2GB systemThreshold=216.0MB lowMemory=false trimLevel=0 importance=125 fdCount=114
  procStatus VmRSS=132640 kB VmHWM=2287112 kB VmSize=16881476 kB VmSwap=2564 kB Threads=15 FDSize=128
2026-05-30 14:12:57.136 pid=31048 [runtime-memory] After model load cleanup model=Qwen3.5-2B-UD-Q8_K_XL.gguf
  javaUsed=2.1MB javaTotal=10.0MB javaMax=256.0MB nativeHeap=8.8MB nativeHeapFree=48.0MB nativeHeapSize=61.5MB
  pssTotal=20.3MB privateDirty=12.6MB sharedDirty=52.6MB nativePss=7.4MB dalvikPss=2.7MB otherPss=10.1MB
  systemAvail=16.2GB systemThreshold=216.0MB lowMemory=false trimLevel=0 importance=125 fdCount=114
  procStatus VmRSS=134744 kB VmHWM=2287112 kB VmSize=16881476 kB VmSwap=2564 kB Threads=15 FDSize=128
2026-05-30 14:13:00.422 pid=31048 [model-load-complete] config=Qwen3.5 2B model=Qwen3.5-2B-UD-Q8_K_XL.gguf mmproj=(none)
  javaUsed=2.2MB javaTotal=10.0MB javaMax=256.0MB nativeHeap=3.0GB nativeHeapFree=6.8MB nativeHeapSize=3.0GB
  pssTotal=2.8GB privateDirty=2.8GB sharedDirty=52.6MB nativePss=2.8GB dalvikPss=2.8MB otherPss=10.1MB
  systemAvail=13.4GB systemThreshold=216.0MB lowMemory=false trimLevel=0 importance=125 fdCount=114
  procStatus VmRSS=3081640 kB VmHWM=3081640 kB VmSize=19907704 kB VmSwap=2564 kB Threads=15 FDSize=128
2026-05-30 14:13:00.466 pid=31048 [generation-start] id=2 config=Qwen3.5 2B model=Qwen3.5-2B-UD-Q8_K_XL.gguf promptLen=1042 mediaCount=0
  javaUsed=2.4MB javaTotal=10.0MB javaMax=256.0MB nativeHeap=3.0GB nativeHeapFree=6.8MB nativeHeapSize=3.0GB
  pssTotal=2.8GB privateDirty=2.8GB sharedDirty=52.6MB nativePss=2.8GB dalvikPss=3.0MB otherPss=10.1MB
  systemAvail=13.5GB systemThreshold=216.0MB lowMemory=false trimLevel=0 importance=125 fdCount=114
  procStatus VmRSS=3081896 kB VmHWM=3081896 kB VmSize=19907704 kB VmSwap=2564 kB Threads=15 FDSize=128
2026-05-30 14:13:00.523 pid=31048 [generation-stage] id=2 stage=native-call-start
2026-05-30 14:13:41.773 pid=31048 [generation-stage] id=2 stage=native-call-end resultLen=149
2026-05-30 14:13:41.773 pid=31048 [generation-end] id=2 resultLen=149
  javaUsed=2.5MB javaTotal=10.0MB javaMax=256.0MB nativeHeap=3.0GB nativeHeapFree=6.7MB nativeHeapSize=3.0GB
  pssTotal=2.8GB privateDirty=2.8GB sharedDirty=52.6MB nativePss=2.8GB dalvikPss=3.1MB otherPss=10.1MB
  systemAvail=13.4GB systemThreshold=216.0MB lowMemory=false trimLevel=0 importance=125 fdCount=114
  procStatus VmRSS=3077288 kB VmHWM=3089064 kB VmSize=19907704 kB VmSwap=2564 kB Threads=15 FDSize=128
2026-05-30 14:13:42.323 pid=31048 [model-load] Loading configuration: Qwen3.5 2B MTP
2026-05-30 14:13:42.727 pid=31048 [runtime-memory] Before model load model=Qwen3.5-2B-Q8_0.gguf
  javaUsed=2.8MB javaTotal=10.0MB javaMax=256.0MB nativeHeap=8.9MB nativeHeapFree=47.9MB nativeHeapSize=61.5MB
  pssTotal=20.8MB privateDirty=13.2MB sharedDirty=52.6MB nativePss=7.4MB dalvikPss=3.3MB otherPss=10.1MB
  systemAvail=16.3GB systemThreshold=216.0MB lowMemory=false trimLevel=0 importance=125 fdCount=114
  procStatus VmRSS=135444 kB VmHWM=3089064 kB VmSize=16881476 kB VmSwap=2564 kB Threads=15 FDSize=128
2026-05-30 14:13:42.764 pid=31048 [runtime-memory] After model load cleanup model=Qwen3.5-2B-Q8_0.gguf
  javaUsed=2.1MB javaTotal=10.0MB javaMax=256.0MB nativeHeap=8.8MB nativeHeapFree=48.0MB nativeHeapSize=61.5MB
  pssTotal=20.3MB privateDirty=12.7MB sharedDirty=52.6MB nativePss=7.5MB dalvikPss=2.7MB otherPss=10.1MB
  systemAvail=16.2GB systemThreshold=216.0MB lowMemory=false trimLevel=0 importance=125 fdCount=114
  procStatus VmRSS=134884 kB VmHWM=3089064 kB VmSize=16881476 kB VmSwap=2564 kB Threads=15 FDSize=128
2026-05-30 14:13:45.185 pid=31048 [model-load-complete] config=Qwen3.5 2B MTP model=Qwen3.5-2B-Q8_0.gguf mmproj=(none)
  javaUsed=2.2MB javaTotal=10.0MB javaMax=256.0MB nativeHeap=2.3GB nativeHeapFree=6.8MB nativeHeapSize=2.3GB
  pssTotal=2.1GB privateDirty=2.1GB sharedDirty=52.6MB nativePss=2.1GB dalvikPss=2.8MB otherPss=10.1MB
  systemAvail=14.2GB systemThreshold=216.0MB lowMemory=false trimLevel=0 importance=125 fdCount=114
  procStatus VmRSS=2284504 kB VmHWM=3089064 kB VmSize=19110400 kB VmSwap=2564 kB Threads=15 FDSize=128
2026-05-30 14:13:45.234 pid=31048 [generation-start] id=3 config=Qwen3.5 2B MTP model=Qwen3.5-2B-Q8_0.gguf promptLen=1045 mediaCount=0
  javaUsed=2.4MB javaTotal=10.0MB javaMax=256.0MB nativeHeap=2.3GB nativeHeapFree=6.8MB nativeHeapSize=2.3GB
  pssTotal=2.1GB privateDirty=2.1GB sharedDirty=52.6MB nativePss=2.1GB dalvikPss=3.0MB otherPss=10.1MB
  systemAvail=14.2GB systemThreshold=216.0MB lowMemory=false trimLevel=0 importance=125 fdCount=114
  procStatus VmRSS=2284632 kB VmHWM=3089064 kB VmSize=19110400 kB VmSwap=2564 kB Threads=15 FDSize=128
2026-05-30 14:13:45.281 pid=31048 [generation-stage] id=3 stage=native-call-start
2026-05-30 14:14:15.752 pid=31048 [generation-stage] id=3 stage=native-call-end resultLen=106
2026-05-30 14:14:15.753 pid=31048 [generation-end] id=3 resultLen=106
  javaUsed=2.5MB javaTotal=10.0MB javaMax=256.0MB nativeHeap=2.3GB nativeHeapFree=6.7MB nativeHeapSize=2.3GB
  pssTotal=2.1GB privateDirty=2.1GB sharedDirty=52.6MB nativePss=2.1GB dalvikPss=3.1MB otherPss=10.1MB
  systemAvail=14.1GB systemThreshold=216.0MB lowMemory=false trimLevel=0 importance=125 fdCount=114
  procStatus VmRSS=2280008 kB VmHWM=3089064 kB VmSize=19110400 kB VmSwap=2564 kB Threads=15 FDSize=128
2026-05-30 14:14:15.802 pid=31048 [model-load] Loading configuration: Qwen3.5 2B MTP
2026-05-30 14:14:15.803 pid=31048 [model-load-skip] config=Qwen3.5 2B MTP model already loaded
  javaUsed=2.8MB javaTotal=10.0MB javaMax=256.0MB nativeHeap=2.3GB nativeHeapFree=6.7MB nativeHeapSize=2.3GB
  pssTotal=2.1GB privateDirty=2.1GB sharedDirty=52.6MB nativePss=2.1GB dalvikPss=3.3MB otherPss=10.1MB
  systemAvail=14.1GB systemThreshold=216.0MB lowMemory=false trimLevel=0 importance=125 fdCount=114
  procStatus VmRSS=2280008 kB VmHWM=3089064 kB VmSize=19110400 kB VmSwap=2564 kB Threads=15 FDSize=128
2026-05-30 14:14:15.852 pid=31048 [generation-start] id=4 config=Qwen3.5 2B MTP model=Qwen3.5-2B-Q8_0.gguf promptLen=1045 mediaCount=0
  javaUsed=2.2MB javaTotal=10.0MB javaMax=256.0MB nativeHeap=2.3GB nativeHeapFree=6.7MB nativeHeapSize=2.3GB
  pssTotal=2.1GB privateDirty=2.1GB sharedDirty=52.6MB nativePss=2.1GB dalvikPss=843.0KB otherPss=10.1MB
  systemAvail=14.1GB systemThreshold=216.0MB lowMemory=false trimLevel=0 importance=125 fdCount=114
  procStatus VmRSS=2277532 kB VmHWM=3089064 kB VmSize=19110400 kB VmSwap=2564 kB Threads=15 FDSize=128
2026-05-30 14:14:15.903 pid=31048 [generation-stage] id=4 stage=native-call-start
2026-05-30 14:14:44.239 pid=31048 [generation-stage] id=4 stage=native-call-end resultLen=60
2026-05-30 14:14:44.240 pid=31048 [generation-end] id=4 resultLen=60
  javaUsed=2.3MB javaTotal=10.0MB javaMax=256.0MB nativeHeap=2.3GB nativeHeapFree=6.7MB nativeHeapSize=2.3GB
  pssTotal=2.1GB privateDirty=2.1GB sharedDirty=52.6MB nativePss=2.1GB dalvikPss=967.0KB otherPss=10.1MB
  systemAvail=14.2GB systemThreshold=216.0MB lowMemory=false trimLevel=0 importance=125 fdCount=114
  procStatus VmRSS=2277652 kB VmHWM=3089064 kB VmSize=19110400 kB VmSwap=2564 kB Threads=15 FDSize=128
2026-05-30 14:14:44.287 pid=31048 [model-load] Loading configuration: Qwen3.5 2B MTP
2026-05-30 14:14:44.287 pid=31048 [model-load-skip] config=Qwen3.5 2B MTP model already loaded
  javaUsed=2.6MB javaTotal=10.0MB javaMax=256.0MB nativeHeap=2.3GB nativeHeapFree=6.7MB nativeHeapSize=2.3GB
  pssTotal=2.1GB privateDirty=2.1GB sharedDirty=52.6MB nativePss=2.1GB dalvikPss=1.1MB otherPss=10.1MB
  systemAvail=14.2GB systemThreshold=216.0MB lowMemory=false trimLevel=0 importance=125 fdCount=114
  procStatus VmRSS=2277652 kB VmHWM=3089064 kB VmSize=19110400 kB VmSwap=2564 kB Threads=15 FDSize=128
2026-05-30 14:14:44.333 pid=31048 [generation-start] id=5 config=Qwen3.5 2B MTP model=Qwen3.5-2B-Q8_0.gguf promptLen=1045 mediaCount=0
  javaUsed=2.8MB javaTotal=10.0MB javaMax=256.0MB nativeHeap=2.3GB nativeHeapFree=6.7MB nativeHeapSize=2.3GB
  pssTotal=2.1GB privateDirty=2.1GB sharedDirty=52.6MB nativePss=2.1GB dalvikPss=1.3MB otherPss=10.1MB
  systemAvail=14.2GB systemThreshold=216.0MB lowMemory=false trimLevel=0 importance=125 fdCount=114
  procStatus VmRSS=2277908 kB VmHWM=3089064 kB VmSize=19110400 kB VmSwap=2564 kB Threads=15 FDSize=128
2026-05-30 14:14:44.376 pid=31048 [generation-stage] id=5 stage=native-call-start
2026-05-30 14:15:12.280 pid=31048 [generation-stage] id=5 stage=native-call-end resultLen=53
2026-05-30 14:15:12.281 pid=31048 [generation-end] id=5 resultLen=53
  javaUsed=2.9MB javaTotal=10.0MB javaMax=256.0MB nativeHeap=2.3GB nativeHeapFree=6.7MB nativeHeapSize=2.3GB
  pssTotal=2.1GB privateDirty=2.1GB sharedDirty=52.6MB nativePss=2.1GB dalvikPss=1.4MB otherPss=10.1MB
  systemAvail=14.1GB systemThreshold=216.0MB lowMemory=false trimLevel=0 importance=125 fdCount=114
  procStatus VmRSS=2278284 kB VmHWM=3089064 kB VmSize=19110400 kB VmSwap=2564 kB Threads=15 FDSize=128
2026-05-30 14:15:12.830 pid=31048 [model-load] Loading configuration: Qwen3.5 2B
2026-05-30 14:15:13.155 pid=31048 [runtime-memory] Before model load model=Qwen3.5-2B-UD-Q8_K_XL.gguf
  javaUsed=3.2MB javaTotal=10.0MB javaMax=256.0MB nativeHeap=8.9MB nativeHeapFree=47.9MB nativeHeapSize=61.5MB
  pssTotal=19.3MB privateDirty=11.7MB sharedDirty=52.6MB nativePss=7.5MB dalvikPss=1.6MB otherPss=10.1MB
  systemAvail=16.2GB systemThreshold=216.0MB lowMemory=false trimLevel=0 importance=125 fdCount=114
  procStatus VmRSS=133956 kB VmHWM=3089064 kB VmSize=16881476 kB VmSwap=2564 kB Threads=15 FDSize=128
2026-05-30 14:15:13.193 pid=31048 [runtime-memory] After model load cleanup model=Qwen3.5-2B-UD-Q8_K_XL.gguf
  javaUsed=2.1MB javaTotal=10.0MB javaMax=256.0MB nativeHeap=8.8MB nativeHeapFree=48.0MB nativeHeapSize=61.5MB
  pssTotal=20.4MB privateDirty=12.9MB sharedDirty=52.6MB nativePss=7.6MB dalvikPss=2.7MB otherPss=10.1MB
  systemAvail=16.2GB systemThreshold=216.0MB lowMemory=false trimLevel=0 importance=125 fdCount=114
  procStatus VmRSS=135220 kB VmHWM=3089064 kB VmSize=16881476 kB VmSwap=2564 kB Threads=15 FDSize=128
2026-05-30 14:15:16.309 pid=31048 [model-load-complete] config=Qwen3.5 2B model=Qwen3.5-2B-UD-Q8_K_XL.gguf mmproj=(none)
  javaUsed=2.2MB javaTotal=10.0MB javaMax=256.0MB nativeHeap=3.0GB nativeHeapFree=6.8MB nativeHeapSize=3.0GB
  pssTotal=2.8GB privateDirty=2.8GB sharedDirty=52.6MB nativePss=2.8GB dalvikPss=2.8MB otherPss=10.1MB
  systemAvail=13.5GB systemThreshold=216.0MB lowMemory=false trimLevel=0 importance=125 fdCount=114
  procStatus VmRSS=3081864 kB VmHWM=3089064 kB VmSize=19907704 kB VmSwap=2564 kB Threads=15 FDSize=128
2026-05-30 14:15:16.371 pid=31048 [generation-start] id=6 config=Qwen3.5 2B model=Qwen3.5-2B-UD-Q8_K_XL.gguf promptLen=1051 mediaCount=0
  javaUsed=2.1MB javaTotal=10.0MB javaMax=256.0MB nativeHeap=3.0GB nativeHeapFree=6.8MB nativeHeapSize=3.0GB
  pssTotal=2.8GB privateDirty=2.8GB sharedDirty=52.6MB nativePss=2.8GB dalvikPss=818.0KB otherPss=10.1MB
  systemAvail=13.5GB systemThreshold=216.0MB lowMemory=false trimLevel=0 importance=125 fdCount=114
  procStatus VmRSS=3080024 kB VmHWM=3089064 kB VmSize=19907704 kB VmSwap=2564 kB Threads=15 FDSize=128
2026-05-30 14:15:16.426 pid=31048 [generation-stage] id=6 stage=native-call-start
2026-05-30 14:15:53.754 pid=31048 [generation-stage] id=6 stage=native-call-end resultLen=71
2026-05-30 14:15:53.755 pid=31048 [generation-end] id=6 resultLen=71
  javaUsed=2.3MB javaTotal=10.0MB javaMax=256.0MB nativeHeap=3.0GB nativeHeapFree=6.7MB nativeHeapSize=3.0GB
  pssTotal=2.8GB privateDirty=2.8GB sharedDirty=52.6MB nativePss=2.8GB dalvikPss=938.0KB otherPss=10.1MB
  systemAvail=13.5GB systemThreshold=216.0MB lowMemory=false trimLevel=0 importance=125 fdCount=114
  procStatus VmRSS=3074948 kB VmHWM=3089064 kB VmSize=19907704 kB VmSwap=2564 kB Threads=15 FDSize=128
2026-05-30 14:15:54.305 pid=31048 [model-load] Loading configuration: Qwen3.5 2B MTP
2026-05-30 14:15:54.715 pid=31048 [runtime-memory] Before model load model=Qwen3.5-2B-Q8_0.gguf
  javaUsed=2.6MB javaTotal=10.0MB javaMax=256.0MB nativeHeap=8.9MB nativeHeapFree=47.9MB nativeHeapSize=61.5MB
  pssTotal=18.7MB privateDirty=11.1MB sharedDirty=52.6MB nativePss=7.5MB dalvikPss=1.1MB otherPss=10.1MB
  systemAvail=16.3GB systemThreshold=216.0MB lowMemory=false trimLevel=0 importance=125 fdCount=114
  procStatus VmRSS=133248 kB VmHWM=3089064 kB VmSize=16881476 kB VmSwap=2564 kB Threads=15 FDSize=128
2026-05-30 14:15:54.752 pid=31048 [runtime-memory] After model load cleanup model=Qwen3.5-2B-Q8_0.gguf
  javaUsed=2.1MB javaTotal=10.0MB javaMax=256.0MB nativeHeap=8.8MB nativeHeapFree=48.0MB nativeHeapSize=61.5MB
  pssTotal=20.4MB privateDirty=12.8MB sharedDirty=52.6MB nativePss=7.6MB dalvikPss=2.7MB otherPss=10.1MB
  systemAvail=16.3GB systemThreshold=216.0MB lowMemory=false trimLevel=0 importance=125 fdCount=114
  procStatus VmRSS=135016 kB VmHWM=3089064 kB VmSize=16881476 kB VmSwap=2564 kB Threads=15 FDSize=128
2026-05-30 14:15:57.197 pid=31048 [model-load-complete] config=Qwen3.5 2B MTP model=Qwen3.5-2B-Q8_0.gguf mmproj=(none)
  javaUsed=2.2MB javaTotal=10.0MB javaMax=256.0MB nativeHeap=2.3GB nativeHeapFree=6.8MB nativeHeapSize=2.3GB
  pssTotal=2.1GB privateDirty=2.1GB sharedDirty=52.6MB nativePss=2.1GB dalvikPss=2.8MB otherPss=10.1MB
  systemAvail=14.3GB systemThreshold=216.0MB lowMemory=false trimLevel=0 importance=125 fdCount=114
  procStatus VmRSS=2284584 kB VmHWM=3089064 kB VmSize=19110400 kB VmSwap=2564 kB Threads=15 FDSize=128
2026-05-30 14:15:57.247 pid=31048 [generation-start] id=7 config=Qwen3.5 2B MTP model=Qwen3.5-2B-Q8_0.gguf promptLen=1045 mediaCount=0
  javaUsed=2.4MB javaTotal=10.0MB javaMax=256.0MB nativeHeap=2.3GB nativeHeapFree=6.8MB nativeHeapSize=2.3GB
  pssTotal=2.1GB privateDirty=2.1GB sharedDirty=52.6MB nativePss=2.1GB dalvikPss=3.0MB otherPss=10.1MB
  systemAvail=14.3GB systemThreshold=216.0MB lowMemory=false trimLevel=0 importance=125 fdCount=114
  procStatus VmRSS=2284712 kB VmHWM=3089064 kB VmSize=19110400 kB VmSwap=2564 kB Threads=15 FDSize=128
2026-05-30 14:15:57.295 pid=31048 [generation-stage] id=7 stage=native-call-start
2026-05-30 14:16:29.898 pid=31048 [generation-stage] id=7 stage=native-call-end resultLen=171
2026-05-30 14:16:29.899 pid=31048 [generation-end] id=7 resultLen=171
  javaUsed=2.6MB javaTotal=10.0MB javaMax=256.0MB nativeHeap=2.3GB nativeHeapFree=6.7MB nativeHeapSize=2.3GB
  pssTotal=2.1GB privateDirty=2.1GB sharedDirty=52.6MB nativePss=2.1GB dalvikPss=3.1MB otherPss=10.1MB
  systemAvail=14.3GB systemThreshold=216.0MB lowMemory=false trimLevel=0 importance=125 fdCount=114
  procStatus VmRSS=2279680 kB VmHWM=3089064 kB VmSize=19110400 kB VmSwap=2564 kB Threads=15 FDSize=128
2026-05-30 14:16:29.949 pid=31048 [model-load] Loading configuration: Qwen3.5 2B MTP
2026-05-30 14:16:29.949 pid=31048 [model-load-skip] config=Qwen3.5 2B MTP model already loaded
  javaUsed=2.8MB javaTotal=10.0MB javaMax=256.0MB nativeHeap=2.3GB nativeHeapFree=6.7MB nativeHeapSize=2.3GB
  pssTotal=2.1GB privateDirty=2.1GB sharedDirty=52.6MB nativePss=2.1GB dalvikPss=3.3MB otherPss=10.1MB
  systemAvail=14.3GB systemThreshold=216.0MB lowMemory=false trimLevel=0 importance=125 fdCount=114
  procStatus VmRSS=2279808 kB VmHWM=3089064 kB VmSize=19110400 kB VmSwap=2564 kB Threads=15 FDSize=128
2026-05-30 14:16:29.996 pid=31048 [generation-start] id=8 config=Qwen3.5 2B MTP model=Qwen3.5-2B-Q8_0.gguf promptLen=1045 mediaCount=0
  javaUsed=3.0MB javaTotal=10.0MB javaMax=256.0MB nativeHeap=2.3GB nativeHeapFree=6.7MB nativeHeapSize=2.3GB
  pssTotal=2.1GB privateDirty=2.1GB sharedDirty=52.6MB nativePss=2.1GB dalvikPss=3.5MB otherPss=10.1MB
  systemAvail=14.3GB systemThreshold=216.0MB lowMemory=false trimLevel=0 importance=125 fdCount=114
  procStatus VmRSS=2280064 kB VmHWM=3089064 kB VmSize=19110400 kB VmSwap=2564 kB Threads=15 FDSize=128
2026-05-30 14:16:30.044 pid=31048 [generation-stage] id=8 stage=native-call-start
2026-05-30 14:17:00.601 pid=31048 [generation-stage] id=8 stage=native-call-end resultLen=129
2026-05-30 14:17:00.602 pid=31048 [generation-end] id=8 resultLen=129
  javaUsed=3.2MB javaTotal=10.0MB javaMax=256.0MB nativeHeap=2.3GB nativeHeapFree=6.7MB nativeHeapSize=2.3GB
  pssTotal=2.1GB privateDirty=2.1GB sharedDirty=52.5MB nativePss=2.1GB dalvikPss=3.6MB otherPss=10.1MB
  systemAvail=14.3GB systemThreshold=216.0MB lowMemory=false trimLevel=0 importance=125 fdCount=114
  procStatus VmRSS=2280572 kB VmHWM=3089064 kB VmSize=19110400 kB VmSwap=2564 kB Threads=15 FDSize=128
2026-05-30 14:17:00.647 pid=31048 [model-load] Loading configuration: Qwen3.5 2B MTP
2026-05-30 14:17:00.648 pid=31048 [model-load-skip] config=Qwen3.5 2B MTP model already loaded
  javaUsed=3.4MB javaTotal=10.0MB javaMax=256.0MB nativeHeap=2.3GB nativeHeapFree=6.7MB nativeHeapSize=2.3GB
  pssTotal=2.1GB privateDirty=2.1GB sharedDirty=52.5MB nativePss=2.1GB dalvikPss=3.8MB otherPss=10.1MB
  systemAvail=14.3GB systemThreshold=216.0MB lowMemory=false trimLevel=0 importance=125 fdCount=114
  procStatus VmRSS=2280572 kB VmHWM=3089064 kB VmSize=19110400 kB VmSwap=2564 kB Threads=15 FDSize=128
2026-05-30 14:17:00.696 pid=31048 [generation-start] id=9 config=Qwen3.5 2B MTP model=Qwen3.5-2B-Q8_0.gguf promptLen=1045 mediaCount=0
  javaUsed=3.6MB javaTotal=10.0MB javaMax=256.0MB nativeHeap=2.3GB nativeHeapFree=6.7MB nativeHeapSize=2.3GB
  pssTotal=2.1GB privateDirty=2.1GB sharedDirty=52.5MB nativePss=2.1GB dalvikPss=4.0MB otherPss=10.1MB
  systemAvail=14.3GB systemThreshold=216.0MB lowMemory=false trimLevel=0 importance=125 fdCount=114
  procStatus VmRSS=2280700 kB VmHWM=3089064 kB VmSize=19110400 kB VmSwap=2564 kB Threads=15 FDSize=128
2026-05-30 14:17:00.743 pid=31048 [generation-stage] id=9 stage=native-call-start
2026-05-30 14:17:32.987 pid=31048 [generation-stage] id=9 stage=native-call-end resultLen=88
2026-05-30 14:17:32.988 pid=31048 [generation-end] id=9 resultLen=88
  javaUsed=3.8MB javaTotal=10.0MB javaMax=256.0MB nativeHeap=2.3GB nativeHeapFree=6.7MB nativeHeapSize=2.3GB
  pssTotal=2.1GB privateDirty=2.1GB sharedDirty=52.5MB nativePss=2.1GB dalvikPss=4.1MB otherPss=10.1MB
  systemAvail=14.3GB systemThreshold=216.0MB lowMemory=false trimLevel=0 importance=125 fdCount=114
  procStatus VmRSS=2280948 kB VmHWM=3089064 kB VmSize=19110400 kB VmSwap=2564 kB Threads=15 FDSize=128
2026-05-30 14:17:33.540 pid=31048 [model-load] Loading configuration: Qwen3.5 2B
2026-05-30 14:17:33.938 pid=31048 [runtime-memory] Before model load model=Qwen3.5-2B-UD-Q8_K_XL.gguf
  javaUsed=2.3MB javaTotal=10.0MB javaMax=256.0MB nativeHeap=8.9MB nativeHeapFree=47.9MB nativeHeapSize=61.5MB
  pssTotal=18.5MB privateDirty=10.9MB sharedDirty=52.5MB nativePss=7.5MB dalvikPss=934.0KB otherPss=10.1MB
  systemAvail=16.3GB systemThreshold=216.0MB lowMemory=false trimLevel=0 importance=125 fdCount=114
  procStatus VmRSS=133160 kB VmHWM=3089064 kB VmSize=16881476 kB VmSwap=2564 kB Threads=15 FDSize=128
2026-05-30 14:17:33.983 pid=31048 [runtime-memory] After model load cleanup model=Qwen3.5-2B-UD-Q8_K_XL.gguf
  javaUsed=2.1MB javaTotal=10.0MB javaMax=256.0MB nativeHeap=8.8MB nativeHeapFree=48.0MB nativeHeapSize=61.5MB
  pssTotal=20.4MB privateDirty=12.8MB sharedDirty=52.5MB nativePss=7.6MB dalvikPss=2.7MB otherPss=10.1MB
  systemAvail=16.3GB systemThreshold=216.0MB lowMemory=false trimLevel=0 importance=125 fdCount=114
  procStatus VmRSS=135152 kB VmHWM=3089064 kB VmSize=16881476 kB VmSwap=2564 kB Threads=15 FDSize=128
2026-05-30 14:17:37.761 pid=31048 [model-load-complete] config=Qwen3.5 2B model=Qwen3.5-2B-UD-Q8_K_XL.gguf mmproj=(none)
  javaUsed=2.2MB javaTotal=10.0MB javaMax=256.0MB nativeHeap=3.0GB nativeHeapFree=6.8MB nativeHeapSize=3.0GB
  pssTotal=2.8GB privateDirty=2.8GB sharedDirty=52.5MB nativePss=2.8GB dalvikPss=2.8MB otherPss=10.1MB
  systemAvail=13.5GB systemThreshold=216.0MB lowMemory=false trimLevel=0 importance=125 fdCount=114
  procStatus VmRSS=3081772 kB VmHWM=3089064 kB VmSize=19907704 kB VmSwap=2564 kB Threads=15 FDSize=128
2026-05-30 14:17:37.829 pid=31048 [generation-start] id=10 config=Qwen3.5 2B model=Qwen3.5-2B-UD-Q8_K_XL.gguf promptLen=1054 mediaCount=0
  javaUsed=2.4MB javaTotal=10.0MB javaMax=256.0MB nativeHeap=3.0GB nativeHeapFree=6.8MB nativeHeapSize=3.0GB
  pssTotal=2.8GB privateDirty=2.8GB sharedDirty=52.5MB nativePss=2.8GB dalvikPss=3.0MB otherPss=10.1MB
  systemAvail=13.5GB systemThreshold=216.0MB lowMemory=false trimLevel=0 importance=125 fdCount=114
  procStatus VmRSS=3082028 kB VmHWM=3089064 kB VmSize=19907704 kB VmSwap=2564 kB Threads=15 FDSize=128
2026-05-30 14:17:37.896 pid=31048 [generation-stage] id=10 stage=native-call-start
2026-05-30 14:18:20.145 pid=31048 [generation-stage] id=10 stage=native-call-end resultLen=38
2026-05-30 14:18:20.146 pid=31048 [generation-end] id=10 resultLen=38
  javaUsed=2.5MB javaTotal=10.0MB javaMax=256.0MB nativeHeap=3.0GB nativeHeapFree=6.7MB nativeHeapSize=3.0GB
  pssTotal=2.8GB privateDirty=2.8GB sharedDirty=52.5MB nativePss=2.8GB dalvikPss=3.1MB otherPss=10.1MB
  systemAvail=13.4GB systemThreshold=216.0MB lowMemory=false trimLevel=0 importance=125 fdCount=114
  procStatus VmRSS=3077460 kB VmHWM=3089068 kB VmSize=19907704 kB VmSwap=2564 kB Threads=15 FDSize=128
2026-05-30 14:18:20.709 pid=31048 [model-load] Loading configuration: Qwen3.5 2B MTP
2026-05-30 14:18:21.219 pid=31048 [runtime-memory] Before model load model=Qwen3.5-2B-Q8_0.gguf
  javaUsed=2.8MB javaTotal=10.0MB javaMax=256.0MB nativeHeap=8.9MB nativeHeapFree=47.9MB nativeHeapSize=61.5MB
  pssTotal=20.9MB privateDirty=13.4MB sharedDirty=52.5MB nativePss=7.5MB dalvikPss=3.3MB otherPss=10.1MB
  systemAvail=16.1GB systemThreshold=216.0MB lowMemory=false trimLevel=0 importance=125 fdCount=114
  procStatus VmRSS=135724 kB VmHWM=3089068 kB VmSize=16881476 kB VmSwap=2564 kB Threads=15 FDSize=128
2026-05-30 14:18:21.278 pid=31048 [runtime-memory] After model load cleanup model=Qwen3.5-2B-Q8_0.gguf
  javaUsed=2.1MB javaTotal=10.0MB javaMax=256.0MB nativeHeap=8.8MB nativeHeapFree=48.0MB nativeHeapSize=61.5MB
  pssTotal=18.5MB privateDirty=10.9MB sharedDirty=52.5MB nativePss=7.6MB dalvikPss=744.0KB otherPss=10.1MB
  systemAvail=16.1GB systemThreshold=216.0MB lowMemory=false trimLevel=0 importance=125 fdCount=114
  procStatus VmRSS=133300 kB VmHWM=3089068 kB VmSize=16881476 kB VmSwap=2564 kB Threads=15 FDSize=128
2026-05-30 14:18:24.505 pid=31048 [model-load-complete] config=Qwen3.5 2B MTP model=Qwen3.5-2B-Q8_0.gguf mmproj=(none)
  javaUsed=2.2MB javaTotal=10.0MB javaMax=256.0MB nativeHeap=2.3GB nativeHeapFree=6.8MB nativeHeapSize=2.3GB
  pssTotal=2.1GB privateDirty=2.1GB sharedDirty=52.5MB nativePss=2.1GB dalvikPss=820.0KB otherPss=10.1MB
  systemAvail=14.1GB systemThreshold=216.0MB lowMemory=false trimLevel=0 importance=125 fdCount=114
  procStatus VmRSS=2282424 kB VmHWM=3089068 kB VmSize=19110400 kB VmSwap=2564 kB Threads=15 FDSize=128
2026-05-30 14:18:24.554 pid=31048 [generation-start] id=11 config=Qwen3.5 2B MTP model=Qwen3.5-2B-Q8_0.gguf promptLen=1042 mediaCount=0
  javaUsed=2.4MB javaTotal=10.0MB javaMax=256.0MB nativeHeap=2.3GB nativeHeapFree=6.8MB nativeHeapSize=2.3GB
  pssTotal=2.1GB privateDirty=2.1GB sharedDirty=52.5MB nativePss=2.1GB dalvikPss=992.0KB otherPss=10.1MB
  systemAvail=14.1GB systemThreshold=216.0MB lowMemory=false trimLevel=0 importance=125 fdCount=114
  procStatus VmRSS=2282552 kB VmHWM=3089068 kB VmSize=19110400 kB VmSwap=2564 kB Threads=15 FDSize=128
2026-05-30 14:18:24.612 pid=31048 [generation-stage] id=11 stage=native-call-start
2026-05-30 14:18:57.552 pid=31048 [generation-stage] id=11 stage=native-call-end resultLen=55
2026-05-30 14:18:57.553 pid=31048 [generation-end] id=11 resultLen=55
  javaUsed=2.5MB javaTotal=10.0MB javaMax=256.0MB nativeHeap=2.3GB nativeHeapFree=6.7MB nativeHeapSize=2.3GB
  pssTotal=2.1GB privateDirty=2.1GB sharedDirty=52.5MB nativePss=2.1GB dalvikPss=1.1MB otherPss=10.1MB
  systemAvail=14.1GB systemThreshold=216.0MB lowMemory=false trimLevel=0 importance=125 fdCount=114
  procStatus VmRSS=2277664 kB VmHWM=3089068 kB VmSize=19110400 kB VmSwap=2564 kB Threads=15 FDSize=128
2026-05-30 14:18:57.617 pid=31048 [model-load] Loading configuration: Qwen3.5 2B MTP
2026-05-30 14:18:57.624 pid=31048 [model-load-skip] config=Qwen3.5 2B MTP model already loaded
  javaUsed=2.1MB javaTotal=10.0MB javaMax=256.0MB nativeHeap=2.3GB nativeHeapFree=6.7MB nativeHeapSize=2.3GB
  pssTotal=2.1GB privateDirty=2.1GB sharedDirty=52.5MB nativePss=2.1GB dalvikPss=743.0KB otherPss=10.1MB
  systemAvail=14.1GB systemThreshold=216.0MB lowMemory=false trimLevel=0 importance=125 fdCount=114
  procStatus VmRSS=2277232 kB VmHWM=3089068 kB VmSize=19110400 kB VmSwap=2564 kB Threads=15 FDSize=128
2026-05-30 14:18:57.682 pid=31048 [generation-start] id=12 config=Qwen3.5 2B MTP model=Qwen3.5-2B-Q8_0.gguf promptLen=1042 mediaCount=0
  javaUsed=2.3MB javaTotal=10.0MB javaMax=256.0MB nativeHeap=2.3GB nativeHeapFree=6.7MB nativeHeapSize=2.3GB
  pssTotal=2.1GB privateDirty=2.1GB sharedDirty=52.5MB nativePss=2.1GB dalvikPss=923.0KB otherPss=10.1MB
  systemAvail=14.1GB systemThreshold=216.0MB lowMemory=false trimLevel=0 importance=125 fdCount=114
  procStatus VmRSS=2278684 kB VmHWM=3089068 kB VmSize=19110784 kB VmSwap=2564 kB Threads=15 FDSize=128
2026-05-30 14:18:57.738 pid=31048 [generation-stage] id=12 stage=native-call-start
2026-05-30 14:19:30.039 pid=31048 [generation-stage] id=12 stage=native-call-end resultLen=45
2026-05-30 14:19:30.039 pid=31048 [generation-end] id=12 resultLen=45
  javaUsed=2.5MB javaTotal=10.0MB javaMax=256.0MB nativeHeap=2.3GB nativeHeapFree=6.7MB nativeHeapSize=2.3GB
  pssTotal=2.1GB privateDirty=2.1GB sharedDirty=52.6MB nativePss=2.1GB dalvikPss=1.0MB otherPss=10.1MB
  systemAvail=14.1GB systemThreshold=216.0MB lowMemory=false trimLevel=0 importance=125 fdCount=114
  procStatus VmRSS=2278812 kB VmHWM=3089068 kB VmSize=19110784 kB VmSwap=2564 kB Threads=15 FDSize=128
2026-05-30 14:19:30.589 pid=31048 [model-load] Loading configuration: Qwen3.5 2B
2026-05-30 14:19:30.989 pid=31048 [runtime-memory] Before model load model=Qwen3.5-2B-UD-Q8_K_XL.gguf
  javaUsed=2.7MB javaTotal=10.0MB javaMax=256.0MB nativeHeap=8.9MB nativeHeapFree=48.0MB nativeHeapSize=61.5MB
  pssTotal=19.0MB privateDirty=11.4MB sharedDirty=52.6MB nativePss=7.6MB dalvikPss=1.2MB otherPss=10.1MB
  systemAvail=16.1GB systemThreshold=216.0MB lowMemory=false trimLevel=0 importance=125 fdCount=114
  procStatus VmRSS=134400 kB VmHWM=3089068 kB VmSize=16881860 kB VmSwap=2564 kB Threads=15 FDSize=128
2026-05-30 14:19:31.035 pid=31048 [runtime-memory] After model load cleanup model=Qwen3.5-2B-UD-Q8_K_XL.gguf
  javaUsed=2.1MB javaTotal=10.0MB javaMax=256.0MB nativeHeap=8.9MB nativeHeapFree=48.0MB nativeHeapSize=61.5MB
  pssTotal=18.6MB privateDirty=11.0MB sharedDirty=52.6MB nativePss=7.7MB dalvikPss=743.0KB otherPss=10.1MB
  systemAvail=16.1GB systemThreshold=216.0MB lowMemory=false trimLevel=0 importance=125 fdCount=114
  procStatus VmRSS=134020 kB VmHWM=3089068 kB VmSize=16881860 kB VmSwap=2564 kB Threads=15 FDSize=128
2026-05-30 14:19:34.809 pid=31048 [model-load-complete] config=Qwen3.5 2B model=Qwen3.5-2B-UD-Q8_K_XL.gguf mmproj=(none)
  javaUsed=2.2MB javaTotal=10.0MB javaMax=256.0MB nativeHeap=3.0GB nativeHeapFree=6.9MB nativeHeapSize=3.0GB
  pssTotal=2.8GB privateDirty=2.8GB sharedDirty=52.6MB nativePss=2.8GB dalvikPss=819.0KB otherPss=10.1MB
  systemAvail=13.3GB systemThreshold=216.0MB lowMemory=false trimLevel=0 importance=125 fdCount=114
  procStatus VmRSS=3080548 kB VmHWM=3089068 kB VmSize=19908088 kB VmSwap=2564 kB Threads=15 FDSize=128
2026-05-30 14:19:34.882 pid=31048 [generation-start] id=13 config=Qwen3.5 2B model=Qwen3.5-2B-UD-Q8_K_XL.gguf promptLen=1048 mediaCount=0
  javaUsed=2.4MB javaTotal=10.0MB javaMax=256.0MB nativeHeap=3.0GB nativeHeapFree=6.8MB nativeHeapSize=3.0GB
  pssTotal=2.8GB privateDirty=2.8GB sharedDirty=52.6MB nativePss=2.8GB dalvikPss=995.0KB otherPss=10.1MB
  systemAvail=13.3GB systemThreshold=216.0MB lowMemory=false trimLevel=0 importance=125 fdCount=114
  procStatus VmRSS=3080804 kB VmHWM=3089068 kB VmSize=19908088 kB VmSwap=2564 kB Threads=15 FDSize=128
2026-05-30 14:19:34.949 pid=31048 [generation-stage] id=13 stage=native-call-start
2026-05-30 14:20:13.771 pid=31048 [generation-stage] id=13 stage=native-call-end resultLen=138
2026-05-30 14:20:13.772 pid=31048 [generation-end] id=13 resultLen=138
  javaUsed=2.5MB javaTotal=10.0MB javaMax=256.0MB nativeHeap=3.0GB nativeHeapFree=6.7MB nativeHeapSize=3.0GB
  pssTotal=2.8GB privateDirty=2.8GB sharedDirty=52.6MB nativePss=2.8GB dalvikPss=1.1MB otherPss=10.1MB
  systemAvail=13.3GB systemThreshold=216.0MB lowMemory=false trimLevel=0 importance=125 fdCount=114
  procStatus VmRSS=3076284 kB VmHWM=3089068 kB VmSize=19908088 kB VmSwap=2564 kB Threads=15 FDSize=128
2026-05-30 14:20:13.815 pid=31048 [model-load] Loading configuration: Qwen3.5 2B
2026-05-30 14:20:13.815 pid=31048 [model-load-skip] config=Qwen3.5 2B model already loaded
  javaUsed=2.8MB javaTotal=10.0MB javaMax=256.0MB nativeHeap=3.0GB nativeHeapFree=6.7MB nativeHeapSize=3.0GB
  pssTotal=2.8GB privateDirty=2.8GB sharedDirty=52.6MB nativePss=2.8GB dalvikPss=1.3MB otherPss=10.1MB
  systemAvail=13.3GB systemThreshold=216.0MB lowMemory=false trimLevel=0 importance=125 fdCount=114
  procStatus VmRSS=3076412 kB VmHWM=3089068 kB VmSize=19908088 kB VmSwap=2564 kB Threads=15 FDSize=128
2026-05-30 14:20:13.863 pid=31048 [generation-start] id=14 config=Qwen3.5 2B model=Qwen3.5-2B-UD-Q8_K_XL.gguf promptLen=1048 mediaCount=0
  javaUsed=3.0MB javaTotal=10.0MB javaMax=256.0MB nativeHeap=3.0GB nativeHeapFree=6.7MB nativeHeapSize=3.0GB
  pssTotal=2.8GB privateDirty=2.8GB sharedDirty=52.6MB nativePss=2.8GB dalvikPss=1.5MB otherPss=10.1MB
  systemAvail=13.3GB systemThreshold=216.0MB lowMemory=false trimLevel=0 importance=125 fdCount=114
  procStatus VmRSS=3076540 kB VmHWM=3089068 kB VmSize=19908088 kB VmSwap=2564 kB Threads=15 FDSize=128
2026-05-30 14:20:13.909 pid=31048 [generation-stage] id=14 stage=native-call-start
2026-05-30 14:20:54.877 pid=31048 [generation-stage] id=14 stage=native-call-end resultLen=36
2026-05-30 14:20:54.878 pid=31048 [generation-end] id=14 resultLen=36
  javaUsed=3.1MB javaTotal=10.0MB javaMax=256.0MB nativeHeap=3.0GB nativeHeapFree=6.7MB nativeHeapSize=3.0GB
  pssTotal=2.8GB privateDirty=2.8GB sharedDirty=52.6MB nativePss=2.8GB dalvikPss=1.6MB otherPss=10.1MB
  systemAvail=13.3GB systemThreshold=216.0MB lowMemory=false trimLevel=0 importance=125 fdCount=114
  procStatus VmRSS=3076924 kB VmHWM=3089068 kB VmSize=19908088 kB VmSwap=2564 kB Threads=15 FDSize=128
2026-05-30 14:20:54.957 pid=31048 [model-load] Loading configuration: Qwen3.5 2B
2026-05-30 14:20:54.958 pid=31048 [model-load-skip] config=Qwen3.5 2B model already loaded
  javaUsed=2.3MB javaTotal=10.0MB javaMax=256.0MB nativeHeap=3.0GB nativeHeapFree=6.7MB nativeHeapSize=3.0GB
  pssTotal=2.8GB privateDirty=2.8GB sharedDirty=52.6MB nativePss=2.8GB dalvikPss=887.0KB otherPss=10.1MB
  systemAvail=13.3GB systemThreshold=216.0MB lowMemory=false trimLevel=0 importance=125 fdCount=114
  procStatus VmRSS=3076144 kB VmHWM=3089068 kB VmSize=19908088 kB VmSwap=2564 kB Threads=15 FDSize=128
2026-05-30 14:20:55.029 pid=31048 [generation-start] id=15 config=Qwen3.5 2B model=Qwen3.5-2B-UD-Q8_K_XL.gguf promptLen=1048 mediaCount=0
  javaUsed=2.5MB javaTotal=10.0MB javaMax=256.0MB nativeHeap=3.0GB nativeHeapFree=6.7MB nativeHeapSize=3.0GB
  pssTotal=2.8GB privateDirty=2.8GB sharedDirty=52.6MB nativePss=2.8GB dalvikPss=1.0MB otherPss=10.1MB
  systemAvail=13.3GB systemThreshold=216.0MB lowMemory=false trimLevel=0 importance=125 fdCount=114
  procStatus VmRSS=3076144 kB VmHWM=3089068 kB VmSize=19908088 kB VmSwap=2564 kB Threads=15 FDSize=128
2026-05-30 14:20:55.097 pid=31048 [generation-stage] id=15 stage=native-call-start
2026-05-30 14:21:45.315 pid=31048 [generation-stage] id=15 stage=native-call-end resultLen=162
2026-05-30 14:21:45.316 pid=31048 [generation-end] id=15 resultLen=162
  javaUsed=2.7MB javaTotal=10.0MB javaMax=256.0MB nativeHeap=3.0GB nativeHeapFree=6.7MB nativeHeapSize=3.0GB
  pssTotal=2.8GB privateDirty=2.8GB sharedDirty=52.6MB nativePss=2.8GB dalvikPss=1.2MB otherPss=10.1MB
  systemAvail=13.3GB systemThreshold=216.0MB lowMemory=false trimLevel=0 importance=125 fdCount=114
  procStatus VmRSS=3076524 kB VmHWM=3089068 kB VmSize=19908088 kB VmSwap=2564 kB Threads=15 FDSize=128
2026-05-30 14:21:45.388 pid=31048 [model-load] Loading configuration: Qwen3.5 2B
2026-05-30 14:21:45.388 pid=31048 [model-load-skip] config=Qwen3.5 2B model already loaded
  javaUsed=2.9MB javaTotal=10.0MB javaMax=256.0MB nativeHeap=3.0GB nativeHeapFree=6.7MB nativeHeapSize=3.0GB
  pssTotal=2.8GB privateDirty=2.8GB sharedDirty=52.6MB nativePss=2.8GB dalvikPss=1.4MB otherPss=10.1MB
  systemAvail=13.3GB systemThreshold=216.0MB lowMemory=false trimLevel=0 importance=125 fdCount=114
  procStatus VmRSS=3076652 kB VmHWM=3089068 kB VmSize=19908088 kB VmSwap=2564 kB Threads=15 FDSize=128
2026-05-30 14:21:45.459 pid=31048 [generation-start] id=16 config=Qwen3.5 2B model=Qwen3.5-2B-UD-Q8_K_XL.gguf promptLen=1048 mediaCount=0
  javaUsed=3.1MB javaTotal=10.0MB javaMax=256.0MB nativeHeap=3.0GB nativeHeapFree=6.7MB nativeHeapSize=3.0GB
  pssTotal=2.8GB privateDirty=2.8GB sharedDirty=52.6MB nativePss=2.8GB dalvikPss=1.5MB otherPss=10.1MB
  systemAvail=13.3GB systemThreshold=216.0MB lowMemory=false trimLevel=0 importance=125 fdCount=114
  procStatus VmRSS=3076780 kB VmHWM=3089068 kB VmSize=19908088 kB VmSwap=2564 kB Threads=15 FDSize=128
2026-05-30 14:21:45.526 pid=31048 [generation-stage] id=16 stage=native-call-start
2026-05-30 14:22:30.633 pid=31048 [generation-stage] id=16 stage=native-call-end resultLen=105
2026-05-30 14:22:30.634 pid=31048 [generation-end] id=16 resultLen=105
  javaUsed=3.3MB javaTotal=10.0MB javaMax=256.0MB nativeHeap=3.0GB nativeHeapFree=6.7MB nativeHeapSize=3.0GB
  pssTotal=2.8GB privateDirty=2.8GB sharedDirty=52.6MB nativePss=2.8GB dalvikPss=1.7MB otherPss=10.1MB
  systemAvail=13.3GB systemThreshold=216.0MB lowMemory=false trimLevel=0 importance=125 fdCount=114
  procStatus VmRSS=3076888 kB VmHWM=3089068 kB VmSize=19908088 kB VmSwap=2564 kB Threads=15 FDSize=128
2026-05-30 14:22:31.325 pid=31048 [model-load] Loading configuration: Qwen3.5 2B MTP
2026-05-30 14:22:31.835 pid=31048 [runtime-memory] Before model load model=Qwen3.5-2B-Q8_0.gguf
  javaUsed=3.5MB javaTotal=10.0MB javaMax=256.0MB nativeHeap=8.9MB nativeHeapFree=47.9MB nativeHeapSize=61.5MB
  pssTotal=19.7MB privateDirty=12.1MB sharedDirty=52.6MB nativePss=7.7MB dalvikPss=1.9MB otherPss=10.1MB
  systemAvail=16.1GB systemThreshold=216.0MB lowMemory=false trimLevel=0 importance=125 fdCount=114
  procStatus VmRSS=135324 kB VmHWM=3089068 kB VmSize=16881860 kB VmSwap=2564 kB Threads=15 FDSize=128
2026-05-30 14:22:31.881 pid=31048 [runtime-memory] After model load cleanup model=Qwen3.5-2B-Q8_0.gguf
  javaUsed=2.1MB javaTotal=10.0MB javaMax=256.0MB nativeHeap=8.9MB nativeHeapFree=48.0MB nativeHeapSize=61.5MB
  pssTotal=20.6MB privateDirty=13.0MB sharedDirty=52.6MB nativePss=7.8MB dalvikPss=2.7MB otherPss=10.1MB
  systemAvail=16.1GB systemThreshold=216.0MB lowMemory=false trimLevel=0 importance=125 fdCount=114
  procStatus VmRSS=136364 kB VmHWM=3089068 kB VmSize=16881860 kB VmSwap=2564 kB Threads=15 FDSize=128
2026-05-30 14:22:34.802 pid=31048 [model-load-complete] config=Qwen3.5 2B MTP model=Qwen3.5-2B-Q8_0.gguf mmproj=(none)
  javaUsed=2.2MB javaTotal=10.0MB javaMax=256.0MB nativeHeap=2.3GB nativeHeapFree=6.9MB nativeHeapSize=2.3GB
  pssTotal=2.1GB privateDirty=2.1GB sharedDirty=52.6MB nativePss=2.1GB dalvikPss=2.8MB otherPss=10.1MB
  systemAvail=14.0GB systemThreshold=216.0MB lowMemory=false trimLevel=0 importance=125 fdCount=114
  procStatus VmRSS=2285484 kB VmHWM=3089068 kB VmSize=19110784 kB VmSwap=2564 kB Threads=15 FDSize=128
2026-05-30 14:22:34.860 pid=31048 [generation-start] id=17 config=Qwen3.5 2B MTP model=Qwen3.5-2B-Q8_0.gguf promptLen=1054 mediaCount=0
  javaUsed=2.4MB javaTotal=10.0MB javaMax=256.0MB nativeHeap=2.3GB nativeHeapFree=6.8MB nativeHeapSize=2.3GB
  pssTotal=2.1GB privateDirty=2.1GB sharedDirty=52.6MB nativePss=2.1GB dalvikPss=3.0MB otherPss=10.1MB
  systemAvail=14.0GB systemThreshold=216.0MB lowMemory=false trimLevel=0 importance=125 fdCount=114
  procStatus VmRSS=2285740 kB VmHWM=3089068 kB VmSize=19110784 kB VmSwap=2564 kB Threads=15 FDSize=128
2026-05-30 14:22:34.922 pid=31048 [generation-stage] id=17 stage=native-call-start
2026-05-30 14:23:07.522 pid=31048 [generation-stage] id=17 stage=native-call-end resultLen=34
2026-05-30 14:23:07.523 pid=31048 [generation-end] id=17 resultLen=34
  javaUsed=2.1MB javaTotal=10.0MB javaMax=256.0MB nativeHeap=2.3GB nativeHeapFree=6.7MB nativeHeapSize=2.3GB
  pssTotal=2.1GB privateDirty=2.1GB sharedDirty=52.6MB nativePss=2.1GB dalvikPss=795.0KB otherPss=10.1MB
  systemAvail=14.1GB systemThreshold=216.0MB lowMemory=false trimLevel=0 importance=125 fdCount=114
  procStatus VmRSS=2278564 kB VmHWM=3089068 kB VmSize=19110784 kB VmSwap=2564 kB Threads=15 FDSize=128
2026-05-30 14:23:08.097 pid=31048 [model-load] Loading configuration: Qwen3.5 2B
2026-05-30 14:23:08.503 pid=31048 [runtime-memory] Before model load model=Qwen3.5-2B-UD-Q8_K_XL.gguf
  javaUsed=2.4MB javaTotal=10.0MB javaMax=256.0MB nativeHeap=8.9MB nativeHeapFree=48.0MB nativeHeapSize=61.5MB
  pssTotal=18.7MB privateDirty=11.1MB sharedDirty=52.6MB nativePss=7.6MB dalvikPss=1003.0KB otherPss=10.1MB
  systemAvail=16.2GB systemThreshold=216.0MB lowMemory=false trimLevel=0 importance=125 fdCount=114
  procStatus VmRSS=134104 kB VmHWM=3089068 kB VmSize=16881860 kB VmSwap=2564 kB Threads=15 FDSize=128
2026-05-30 14:23:08.549 pid=31048 [runtime-memory] After model load cleanup model=Qwen3.5-2B-UD-Q8_K_XL.gguf
  javaUsed=2.1MB javaTotal=10.0MB javaMax=256.0MB nativeHeap=8.9MB nativeHeapFree=48.0MB nativeHeapSize=61.5MB
  pssTotal=18.5MB privateDirty=10.9MB sharedDirty=52.6MB nativePss=7.7MB dalvikPss=739.0KB otherPss=10.1MB
  systemAvail=16.2GB systemThreshold=216.0MB lowMemory=false trimLevel=0 importance=125 fdCount=114
  procStatus VmRSS=134112 kB VmHWM=3089068 kB VmSize=16881860 kB VmSwap=2564 kB Threads=15 FDSize=128
2026-05-30 14:23:12.335 pid=31048 [model-load-complete] config=Qwen3.5 2B model=Qwen3.5-2B-UD-Q8_K_XL.gguf mmproj=(none)
  javaUsed=2.2MB javaTotal=10.0MB javaMax=256.0MB nativeHeap=3.0GB nativeHeapFree=6.9MB nativeHeapSize=3.0GB
  pssTotal=2.8GB privateDirty=2.8GB sharedDirty=52.6MB nativePss=2.8GB dalvikPss=815.0KB otherPss=10.1MB
  systemAvail=13.4GB systemThreshold=216.0MB lowMemory=false trimLevel=0 importance=125 fdCount=114
  procStatus VmRSS=3080672 kB VmHWM=3089068 kB VmSize=19908088 kB VmSwap=2564 kB Threads=15 FDSize=128
2026-05-30 14:23:12.405 pid=31048 [generation-start] id=18 config=Qwen3.5 2B model=Qwen3.5-2B-UD-Q8_K_XL.gguf promptLen=1057 mediaCount=0
  javaUsed=2.4MB javaTotal=10.0MB javaMax=256.0MB nativeHeap=3.0GB nativeHeapFree=6.8MB nativeHeapSize=3.0GB
  pssTotal=2.8GB privateDirty=2.8GB sharedDirty=52.6MB nativePss=2.8GB dalvikPss=991.0KB otherPss=10.1MB
  systemAvail=13.4GB systemThreshold=216.0MB lowMemory=false trimLevel=0 importance=125 fdCount=114
  procStatus VmRSS=3080928 kB VmHWM=3089068 kB VmSize=19908088 kB VmSwap=2564 kB Threads=15 FDSize=128
2026-05-30 14:23:12.474 pid=31048 [generation-stage] id=18 stage=native-call-start
2026-05-30 14:24:01.705 pid=31048 [generation-stage] id=18 stage=native-call-end resultLen=150
2026-05-30 14:24:01.706 pid=31048 [generation-end] id=18 resultLen=150
  javaUsed=2.5MB javaTotal=10.0MB javaMax=256.0MB nativeHeap=3.0GB nativeHeapFree=6.7MB nativeHeapSize=3.0GB
  pssTotal=2.8GB privateDirty=2.8GB sharedDirty=52.6MB nativePss=2.8GB dalvikPss=1.1MB otherPss=10.1MB
  systemAvail=13.2GB systemThreshold=216.0MB lowMemory=false trimLevel=0 importance=125 fdCount=114
  procStatus VmRSS=3076112 kB VmHWM=3089068 kB VmSize=19908088 kB VmSwap=2564 kB Threads=15 FDSize=128
2026-05-30 14:24:02.404 pid=31048 [model-load] Loading configuration: Qwen3.5 2B MTP
2026-05-30 14:24:02.655 pid=31048 [runtime-memory] Before model load model=Qwen3.5-2B-Q8_0.gguf
  javaUsed=2.8MB javaTotal=10.0MB javaMax=256.0MB nativeHeap=8.9MB nativeHeapFree=48.0MB nativeHeapSize=61.5MB
  pssTotal=19.0MB privateDirty=11.5MB sharedDirty=52.6MB nativePss=7.6MB dalvikPss=1.3MB otherPss=10.1MB
  systemAvail=16.0GB systemThreshold=216.0MB lowMemory=false trimLevel=0 importance=125 fdCount=114
  procStatus VmRSS=134444 kB VmHWM=3089068 kB VmSize=16881860 kB VmSwap=2564 kB Threads=15 FDSize=128
2026-05-30 14:24:02.673 pid=31048 [runtime-memory] After model load cleanup model=Qwen3.5-2B-Q8_0.gguf
  javaUsed=2.1MB javaTotal=10.0MB javaMax=256.0MB nativeHeap=8.9MB nativeHeapFree=48.0MB nativeHeapSize=61.5MB
  pssTotal=18.6MB privateDirty=11.0MB sharedDirty=52.6MB nativePss=7.7MB dalvikPss=743.0KB otherPss=10.1MB
  systemAvail=16.0GB systemThreshold=216.0MB lowMemory=false trimLevel=0 importance=125 fdCount=114
  procStatus VmRSS=133984 kB VmHWM=3089068 kB VmSize=16881860 kB VmSwap=2564 kB Threads=15 FDSize=128
2026-05-30 14:24:04.818 pid=31048 [model-load-complete] config=Qwen3.5 2B MTP model=Qwen3.5-2B-Q8_0.gguf mmproj=(none)
  javaUsed=2.2MB javaTotal=10.0MB javaMax=256.0MB nativeHeap=2.3GB nativeHeapFree=6.9MB nativeHeapSize=2.3GB
  pssTotal=2.1GB privateDirty=2.1GB sharedDirty=52.6MB nativePss=2.1GB dalvikPss=819.0KB otherPss=10.1MB
  systemAvail=14.0GB systemThreshold=216.0MB lowMemory=false trimLevel=0 importance=125 fdCount=114
  procStatus VmRSS=2283392 kB VmHWM=3089068 kB VmSize=19110784 kB VmSwap=2564 kB Threads=15 FDSize=128
2026-05-30 14:24:04.876 pid=31048 [generation-start] id=19 config=Qwen3.5 2B MTP model=Qwen3.5-2B-Q8_0.gguf promptLen=1057 mediaCount=0
  javaUsed=2.4MB javaTotal=10.0MB javaMax=256.0MB nativeHeap=2.3GB nativeHeapFree=6.8MB nativeHeapSize=2.3GB
  pssTotal=2.1GB privateDirty=2.1GB sharedDirty=52.6MB nativePss=2.1GB dalvikPss=995.0KB otherPss=10.1MB
  systemAvail=14.0GB systemThreshold=216.0MB lowMemory=false trimLevel=0 importance=125 fdCount=114
  procStatus VmRSS=2283648 kB VmHWM=3089068 kB VmSize=19110784 kB VmSwap=2564 kB Threads=15 FDSize=128
2026-05-30 14:24:04.933 pid=31048 [generation-stage] id=19 stage=native-call-start
2026-05-30 14:24:41.908 pid=31048 [generation-stage] id=19 stage=native-call-end resultLen=121
2026-05-30 14:24:41.908 pid=31048 [generation-end] id=19 resultLen=121
  javaUsed=2.5MB javaTotal=10.0MB javaMax=256.0MB nativeHeap=2.3GB nativeHeapFree=6.7MB nativeHeapSize=2.3GB
  pssTotal=2.1GB privateDirty=2.1GB sharedDirty=52.5MB nativePss=2.1GB dalvikPss=1.1MB otherPss=10.1MB
  systemAvail=14.0GB systemThreshold=216.0MB lowMemory=false trimLevel=0 importance=125 fdCount=114
  procStatus VmRSS=2278744 kB VmHWM=3089068 kB VmSize=19110784 kB VmSwap=2564 kB Threads=15 FDSize=128
2026-05-30 14:24:42.472 pid=31048 [model-load] Loading configuration: Qwen3.5 2B
2026-05-30 14:24:42.672 pid=31048 [runtime-memory] Before model load model=Qwen3.5-2B-UD-Q8_K_XL.gguf
  javaUsed=2.2MB javaTotal=10.0MB javaMax=256.0MB nativeHeap=8.9MB nativeHeapFree=48.0MB nativeHeapSize=61.5MB
  pssTotal=18.5MB privateDirty=10.9MB sharedDirty=52.5MB nativePss=7.5MB dalvikPss=851.0KB otherPss=10.1MB
  systemAvail=16.0GB systemThreshold=216.0MB lowMemory=false trimLevel=0 importance=125 fdCount=114
  procStatus VmRSS=133788 kB VmHWM=3089068 kB VmSize=16881860 kB VmSwap=2564 kB Threads=15 FDSize=128
2026-05-30 14:24:42.689 pid=31048 [runtime-memory] After model load cleanup model=Qwen3.5-2B-UD-Q8_K_XL.gguf
  javaUsed=2.0MB javaTotal=10.0MB javaMax=256.0MB nativeHeap=8.9MB nativeHeapFree=48.0MB nativeHeapSize=61.5MB
  pssTotal=18.4MB privateDirty=10.9MB sharedDirty=52.5MB nativePss=7.6MB dalvikPss=731.0KB otherPss=10.1MB
  systemAvail=16.0GB systemThreshold=216.0MB lowMemory=false trimLevel=0 importance=125 fdCount=114
  procStatus VmRSS=133820 kB VmHWM=3089068 kB VmSize=16881860 kB VmSwap=2564 kB Threads=15 FDSize=128
2026-05-30 14:24:45.655 pid=31048 [model-load-complete] config=Qwen3.5 2B model=Qwen3.5-2B-UD-Q8_K_XL.gguf mmproj=(none)
  javaUsed=2.2MB javaTotal=10.0MB javaMax=256.0MB nativeHeap=3.0GB nativeHeapFree=6.9MB nativeHeapSize=3.0GB
  pssTotal=2.8GB privateDirty=2.8GB sharedDirty=52.5MB nativePss=2.8GB dalvikPss=815.0KB otherPss=10.1MB
  systemAvail=13.2GB systemThreshold=216.0MB lowMemory=false trimLevel=0 importance=125 fdCount=114
  procStatus VmRSS=3080604 kB VmHWM=3089068 kB VmSize=19908088 kB VmSwap=2564 kB Threads=15 FDSize=128
2026-05-30 14:24:45.710 pid=31048 [generation-start] id=20 config=Qwen3.5 2B model=Qwen3.5-2B-UD-Q8_K_XL.gguf promptLen=1063 mediaCount=0
  javaUsed=2.4MB javaTotal=10.0MB javaMax=256.0MB nativeHeap=3.0GB nativeHeapFree=6.8MB nativeHeapSize=3.0GB
  pssTotal=2.8GB privateDirty=2.8GB sharedDirty=52.5MB nativePss=2.8GB dalvikPss=991.0KB otherPss=10.1MB
  systemAvail=13.2GB systemThreshold=216.0MB lowMemory=false trimLevel=0 importance=125 fdCount=114
  procStatus VmRSS=3080860 kB VmHWM=3089068 kB VmSize=19908088 kB VmSwap=2564 kB Threads=15 FDSize=128
2026-05-30 14:24:45.778 pid=31048 [generation-stage] id=20 stage=native-call-start
2026-05-30 14:25:29.410 pid=31048 [generation-stage] id=20 stage=native-call-end resultLen=58
2026-05-30 14:25:29.410 pid=31048 [generation-end] id=20 resultLen=58
  javaUsed=2.5MB javaTotal=10.0MB javaMax=256.0MB nativeHeap=3.0GB nativeHeapFree=6.7MB nativeHeapSize=3.0GB
  pssTotal=2.8GB privateDirty=2.8GB sharedDirty=52.5MB nativePss=2.8GB dalvikPss=1.1MB otherPss=10.1MB
  systemAvail=13.2GB systemThreshold=216.0MB lowMemory=false trimLevel=0 importance=125 fdCount=114
  procStatus VmRSS=3076236 kB VmHWM=3089068 kB VmSize=19908088 kB VmSwap=2564 kB Threads=15 FDSize=128
2026-05-30 14:25:29.971 pid=31048 [model-load] Loading configuration: Qwen3.5 2B MTP
2026-05-30 14:25:30.224 pid=31048 [runtime-memory] Before model load model=Qwen3.5-2B-Q8_0.gguf
  javaUsed=2.8MB javaTotal=10.0MB javaMax=256.0MB nativeHeap=8.9MB nativeHeapFree=48.0MB nativeHeapSize=61.5MB
  pssTotal=19.0MB privateDirty=11.5MB sharedDirty=52.5MB nativePss=7.7MB dalvikPss=1.3MB otherPss=10.1MB
  systemAvail=16.0GB systemThreshold=216.0MB lowMemory=false trimLevel=0 importance=125 fdCount=114
  procStatus VmRSS=134756 kB VmHWM=3089068 kB VmSize=16881860 kB VmSwap=2564 kB Threads=15 FDSize=128
2026-05-30 14:25:30.242 pid=31048 [runtime-memory] After model load cleanup model=Qwen3.5-2B-Q8_0.gguf
  javaUsed=2.1MB javaTotal=10.0MB javaMax=256.0MB nativeHeap=8.9MB nativeHeapFree=48.0MB nativeHeapSize=61.5MB
  pssTotal=18.5MB privateDirty=11.0MB sharedDirty=52.5MB nativePss=7.7MB dalvikPss=743.0KB otherPss=10.1MB
  systemAvail=16.0GB systemThreshold=216.0MB lowMemory=false trimLevel=0 importance=125 fdCount=114
  procStatus VmRSS=134292 kB VmHWM=3089068 kB VmSize=16881860 kB VmSwap=2564 kB Threads=15 FDSize=128
2026-05-30 14:25:32.460 pid=31048 [model-load-complete] config=Qwen3.5 2B MTP model=Qwen3.5-2B-Q8_0.gguf mmproj=(none)
  javaUsed=2.2MB javaTotal=10.0MB javaMax=256.0MB nativeHeap=2.3GB nativeHeapFree=6.9MB nativeHeapSize=2.3GB
  pssTotal=2.1GB privateDirty=2.1GB sharedDirty=52.5MB nativePss=2.1GB dalvikPss=819.0KB otherPss=10.1MB
  systemAvail=14.0GB systemThreshold=216.0MB lowMemory=false trimLevel=0 importance=125 fdCount=114
  procStatus VmRSS=2283584 kB VmHWM=3089068 kB VmSize=19110784 kB VmSwap=2564 kB Threads=15 FDSize=128
2026-05-30 14:25:32.525 pid=31048 [generation-start] id=21 config=Qwen3.5 2B MTP model=Qwen3.5-2B-Q8_0.gguf promptLen=1057 mediaCount=0
  javaUsed=2.4MB javaTotal=10.0MB javaMax=256.0MB nativeHeap=2.3GB nativeHeapFree=6.8MB nativeHeapSize=2.3GB
  pssTotal=2.1GB privateDirty=2.1GB sharedDirty=52.5MB nativePss=2.1GB dalvikPss=995.0KB otherPss=10.1MB
  systemAvail=14.0GB systemThreshold=216.0MB lowMemory=false trimLevel=0 importance=125 fdCount=114
  procStatus VmRSS=2283840 kB VmHWM=3089068 kB VmSize=19110784 kB VmSwap=2564 kB Threads=15 FDSize=128
2026-05-30 14:25:32.583 pid=31048 [generation-stage] id=21 stage=native-call-start
2026-05-30 14:26:10.474 pid=31048 [generation-stage] id=21 stage=native-call-end resultLen=130
2026-05-30 14:26:10.474 pid=31048 [generation-end] id=21 resultLen=130
  javaUsed=2.5MB javaTotal=10.0MB javaMax=256.0MB nativeHeap=2.3GB nativeHeapFree=6.7MB nativeHeapSize=2.3GB
  pssTotal=2.1GB privateDirty=2.1GB sharedDirty=52.5MB nativePss=2.1GB dalvikPss=1.1MB otherPss=10.1MB
  systemAvail=14.0GB systemThreshold=216.0MB lowMemory=false trimLevel=0 importance=125 fdCount=114
  procStatus VmRSS=2278696 kB VmHWM=3089068 kB VmSize=19110784 kB VmSwap=2564 kB Threads=15 FDSize=128
2026-05-30 14:26:11.249 pid=31048 [model-load] Loading configuration: Qwen3.5 2B
2026-05-30 14:26:11.460 pid=31048 [runtime-memory] Before model load model=Qwen3.5-2B-UD-Q8_K_XL.gguf
  javaUsed=2.1MB javaTotal=10.0MB javaMax=256.0MB nativeHeap=8.9MB nativeHeapFree=48.0MB nativeHeapSize=61.5MB
  pssTotal=18.3MB privateDirty=10.8MB sharedDirty=52.5MB nativePss=7.5MB dalvikPss=751.0KB otherPss=10.1MB
  systemAvail=16.1GB systemThreshold=216.0MB lowMemory=false trimLevel=0 importance=125 fdCount=114
  procStatus VmRSS=133876 kB VmHWM=3089068 kB VmSize=16881860 kB VmSwap=2564 kB Threads=15 FDSize=128
2026-05-30 14:26:11.478 pid=31048 [runtime-memory] After model load cleanup model=Qwen3.5-2B-UD-Q8_K_XL.gguf
  javaUsed=2.1MB javaTotal=10.0MB javaMax=256.0MB nativeHeap=8.9MB nativeHeapFree=48.0MB nativeHeapSize=61.5MB
  pssTotal=18.4MB privateDirty=10.9MB sharedDirty=52.5MB nativePss=7.6MB dalvikPss=739.0KB otherPss=10.1MB
  systemAvail=16.1GB systemThreshold=216.0MB lowMemory=false trimLevel=0 importance=125 fdCount=114
  procStatus VmRSS=134032 kB VmHWM=3089068 kB VmSize=16881860 kB VmSwap=2564 kB Threads=15 FDSize=128
2026-05-30 14:26:14.462 pid=31048 [model-load-complete] config=Qwen3.5 2B model=Qwen3.5-2B-UD-Q8_K_XL.gguf mmproj=(none)
  javaUsed=2.2MB javaTotal=10.0MB javaMax=256.0MB nativeHeap=3.0GB nativeHeapFree=6.9MB nativeHeapSize=3.0GB
  pssTotal=2.8GB privateDirty=2.8GB sharedDirty=52.5MB nativePss=2.8GB dalvikPss=819.0KB otherPss=10.1MB
  systemAvail=13.3GB systemThreshold=216.0MB lowMemory=false trimLevel=0 importance=125 fdCount=114
  procStatus VmRSS=3080816 kB VmHWM=3089068 kB VmSize=19908088 kB VmSwap=2564 kB Threads=15 FDSize=128
2026-05-30 14:26:14.516 pid=31048 [generation-start] id=22 config=Qwen3.5 2B model=Qwen3.5-2B-UD-Q8_K_XL.gguf promptLen=1060 mediaCount=0
  javaUsed=2.4MB javaTotal=10.0MB javaMax=256.0MB nativeHeap=3.0GB nativeHeapFree=6.8MB nativeHeapSize=3.0GB
  pssTotal=2.8GB privateDirty=2.8GB sharedDirty=52.5MB nativePss=2.8GB dalvikPss=995.0KB otherPss=10.1MB
  systemAvail=13.3GB systemThreshold=216.0MB lowMemory=false trimLevel=0 importance=125 fdCount=114
  procStatus VmRSS=3080944 kB VmHWM=3089068 kB VmSize=19908088 kB VmSwap=2564 kB Threads=15 FDSize=128
2026-05-30 14:26:14.588 pid=31048 [generation-stage] id=22 stage=native-call-start
