2026-05-30 09:35:38.409 pid=9989 [runtime-memory] After model load cleanup model=Qwen3.5-2B-Q8_0.gguf
  javaUsed=2.6MB javaTotal=10.5MB javaMax=256.0MB nativeHeap=15.1MB nativeHeapFree=50.1MB nativeHeapSize=69.0MB
  pssTotal=31.1MB privateDirty=17.8MB sharedDirty=52.0MB nativePss=10.6MB dalvikPss=3.3MB otherPss=12.1MB
  systemAvail=15.0GB systemThreshold=216.0MB lowMemory=false trimLevel=0 importance=125 fdCount=151
  procStatus VmRSS=179304 kB VmHWM=3133120 kB VmSize=17156376 kB VmSwap=7732 kB Threads=30 FDSize=256
2026-05-30 09:35:40.477 pid=9989 [model-load-complete] config=Qwen3.5 2B MTP model=Qwen3.5-2B-Q8_0.gguf mmproj=(none)
  javaUsed=2.7MB javaTotal=10.5MB javaMax=256.0MB nativeHeap=2.3GB nativeHeapFree=9.0MB nativeHeapSize=2.3GB
  pssTotal=2.1GB privateDirty=2.1GB sharedDirty=52.0MB nativePss=2.1GB dalvikPss=3.4MB otherPss=12.1MB
  systemAvail=12.9GB systemThreshold=216.0MB lowMemory=false trimLevel=0 importance=125 fdCount=151
  procStatus VmRSS=2328468 kB VmHWM=3133120 kB VmSize=19385300 kB VmSwap=7732 kB Threads=30 FDSize=256
2026-05-30 09:35:40.558 pid=9989 [generation-start] id=57 config=Qwen3.5 2B MTP model=Qwen3.5-2B-Q8_0.gguf promptLen=1054 mediaCount=0
  javaUsed=2.7MB javaTotal=10.5MB javaMax=256.0MB nativeHeap=2.3GB nativeHeapFree=9.0MB nativeHeapSize=2.3GB
  pssTotal=2.1GB privateDirty=2.1GB sharedDirty=52.0MB nativePss=2.1GB dalvikPss=1.4MB otherPss=12.1MB
  systemAvail=12.9GB systemThreshold=216.0MB lowMemory=false trimLevel=0 importance=125 fdCount=151
  procStatus VmRSS=2326536 kB VmHWM=3133120 kB VmSize=19385300 kB VmSwap=7732 kB Threads=30 FDSize=256
2026-05-30 09:35:40.625 pid=9989 [generation-stage] id=57 stage=native-call-start
2026-05-30 09:36:19.653 pid=9989 [generation-stage] id=57 stage=native-call-end resultLen=155
2026-05-30 09:36:19.654 pid=9989 [generation-end] id=57 resultLen=155
  javaUsed=2.8MB javaTotal=10.5MB javaMax=256.0MB nativeHeap=2.3GB nativeHeapFree=8.9MB nativeHeapSize=2.3GB
  pssTotal=2.1GB privateDirty=2.1GB sharedDirty=52.0MB nativePss=2.1GB dalvikPss=1.5MB otherPss=12.1MB
  systemAvail=12.9GB systemThreshold=216.0MB lowMemory=false trimLevel=0 importance=125 fdCount=151
  procStatus VmRSS=2321756 kB VmHWM=3133120 kB VmSize=19385300 kB VmSwap=7732 kB Threads=30 FDSize=256
2026-05-30 09:36:20.194 pid=9989 [model-load] Loading configuration: Qwen3.5 2B
2026-05-30 09:36:20.515 pid=9989 [runtime-memory] Before model load model=Qwen3.5-2B-UD-Q8_K_XL.gguf
  javaUsed=3.1MB javaTotal=10.5MB javaMax=256.0MB nativeHeap=15.1MB nativeHeapFree=50.1MB nativeHeapSize=69.0MB
  pssTotal=29.4MB privateDirty=16.1MB sharedDirty=52.0MB nativePss=10.5MB dalvikPss=1.7MB otherPss=12.1MB
  systemAvail=15.0GB systemThreshold=216.0MB lowMemory=false trimLevel=0 importance=125 fdCount=151
  procStatus VmRSS=177588 kB VmHWM=3133120 kB VmSize=17156376 kB VmSwap=7732 kB Threads=30 FDSize=256
2026-05-30 09:36:20.558 pid=9989 [runtime-memory] After model load cleanup model=Qwen3.5-2B-UD-Q8_K_XL.gguf
  javaUsed=2.6MB javaTotal=10.5MB javaMax=256.0MB nativeHeap=15.1MB nativeHeapFree=50.1MB nativeHeapSize=69.0MB
  pssTotal=31.1MB privateDirty=17.7MB sharedDirty=52.0MB nativePss=10.5MB dalvikPss=3.3MB otherPss=12.1MB
  systemAvail=15.0GB systemThreshold=216.0MB lowMemory=false trimLevel=0 importance=125 fdCount=151
  procStatus VmRSS=179324 kB VmHWM=3133120 kB VmSize=17156376 kB VmSwap=7732 kB Threads=30 FDSize=256
2026-05-30 09:36:24.172 pid=9989 [model-load-complete] config=Qwen3.5 2B model=Qwen3.5-2B-UD-Q8_K_XL.gguf mmproj=(none)
  javaUsed=2.7MB javaTotal=10.5MB javaMax=256.0MB nativeHeap=3.0GB nativeHeapFree=9.0MB nativeHeapSize=3.1GB
  pssTotal=2.8GB privateDirty=2.8GB sharedDirty=52.0MB nativePss=2.8GB dalvikPss=3.4MB otherPss=12.1MB
  systemAvail=12.2GB systemThreshold=216.0MB lowMemory=false trimLevel=0 importance=125 fdCount=151
  procStatus VmRSS=3125944 kB VmHWM=3133120 kB VmSize=20182604 kB VmSwap=7732 kB Threads=30 FDSize=256
2026-05-30 09:36:24.221 pid=9989 [generation-start] id=58 config=Qwen3.5 2B model=Qwen3.5-2B-UD-Q8_K_XL.gguf promptLen=1051 mediaCount=0
  javaUsed=2.9MB javaTotal=10.5MB javaMax=256.0MB nativeHeap=3.0GB nativeHeapFree=9.0MB nativeHeapSize=3.1GB
  pssTotal=2.8GB privateDirty=2.8GB sharedDirty=52.0MB nativePss=2.8GB dalvikPss=3.5MB otherPss=12.1MB
  systemAvail=12.2GB systemThreshold=216.0MB lowMemory=false trimLevel=0 importance=125 fdCount=151
  procStatus VmRSS=3126200 kB VmHWM=3133120 kB VmSize=20182604 kB VmSwap=7732 kB Threads=30 FDSize=256
2026-05-30 09:36:24.268 pid=9989 [generation-stage] id=58 stage=native-call-start
2026-05-30 09:37:13.954 pid=9989 [generation-stage] id=58 stage=native-call-end resultLen=121
2026-05-30 09:37:13.954 pid=9989 [generation-end] id=58 resultLen=121
  javaUsed=3.1MB javaTotal=10.5MB javaMax=256.0MB nativeHeap=3.0GB nativeHeapFree=8.9MB nativeHeapSize=3.1GB
  pssTotal=2.8GB privateDirty=2.8GB sharedDirty=52.0MB nativePss=2.8GB dalvikPss=3.7MB otherPss=12.1MB
  systemAvail=12.3GB systemThreshold=216.0MB lowMemory=false trimLevel=0 importance=125 fdCount=151
  procStatus VmRSS=3121456 kB VmHWM=3133120 kB VmSize=20182604 kB VmSwap=7732 kB Threads=30 FDSize=256
2026-05-30 09:37:14.507 pid=9989 [model-load] Loading configuration: Qwen3.5 2B MTP
2026-05-30 09:37:15.016 pid=9989 [runtime-memory] Before model load model=Qwen3.5-2B-Q8_0.gguf
  javaUsed=3.3MB javaTotal=10.5MB javaMax=256.0MB nativeHeap=15.1MB nativeHeapFree=50.1MB nativeHeapSize=69.0MB
  pssTotal=31.6MB privateDirty=18.2MB sharedDirty=52.0MB nativePss=10.5MB dalvikPss=3.9MB otherPss=12.1MB
  systemAvail=15.1GB systemThreshold=216.0MB lowMemory=false trimLevel=0 importance=125 fdCount=151
  procStatus VmRSS=179800 kB VmHWM=3133120 kB VmSize=17156376 kB VmSwap=7732 kB Threads=30 FDSize=256
2026-05-30 09:37:15.088 pid=9989 [runtime-memory] After model load cleanup model=Qwen3.5-2B-Q8_0.gguf
  javaUsed=2.6MB javaTotal=10.5MB javaMax=256.0MB nativeHeap=15.1MB nativeHeapFree=50.1MB nativeHeapSize=69.0MB
  pssTotal=31.1MB privateDirty=17.7MB sharedDirty=52.0MB nativePss=10.5MB dalvikPss=3.3MB otherPss=12.1MB
  systemAvail=15.1GB systemThreshold=216.0MB lowMemory=false trimLevel=0 importance=125 fdCount=151
  procStatus VmRSS=179208 kB VmHWM=3133120 kB VmSize=17156376 kB VmSwap=7732 kB Threads=30 FDSize=256
2026-05-30 09:37:17.572 pid=9989 [model-load-complete] config=Qwen3.5 2B MTP model=Qwen3.5-2B-Q8_0.gguf mmproj=(none)
  javaUsed=2.6MB javaTotal=10.5MB javaMax=256.0MB nativeHeap=2.3GB nativeHeapFree=9.0MB nativeHeapSize=2.3GB
  pssTotal=2.1GB privateDirty=2.1GB sharedDirty=52.0MB nativePss=2.1GB dalvikPss=3.3MB otherPss=12.1MB
  systemAvail=13.1GB systemThreshold=216.0MB lowMemory=false trimLevel=0 importance=125 fdCount=151
  procStatus VmRSS=2328516 kB VmHWM=3133120 kB VmSize=19385300 kB VmSwap=7732 kB Threads=30 FDSize=256
2026-05-30 09:37:17.647 pid=9989 [generation-start] id=59 config=Qwen3.5 2B MTP model=Qwen3.5-2B-Q8_0.gguf promptLen=1057 mediaCount=0
  javaUsed=2.6MB javaTotal=10.5MB javaMax=256.0MB nativeHeap=2.3GB nativeHeapFree=9.0MB nativeHeapSize=2.3GB
  pssTotal=2.1GB privateDirty=2.1GB sharedDirty=52.0MB nativePss=2.1GB dalvikPss=1.3MB otherPss=12.1MB
  systemAvail=13.1GB systemThreshold=216.0MB lowMemory=false trimLevel=0 importance=125 fdCount=151
  procStatus VmRSS=2326540 kB VmHWM=3133120 kB VmSize=19385300 kB VmSwap=7732 kB Threads=30 FDSize=256
2026-05-30 09:37:17.717 pid=9989 [generation-stage] id=59 stage=native-call-start
2026-05-30 09:37:54.827 pid=9989 [generation-stage] id=59 stage=native-call-end resultLen=143
2026-05-30 09:37:54.827 pid=9989 [generation-end] id=59 resultLen=143
  javaUsed=2.8MB javaTotal=10.5MB javaMax=256.0MB nativeHeap=2.3GB nativeHeapFree=8.9MB nativeHeapSize=2.3GB
  pssTotal=2.1GB privateDirty=2.1GB sharedDirty=52.0MB nativePss=2.1GB dalvikPss=1.5MB otherPss=12.1MB
  systemAvail=13.1GB systemThreshold=216.0MB lowMemory=false trimLevel=0 importance=125 fdCount=151
  procStatus VmRSS=2321620 kB VmHWM=3133120 kB VmSize=19385300 kB VmSwap=7732 kB Threads=30 FDSize=256
2026-05-30 09:37:55.486 pid=9989 [model-load] Loading configuration: Qwen3.5 2B
2026-05-30 09:37:55.901 pid=9989 [runtime-memory] Before model load model=Qwen3.5-2B-UD-Q8_K_XL.gguf
  javaUsed=3.1MB javaTotal=10.5MB javaMax=256.0MB nativeHeap=15.1MB nativeHeapFree=50.1MB nativeHeapSize=69.0MB
  pssTotal=29.4MB privateDirty=16.0MB sharedDirty=52.0MB nativePss=10.5MB dalvikPss=1.7MB otherPss=12.1MB
  systemAvail=15.1GB systemThreshold=216.0MB lowMemory=false trimLevel=0 importance=125 fdCount=151
  procStatus VmRSS=177344 kB VmHWM=3133120 kB VmSize=17156376 kB VmSwap=7732 kB Threads=30 FDSize=256
2026-05-30 09:37:55.963 pid=9989 [runtime-memory] After model load cleanup model=Qwen3.5-2B-UD-Q8_K_XL.gguf
  javaUsed=2.6MB javaTotal=10.5MB javaMax=256.0MB nativeHeap=15.1MB nativeHeapFree=50.1MB nativeHeapSize=69.0MB
  pssTotal=31.1MB privateDirty=17.7MB sharedDirty=52.0MB nativePss=10.6MB dalvikPss=3.3MB otherPss=12.1MB
  systemAvail=15.1GB systemThreshold=216.0MB lowMemory=false trimLevel=0 importance=125 fdCount=151
  procStatus VmRSS=179144 kB VmHWM=3133120 kB VmSize=17156376 kB VmSwap=7732 kB Threads=30 FDSize=256
2026-05-30 09:37:58.974 pid=9989 [model-load-complete] config=Qwen3.5 2B model=Qwen3.5-2B-UD-Q8_K_XL.gguf mmproj=(none)
  javaUsed=2.7MB javaTotal=10.5MB javaMax=256.0MB nativeHeap=3.0GB nativeHeapFree=9.0MB nativeHeapSize=3.1GB
  pssTotal=2.8GB privateDirty=2.8GB sharedDirty=52.0MB nativePss=2.8GB dalvikPss=3.4MB otherPss=12.1MB
  systemAvail=12.3GB systemThreshold=216.0MB lowMemory=false trimLevel=0 importance=125 fdCount=151
  procStatus VmRSS=3125672 kB VmHWM=3133120 kB VmSize=20182604 kB VmSwap=7732 kB Threads=30 FDSize=256
2026-05-30 09:37:59.016 pid=9989 [generation-start] id=60 config=Qwen3.5 2B model=Qwen3.5-2B-UD-Q8_K_XL.gguf promptLen=1045 mediaCount=0
  javaUsed=2.9MB javaTotal=10.5MB javaMax=256.0MB nativeHeap=3.0GB nativeHeapFree=9.0MB nativeHeapSize=3.1GB
  pssTotal=2.8GB privateDirty=2.8GB sharedDirty=52.0MB nativePss=2.8GB dalvikPss=3.5MB otherPss=12.1MB
  systemAvail=12.3GB systemThreshold=216.0MB lowMemory=false trimLevel=0 importance=125 fdCount=151
  procStatus VmRSS=3125928 kB VmHWM=3133120 kB VmSize=20182604 kB VmSwap=7732 kB Threads=30 FDSize=256
2026-05-30 09:37:59.055 pid=9989 [generation-stage] id=60 stage=native-call-start
2026-05-30 09:38:45.746 pid=9989 [generation-stage] id=60 stage=native-call-end resultLen=144
2026-05-30 09:38:45.747 pid=9989 [generation-end] id=60 resultLen=144
  javaUsed=3.1MB javaTotal=10.5MB javaMax=256.0MB nativeHeap=3.0GB nativeHeapFree=8.9MB nativeHeapSize=3.1GB
  pssTotal=2.8GB privateDirty=2.8GB sharedDirty=52.0MB nativePss=2.8GB dalvikPss=3.7MB otherPss=12.1MB
  systemAvail=12.3GB systemThreshold=216.0MB lowMemory=false trimLevel=0 importance=125 fdCount=151
  procStatus VmRSS=3121316 kB VmHWM=3133120 kB VmSize=20182604 kB VmSwap=7732 kB Threads=30 FDSize=256
2026-05-30 09:38:46.456 pid=9989 [model-load] Loading configuration: Qwen3.5 2B MTP
2026-05-30 09:38:46.951 pid=9989 [runtime-memory] Before model load model=Qwen3.5-2B-Q8_0.gguf
  javaUsed=3.3MB javaTotal=10.5MB javaMax=256.0MB nativeHeap=15.1MB nativeHeapFree=50.1MB nativeHeapSize=69.0MB
  pssTotal=31.6MB privateDirty=18.2MB sharedDirty=52.0MB nativePss=10.5MB dalvikPss=3.9MB otherPss=12.1MB
  systemAvail=15.1GB systemThreshold=216.0MB lowMemory=false trimLevel=0 importance=125 fdCount=151
  procStatus VmRSS=179776 kB VmHWM=3133120 kB VmSize=17156376 kB VmSwap=7732 kB Threads=30 FDSize=256
2026-05-30 09:38:47.014 pid=9989 [runtime-memory] After model load cleanup model=Qwen3.5-2B-Q8_0.gguf
  javaUsed=2.6MB javaTotal=10.5MB javaMax=256.0MB nativeHeap=15.1MB nativeHeapFree=50.1MB nativeHeapSize=69.0MB
  pssTotal=31.1MB privateDirty=17.7MB sharedDirty=52.0MB nativePss=10.5MB dalvikPss=3.3MB otherPss=12.1MB
  systemAvail=15.1GB systemThreshold=216.0MB lowMemory=false trimLevel=0 importance=125 fdCount=151
  procStatus VmRSS=179196 kB VmHWM=3133120 kB VmSize=17156376 kB VmSwap=7732 kB Threads=30 FDSize=256
2026-05-30 09:38:49.501 pid=9989 [model-load-complete] config=Qwen3.5 2B MTP model=Qwen3.5-2B-Q8_0.gguf mmproj=(none)
  javaUsed=2.6MB javaTotal=10.5MB javaMax=256.0MB nativeHeap=2.3GB nativeHeapFree=9.0MB nativeHeapSize=2.3GB
  pssTotal=2.1GB privateDirty=2.1GB sharedDirty=52.0MB nativePss=2.1GB dalvikPss=3.3MB otherPss=12.1MB
  systemAvail=13.0GB systemThreshold=216.0MB lowMemory=false trimLevel=0 importance=125 fdCount=151
  procStatus VmRSS=2328596 kB VmHWM=3133120 kB VmSize=19385300 kB VmSwap=7732 kB Threads=30 FDSize=256
2026-05-30 09:38:49.572 pid=9989 [generation-start] id=61 config=Qwen3.5 2B MTP model=Qwen3.5-2B-Q8_0.gguf promptLen=1057 mediaCount=0
  javaUsed=2.8MB javaTotal=10.5MB javaMax=256.0MB nativeHeap=2.3GB nativeHeapFree=9.0MB nativeHeapSize=2.3GB
  pssTotal=2.1GB privateDirty=2.1GB sharedDirty=52.0MB nativePss=2.1GB dalvikPss=3.5MB otherPss=12.1MB
  systemAvail=13.0GB systemThreshold=216.0MB lowMemory=false trimLevel=0 importance=125 fdCount=151
  procStatus VmRSS=2328724 kB VmHWM=3133120 kB VmSize=19385300 kB VmSwap=7732 kB Threads=30 FDSize=256
2026-05-30 09:38:49.644 pid=9989 [generation-stage] id=61 stage=native-call-start
2026-05-30 09:39:23.800 pid=9989 [generation-stage] id=61 stage=native-call-end resultLen=111
2026-05-30 09:39:23.801 pid=9989 [generation-end] id=61 resultLen=111
  javaUsed=3.0MB javaTotal=10.5MB javaMax=256.0MB nativeHeap=2.3GB nativeHeapFree=8.9MB nativeHeapSize=2.3GB
  pssTotal=2.1GB privateDirty=2.1GB sharedDirty=52.0MB nativePss=2.1GB dalvikPss=3.7MB otherPss=12.1MB
  systemAvail=13.0GB systemThreshold=216.0MB lowMemory=false trimLevel=0 importance=125 fdCount=151
  procStatus VmRSS=2324024 kB VmHWM=3133120 kB VmSize=19385300 kB VmSwap=7732 kB Threads=30 FDSize=256
2026-05-30 09:39:23.883 pid=9989 [model-load] Loading configuration: Qwen3.5 2B MTP
2026-05-30 09:39:23.884 pid=9989 [model-load-skip] config=Qwen3.5 2B MTP model already loaded
  javaUsed=2.7MB javaTotal=10.5MB javaMax=256.0MB nativeHeap=2.3GB nativeHeapFree=8.9MB nativeHeapSize=2.3GB
  pssTotal=2.1GB privateDirty=2.1GB sharedDirty=52.0MB nativePss=2.1GB dalvikPss=3.3MB otherPss=12.1MB
  systemAvail=13.0GB systemThreshold=216.0MB lowMemory=false trimLevel=0 importance=125 fdCount=151
  procStatus VmRSS=2323768 kB VmHWM=3133120 kB VmSize=19385300 kB VmSwap=7732 kB Threads=30 FDSize=256
2026-05-30 09:39:23.952 pid=9989 [generation-start] id=62 config=Qwen3.5 2B MTP model=Qwen3.5-2B-Q8_0.gguf promptLen=1057 mediaCount=0
  javaUsed=2.9MB javaTotal=10.5MB javaMax=256.0MB nativeHeap=2.3GB nativeHeapFree=8.9MB nativeHeapSize=2.3GB
  pssTotal=2.1GB privateDirty=2.1GB sharedDirty=52.0MB nativePss=2.1GB dalvikPss=3.5MB otherPss=12.1MB
  systemAvail=13.0GB systemThreshold=216.0MB lowMemory=false trimLevel=0 importance=125 fdCount=151
  procStatus VmRSS=2323896 kB VmHWM=3133120 kB VmSize=19385300 kB VmSwap=7732 kB Threads=30 FDSize=256
2026-05-30 09:39:24.023 pid=9989 [generation-stage] id=62 stage=native-call-start
2026-05-30 09:40:00.777 pid=9989 [generation-stage] id=62 stage=native-call-end resultLen=82
2026-05-30 09:40:00.778 pid=9989 [generation-end] id=62 resultLen=82
  javaUsed=3.0MB javaTotal=10.5MB javaMax=256.0MB nativeHeap=2.3GB nativeHeapFree=8.9MB nativeHeapSize=2.3GB
  pssTotal=2.1GB privateDirty=2.1GB sharedDirty=52.0MB nativePss=2.1GB dalvikPss=3.6MB otherPss=12.1MB
  systemAvail=12.9GB systemThreshold=216.0MB lowMemory=false trimLevel=0 importance=125 fdCount=151
  procStatus VmRSS=2324152 kB VmHWM=3133120 kB VmSize=19385300 kB VmSwap=7732 kB Threads=30 FDSize=256
2026-05-30 09:40:01.367 pid=9989 [model-load] Loading configuration: Qwen3.5 2B
2026-05-30 09:40:01.761 pid=9989 [runtime-memory] Before model load model=Qwen3.5-2B-UD-Q8_K_XL.gguf
  javaUsed=3.3MB javaTotal=10.5MB javaMax=256.0MB nativeHeap=15.1MB nativeHeapFree=50.1MB nativeHeapSize=69.0MB
  pssTotal=31.6MB privateDirty=18.2MB sharedDirty=52.0MB nativePss=10.5MB dalvikPss=3.8MB otherPss=12.1MB
  systemAvail=15.0GB systemThreshold=216.0MB lowMemory=false trimLevel=0 importance=125 fdCount=151
  procStatus VmRSS=179872 kB VmHWM=3133120 kB VmSize=17156376 kB VmSwap=7732 kB Threads=30 FDSize=256
2026-05-30 09:40:01.817 pid=9989 [runtime-memory] After model load cleanup model=Qwen3.5-2B-UD-Q8_K_XL.gguf
  javaUsed=2.6MB javaTotal=10.5MB javaMax=256.0MB nativeHeap=15.1MB nativeHeapFree=50.1MB nativeHeapSize=69.0MB
  pssTotal=31.1MB privateDirty=17.8MB sharedDirty=52.0MB nativePss=10.6MB dalvikPss=3.3MB otherPss=12.1MB
  systemAvail=15.0GB systemThreshold=216.0MB lowMemory=false trimLevel=0 importance=125 fdCount=151
  procStatus VmRSS=179660 kB VmHWM=3133120 kB VmSize=17156376 kB VmSwap=7732 kB Threads=30 FDSize=256
2026-05-30 09:40:04.007 pid=9989 [model-load-complete] config=Qwen3.5 2B model=Qwen3.5-2B-UD-Q8_K_XL.gguf mmproj=(none)
  javaUsed=2.7MB javaTotal=10.5MB javaMax=256.0MB nativeHeap=3.0GB nativeHeapFree=9.0MB nativeHeapSize=3.1GB
  pssTotal=2.8GB privateDirty=2.8GB sharedDirty=52.0MB nativePss=2.8GB dalvikPss=3.4MB otherPss=12.1MB
  systemAvail=12.2GB systemThreshold=216.0MB lowMemory=false trimLevel=0 importance=125 fdCount=151
  procStatus VmRSS=3126112 kB VmHWM=3133120 kB VmSize=20182604 kB VmSwap=7732 kB Threads=30 FDSize=256
2026-05-30 09:40:04.049 pid=9989 [generation-start] id=63 config=Qwen3.5 2B model=Qwen3.5-2B-UD-Q8_K_XL.gguf promptLen=1045 mediaCount=0
  javaUsed=2.9MB javaTotal=10.5MB javaMax=256.0MB nativeHeap=3.0GB nativeHeapFree=9.0MB nativeHeapSize=3.1GB
  pssTotal=2.8GB privateDirty=2.8GB sharedDirty=52.0MB nativePss=2.8GB dalvikPss=3.5MB otherPss=12.1MB
  systemAvail=12.2GB systemThreshold=216.0MB lowMemory=false trimLevel=0 importance=125 fdCount=151
  procStatus VmRSS=3126368 kB VmHWM=3133120 kB VmSize=20182604 kB VmSwap=7732 kB Threads=30 FDSize=256
2026-05-30 09:40:04.089 pid=9989 [generation-stage] id=63 stage=native-call-start
2026-05-30 09:40:42.648 pid=9989 [generation-stage] id=63 stage=native-call-end resultLen=72
2026-05-30 09:40:42.649 pid=9989 [generation-end] id=63 resultLen=72
  javaUsed=3.0MB javaTotal=10.5MB javaMax=256.0MB nativeHeap=3.0GB nativeHeapFree=8.9MB nativeHeapSize=3.1GB
  pssTotal=2.8GB privateDirty=2.8GB sharedDirty=52.0MB nativePss=2.8GB dalvikPss=3.7MB otherPss=12.1MB
  systemAvail=12.2GB systemThreshold=216.0MB lowMemory=false trimLevel=0 importance=125 fdCount=151
  procStatus VmRSS=3121272 kB VmHWM=3133144 kB VmSize=20182604 kB VmSwap=7732 kB Threads=30 FDSize=256
2026-05-30 09:40:42.692 pid=9989 [model-load] Loading configuration: Qwen3.5 2B
2026-05-30 09:40:42.692 pid=9989 [model-load-skip] config=Qwen3.5 2B model already loaded
  javaUsed=3.3MB javaTotal=10.5MB javaMax=256.0MB nativeHeap=3.0GB nativeHeapFree=8.9MB nativeHeapSize=3.1GB
  pssTotal=2.8GB privateDirty=2.8GB sharedDirty=52.0MB nativePss=2.8GB dalvikPss=3.8MB otherPss=12.1MB
  systemAvail=12.2GB systemThreshold=216.0MB lowMemory=false trimLevel=0 importance=125 fdCount=151
  procStatus VmRSS=3121400 kB VmHWM=3133144 kB VmSize=20182604 kB VmSwap=7732 kB Threads=30 FDSize=256
2026-05-30 09:40:42.733 pid=9989 [generation-start] id=64 config=Qwen3.5 2B model=Qwen3.5-2B-UD-Q8_K_XL.gguf promptLen=1045 mediaCount=0
  javaUsed=3.5MB javaTotal=10.5MB javaMax=256.0MB nativeHeap=3.0GB nativeHeapFree=8.9MB nativeHeapSize=3.1GB
  pssTotal=2.8GB privateDirty=2.8GB sharedDirty=52.0MB nativePss=2.8GB dalvikPss=4.0MB otherPss=12.1MB
  systemAvail=12.2GB systemThreshold=216.0MB lowMemory=false trimLevel=0 importance=125 fdCount=151
  procStatus VmRSS=3121656 kB VmHWM=3133144 kB VmSize=20182604 kB VmSwap=7732 kB Threads=30 FDSize=256
2026-05-30 09:40:42.772 pid=9989 [generation-stage] id=64 stage=native-call-start
2026-05-30 09:41:26.246 pid=9989 [generation-stage] id=64 stage=native-call-end resultLen=110
2026-05-30 09:41:26.247 pid=9989 [generation-end] id=64 resultLen=110
  javaUsed=2.6MB javaTotal=10.5MB javaMax=256.0MB nativeHeap=3.0GB nativeHeapFree=8.9MB nativeHeapSize=3.1GB
  pssTotal=2.8GB privateDirty=2.8GB sharedDirty=52.0MB nativePss=2.8GB dalvikPss=1.3MB otherPss=12.1MB
  systemAvail=12.2GB systemThreshold=216.0MB lowMemory=false trimLevel=0 importance=125 fdCount=151
  procStatus VmRSS=3118804 kB VmHWM=3133144 kB VmSize=20182604 kB VmSwap=7732 kB Threads=30 FDSize=256
2026-05-30 09:41:26.836 pid=9989 [model-load] Loading configuration: Qwen3.5 2B MTP
2026-05-30 09:41:27.343 pid=9989 [runtime-memory] Before model load model=Qwen3.5-2B-Q8_0.gguf
  javaUsed=2.9MB javaTotal=10.5MB javaMax=256.0MB nativeHeap=15.1MB nativeHeapFree=50.1MB nativeHeapSize=69.0MB
  pssTotal=29.2MB privateDirty=15.8MB sharedDirty=52.0MB nativePss=10.4MB dalvikPss=1.5MB otherPss=12.1MB
  systemAvail=15.0GB systemThreshold=216.0MB lowMemory=false trimLevel=0 importance=125 fdCount=151
  procStatus VmRSS=177224 kB VmHWM=3133144 kB VmSize=17156376 kB VmSwap=7732 kB Threads=30 FDSize=256
2026-05-30 09:41:27.400 pid=9989 [runtime-memory] After model load cleanup model=Qwen3.5-2B-Q8_0.gguf
  javaUsed=2.6MB javaTotal=10.5MB javaMax=256.0MB nativeHeap=15.1MB nativeHeapFree=50.1MB nativeHeapSize=69.0MB
  pssTotal=31.0MB privateDirty=17.7MB sharedDirty=52.0MB nativePss=10.5MB dalvikPss=3.3MB otherPss=12.1MB
  systemAvail=15.0GB systemThreshold=216.0MB lowMemory=false trimLevel=0 importance=125 fdCount=151
  procStatus VmRSS=179172 kB VmHWM=3133144 kB VmSize=17156376 kB VmSwap=7732 kB Threads=30 FDSize=256
2026-05-30 09:41:29.896 pid=9989 [model-load-complete] config=Qwen3.5 2B MTP model=Qwen3.5-2B-Q8_0.gguf mmproj=(none)
  javaUsed=2.7MB javaTotal=10.5MB javaMax=256.0MB nativeHeap=2.3GB nativeHeapFree=9.0MB nativeHeapSize=2.3GB
  pssTotal=2.1GB privateDirty=2.1GB sharedDirty=52.0MB nativePss=2.1GB dalvikPss=3.4MB otherPss=12.1MB
  systemAvail=13.0GB systemThreshold=216.0MB lowMemory=false trimLevel=0 importance=125 fdCount=151
  procStatus VmRSS=2328580 kB VmHWM=3133144 kB VmSize=19385300 kB VmSwap=7732 kB Threads=30 FDSize=256
2026-05-30 09:41:29.968 pid=9989 [generation-start] id=65 config=Qwen3.5 2B MTP model=Qwen3.5-2B-Q8_0.gguf promptLen=1054 mediaCount=0
  javaUsed=2.8MB javaTotal=10.5MB javaMax=256.0MB nativeHeap=2.3GB nativeHeapFree=9.0MB nativeHeapSize=2.3GB
  pssTotal=2.1GB privateDirty=2.1GB sharedDirty=52.0MB nativePss=2.1GB dalvikPss=3.5MB otherPss=12.1MB
  systemAvail=13.0GB systemThreshold=216.0MB lowMemory=false trimLevel=0 importance=125 fdCount=151
  procStatus VmRSS=2328836 kB VmHWM=3133144 kB VmSize=19385300 kB VmSwap=7732 kB Threads=30 FDSize=256
2026-05-30 09:41:30.039 pid=9989 [generation-stage] id=65 stage=native-call-start
2026-05-30 09:42:10.542 pid=9989 [generation-stage] id=65 stage=native-call-end resultLen=144
2026-05-30 09:42:10.543 pid=9989 [generation-end] id=65 resultLen=144
  javaUsed=3.0MB javaTotal=10.5MB javaMax=256.0MB nativeHeap=2.3GB nativeHeapFree=8.9MB nativeHeapSize=2.3GB
  pssTotal=2.1GB privateDirty=2.1GB sharedDirty=52.0MB nativePss=2.1GB dalvikPss=3.7MB otherPss=12.1MB
  systemAvail=13.0GB systemThreshold=216.0MB lowMemory=false trimLevel=0 importance=125 fdCount=151
  procStatus VmRSS=2323816 kB VmHWM=3133144 kB VmSize=19385300 kB VmSwap=7732 kB Threads=30 FDSize=256
2026-05-30 09:42:11.339 pid=9989 [model-load] Loading configuration: Qwen3.5 2B
2026-05-30 09:42:11.738 pid=9989 [runtime-memory] Before model load model=Qwen3.5-2B-UD-Q8_K_XL.gguf
  javaUsed=3.3MB javaTotal=10.5MB javaMax=256.0MB nativeHeap=15.1MB nativeHeapFree=50.1MB nativeHeapSize=69.0MB
  pssTotal=31.6MB privateDirty=18.2MB sharedDirty=52.0MB nativePss=10.5MB dalvikPss=3.9MB otherPss=12.1MB
  systemAvail=15.0GB systemThreshold=216.0MB lowMemory=false trimLevel=0 importance=125 fdCount=151
  procStatus VmRSS=179604 kB VmHWM=3133144 kB VmSize=17156376 kB VmSwap=7732 kB Threads=30 FDSize=256
2026-05-30 09:42:11.796 pid=9989 [runtime-memory] After model load cleanup model=Qwen3.5-2B-UD-Q8_K_XL.gguf
  javaUsed=2.6MB javaTotal=10.5MB javaMax=256.0MB nativeHeap=15.1MB nativeHeapFree=50.1MB nativeHeapSize=69.0MB
  pssTotal=31.1MB privateDirty=17.7MB sharedDirty=52.0MB nativePss=10.6MB dalvikPss=3.3MB otherPss=12.1MB
  systemAvail=15.0GB systemThreshold=216.0MB lowMemory=false trimLevel=0 importance=125 fdCount=151
  procStatus VmRSS=179296 kB VmHWM=3133144 kB VmSize=17156376 kB VmSwap=7732 kB Threads=30 FDSize=256
2026-05-30 09:42:14.964 pid=9989 [model-load-complete] config=Qwen3.5 2B model=Qwen3.5-2B-UD-Q8_K_XL.gguf mmproj=(none)
  javaUsed=2.7MB javaTotal=10.5MB javaMax=256.0MB nativeHeap=3.0GB nativeHeapFree=9.0MB nativeHeapSize=3.1GB
  pssTotal=2.8GB privateDirty=2.8GB sharedDirty=52.0MB nativePss=2.8GB dalvikPss=3.4MB otherPss=12.1MB
  systemAvail=12.2GB systemThreshold=216.0MB lowMemory=false trimLevel=0 importance=125 fdCount=151
  procStatus VmRSS=3125952 kB VmHWM=3133144 kB VmSize=20182604 kB VmSwap=7732 kB Threads=30 FDSize=256
2026-05-30 09:42:15.049 pid=9989 [generation-start] id=66 config=Qwen3.5 2B model=Qwen3.5-2B-UD-Q8_K_XL.gguf promptLen=1039 mediaCount=0
  javaUsed=2.8MB javaTotal=10.5MB javaMax=256.0MB nativeHeap=3.0GB nativeHeapFree=9.0MB nativeHeapSize=3.1GB
  pssTotal=2.8GB privateDirty=2.8GB sharedDirty=52.0MB nativePss=2.8GB dalvikPss=3.5MB otherPss=12.1MB
  systemAvail=12.2GB systemThreshold=216.0MB lowMemory=false trimLevel=0 importance=125 fdCount=151
  procStatus VmRSS=3126336 kB VmHWM=3133144 kB VmSize=20182604 kB VmSwap=7732 kB Threads=30 FDSize=256
2026-05-30 09:42:15.131 pid=9989 [generation-stage] id=66 stage=native-call-start
2026-05-30 09:43:02.703 pid=9989 [generation-stage] id=66 stage=native-call-end resultLen=96
2026-05-30 09:43:02.704 pid=9989 [generation-end] id=66 resultLen=96
  javaUsed=3.0MB javaTotal=10.5MB javaMax=256.0MB nativeHeap=3.0GB nativeHeapFree=8.9MB nativeHeapSize=3.1GB
  pssTotal=2.8GB privateDirty=2.8GB sharedDirty=52.0MB nativePss=2.8GB dalvikPss=3.7MB otherPss=12.1MB
  systemAvail=12.3GB systemThreshold=216.0MB lowMemory=false trimLevel=0 importance=125 fdCount=151
  procStatus VmRSS=3121364 kB VmHWM=3133244 kB VmSize=20182604 kB VmSwap=7732 kB Threads=30 FDSize=256
2026-05-30 09:43:02.785 pid=9989 [model-load] Loading configuration: Qwen3.5 2B
2026-05-30 09:43:02.786 pid=9989 [model-load-skip] config=Qwen3.5 2B model already loaded
  javaUsed=2.6MB javaTotal=10.5MB javaMax=256.0MB nativeHeap=3.0GB nativeHeapFree=8.9MB nativeHeapSize=3.1GB
  pssTotal=2.8GB privateDirty=2.8GB sharedDirty=52.0MB nativePss=2.8GB dalvikPss=3.3MB otherPss=12.1MB
  systemAvail=12.3GB systemThreshold=216.0MB lowMemory=false trimLevel=0 importance=125 fdCount=151
  procStatus VmRSS=3121000 kB VmHWM=3133244 kB VmSize=20182604 kB VmSwap=7732 kB Threads=30 FDSize=256
2026-05-30 09:43:02.864 pid=9989 [generation-start] id=67 config=Qwen3.5 2B model=Qwen3.5-2B-UD-Q8_K_XL.gguf promptLen=1039 mediaCount=0
  javaUsed=2.8MB javaTotal=10.5MB javaMax=256.0MB nativeHeap=3.0GB nativeHeapFree=8.9MB nativeHeapSize=3.1GB
  pssTotal=2.8GB privateDirty=2.8GB sharedDirty=52.0MB nativePss=2.8GB dalvikPss=3.5MB otherPss=12.1MB
  systemAvail=12.3GB systemThreshold=216.0MB lowMemory=false trimLevel=0 importance=125 fdCount=151
  procStatus VmRSS=3121128 kB VmHWM=3133244 kB VmSize=20182604 kB VmSwap=7732 kB Threads=30 FDSize=256
2026-05-30 09:43:02.935 pid=9989 [generation-stage] id=67 stage=native-call-start
2026-05-30 09:43:46.452 pid=9989 [generation-stage] id=67 stage=native-call-end resultLen=116
2026-05-30 09:43:46.453 pid=9989 [generation-end] id=67 resultLen=116
  javaUsed=3.0MB javaTotal=10.5MB javaMax=256.0MB nativeHeap=3.0GB nativeHeapFree=8.9MB nativeHeapSize=3.1GB
  pssTotal=2.8GB privateDirty=2.8GB sharedDirty=52.0MB nativePss=2.8GB dalvikPss=3.6MB otherPss=12.1MB
  systemAvail=12.2GB systemThreshold=216.0MB lowMemory=false trimLevel=0 importance=125 fdCount=151
  procStatus VmRSS=3121244 kB VmHWM=3133244 kB VmSize=20182604 kB VmSwap=7732 kB Threads=30 FDSize=256
2026-05-30 09:43:47.484 pid=9989 [model-load] Loading configuration: Qwen3.5 2B MTP
2026-05-30 09:43:47.981 pid=9989 [runtime-memory] Before model load model=Qwen3.5-2B-Q8_0.gguf
  javaUsed=3.3MB javaTotal=10.5MB javaMax=256.0MB nativeHeap=15.1MB nativeHeapFree=50.1MB nativeHeapSize=69.0MB
  pssTotal=31.6MB privateDirty=18.2MB sharedDirty=52.1MB nativePss=10.5MB dalvikPss=3.8MB otherPss=12.1MB
  systemAvail=15.0GB systemThreshold=216.0MB lowMemory=false trimLevel=0 importance=125 fdCount=151
  procStatus VmRSS=179652 kB VmHWM=3133244 kB VmSize=17156632 kB VmSwap=7732 kB Threads=30 FDSize=256
2026-05-30 09:43:48.050 pid=9989 [runtime-memory] After model load cleanup model=Qwen3.5-2B-Q8_0.gguf
  javaUsed=2.6MB javaTotal=10.5MB javaMax=256.0MB nativeHeap=15.1MB nativeHeapFree=50.1MB nativeHeapSize=69.0MB
  pssTotal=31.1MB privateDirty=17.8MB sharedDirty=52.1MB nativePss=10.6MB dalvikPss=3.3MB otherPss=12.1MB
  systemAvail=15.0GB systemThreshold=216.0MB lowMemory=false trimLevel=0 importance=125 fdCount=151
  procStatus VmRSS=179228 kB VmHWM=3133244 kB VmSize=17156632 kB VmSwap=7732 kB Threads=30 FDSize=256
2026-05-30 09:43:50.540 pid=9989 [model-load-complete] config=Qwen3.5 2B MTP model=Qwen3.5-2B-Q8_0.gguf mmproj=(none)
  javaUsed=2.7MB javaTotal=10.5MB javaMax=256.0MB nativeHeap=2.3GB nativeHeapFree=9.0MB nativeHeapSize=2.3GB
  pssTotal=2.1GB privateDirty=2.1GB sharedDirty=52.1MB nativePss=2.1GB dalvikPss=3.4MB otherPss=12.1MB
  systemAvail=13.0GB systemThreshold=216.0MB lowMemory=false trimLevel=0 importance=125 fdCount=151
  procStatus VmRSS=2328580 kB VmHWM=3133244 kB VmSize=19385556 kB VmSwap=7732 kB Threads=30 FDSize=256
2026-05-30 09:43:50.611 pid=9989 [generation-start] id=68 config=Qwen3.5 2B MTP model=Qwen3.5-2B-Q8_0.gguf promptLen=1054 mediaCount=0
  javaUsed=2.8MB javaTotal=10.5MB javaMax=256.0MB nativeHeap=2.3GB nativeHeapFree=9.0MB nativeHeapSize=2.3GB
  pssTotal=2.1GB privateDirty=2.1GB sharedDirty=52.1MB nativePss=2.1GB dalvikPss=3.5MB otherPss=12.1MB
  systemAvail=13.0GB systemThreshold=216.0MB lowMemory=false trimLevel=0 importance=125 fdCount=151
  procStatus VmRSS=2328836 kB VmHWM=3133244 kB VmSize=19385556 kB VmSwap=7732 kB Threads=30 FDSize=256
2026-05-30 09:43:50.681 pid=9989 [generation-stage] id=68 stage=native-call-start
2026-05-30 09:44:25.801 pid=9989 [generation-stage] id=68 stage=native-call-end resultLen=112
2026-05-30 09:44:25.802 pid=9989 [generation-end] id=68 resultLen=112
  javaUsed=3.0MB javaTotal=10.5MB javaMax=256.0MB nativeHeap=2.3GB nativeHeapFree=8.9MB nativeHeapSize=2.3GB
  pssTotal=2.1GB privateDirty=2.1GB sharedDirty=52.1MB nativePss=2.1GB dalvikPss=3.7MB otherPss=12.0MB
  systemAvail=12.6GB systemThreshold=216.0MB lowMemory=false trimLevel=0 importance=125 fdCount=151
  procStatus VmRSS=2323948 kB VmHWM=3133244 kB VmSize=19385556 kB VmSwap=7732 kB Threads=30 FDSize=256
2026-05-30 09:44:26.493 pid=9989 [model-load] Loading configuration: Qwen3.5 2B
2026-05-30 09:44:26.889 pid=9989 [runtime-memory] Before model load model=Qwen3.5-2B-UD-Q8_K_XL.gguf
  javaUsed=3.3MB javaTotal=10.5MB javaMax=256.0MB nativeHeap=15.1MB nativeHeapFree=50.1MB nativeHeapSize=69.0MB
  pssTotal=31.6MB privateDirty=18.2MB sharedDirty=52.1MB nativePss=10.5MB dalvikPss=3.9MB otherPss=12.0MB
  systemAvail=14.6GB systemThreshold=216.0MB lowMemory=false trimLevel=0 importance=125 fdCount=151
  procStatus VmRSS=179796 kB VmHWM=3133244 kB VmSize=17156632 kB VmSwap=7732 kB Threads=30 FDSize=256
2026-05-30 09:44:26.959 pid=9989 [runtime-memory] After model load cleanup model=Qwen3.5-2B-UD-Q8_K_XL.gguf
  javaUsed=2.6MB javaTotal=10.5MB javaMax=256.0MB nativeHeap=15.1MB nativeHeapFree=50.1MB nativeHeapSize=69.0MB
  pssTotal=31.1MB privateDirty=17.8MB sharedDirty=52.1MB nativePss=10.6MB dalvikPss=3.3MB otherPss=12.0MB
  systemAvail=14.6GB systemThreshold=216.0MB lowMemory=false trimLevel=0 importance=125 fdCount=151
  procStatus VmRSS=179428 kB VmHWM=3133244 kB VmSize=17156632 kB VmSwap=7732 kB Threads=30 FDSize=256
2026-05-30 09:44:29.917 pid=9989 [model-load-complete] config=Qwen3.5 2B model=Qwen3.5-2B-UD-Q8_K_XL.gguf mmproj=(none)
  javaUsed=2.7MB javaTotal=10.5MB javaMax=256.0MB nativeHeap=3.0GB nativeHeapFree=9.0MB nativeHeapSize=3.1GB
  pssTotal=2.8GB privateDirty=2.8GB sharedDirty=52.1MB nativePss=2.8GB dalvikPss=3.4MB otherPss=12.0MB
  systemAvail=11.8GB systemThreshold=216.0MB lowMemory=false trimLevel=0 importance=125 fdCount=151
  procStatus VmRSS=3125892 kB VmHWM=3133244 kB VmSize=20182860 kB VmSwap=7732 kB Threads=30 FDSize=256
2026-05-30 09:44:29.971 pid=9989 [generation-start] id=69 config=Qwen3.5 2B model=Qwen3.5-2B-UD-Q8_K_XL.gguf promptLen=1054 mediaCount=0
  javaUsed=2.7MB javaTotal=10.5MB javaMax=256.0MB nativeHeap=3.0GB nativeHeapFree=9.0MB nativeHeapSize=3.1GB
  pssTotal=2.8GB privateDirty=2.8GB sharedDirty=52.1MB nativePss=2.8GB dalvikPss=1.4MB otherPss=12.0MB
  systemAvail=11.8GB systemThreshold=216.0MB lowMemory=false trimLevel=0 importance=125 fdCount=151
  procStatus VmRSS=3124076 kB VmHWM=3133244 kB VmSize=20182860 kB VmSwap=7732 kB Threads=30 FDSize=256
2026-05-30 09:44:30.015 pid=9989 [generation-stage] id=69 stage=native-call-start
2026-05-30 09:45:10.340 pid=9989 [generation-stage] id=69 stage=native-call-end resultLen=130
2026-05-30 09:45:10.341 pid=9989 [generation-end] id=69 resultLen=130
  javaUsed=2.9MB javaTotal=10.5MB javaMax=256.0MB nativeHeap=3.0GB nativeHeapFree=8.9MB nativeHeapSize=3.1GB
  pssTotal=2.8GB privateDirty=2.8GB sharedDirty=52.1MB nativePss=2.8GB dalvikPss=1.5MB otherPss=12.0MB
  systemAvail=11.9GB systemThreshold=216.0MB lowMemory=false trimLevel=0 importance=125 fdCount=151
  procStatus VmRSS=3119188 kB VmHWM=3133244 kB VmSize=20182860 kB VmSwap=7732 kB Threads=30 FDSize=256
2026-05-30 09:45:10.917 pid=9989 [model-load] Loading configuration: Qwen3.5 2B MTP
2026-05-30 09:45:11.413 pid=9989 [runtime-memory] Before model load model=Qwen3.5-2B-Q8_0.gguf
  javaUsed=3.1MB javaTotal=10.5MB javaMax=256.0MB nativeHeap=15.1MB nativeHeapFree=50.1MB nativeHeapSize=69.0MB
  pssTotal=29.4MB privateDirty=16.1MB sharedDirty=52.1MB nativePss=10.5MB dalvikPss=1.7MB otherPss=12.0MB
  systemAvail=14.8GB systemThreshold=216.0MB lowMemory=false trimLevel=0 importance=125 fdCount=151
  procStatus VmRSS=177664 kB VmHWM=3133244 kB VmSize=17156632 kB VmSwap=7732 kB Threads=30 FDSize=256
2026-05-30 09:45:11.483 pid=9989 [runtime-memory] After model load cleanup model=Qwen3.5-2B-Q8_0.gguf
  javaUsed=2.6MB javaTotal=10.5MB javaMax=256.0MB nativeHeap=15.1MB nativeHeapFree=50.1MB nativeHeapSize=69.0MB
  pssTotal=31.1MB privateDirty=17.8MB sharedDirty=52.1MB nativePss=10.6MB dalvikPss=3.3MB otherPss=12.0MB
  systemAvail=14.8GB systemThreshold=216.0MB lowMemory=false trimLevel=0 importance=125 fdCount=151
  procStatus VmRSS=179396 kB VmHWM=3133244 kB VmSize=17156632 kB VmSwap=7732 kB Threads=30 FDSize=256
2026-05-30 09:45:13.983 pid=9989 [model-load-complete] config=Qwen3.5 2B MTP model=Qwen3.5-2B-Q8_0.gguf mmproj=(none)
  javaUsed=2.7MB javaTotal=10.5MB javaMax=256.0MB nativeHeap=2.3GB nativeHeapFree=9.0MB nativeHeapSize=2.3GB
  pssTotal=2.1GB privateDirty=2.1GB sharedDirty=52.1MB nativePss=2.1GB dalvikPss=3.4MB otherPss=12.0MB
  systemAvail=12.7GB systemThreshold=216.0MB lowMemory=false trimLevel=0 importance=125 fdCount=151
  procStatus VmRSS=2328692 kB VmHWM=3133244 kB VmSize=19385556 kB VmSwap=7732 kB Threads=30 FDSize=256
2026-05-30 09:45:14.055 pid=9989 [generation-start] id=70 config=Qwen3.5 2B MTP model=Qwen3.5-2B-Q8_0.gguf promptLen=1051 mediaCount=0
  javaUsed=2.8MB javaTotal=10.5MB javaMax=256.0MB nativeHeap=2.3GB nativeHeapFree=9.0MB nativeHeapSize=2.3GB
  pssTotal=2.1GB privateDirty=2.1GB sharedDirty=52.1MB nativePss=2.1GB dalvikPss=3.5MB otherPss=12.0MB
  systemAvail=12.7GB systemThreshold=216.0MB lowMemory=false trimLevel=0 importance=125 fdCount=151
  procStatus VmRSS=2328948 kB VmHWM=3133244 kB VmSize=19385556 kB VmSwap=7732 kB Threads=30 FDSize=256
2026-05-30 09:45:14.124 pid=9989 [generation-stage] id=70 stage=native-call-start
2026-05-30 09:45:46.671 pid=9989 [generation-stage] id=70 stage=native-call-end resultLen=73
2026-05-30 09:45:46.672 pid=9989 [generation-end] id=70 resultLen=73
  javaUsed=3.1MB javaTotal=10.5MB javaMax=256.0MB nativeHeap=2.3GB nativeHeapFree=8.9MB nativeHeapSize=2.3GB
  pssTotal=2.1GB privateDirty=2.1GB sharedDirty=52.1MB nativePss=2.1GB dalvikPss=3.7MB otherPss=12.0MB
  systemAvail=12.7GB systemThreshold=216.0MB lowMemory=false trimLevel=0 importance=125 fdCount=151
  procStatus VmRSS=2324080 kB VmHWM=3133244 kB VmSize=19385556 kB VmSwap=7732 kB Threads=30 FDSize=256
2026-05-30 09:45:46.745 pid=9989 [model-load] Loading configuration: Qwen3.5 2B MTP
2026-05-30 09:45:46.746 pid=9989 [model-load-skip] config=Qwen3.5 2B MTP model already loaded
  javaUsed=3.3MB javaTotal=10.5MB javaMax=256.0MB nativeHeap=2.3GB nativeHeapFree=8.9MB nativeHeapSize=2.3GB
  pssTotal=2.1GB privateDirty=2.1GB sharedDirty=52.1MB nativePss=2.1GB dalvikPss=3.9MB otherPss=12.0MB
  systemAvail=12.7GB systemThreshold=216.0MB lowMemory=false trimLevel=0 importance=125 fdCount=151
  procStatus VmRSS=2324208 kB VmHWM=3133244 kB VmSize=19385556 kB VmSwap=7732 kB Threads=30 FDSize=256
2026-05-30 09:45:46.818 pid=9989 [generation-start] id=71 config=Qwen3.5 2B MTP model=Qwen3.5-2B-Q8_0.gguf promptLen=1051 mediaCount=0
  javaUsed=3.5MB javaTotal=10.5MB javaMax=256.0MB nativeHeap=2.3GB nativeHeapFree=8.9MB nativeHeapSize=2.3GB
  pssTotal=2.1GB privateDirty=2.1GB sharedDirty=52.1MB nativePss=2.1GB dalvikPss=4.0MB otherPss=12.0MB
  systemAvail=12.7GB systemThreshold=216.0MB lowMemory=false trimLevel=0 importance=125 fdCount=151
  procStatus VmRSS=2324336 kB VmHWM=3133244 kB VmSize=19385556 kB VmSwap=7732 kB Threads=30 FDSize=256
2026-05-30 09:45:46.884 pid=9989 [generation-stage] id=71 stage=native-call-start
2026-05-30 09:46:13.426 pid=9989 [generation-stage] id=71 stage=native-call-end resultLen=55
2026-05-30 09:46:13.427 pid=9989 [generation-end] id=71 resultLen=55
  javaUsed=3.7MB javaTotal=10.5MB javaMax=256.0MB nativeHeap=2.3GB nativeHeapFree=8.9MB nativeHeapSize=2.3GB
  pssTotal=2.1GB privateDirty=2.1GB sharedDirty=52.1MB nativePss=2.1GB dalvikPss=4.2MB otherPss=12.0MB
  systemAvail=12.8GB systemThreshold=216.0MB lowMemory=false trimLevel=0 importance=125 fdCount=151
  procStatus VmRSS=2324332 kB VmHWM=3133244 kB VmSize=19385556 kB VmSwap=7732 kB Threads=30 FDSize=256
2026-05-30 09:46:14.437 pid=9989 [model-load] Loading configuration: Qwen3.5 2B
2026-05-30 09:46:14.854 pid=9989 [runtime-memory] Before model load model=Qwen3.5-2B-UD-Q8_K_XL.gguf
  javaUsed=2.6MB javaTotal=10.5MB javaMax=256.0MB nativeHeap=15.1MB nativeHeapFree=50.1MB nativeHeapSize=69.0MB
  pssTotal=30.9MB privateDirty=17.6MB sharedDirty=52.1MB nativePss=10.4MB dalvikPss=3.3MB otherPss=12.0MB
  systemAvail=14.9GB systemThreshold=216.0MB lowMemory=false trimLevel=0 importance=125 fdCount=151
  procStatus VmRSS=179224 kB VmHWM=3133244 kB VmSize=17156632 kB VmSwap=7732 kB Threads=30 FDSize=256
2026-05-30 09:46:14.925 pid=9989 [runtime-memory] After model load cleanup model=Qwen3.5-2B-UD-Q8_K_XL.gguf
  javaUsed=2.6MB javaTotal=10.5MB javaMax=256.0MB nativeHeap=15.1MB nativeHeapFree=50.1MB nativeHeapSize=69.0MB
  pssTotal=31.0MB privateDirty=17.7MB sharedDirty=52.1MB nativePss=10.5MB dalvikPss=3.3MB otherPss=12.0MB
  systemAvail=14.9GB systemThreshold=216.0MB lowMemory=false trimLevel=0 importance=125 fdCount=151
  procStatus VmRSS=179480 kB VmHWM=3133244 kB VmSize=17156632 kB VmSwap=7732 kB Threads=30 FDSize=256
2026-05-30 09:46:18.158 pid=9989 [model-load-complete] config=Qwen3.5 2B model=Qwen3.5-2B-UD-Q8_K_XL.gguf mmproj=(none)
  javaUsed=2.7MB javaTotal=10.5MB javaMax=256.0MB nativeHeap=3.0GB nativeHeapFree=9.0MB nativeHeapSize=3.1GB
  pssTotal=2.8GB privateDirty=2.8GB sharedDirty=52.1MB nativePss=2.8GB dalvikPss=3.4MB otherPss=12.0MB
  systemAvail=12.0GB systemThreshold=216.0MB lowMemory=false trimLevel=0 importance=125 fdCount=151
  procStatus VmRSS=3126144 kB VmHWM=3133244 kB VmSize=20182860 kB VmSwap=7732 kB Threads=30 FDSize=256
2026-05-30 09:46:18.241 pid=9989 [generation-start] id=72 config=Qwen3.5 2B model=Qwen3.5-2B-UD-Q8_K_XL.gguf promptLen=1051 mediaCount=0
  javaUsed=2.9MB javaTotal=10.5MB javaMax=256.0MB nativeHeap=3.0GB nativeHeapFree=9.0MB nativeHeapSize=3.1GB
  pssTotal=2.8GB privateDirty=2.8GB sharedDirty=52.1MB nativePss=2.8GB dalvikPss=3.5MB otherPss=12.0MB
  systemAvail=12.0GB systemThreshold=216.0MB lowMemory=false trimLevel=0 importance=125 fdCount=151
  procStatus VmRSS=3126272 kB VmHWM=3133244 kB VmSize=20182860 kB VmSwap=7732 kB Threads=30 FDSize=256
2026-05-30 09:46:18.310 pid=9989 [generation-stage] id=72 stage=native-call-start
2026-05-30 09:46:56.729 pid=9989 [generation-stage] id=72 stage=native-call-end resultLen=54
2026-05-30 09:46:56.730 pid=9989 [generation-end] id=72 resultLen=54
  javaUsed=3.0MB javaTotal=10.5MB javaMax=256.0MB nativeHeap=3.0GB nativeHeapFree=8.9MB nativeHeapSize=3.1GB
  pssTotal=2.8GB privateDirty=2.8GB sharedDirty=52.1MB nativePss=2.8GB dalvikPss=3.7MB otherPss=12.0MB
  systemAvail=12.1GB systemThreshold=216.0MB lowMemory=false trimLevel=0 importance=125 fdCount=151
  procStatus VmRSS=3121196 kB VmHWM=3133244 kB VmSize=20182860 kB VmSwap=7732 kB Threads=30 FDSize=256
2026-05-30 09:46:57.326 pid=9989 [model-load] Loading configuration: Qwen3.5 2B MTP
2026-05-30 09:46:57.830 pid=9989 [runtime-memory] Before model load model=Qwen3.5-2B-Q8_0.gguf
  javaUsed=3.3MB javaTotal=10.5MB javaMax=256.0MB nativeHeap=15.1MB nativeHeapFree=50.1MB nativeHeapSize=69.0MB
  pssTotal=31.5MB privateDirty=18.2MB sharedDirty=52.1MB nativePss=10.5MB dalvikPss=3.9MB otherPss=12.0MB
  systemAvail=14.9GB systemThreshold=216.0MB lowMemory=false trimLevel=0 importance=125 fdCount=151
  procStatus VmRSS=179672 kB VmHWM=3133244 kB VmSize=17156632 kB VmSwap=7732 kB Threads=30 FDSize=256
2026-05-30 09:46:57.899 pid=9989 [runtime-memory] After model load cleanup model=Qwen3.5-2B-Q8_0.gguf
  javaUsed=2.6MB javaTotal=10.5MB javaMax=256.0MB nativeHeap=15.1MB nativeHeapFree=50.1MB nativeHeapSize=69.0MB
  pssTotal=31.0MB privateDirty=17.7MB sharedDirty=52.1MB nativePss=10.6MB dalvikPss=3.3MB otherPss=12.0MB
  systemAvail=14.9GB systemThreshold=216.0MB lowMemory=false trimLevel=0 importance=125 fdCount=151
  procStatus VmRSS=179208 kB VmHWM=3133244 kB VmSize=17156632 kB VmSwap=7732 kB Threads=30 FDSize=256
2026-05-30 09:47:00.406 pid=9989 [model-load-complete] config=Qwen3.5 2B MTP model=Qwen3.5-2B-Q8_0.gguf mmproj=(none)
  javaUsed=2.7MB javaTotal=10.5MB javaMax=256.0MB nativeHeap=2.3GB nativeHeapFree=9.0MB nativeHeapSize=2.3GB
  pssTotal=2.1GB privateDirty=2.1GB sharedDirty=52.1MB nativePss=2.1GB dalvikPss=3.3MB otherPss=12.0MB
  systemAvail=12.8GB systemThreshold=216.0MB lowMemory=false trimLevel=0 importance=125 fdCount=151
  procStatus VmRSS=2328616 kB VmHWM=3133244 kB VmSize=19385556 kB VmSwap=7732 kB Threads=30 FDSize=256
2026-05-30 09:47:00.473 pid=9989 [generation-start] id=73 config=Qwen3.5 2B MTP model=Qwen3.5-2B-Q8_0.gguf promptLen=1051 mediaCount=0
  javaUsed=2.8MB javaTotal=10.5MB javaMax=256.0MB nativeHeap=2.3GB nativeHeapFree=9.0MB nativeHeapSize=2.3GB
  pssTotal=2.1GB privateDirty=2.1GB sharedDirty=52.1MB nativePss=2.1GB dalvikPss=3.5MB otherPss=12.0MB
  systemAvail=12.8GB systemThreshold=216.0MB lowMemory=false trimLevel=0 importance=125 fdCount=151
  procStatus VmRSS=2328744 kB VmHWM=3133244 kB VmSize=19385556 kB VmSwap=7732 kB Threads=30 FDSize=256
2026-05-30 09:47:00.532 pid=9989 [generation-stage] id=73 stage=native-call-start
2026-05-30 09:47:35.291 pid=9989 [generation-stage] id=73 stage=native-call-end resultLen=32
2026-05-30 09:47:35.292 pid=9989 [generation-end] id=73 resultLen=32
  javaUsed=3.0MB javaTotal=10.5MB javaMax=256.0MB nativeHeap=2.3GB nativeHeapFree=8.9MB nativeHeapSize=2.3GB
  pssTotal=2.1GB privateDirty=2.1GB sharedDirty=52.1MB nativePss=2.1GB dalvikPss=3.6MB otherPss=12.0MB
  systemAvail=12.8GB systemThreshold=216.0MB lowMemory=false trimLevel=0 importance=125 fdCount=151
  procStatus VmRSS=2323884 kB VmHWM=3133244 kB VmSize=19385556 kB VmSwap=7732 kB Threads=30 FDSize=256
2026-05-30 09:47:36.100 pid=9989 [model-load] Loading configuration: Qwen3.5 2B
2026-05-30 09:47:36.492 pid=9989 [runtime-memory] Before model load model=Qwen3.5-2B-UD-Q8_K_XL.gguf
  javaUsed=3.3MB javaTotal=10.5MB javaMax=256.0MB nativeHeap=15.1MB nativeHeapFree=50.1MB nativeHeapSize=69.0MB
  pssTotal=31.5MB privateDirty=18.2MB sharedDirty=52.1MB nativePss=10.5MB dalvikPss=3.8MB otherPss=12.0MB
  systemAvail=14.9GB systemThreshold=216.0MB lowMemory=false trimLevel=0 importance=125 fdCount=151
  procStatus VmRSS=179756 kB VmHWM=3133244 kB VmSize=17156632 kB VmSwap=7732 kB Threads=30 FDSize=256
2026-05-30 09:47:36.562 pid=9989 [runtime-memory] After model load cleanup model=Qwen3.5-2B-UD-Q8_K_XL.gguf
  javaUsed=2.6MB javaTotal=10.5MB javaMax=256.0MB nativeHeap=15.1MB nativeHeapFree=50.1MB nativeHeapSize=69.0MB
  pssTotal=31.0MB privateDirty=17.7MB sharedDirty=52.1MB nativePss=10.6MB dalvikPss=3.3MB otherPss=12.0MB
  systemAvail=14.9GB systemThreshold=216.0MB lowMemory=false trimLevel=0 importance=125 fdCount=151
  procStatus VmRSS=179364 kB VmHWM=3133244 kB VmSize=17156632 kB VmSwap=7732 kB Threads=30 FDSize=256
2026-05-30 09:47:39.705 pid=9989 [model-load-complete] config=Qwen3.5 2B model=Qwen3.5-2B-UD-Q8_K_XL.gguf mmproj=(none)
  javaUsed=2.7MB javaTotal=10.5MB javaMax=256.0MB nativeHeap=3.0GB nativeHeapFree=9.0MB nativeHeapSize=3.1GB
  pssTotal=2.8GB privateDirty=2.8GB sharedDirty=52.1MB nativePss=2.8GB dalvikPss=3.3MB otherPss=12.0MB
  systemAvail=12.0GB systemThreshold=216.0MB lowMemory=false trimLevel=0 importance=125 fdCount=151
  procStatus VmRSS=3125972 kB VmHWM=3133244 kB VmSize=20182860 kB VmSwap=7732 kB Threads=30 FDSize=256
2026-05-30 09:47:39.790 pid=9989 [generation-start] id=74 config=Qwen3.5 2B model=Qwen3.5-2B-UD-Q8_K_XL.gguf promptLen=1039 mediaCount=0
  javaUsed=2.8MB javaTotal=10.5MB javaMax=256.0MB nativeHeap=3.0GB nativeHeapFree=9.0MB nativeHeapSize=3.1GB
  pssTotal=2.8GB privateDirty=2.8GB sharedDirty=52.1MB nativePss=2.8GB dalvikPss=3.5MB otherPss=12.0MB
  systemAvail=12.0GB systemThreshold=216.0MB lowMemory=false trimLevel=0 importance=125 fdCount=151
  procStatus VmRSS=3126228 kB VmHWM=3133244 kB VmSize=20182860 kB VmSwap=7732 kB Threads=30 FDSize=256
2026-05-30 09:47:39.862 pid=9989 [generation-stage] id=74 stage=native-call-start
2026-05-30 09:48:27.219 pid=9989 [generation-stage] id=74 stage=native-call-end resultLen=96
2026-05-30 09:48:27.220 pid=9989 [generation-end] id=74 resultLen=96
  javaUsed=3.0MB javaTotal=10.5MB javaMax=256.0MB nativeHeap=3.0GB nativeHeapFree=8.9MB nativeHeapSize=3.1GB
  pssTotal=2.8GB privateDirty=2.8GB sharedDirty=52.1MB nativePss=2.8GB dalvikPss=3.7MB otherPss=12.0MB
  systemAvail=12.1GB systemThreshold=216.0MB lowMemory=false trimLevel=0 importance=125 fdCount=151
  procStatus VmRSS=3121392 kB VmHWM=3133268 kB VmSize=20182860 kB VmSwap=7732 kB Threads=30 FDSize=256
2026-05-30 09:48:27.291 pid=9989 [model-load] Loading configuration: Qwen3.5 2B
2026-05-30 09:48:27.292 pid=9989 [model-load-skip] config=Qwen3.5 2B model already loaded
  javaUsed=3.3MB javaTotal=10.5MB javaMax=256.0MB nativeHeap=3.0GB nativeHeapFree=8.9MB nativeHeapSize=3.1GB
  pssTotal=2.8GB privateDirty=2.8GB sharedDirty=52.1MB nativePss=2.8GB dalvikPss=3.8MB otherPss=12.0MB
  systemAvail=12.1GB systemThreshold=216.0MB lowMemory=false trimLevel=0 importance=125 fdCount=151
  procStatus VmRSS=3121392 kB VmHWM=3133268 kB VmSize=20182860 kB VmSwap=7732 kB Threads=30 FDSize=256
2026-05-30 09:48:27.375 pid=9989 [generation-start] id=75 config=Qwen3.5 2B model=Qwen3.5-2B-UD-Q8_K_XL.gguf promptLen=1039 mediaCount=0
  javaUsed=3.5MB javaTotal=10.5MB javaMax=256.0MB nativeHeap=3.0GB nativeHeapFree=8.9MB nativeHeapSize=3.1GB
  pssTotal=2.8GB privateDirty=2.8GB sharedDirty=52.1MB nativePss=2.8GB dalvikPss=4.0MB otherPss=12.0MB
  systemAvail=12.1GB systemThreshold=216.0MB lowMemory=false trimLevel=0 importance=125 fdCount=151
  procStatus VmRSS=3121520 kB VmHWM=3133268 kB VmSize=20182860 kB VmSwap=7732 kB Threads=30 FDSize=256
2026-05-30 09:48:27.456 pid=9989 [generation-stage] id=75 stage=native-call-start
2026-05-30 09:49:13.660 pid=9989 [generation-stage] id=75 stage=native-call-end resultLen=78
2026-05-30 09:49:13.661 pid=9989 [generation-end] id=75 resultLen=78
  javaUsed=3.6MB javaTotal=10.5MB javaMax=256.0MB nativeHeap=3.0GB nativeHeapFree=8.9MB nativeHeapSize=3.1GB
  pssTotal=2.8GB privateDirty=2.8GB sharedDirty=52.1MB nativePss=2.8GB dalvikPss=4.1MB otherPss=12.0MB
  systemAvail=12.1GB systemThreshold=216.0MB lowMemory=false trimLevel=0 importance=125 fdCount=151
  procStatus VmRSS=3121776 kB VmHWM=3133268 kB VmSize=20182860 kB VmSwap=7732 kB Threads=30 FDSize=256
2026-05-30 09:49:14.253 pid=9989 [model-load] Loading configuration: Qwen3.5 2B MTP
2026-05-30 09:49:14.761 pid=9989 [runtime-memory] Before model load model=Qwen3.5-2B-Q8_0.gguf
  javaUsed=3.9MB javaTotal=10.5MB javaMax=256.0MB nativeHeap=15.1MB nativeHeapFree=50.1MB nativeHeapSize=69.0MB
  pssTotal=32.1MB privateDirty=18.8MB sharedDirty=52.1MB nativePss=10.5MB dalvikPss=4.3MB otherPss=12.0MB
  systemAvail=14.9GB systemThreshold=216.0MB lowMemory=false trimLevel=0 importance=125 fdCount=151
  procStatus VmRSS=180256 kB VmHWM=3133268 kB VmSize=17156632 kB VmSwap=7732 kB Threads=30 FDSize=256
2026-05-30 09:49:14.832 pid=9989 [runtime-memory] After model load cleanup model=Qwen3.5-2B-Q8_0.gguf
  javaUsed=2.6MB javaTotal=10.5MB javaMax=256.0MB nativeHeap=15.1MB nativeHeapFree=50.1MB nativeHeapSize=69.0MB
  pssTotal=31.1MB privateDirty=17.8MB sharedDirty=52.1MB nativePss=10.6MB dalvikPss=3.3MB otherPss=12.0MB
  systemAvail=14.9GB systemThreshold=216.0MB lowMemory=false trimLevel=0 importance=125 fdCount=151
  procStatus VmRSS=179444 kB VmHWM=3133268 kB VmSize=17156632 kB VmSwap=7732 kB Threads=30 FDSize=256
2026-05-30 09:49:17.410 pid=9989 [model-load-complete] config=Qwen3.5 2B MTP model=Qwen3.5-2B-Q8_0.gguf mmproj=(none)
  javaUsed=2.7MB javaTotal=10.5MB javaMax=256.0MB nativeHeap=2.3GB nativeHeapFree=9.0MB nativeHeapSize=2.3GB
  pssTotal=2.1GB privateDirty=2.1GB sharedDirty=52.1MB nativePss=2.1GB dalvikPss=3.4MB otherPss=12.0MB
  systemAvail=12.8GB systemThreshold=216.0MB lowMemory=false trimLevel=0 importance=125 fdCount=151
  procStatus VmRSS=2328796 kB VmHWM=3133268 kB VmSize=19385556 kB VmSwap=7732 kB Threads=30 FDSize=256
2026-05-30 09:49:17.481 pid=9989 [generation-start] id=76 config=Qwen3.5 2B MTP model=Qwen3.5-2B-Q8_0.gguf promptLen=1045 mediaCount=0
  javaUsed=2.8MB javaTotal=10.5MB javaMax=256.0MB nativeHeap=2.3GB nativeHeapFree=9.0MB nativeHeapSize=2.3GB
  pssTotal=2.1GB privateDirty=2.1GB sharedDirty=52.1MB nativePss=2.1GB dalvikPss=3.5MB otherPss=12.0MB
  systemAvail=12.8GB systemThreshold=216.0MB lowMemory=false trimLevel=0 importance=125 fdCount=151
  procStatus VmRSS=2329052 kB VmHWM=3133268 kB VmSize=19385556 kB VmSwap=7732 kB Threads=30 FDSize=256
2026-05-30 09:49:17.550 pid=9989 [generation-stage] id=76 stage=native-call-start
2026-05-30 09:49:57.941 pid=9989 [generation-stage] id=76 stage=native-call-end resultLen=162
2026-05-30 09:49:57.941 pid=9989 [generation-end] id=76 resultLen=162
  javaUsed=2.6MB javaTotal=10.5MB javaMax=256.0MB nativeHeap=2.3GB nativeHeapFree=8.9MB nativeHeapSize=2.3GB
  pssTotal=2.1GB privateDirty=2.1GB sharedDirty=52.1MB nativePss=2.1GB dalvikPss=1.3MB otherPss=12.0MB
  systemAvail=12.8GB systemThreshold=216.0MB lowMemory=false trimLevel=0 importance=125 fdCount=151
  procStatus VmRSS=2321632 kB VmHWM=3133268 kB VmSize=19385556 kB VmSwap=7732 kB Threads=30 FDSize=256
2026-05-30 09:49:58.960 pid=9989 [model-load] Loading configuration: Qwen3.5 2B
2026-05-30 09:49:59.368 pid=9989 [runtime-memory] Before model load model=Qwen3.5-2B-UD-Q8_K_XL.gguf
  javaUsed=2.9MB javaTotal=10.5MB javaMax=256.0MB nativeHeap=15.1MB nativeHeapFree=50.1MB nativeHeapSize=69.0MB
  pssTotal=29.2MB privateDirty=15.9MB sharedDirty=52.1MB nativePss=10.4MB dalvikPss=1.5MB otherPss=12.0MB
  systemAvail=14.9GB systemThreshold=216.0MB lowMemory=false trimLevel=0 importance=125 fdCount=151
  procStatus VmRSS=177300 kB VmHWM=3133268 kB VmSize=17156632 kB VmSwap=7732 kB Threads=30 FDSize=256
2026-05-30 09:49:59.435 pid=9989 [runtime-memory] After model load cleanup model=Qwen3.5-2B-UD-Q8_K_XL.gguf
  javaUsed=2.6MB javaTotal=10.5MB javaMax=256.0MB nativeHeap=15.1MB nativeHeapFree=50.1MB nativeHeapSize=69.0MB
  pssTotal=31.0MB privateDirty=17.7MB sharedDirty=52.1MB nativePss=10.5MB dalvikPss=3.3MB otherPss=12.0MB
  systemAvail=14.9GB systemThreshold=216.0MB lowMemory=false trimLevel=0 importance=125 fdCount=151
  procStatus VmRSS=179248 kB VmHWM=3133268 kB VmSize=17156632 kB VmSwap=7732 kB Threads=30 FDSize=256
2026-05-30 09:50:02.634 pid=9989 [model-load-complete] config=Qwen3.5 2B model=Qwen3.5-2B-UD-Q8_K_XL.gguf mmproj=(none)
  javaUsed=2.7MB javaTotal=10.5MB javaMax=256.0MB nativeHeap=3.0GB nativeHeapFree=9.0MB nativeHeapSize=3.1GB
  pssTotal=2.8GB privateDirty=2.8GB sharedDirty=52.1MB nativePss=2.8GB dalvikPss=3.4MB otherPss=12.0MB
  systemAvail=12.0GB systemThreshold=216.0MB lowMemory=false trimLevel=0 importance=125 fdCount=151
  procStatus VmRSS=3125952 kB VmHWM=3133268 kB VmSize=20182860 kB VmSwap=7732 kB Threads=30 FDSize=256
2026-05-30 09:50:02.712 pid=9989 [generation-start] id=77 config=Qwen3.5 2B model=Qwen3.5-2B-UD-Q8_K_XL.gguf promptLen=1039 mediaCount=0
  javaUsed=2.8MB javaTotal=10.5MB javaMax=256.0MB nativeHeap=3.0GB nativeHeapFree=9.0MB nativeHeapSize=3.1GB
  pssTotal=2.8GB privateDirty=2.8GB sharedDirty=52.1MB nativePss=2.8GB dalvikPss=3.5MB otherPss=12.0MB
  systemAvail=12.0GB systemThreshold=216.0MB lowMemory=false trimLevel=0 importance=125 fdCount=151
  procStatus VmRSS=3126208 kB VmHWM=3133268 kB VmSize=20182860 kB VmSwap=7732 kB Threads=30 FDSize=256
2026-05-30 09:50:02.794 pid=9989 [generation-stage] id=77 stage=native-call-start
2026-05-30 09:50:51.102 pid=9989 [generation-stage] id=77 stage=native-call-end resultLen=142
2026-05-30 09:50:51.103 pid=9989 [generation-end] id=77 resultLen=142
  javaUsed=3.0MB javaTotal=10.5MB javaMax=256.0MB nativeHeap=3.0GB nativeHeapFree=8.9MB nativeHeapSize=3.1GB
  pssTotal=2.8GB privateDirty=2.8GB sharedDirty=52.1MB nativePss=2.8GB dalvikPss=3.7MB otherPss=12.0MB
  systemAvail=12.0GB systemThreshold=216.0MB lowMemory=false trimLevel=0 importance=125 fdCount=151
  procStatus VmRSS=3121268 kB VmHWM=3133268 kB VmSize=20182860 kB VmSwap=7732 kB Threads=30 FDSize=256
2026-05-30 09:50:52.233 pid=9989 [model-load] Loading configuration: Qwen3.5 2B MTP
2026-05-30 09:50:52.606 pid=9989 [runtime-memory] Before model load model=Qwen3.5-2B-Q8_0.gguf
  javaUsed=3.3MB javaTotal=10.5MB javaMax=256.0MB nativeHeap=15.1MB nativeHeapFree=50.1MB nativeHeapSize=69.0MB
  pssTotal=31.5MB privateDirty=18.2MB sharedDirty=52.1MB nativePss=10.5MB dalvikPss=3.9MB otherPss=12.0MB
  systemAvail=14.7GB systemThreshold=216.0MB lowMemory=false trimLevel=0 importance=125 fdCount=151
  procStatus VmRSS=179756 kB VmHWM=3133268 kB VmSize=17156632 kB VmSwap=7732 kB Threads=30 FDSize=256
2026-05-30 09:50:52.641 pid=9989 [runtime-memory] After model load cleanup model=Qwen3.5-2B-Q8_0.gguf
  javaUsed=2.5MB javaTotal=10.5MB javaMax=256.0MB nativeHeap=15.1MB nativeHeapFree=50.1MB nativeHeapSize=69.0MB
  pssTotal=31.1MB privateDirty=17.8MB sharedDirty=52.1MB nativePss=10.6MB dalvikPss=3.3MB otherPss=12.0MB
  systemAvail=14.7GB systemThreshold=216.0MB lowMemory=false trimLevel=0 importance=125 fdCount=151
  procStatus VmRSS=179304 kB VmHWM=3133268 kB VmSize=17156632 kB VmSwap=7732 kB Threads=30 FDSize=256
2026-05-30 09:50:54.099 pid=9989 [model-load-complete] config=Qwen3.5 2B MTP model=Qwen3.5-2B-Q8_0.gguf mmproj=(none)
  javaUsed=2.7MB javaTotal=10.5MB javaMax=256.0MB nativeHeap=2.3GB nativeHeapFree=9.0MB nativeHeapSize=2.3GB
  pssTotal=2.1GB privateDirty=2.1GB sharedDirty=52.1MB nativePss=2.1GB dalvikPss=3.4MB otherPss=12.0MB
  systemAvail=12.8GB systemThreshold=216.0MB lowMemory=false trimLevel=0 importance=125 fdCount=151
  procStatus VmRSS=2328600 kB VmHWM=3133268 kB VmSize=19385556 kB VmSwap=7732 kB Threads=30 FDSize=256
2026-05-30 09:50:54.133 pid=9989 [generation-start] id=78 config=Qwen3.5 2B MTP model=Qwen3.5-2B-Q8_0.gguf promptLen=1039 mediaCount=0
  javaUsed=2.8MB javaTotal=10.5MB javaMax=256.0MB nativeHeap=2.3GB nativeHeapFree=9.0MB nativeHeapSize=2.3GB
  pssTotal=2.1GB privateDirty=2.1GB sharedDirty=52.1MB nativePss=2.1GB dalvikPss=3.5MB otherPss=12.0MB
  systemAvail=12.8GB systemThreshold=216.0MB lowMemory=false trimLevel=0 importance=125 fdCount=151
  procStatus VmRSS=2328856 kB VmHWM=3133268 kB VmSize=19385556 kB VmSwap=7732 kB Threads=30 FDSize=256
2026-05-30 09:50:54.164 pid=9989 [generation-stage] id=78 stage=native-call-start
2026-05-30 09:51:26.374 pid=9989 [generation-stage] id=78 stage=native-call-end resultLen=59
2026-05-30 09:51:26.375 pid=9989 [generation-end] id=78 resultLen=59
  javaUsed=3.0MB javaTotal=10.5MB javaMax=256.0MB nativeHeap=2.3GB nativeHeapFree=8.9MB nativeHeapSize=2.3GB
  pssTotal=2.1GB privateDirty=2.1GB sharedDirty=52.1MB nativePss=2.1GB dalvikPss=3.7MB otherPss=12.0MB
  systemAvail=12.8GB systemThreshold=216.0MB lowMemory=false trimLevel=0 importance=125 fdCount=151
  procStatus VmRSS=2323952 kB VmHWM=3133268 kB VmSize=19385556 kB VmSwap=7732 kB Threads=30 FDSize=256
2026-05-30 09:51:27.396 pid=9989 [model-load] Loading configuration: Qwen3.5 2B
2026-05-30 09:51:27.795 pid=9989 [runtime-memory] Before model load model=Qwen3.5-2B-UD-Q8_K_XL.gguf
  javaUsed=2.7MB javaTotal=10.5MB javaMax=256.0MB nativeHeap=15.1MB nativeHeapFree=50.1MB nativeHeapSize=69.0MB
  pssTotal=31.0MB privateDirty=17.7MB sharedDirty=52.1MB nativePss=10.4MB dalvikPss=3.4MB otherPss=12.0MB
  systemAvail=14.8GB systemThreshold=216.0MB lowMemory=false trimLevel=0 importance=125 fdCount=151
  procStatus VmRSS=179268 kB VmHWM=3133268 kB VmSize=17157528 kB VmSwap=7732 kB Threads=30 FDSize=256
2026-05-30 09:51:27.863 pid=9989 [runtime-memory] After model load cleanup model=Qwen3.5-2B-UD-Q8_K_XL.gguf
  javaUsed=2.6MB javaTotal=10.5MB javaMax=256.0MB nativeHeap=15.1MB nativeHeapFree=50.1MB nativeHeapSize=69.0MB
  pssTotal=31.0MB privateDirty=17.7MB sharedDirty=52.1MB nativePss=10.5MB dalvikPss=3.3MB otherPss=12.0MB
  systemAvail=14.8GB systemThreshold=216.0MB lowMemory=false trimLevel=0 importance=125 fdCount=151
  procStatus VmRSS=179316 kB VmHWM=3133268 kB VmSize=17157528 kB VmSwap=7732 kB Threads=30 FDSize=256
2026-05-30 09:51:30.302 pid=9989 [model-load-complete] config=Qwen3.5 2B model=Qwen3.5-2B-UD-Q8_K_XL.gguf mmproj=(none)
  javaUsed=2.7MB javaTotal=10.5MB javaMax=256.0MB nativeHeap=3.0GB nativeHeapFree=9.0MB nativeHeapSize=3.1GB
  pssTotal=2.8GB privateDirty=2.8GB sharedDirty=52.1MB nativePss=2.8GB dalvikPss=3.4MB otherPss=12.0MB
  systemAvail=12.0GB systemThreshold=216.0MB lowMemory=false trimLevel=0 importance=125 fdCount=151
  procStatus VmRSS=3125904 kB VmHWM=3133268 kB VmSize=20183756 kB VmSwap=7732 kB Threads=30 FDSize=256
2026-05-30 09:51:30.342 pid=9989 [generation-start] id=79 config=Qwen3.5 2B model=Qwen3.5-2B-UD-Q8_K_XL.gguf promptLen=1036 mediaCount=0
  javaUsed=2.9MB javaTotal=10.5MB javaMax=256.0MB nativeHeap=3.0GB nativeHeapFree=9.0MB nativeHeapSize=3.1GB
  pssTotal=2.8GB privateDirty=2.8GB sharedDirty=52.1MB nativePss=2.8GB dalvikPss=3.5MB otherPss=12.0MB
  systemAvail=12.0GB systemThreshold=216.0MB lowMemory=false trimLevel=0 importance=125 fdCount=151
  procStatus VmRSS=3126160 kB VmHWM=3133268 kB VmSize=20183756 kB VmSwap=7732 kB Threads=30 FDSize=256
2026-05-30 09:51:30.379 pid=9989 [generation-stage] id=79 stage=native-call-start
2026-05-30 09:52:12.350 pid=9989 [generation-stage] id=79 stage=native-call-end resultLen=49
2026-05-30 09:52:12.350 pid=9989 [generation-end] id=79 resultLen=49
  javaUsed=3.0MB javaTotal=10.5MB javaMax=256.0MB nativeHeap=3.0GB nativeHeapFree=8.9MB nativeHeapSize=3.1GB
  pssTotal=2.8GB privateDirty=2.8GB sharedDirty=52.1MB nativePss=2.8GB dalvikPss=3.7MB otherPss=12.0MB
  systemAvail=12.0GB systemThreshold=216.0MB lowMemory=false trimLevel=0 importance=125 fdCount=151
  procStatus VmRSS=3121324 kB VmHWM=3133268 kB VmSize=20183756 kB VmSwap=7732 kB Threads=30 FDSize=256
2026-05-30 09:52:12.390 pid=9989 [model-load] Loading configuration: Qwen3.5 2B
2026-05-30 09:52:12.391 pid=9989 [model-load-skip] config=Qwen3.5 2B model already loaded
  javaUsed=3.3MB javaTotal=10.5MB javaMax=256.0MB nativeHeap=3.0GB nativeHeapFree=8.9MB nativeHeapSize=3.1GB
  pssTotal=2.8GB privateDirty=2.8GB sharedDirty=52.1MB nativePss=2.8GB dalvikPss=3.8MB otherPss=12.1MB
  systemAvail=12.0GB systemThreshold=216.0MB lowMemory=false trimLevel=0 importance=125 fdCount=151
  procStatus VmRSS=3121572 kB VmHWM=3133268 kB VmSize=20183756 kB VmSwap=7732 kB Threads=30 FDSize=256
2026-05-30 09:52:12.476 pid=9989 [generation-start] id=80 config=Qwen3.5 2B model=Qwen3.5-2B-UD-Q8_K_XL.gguf promptLen=1036 mediaCount=0
  javaUsed=3.5MB javaTotal=10.5MB javaMax=256.0MB nativeHeap=3.0GB nativeHeapFree=8.9MB nativeHeapSize=3.1GB
  pssTotal=2.8GB privateDirty=2.8GB sharedDirty=52.1MB nativePss=2.8GB dalvikPss=4.0MB otherPss=12.0MB
  systemAvail=12.0GB systemThreshold=216.0MB lowMemory=false trimLevel=0 importance=125 fdCount=151
  procStatus VmRSS=3121708 kB VmHWM=3133268 kB VmSize=20183756 kB VmSwap=7732 kB Threads=30 FDSize=256
2026-05-30 09:52:12.552 pid=9989 [generation-stage] id=80 stage=native-call-start
2026-05-30 09:52:45.378 pid=9989 [generation-stage] id=80 stage=native-call-end resultLen=54
2026-05-30 09:52:45.378 pid=9989 [generation-end] id=80 resultLen=54
  javaUsed=3.7MB javaTotal=10.5MB javaMax=256.0MB nativeHeap=3.0GB nativeHeapFree=8.9MB nativeHeapSize=3.1GB
  pssTotal=2.8GB privateDirty=2.8GB sharedDirty=52.1MB nativePss=2.8GB dalvikPss=4.2MB otherPss=12.0MB
  systemAvail=11.4GB systemThreshold=216.0MB lowMemory=false trimLevel=0 importance=125 fdCount=151
  procStatus VmRSS=3121932 kB VmHWM=3133268 kB VmSize=20183756 kB VmSwap=7732 kB Threads=30 FDSize=256
2026-05-30 09:55:25.351 pid=9989 [model-load] Loading configuration: gpt-oss
2026-05-30 10:08:58.303 pid=9989 [runtime-memory] Before model load model=gpt-oss-20b-Q4_K_M.gguf
  javaUsed=8.1MB javaTotal=28.4MB javaMax=256.0MB nativeHeap=22.8MB nativeHeapFree=56.2MB nativeHeapSize=83.2MB
  pssTotal=47.0MB privateDirty=34.3MB sharedDirty=51.7MB nativePss=22.7MB dalvikPss=6.7MB otherPss=14.3MB
  systemAvail=14.4GB systemThreshold=216.0MB lowMemory=false trimLevel=0 importance=125 fdCount=161
  procStatus VmRSS=205236 kB VmHWM=3178696 kB VmSize=17269096 kB VmSwap=5940 kB Threads=34 FDSize=512
2026-05-30 10:08:58.390 pid=9989 [runtime-memory] After model load cleanup model=gpt-oss-20b-Q4_K_M.gguf
  javaUsed=3.8MB javaTotal=11.7MB javaMax=256.0MB nativeHeap=22.2MB nativeHeapFree=56.9MB nativeHeapSize=83.2MB
  pssTotal=45.0MB privateDirty=32.3MB sharedDirty=51.7MB nativePss=22.8MB dalvikPss=4.6MB otherPss=14.3MB
  systemAvail=14.4GB systemThreshold=216.0MB lowMemory=false trimLevel=0 importance=125 fdCount=161
  procStatus VmRSS=203536 kB VmHWM=3178696 kB VmSize=17269096 kB VmSwap=5940 kB Threads=34 FDSize=512
2026-05-30 10:09:04.700 pid=30315 [app] Application created
2026-05-30 10:09:04.700 pid=30315 [app-start] Application onCreate
  javaUsed=3.0MB javaTotal=256.0MB javaMax=256.0MB nativeHeap=6.6MB nativeHeapFree=1.8MB nativeHeapSize=13.1MB
  pssTotal=12.6MB privateDirty=6.6MB sharedDirty=53.0MB nativePss=2.2MB dalvikPss=837.0KB otherPss=9.5MB
  systemAvail=14.6GB systemThreshold=216.0MB lowMemory=false trimLevel=0 importance=100 fdCount=113
  procStatus VmRSS=122800 kB VmHWM=122800 kB VmSize=16950632 kB VmSwap=2656 kB Threads=13 FDSize=128
2026-05-30 10:09:18.563 pid=30315 [model-load] Loading configuration: gpt-oss
2026-05-30 10:09:18.566 pid=30315 [runtime-memory] Before model load model=gpt-oss-20b-Q4_K_M.gguf
  javaUsed=9.0MB javaTotal=16.0MB javaMax=256.0MB nativeHeap=21.7MB nativeHeapFree=2.1MB nativeHeapSize=27.1MB
  pssTotal=65.4MB privateDirty=57.8MB sharedDirty=52.0MB nativePss=18.2MB dalvikPss=7.6MB otherPss=39.5MB
  systemAvail=14.6GB systemThreshold=216.0MB lowMemory=false trimLevel=0 importance=100 fdCount=208
  procStatus VmRSS=195712 kB VmHWM=195712 kB VmSize=17408192 kB VmSwap=2528 kB Threads=33 FDSize=512
2026-05-30 10:09:18.644 pid=30315 [runtime-memory] After model load cleanup model=gpt-oss-20b-Q4_K_M.gguf
  javaUsed=3.7MB javaTotal=27.6MB javaMax=256.0MB nativeHeap=20.6MB nativeHeapFree=3.2MB nativeHeapSize=27.1MB
  pssTotal=60.4MB privateDirty=52.9MB sharedDirty=51.9MB nativePss=18.2MB dalvikPss=4.4MB otherPss=37.8MB
  systemAvail=14.6GB systemThreshold=216.0MB lowMemory=false trimLevel=0 importance=100 fdCount=205
  procStatus VmRSS=191104 kB VmHWM=200580 kB VmSize=17139132 kB VmSwap=2324 kB Threads=33 FDSize=512
2026-05-30 10:09:27.077 pid=30447 [app] Application created
2026-05-30 10:09:27.077 pid=30447 [app-start] Application onCreate
  javaUsed=3.0MB javaTotal=256.0MB javaMax=256.0MB nativeHeap=6.6MB nativeHeapFree=1.8MB nativeHeapSize=13.1MB
  pssTotal=12.4MB privateDirty=6.6MB sharedDirty=53.0MB nativePss=2.2MB dalvikPss=834.0KB otherPss=9.3MB
  systemAvail=14.7GB systemThreshold=216.0MB lowMemory=false trimLevel=0 importance=100 fdCount=113
  procStatus VmRSS=122988 kB VmHWM=122988 kB VmSize=16946664 kB VmSwap=2808 kB Threads=13 FDSize=128
2026-05-30 10:09:33.465 pid=30447 [model-load] Loading configuration: default
2026-05-30 10:09:33.468 pid=30447 [runtime-memory] Before model load model=gemma-3-1b-it-Q8_0.gguf
  javaUsed=7.9MB javaTotal=64.0MB javaMax=256.0MB nativeHeap=20.0MB nativeHeapFree=2.8MB nativeHeapSize=26.1MB
  pssTotal=61.7MB privateDirty=54.5MB sharedDirty=51.9MB nativePss=16.8MB dalvikPss=5.5MB otherPss=39.3MB
  systemAvail=14.6GB systemThreshold=216.0MB lowMemory=false trimLevel=0 importance=100 fdCount=207
  procStatus VmRSS=190876 kB VmHWM=190876 kB VmSize=17413804 kB VmSwap=2552 kB Threads=34 FDSize=512
2026-05-30 10:09:33.550 pid=30447 [runtime-memory] After model load cleanup model=gemma-3-1b-it-Q8_0.gguf
  javaUsed=3.5MB javaTotal=27.4MB javaMax=256.0MB nativeHeap=19.2MB nativeHeapFree=3.5MB nativeHeapSize=26.1MB
  pssTotal=58.7MB privateDirty=51.6MB sharedDirty=51.9MB nativePss=16.8MB dalvikPss=4.3MB otherPss=37.7MB
  systemAvail=14.6GB systemThreshold=216.0MB lowMemory=false trimLevel=0 importance=100 fdCount=204
  procStatus VmRSS=188528 kB VmHWM=195656 kB VmSize=17144744 kB VmSwap=2424 kB Threads=34 FDSize=512
2026-05-30 10:09:35.372 pid=30447 [model-load-complete] config=default model=gemma-3-1b-it-Q8_0.gguf mmproj=(none)
  javaUsed=3.7MB javaTotal=27.4MB javaMax=256.0MB nativeHeap=1.2GB nativeHeapFree=3.4MB nativeHeapSize=1.2GB
  pssTotal=1.1GB privateDirty=1.1GB sharedDirty=51.9MB nativePss=1.1GB dalvikPss=4.4MB otherPss=39.0MB
  systemAvail=13.5GB systemThreshold=216.0MB lowMemory=false trimLevel=0 importance=100 fdCount=210
  procStatus VmRSS=1327712 kB VmHWM=1327712 kB VmSize=18334412 kB VmSwap=2424 kB Threads=33 FDSize=512
2026-05-30 10:09:39.483 pid=30447 [model-load] Loading configuration: gpt-oss
2026-05-30 10:09:39.676 pid=30447 [runtime-memory] Before model load model=gpt-oss-20b-Q4_K_M.gguf
  javaUsed=4.6MB javaTotal=27.4MB javaMax=256.0MB nativeHeap=20.9MB nativeHeapFree=21.7MB nativeHeapSize=45.6MB
  pssTotal=61.1MB privateDirty=52.9MB sharedDirty=51.9MB nativePss=18.7MB dalvikPss=3.1MB otherPss=39.3MB
  systemAvail=14.5GB systemThreshold=216.0MB lowMemory=false trimLevel=0 importance=100 fdCount=212
  procStatus VmRSS=192380 kB VmHWM=1329888 kB VmSize=17208012 kB VmSwap=2424 kB Threads=33 FDSize=512
2026-05-30 10:09:39.746 pid=30447 [runtime-memory] After model load cleanup model=gpt-oss-20b-Q4_K_M.gguf
  javaUsed=3.7MB javaTotal=27.6MB javaMax=256.0MB nativeHeap=20.4MB nativeHeapFree=22.2MB nativeHeapSize=45.6MB
  pssTotal=62.5MB privateDirty=54.3MB sharedDirty=51.9MB nativePss=18.8MB dalvikPss=4.4MB otherPss=39.3MB
  systemAvail=14.5GB systemThreshold=216.0MB lowMemory=false trimLevel=0 importance=100 fdCount=205
  procStatus VmRSS=193744 kB VmHWM=1329888 kB VmSize=17208012 kB VmSwap=2424 kB Threads=33 FDSize=512
2026-05-30 10:09:45.297 pid=30547 [app] Application created
2026-05-30 10:09:45.298 pid=30547 [app-start] Application onCreate
  javaUsed=3.0MB javaTotal=256.0MB javaMax=256.0MB nativeHeap=6.6MB nativeHeapFree=1.8MB nativeHeapSize=13.1MB
  pssTotal=12.3MB privateDirty=6.6MB sharedDirty=53.0MB nativePss=2.2MB dalvikPss=834.0KB otherPss=9.3MB
  systemAvail=14.7GB systemThreshold=216.0MB lowMemory=false trimLevel=0 importance=100 fdCount=113
  procStatus VmRSS=122828 kB VmHWM=122828 kB VmSize=16979304 kB VmSwap=2772 kB Threads=13 FDSize=128
2026-05-30 10:09:52.796 pid=30547 [model-load] Loading configuration: gpt-oss
2026-05-30 10:09:52.799 pid=30547 [runtime-memory] Before model load model=gpt-oss-20b-Q4_K_M.gguf
  javaUsed=8.1MB javaTotal=64.0MB javaMax=256.0MB nativeHeap=21.4MB nativeHeapFree=2.4MB nativeHeapSize=27.1MB
  pssTotal=63.1MB privateDirty=55.8MB sharedDirty=51.9MB nativePss=18.0MB dalvikPss=5.6MB otherPss=39.5MB
  systemAvail=14.5GB systemThreshold=216.0MB lowMemory=false trimLevel=0 importance=100 fdCount=207
  procStatus VmRSS=192348 kB VmHWM=192348 kB VmSize=17456768 kB VmSwap=2772 kB Threads=34 FDSize=512
2026-05-30 10:09:52.884 pid=30547 [runtime-memory] After model load cleanup model=gpt-oss-20b-Q4_K_M.gguf
  javaUsed=3.7MB javaTotal=27.6MB javaMax=256.0MB nativeHeap=20.3MB nativeHeapFree=3.6MB nativeHeapSize=27.1MB
  pssTotal=60.2MB privateDirty=53.0MB sharedDirty=51.9MB nativePss=18.0MB dalvikPss=4.4MB otherPss=37.8MB
  systemAvail=14.5GB systemThreshold=216.0MB lowMemory=false trimLevel=0 importance=100 fdCount=205
  procStatus VmRSS=189924 kB VmHWM=197200 kB VmSize=17187708 kB VmSwap=2432 kB Threads=34 FDSize=512
2026-05-30 10:10:02.647 pid=30648 [app] Application created
2026-05-30 10:10:02.648 pid=30648 [app-start] Application onCreate
  javaUsed=3.0MB javaTotal=256.0MB javaMax=256.0MB nativeHeap=6.6MB nativeHeapFree=1.8MB nativeHeapSize=13.1MB
  pssTotal=12.6MB privateDirty=6.6MB sharedDirty=53.0MB nativePss=2.2MB dalvikPss=839.0KB otherPss=9.5MB
  systemAvail=14.6GB systemThreshold=216.0MB lowMemory=false trimLevel=0 importance=100 fdCount=113
  procStatus VmRSS=123424 kB VmHWM=123424 kB VmSize=16983528 kB VmSwap=2608 kB Threads=13 FDSize=128
2026-05-30 10:10:53.997 pid=30648 [model-load] Loading configuration: gpt-oss
2026-05-30 10:10:54.000 pid=30648 [runtime-memory] Before model load model=gpt-oss-20b-Q4_K_M.gguf
  javaUsed=7.2MB javaTotal=27.7MB javaMax=256.0MB nativeHeap=24.6MB nativeHeapFree=2.9MB nativeHeapSize=30.6MB
  pssTotal=67.5MB privateDirty=60.2MB sharedDirty=51.8MB nativePss=21.9MB dalvikPss=6.4MB otherPss=39.3MB
  systemAvail=14.6GB systemThreshold=216.0MB lowMemory=false trimLevel=0 importance=100 fdCount=202
  procStatus VmRSS=197216 kB VmHWM=197216 kB VmSize=17161984 kB VmSwap=2276 kB Threads=33 FDSize=512
2026-05-30 10:10:54.082 pid=30648 [runtime-memory] After model load cleanup model=gpt-oss-20b-Q4_K_M.gguf
  javaUsed=3.7MB javaTotal=27.6MB javaMax=256.0MB nativeHeap=20.4MB nativeHeapFree=7.1MB nativeHeapSize=30.7MB
  pssTotal=61.3MB privateDirty=54.0MB sharedDirty=51.8MB nativePss=19.2MB dalvikPss=4.5MB otherPss=37.7MB
  systemAvail=14.6GB systemThreshold=216.0MB lowMemory=false trimLevel=0 importance=100 fdCount=201
  procStatus VmRSS=191276 kB VmHWM=201308 kB VmSize=17161984 kB VmSwap=2276 kB Threads=33 FDSize=512
2026-05-30 10:11:01.068 pid=30842 [app] Application created
2026-05-30 10:11:01.068 pid=30842 [app-start] Application onCreate
  javaUsed=3.0MB javaTotal=256.0MB javaMax=256.0MB nativeHeap=6.7MB nativeHeapFree=1.8MB nativeHeapSize=13.1MB
  pssTotal=12.3MB privateDirty=6.6MB sharedDirty=53.0MB nativePss=2.2MB dalvikPss=843.0KB otherPss=9.2MB
  systemAvail=14.7GB systemThreshold=216.0MB lowMemory=false trimLevel=0 importance=100 fdCount=113
  procStatus VmRSS=122944 kB VmHWM=122944 kB VmSize=16970156 kB VmSwap=2772 kB Threads=14 FDSize=128
2026-05-30 10:11:14.249 pid=30842 [model-load] Loading configuration: gpt-oss
2026-05-30 10:11:14.252 pid=30842 [runtime-memory] Before model load model=gpt-oss-20b-Q4_K_M.gguf
  javaUsed=8.2MB javaTotal=16.0MB javaMax=256.0MB nativeHeap=19.2MB nativeHeapFree=2.6MB nativeHeapSize=25.1MB
  pssTotal=60.7MB privateDirty=53.6MB sharedDirty=51.9MB nativePss=16.2MB dalvikPss=5.5MB otherPss=38.8MB
  systemAvail=14.6GB systemThreshold=216.0MB lowMemory=false trimLevel=0 importance=100 fdCount=206
  procStatus VmRSS=186076 kB VmHWM=186076 kB VmSize=17451004 kB VmSwap=2644 kB Threads=33 FDSize=512
2026-05-30 10:11:14.337 pid=30842 [runtime-memory] After model load cleanup model=gpt-oss-20b-Q4_K_M.gguf
  javaUsed=3.7MB javaTotal=27.6MB javaMax=256.0MB nativeHeap=18.0MB nativeHeapFree=3.8MB nativeHeapSize=25.1MB
  pssTotal=57.6MB privateDirty=50.7MB sharedDirty=51.9MB nativePss=16.1MB dalvikPss=4.4MB otherPss=37.2MB
  systemAvail=14.6GB systemThreshold=216.0MB lowMemory=false trimLevel=0 importance=100 fdCount=202
  procStatus VmRSS=183664 kB VmHWM=190904 kB VmSize=17181944 kB VmSwap=2512 kB Threads=33 FDSize=512
2026-05-30 10:11:21.084 pid=30950 [app] Application created
2026-05-30 10:11:21.084 pid=30950 [app-start] Application onCreate
  javaUsed=2.9MB javaTotal=256.0MB javaMax=256.0MB nativeHeap=6.6MB nativeHeapFree=1.8MB nativeHeapSize=13.1MB
  pssTotal=12.3MB privateDirty=6.6MB sharedDirty=53.0MB nativePss=2.1MB dalvikPss=835.0KB otherPss=9.3MB
  systemAvail=14.7GB systemThreshold=216.0MB lowMemory=false trimLevel=0 importance=100 fdCount=113
  procStatus VmRSS=122968 kB VmHWM=122968 kB VmSize=16957736 kB VmSwap=2644 kB Threads=12 FDSize=128
2026-05-30 10:11:37.169 pid=30950 [model-load] Loading configuration: gpt-oss
2026-05-30 10:11:37.171 pid=30950 [runtime-memory] Before model load model=gpt-oss-20b-Q4_K_M.gguf
  javaUsed=8.2MB javaTotal=16.0MB javaMax=256.0MB nativeHeap=19.3MB nativeHeapFree=2.4MB nativeHeapSize=25.1MB
  pssTotal=60.9MB privateDirty=53.7MB sharedDirty=51.9MB nativePss=16.2MB dalvikPss=5.6MB otherPss=39.0MB
  systemAvail=14.6GB systemThreshold=216.0MB lowMemory=false trimLevel=0 importance=100 fdCount=211
  procStatus VmRSS=186536 kB VmHWM=186536 kB VmSize=17428252 kB VmSwap=2516 kB Threads=33 FDSize=512
2026-05-30 10:11:37.251 pid=30950 [runtime-memory] After model load cleanup model=gpt-oss-20b-Q4_K_M.gguf
  javaUsed=3.7MB javaTotal=27.6MB javaMax=256.0MB nativeHeap=18.1MB nativeHeapFree=3.5MB nativeHeapSize=25.1MB
  pssTotal=57.8MB privateDirty=50.8MB sharedDirty=51.9MB nativePss=16.1MB dalvikPss=4.4MB otherPss=37.3MB
  systemAvail=14.6GB systemThreshold=216.0MB lowMemory=false trimLevel=0 importance=100 fdCount=205
  procStatus VmRSS=183816 kB VmHWM=191216 kB VmSize=17159192 kB VmSwap=2364 kB Threads=33 FDSize=512
2026-05-30 10:11:44.046 pid=31059 [app] Application created
2026-05-30 10:11:44.046 pid=31059 [app-start] Application onCreate
  javaUsed=3.0MB javaTotal=256.0MB javaMax=256.0MB nativeHeap=6.6MB nativeHeapFree=1.8MB nativeHeapSize=13.1MB
  pssTotal=12.3MB privateDirty=6.6MB sharedDirty=53.0MB nativePss=2.2MB dalvikPss=839.0KB otherPss=9.2MB
  systemAvail=14.7GB systemThreshold=216.0MB lowMemory=false trimLevel=0 importance=100 fdCount=113
  procStatus VmRSS=122888 kB VmHWM=122888 kB VmSize=16930152 kB VmSwap=2772 kB Threads=13 FDSize=128
2026-05-30 10:12:32.165 pid=31059 [model-load] Loading configuration: gpt-oss
2026-05-30 10:25:09.217 pid=31059 [runtime-memory] Before model load model=gpt-oss-20b-Q2_K.gguf
  javaUsed=5.0MB javaTotal=28.2MB javaMax=256.0MB nativeHeap=18.7MB nativeHeapFree=13.8MB nativeHeapSize=36.1MB
  pssTotal=73.2MB privateDirty=65.3MB sharedDirty=51.6MB nativePss=54.9MB dalvikPss=5.6MB otherPss=12.6MB
  systemAvail=14.2GB systemThreshold=216.0MB lowMemory=false trimLevel=0 importance=125 fdCount=158
  procStatus VmRSS=230556 kB VmHWM=230924 kB VmSize=17069548 kB VmSwap=2416 kB Threads=32 FDSize=512
2026-05-30 10:25:09.287 pid=31059 [runtime-memory] After model load cleanup model=gpt-oss-20b-Q2_K.gguf
  javaUsed=3.8MB javaTotal=11.7MB javaMax=256.0MB nativeHeap=18.2MB nativeHeapFree=14.3MB nativeHeapSize=36.1MB
  pssTotal=38.3MB privateDirty=30.4MB sharedDirty=51.6MB nativePss=21.1MB dalvikPss=4.6MB otherPss=12.6MB
  systemAvail=14.2GB systemThreshold=216.0MB lowMemory=false trimLevel=0 importance=125 fdCount=157
  procStatus VmRSS=194864 kB VmHWM=235420 kB VmSize=17069548 kB VmSwap=2416 kB Threads=32 FDSize=512
2026-05-30 10:25:19.562 pid=478 [app] Application created
2026-05-30 10:25:19.566 pid=478 [app-start] Application onCreate
  javaUsed=3.0MB javaTotal=256.0MB javaMax=256.0MB nativeHeap=6.6MB nativeHeapFree=1.8MB nativeHeapSize=13.1MB
  pssTotal=12.7MB privateDirty=6.6MB sharedDirty=53.0MB nativePss=2.2MB dalvikPss=837.0KB otherPss=9.6MB
  systemAvail=14.3GB systemThreshold=216.0MB lowMemory=false trimLevel=0 importance=400 fdCount=113
  procStatus VmRSS=123532 kB VmHWM=123532 kB VmSize=16932200 kB VmSwap=2772 kB Threads=13 FDSize=128
2026-05-30 10:49:48.473 pid=478 [model-load] Loading configuration: gpt-oss
2026-05-30 11:02:49.568 pid=478 [runtime-memory] Before model load model=gpt-oss-20b-Q2_K.gguf
  javaUsed=6.3MB javaTotal=29.1MB javaMax=256.0MB nativeHeap=19.7MB nativeHeapFree=14.7MB nativeHeapSize=37.7MB
  pssTotal=74.6MB privateDirty=66.6MB sharedDirty=51.7MB nativePss=55.7MB dalvikPss=6.3MB otherPss=12.6MB
  systemAvail=12.8GB systemThreshold=216.0MB lowMemory=false trimLevel=0 importance=125 fdCount=157
  procStatus VmRSS=230960 kB VmHWM=232056 kB VmSize=17090544 kB VmSwap=2324 kB Threads=33 FDSize=512
2026-05-30 11:02:49.661 pid=478 [runtime-memory] After model load cleanup model=gpt-oss-20b-Q2_K.gguf
  javaUsed=3.6MB javaTotal=11.6MB javaMax=256.0MB nativeHeap=17.3MB nativeHeapFree=16.5MB nativeHeapSize=37.1MB
  pssTotal=38.2MB privateDirty=30.2MB sharedDirty=51.7MB nativePss=21.1MB dalvikPss=4.5MB otherPss=12.6MB
  systemAvail=12.8GB systemThreshold=216.0MB lowMemory=false trimLevel=0 importance=125 fdCount=157
  procStatus VmRSS=193756 kB VmHWM=233648 kB VmSize=17090544 kB VmSwap=2324 kB Threads=33 FDSize=512
2026-05-30 11:02:59.713 pid=11365 [app] Application created
2026-05-30 11:02:59.714 pid=11365 [app-start] Application onCreate
  javaUsed=3.5MB javaTotal=256.0MB javaMax=256.0MB nativeHeap=6.6MB nativeHeapFree=1.9MB nativeHeapSize=13.1MB
  pssTotal=12.4MB privateDirty=6.6MB sharedDirty=53.1MB nativePss=2.1MB dalvikPss=833.0KB otherPss=9.4MB
  systemAvail=12.9GB systemThreshold=216.0MB lowMemory=false trimLevel=0 importance=400 fdCount=113
  procStatus VmRSS=123280 kB VmHWM=123280 kB VmSize=16958824 kB VmSwap=2720 kB Threads=13 FDSize=128
2026-05-30 11:08:18.028 pid=11365 [model-load] Loading configuration: gpt-oss
2026-05-30 11:08:18.031 pid=11365 [runtime-memory] Before model load model=gpt-oss-20b-Q2_K.gguf
  javaUsed=6.5MB javaTotal=26.0MB javaMax=256.0MB nativeHeap=18.4MB nativeHeapFree=2.6MB nativeHeapSize=24.5MB
  pssTotal=59.3MB privateDirty=52.1MB sharedDirty=51.9MB nativePss=15.4MB dalvikPss=4.6MB otherPss=39.3MB
  systemAvail=14.0GB systemThreshold=216.0MB lowMemory=false trimLevel=0 importance=100 fdCount=197
  procStatus VmRSS=184304 kB VmHWM=184304 kB VmSize=17056160 kB VmSwap=2528 kB Threads=29 FDSize=256
2026-05-30 11:08:18.105 pid=11365 [runtime-memory] After model load cleanup model=gpt-oss-20b-Q2_K.gguf
  javaUsed=3.4MB javaTotal=27.2MB javaMax=256.0MB nativeHeap=16.4MB nativeHeapFree=4.6MB nativeHeapSize=24.4MB
  pssTotal=54.2MB privateDirty=46.9MB sharedDirty=51.9MB nativePss=14.5MB dalvikPss=2.1MB otherPss=37.6MB
  systemAvail=14.0GB systemThreshold=216.0MB lowMemory=false trimLevel=0 importance=100 fdCount=199
  procStatus VmRSS=179728 kB VmHWM=184880 kB VmSize=17056160 kB VmSwap=2528 kB Threads=29 FDSize=256
2026-05-30 11:08:28.047 pid=11943 [app] Application created
2026-05-30 11:08:28.047 pid=11943 [app-start] Application onCreate
  javaUsed=3.5MB javaTotal=256.0MB javaMax=256.0MB nativeHeap=6.6MB nativeHeapFree=1.9MB nativeHeapSize=13.1MB
  pssTotal=12.6MB privateDirty=6.6MB sharedDirty=53.1MB nativePss=2.2MB dalvikPss=872.0KB otherPss=9.5MB
  systemAvail=14.2GB systemThreshold=216.0MB lowMemory=false trimLevel=0 importance=100 fdCount=113
  procStatus VmRSS=123428 kB VmHWM=123428 kB VmSize=16983400 kB VmSwap=2672 kB Threads=13 FDSize=128
2026-05-30 11:08:47.661 pid=11943 [model-load] Loading configuration: gpt-oss
2026-05-30 11:08:47.663 pid=11943 [runtime-memory] Before model load model=gpt-oss-20b-Q2_K.gguf
  javaUsed=8.7MB javaTotal=16.0MB javaMax=256.0MB nativeHeap=19.4MB nativeHeapFree=2.2MB nativeHeapSize=25.1MB
  pssTotal=60.6MB privateDirty=53.1MB sharedDirty=52.0MB nativePss=16.1MB dalvikPss=5.2MB otherPss=39.2MB
  systemAvail=14.1GB systemThreshold=216.0MB lowMemory=false trimLevel=0 importance=100 fdCount=208
  procStatus VmRSS=186088 kB VmHWM=186088 kB VmSize=17419184 kB VmSwap=2672 kB Threads=32 FDSize=512
2026-05-30 11:08:47.747 pid=11943 [runtime-memory] After model load cleanup model=gpt-oss-20b-Q2_K.gguf
  javaUsed=3.7MB javaTotal=27.6MB javaMax=256.0MB nativeHeap=18.2MB nativeHeapFree=3.5MB nativeHeapSize=25.1MB
  pssTotal=56.0MB privateDirty=48.6MB sharedDirty=51.9MB nativePss=16.1MB dalvikPss=2.4MB otherPss=37.6MB
  systemAvail=14.1GB systemThreshold=216.0MB lowMemory=false trimLevel=0 importance=100 fdCount=208
  procStatus VmRSS=181964 kB VmHWM=189180 kB VmSize=17150124 kB VmSwap=2496 kB Threads=32 FDSize=512
2026-05-30 11:09:02.768 pid=12244 [app] Application created
2026-05-30 11:09:02.769 pid=12244 [app-start] Application onCreate
  javaUsed=3.5MB javaTotal=256.0MB javaMax=256.0MB nativeHeap=6.6MB nativeHeapFree=1.9MB nativeHeapSize=13.1MB
  pssTotal=13.0MB privateDirty=6.6MB sharedDirty=52.9MB nativePss=2.2MB dalvikPss=865.0KB otherPss=9.9MB
  systemAvail=16.7GB systemThreshold=216.0MB lowMemory=false trimLevel=0 importance=100 fdCount=113
  procStatus VmRSS=123040 kB VmHWM=123040 kB VmSize=16971112 kB VmSwap=2824 kB Threads=13 FDSize=128
2026-05-30 11:09:39.447 pid=12244 [model-load] Loading configuration: Gemma−4:2B
2026-05-30 11:09:39.448 pid=12244 [runtime-memory] Before model load model=gemma-4-E2B-it-Q4_K_M.gguf
  javaUsed=5.7MB javaTotal=27.9MB javaMax=256.0MB nativeHeap=16.7MB nativeHeapFree=7.2MB nativeHeapSize=28.2MB
  pssTotal=37.4MB privateDirty=29.4MB sharedDirty=51.8MB nativePss=17.5MB dalvikPss=5.9MB otherPss=14.1MB
  systemAvail=15.8GB systemThreshold=216.0MB lowMemory=false trimLevel=0 importance=125 fdCount=158
  procStatus VmRSS=188272 kB VmHWM=196180 kB VmSize=17094064 kB VmSwap=2552 kB Threads=33 FDSize=512
2026-05-30 11:09:39.523 pid=12244 [runtime-memory] After model load cleanup model=gemma-4-E2B-it-Q4_K_M.gguf
  javaUsed=3.7MB javaTotal=11.6MB javaMax=256.0MB nativeHeap=16.5MB nativeHeapFree=7.5MB nativeHeapSize=28.2MB
  pssTotal=32.0MB privateDirty=23.9MB sharedDirty=51.8MB nativePss=17.0MB dalvikPss=2.5MB otherPss=12.5MB
  systemAvail=15.8GB systemThreshold=216.0MB lowMemory=false trimLevel=0 importance=125 fdCount=158
  procStatus VmRSS=182824 kB VmHWM=196180 kB VmSize=17094064 kB VmSwap=2552 kB Threads=33 FDSize=512
2026-05-30 11:09:44.050 pid=12244 [model-load-complete] config=Gemma−4:2B model=gemma-4-E2B-it-Q4_K_M.gguf mmproj=(none)
  javaUsed=3.8MB javaTotal=11.6MB javaMax=256.0MB nativeHeap=3.3GB nativeHeapFree=7.5MB nativeHeapSize=3.4GB
  pssTotal=3.3GB privateDirty=3.3GB sharedDirty=51.7MB nativePss=3.3GB dalvikPss=2.6MB otherPss=13.9MB
  systemAvail=12.6GB systemThreshold=216.0MB lowMemory=false trimLevel=0 importance=125 fdCount=158
  procStatus VmRSS=3576620 kB VmHWM=3583104 kB VmSize=20573252 kB VmSwap=2552 kB Threads=33 FDSize=512
2026-05-30 11:14:59.908 pid=12244 [model-load] Loading configuration: Gemma−4
2026-05-30 11:15:00.501 pid=12244 [runtime-memory] Before model load model=gemma-4-E4B-it-Q8_0.gguf
  javaUsed=4.1MB javaTotal=11.6MB javaMax=256.0MB nativeHeap=16.6MB nativeHeapFree=75.9MB nativeHeapSize=95.9MB
  pssTotal=35.8MB privateDirty=26.1MB sharedDirty=51.7MB nativePss=18.3MB dalvikPss=2.7MB otherPss=14.7MB
  systemAvail=15.3GB systemThreshold=216.0MB lowMemory=false trimLevel=0 importance=125 fdCount=158
  procStatus VmRSS=187024 kB VmHWM=3570360 kB VmSize=17240768 kB VmSwap=2552 kB Threads=33 FDSize=512
2026-05-30 11:15:00.567 pid=12244 [runtime-memory] After model load cleanup model=gemma-4-E4B-it-Q8_0.gguf
  javaUsed=3.7MB javaTotal=11.6MB javaMax=256.0MB nativeHeap=16.5MB nativeHeapFree=75.9MB nativeHeapSize=95.9MB
  pssTotal=37.6MB privateDirty=27.9MB sharedDirty=51.7MB nativePss=18.4MB dalvikPss=4.5MB otherPss=14.7MB
  systemAvail=15.3GB systemThreshold=216.0MB lowMemory=false trimLevel=0 importance=125 fdCount=158
  procStatus VmRSS=188812 kB VmHWM=3570360 kB VmSize=17240768 kB VmSwap=2552 kB Threads=33 FDSize=512
2026-05-30 11:15:08.810 pid=14033 [app] Application created
2026-05-30 11:15:08.811 pid=14033 [app-start] Application onCreate
  javaUsed=3.7MB javaTotal=256.0MB javaMax=256.0MB nativeHeap=6.6MB nativeHeapFree=1.9MB nativeHeapSize=13.1MB
  pssTotal=13.0MB privateDirty=6.6MB sharedDirty=53.0MB nativePss=2.2MB dalvikPss=916.0KB otherPss=9.8MB
  systemAvail=15.4GB systemThreshold=216.0MB lowMemory=false trimLevel=0 importance=400 fdCount=113
  procStatus VmRSS=123536 kB VmHWM=123536 kB VmSize=16971112 kB VmSwap=2856 kB Threads=13 FDSize=128
2026-05-30 11:15:14.238 pid=14033 [model-load] Loading configuration: Gemma−4:2B
2026-05-30 11:15:14.240 pid=14033 [runtime-memory] Before model load model=gemma-4-E2B-it-Q4_K_M.gguf
  javaUsed=4.6MB javaTotal=64.0MB javaMax=256.0MB nativeHeap=6.7MB nativeHeapFree=1.9MB nativeHeapSize=13.1MB
  pssTotal=14.2MB privateDirty=7.7MB sharedDirty=52.8MB nativePss=2.4MB dalvikPss=1.5MB otherPss=10.1MB
  systemAvail=15.3GB systemThreshold=216.0MB lowMemory=false trimLevel=0 importance=125 fdCount=115
  procStatus VmRSS=127984 kB VmHWM=127984 kB VmSize=17050572 kB VmSwap=2856 kB Threads=17 FDSize=128
2026-05-30 11:15:14.290 pid=14033 [runtime-memory] After model load cleanup model=gemma-4-E2B-it-Q4_K_M.gguf
  javaUsed=2.1MB javaTotal=10.0MB javaMax=256.0MB nativeHeap=6.7MB nativeHeapFree=1.9MB nativeHeapSize=13.1MB
  pssTotal=13.5MB privateDirty=7.2MB sharedDirty=52.7MB nativePss=2.5MB dalvikPss=2.7MB otherPss=8.3MB
  systemAvail=15.3GB systemThreshold=216.0MB lowMemory=false trimLevel=0 importance=125 fdCount=114
  procStatus VmRSS=127884 kB VmHWM=131668 kB VmSize=16781512 kB VmSwap=2600 kB Threads=17 FDSize=128
2026-05-30 11:15:18.349 pid=14033 [model-load-complete] config=Gemma−4:2B model=gemma-4-E2B-it-Q4_K_M.gguf mmproj=(none)
  javaUsed=2.2MB javaTotal=10.0MB javaMax=256.0MB nativeHeap=3.3GB nativeHeapFree=2.6MB nativeHeapSize=3.3GB
  pssTotal=3.3GB privateDirty=3.2GB sharedDirty=52.6MB nativePss=3.2GB dalvikPss=2.8MB otherPss=9.8MB
  systemAvail=12.2GB systemThreshold=216.0MB lowMemory=false trimLevel=0 importance=125 fdCount=114
  procStatus VmRSS=3522368 kB VmHWM=3528520 kB VmSize=20260244 kB VmSwap=2600 kB Threads=17 FDSize=128
2026-05-30 11:15:26.751 pid=14033 [model-load] Loading configuration: Gemma−4
2026-05-30 11:15:27.320 pid=14033 [runtime-memory] Before model load model=gemma-4-E4B-it-Q8_0.gguf
  javaUsed=3.1MB javaTotal=10.0MB javaMax=256.0MB nativeHeap=6.7MB nativeHeapFree=70.9MB nativeHeapSize=82.1MB
  pssTotal=17.4MB privateDirty=10.1MB sharedDirty=52.6MB nativePss=6.2MB dalvikPss=1.5MB otherPss=9.8MB
  systemAvail=15.3GB systemThreshold=216.0MB lowMemory=false trimLevel=0 importance=125 fdCount=114
  procStatus VmRSS=131824 kB VmHWM=3528520 kB VmSize=16904888 kB VmSwap=2600 kB Threads=16 FDSize=128
2026-05-30 11:15:27.365 pid=14033 [runtime-memory] After model load cleanup model=gemma-4-E4B-it-Q8_0.gguf
  javaUsed=2.1MB javaTotal=10.0MB javaMax=256.0MB nativeHeap=6.7MB nativeHeapFree=70.9MB nativeHeapSize=82.1MB
  pssTotal=18.7MB privateDirty=11.4MB sharedDirty=52.6MB nativePss=6.2MB dalvikPss=2.7MB otherPss=9.8MB
  systemAvail=15.3GB systemThreshold=216.0MB lowMemory=false trimLevel=0 importance=125 fdCount=114
  procStatus VmRSS=133108 kB VmHWM=3528520 kB VmSize=16904888 kB VmSwap=2600 kB Threads=16 FDSize=128
2026-05-30 11:15:38.546 pid=14127 [app] Application created
2026-05-30 11:15:38.546 pid=14127 [app-start] Application onCreate
  javaUsed=3.7MB javaTotal=256.0MB javaMax=256.0MB nativeHeap=6.6MB nativeHeapFree=1.9MB nativeHeapSize=13.1MB
  pssTotal=12.8MB privateDirty=6.6MB sharedDirty=53.0MB nativePss=2.2MB dalvikPss=916.0KB otherPss=9.6MB
  systemAvail=15.5GB systemThreshold=216.0MB lowMemory=false trimLevel=0 importance=400 fdCount=113
  procStatus VmRSS=123452 kB VmHWM=123452 kB VmSize=16960872 kB VmSwap=2792 kB Threads=13 FDSize=128
2026-05-30 11:15:46.452 pid=14127 [model-load] Loading configuration: Gemma−4:2B
2026-05-30 11:15:46.454 pid=14127 [runtime-memory] Before model load model=gemma-4-E2B-it-Q4_K_M.gguf
  javaUsed=4.6MB javaTotal=64.0MB javaMax=256.0MB nativeHeap=6.7MB nativeHeapFree=1.8MB nativeHeapSize=13.1MB
  pssTotal=14.0MB privateDirty=7.7MB sharedDirty=52.8MB nativePss=2.4MB dalvikPss=1.5MB otherPss=10.0MB
  systemAvail=15.3GB systemThreshold=216.0MB lowMemory=false trimLevel=0 importance=125 fdCount=115
  procStatus VmRSS=127724 kB VmHWM=127724 kB VmSize=17040332 kB VmSwap=2792 kB Threads=17 FDSize=128
2026-05-30 11:15:46.505 pid=14127 [runtime-memory] After model load cleanup model=gemma-4-E2B-it-Q4_K_M.gguf
  javaUsed=2.0MB javaTotal=10.0MB javaMax=256.0MB nativeHeap=6.7MB nativeHeapFree=1.9MB nativeHeapSize=13.1MB
  pssTotal=11.3MB privateDirty=5.2MB sharedDirty=52.7MB nativePss=2.5MB dalvikPss=749.0KB otherPss=8.1MB
  systemAvail=15.3GB systemThreshold=216.0MB lowMemory=false trimLevel=0 importance=125 fdCount=114
  procStatus VmRSS=125324 kB VmHWM=128748 kB VmSize=16771272 kB VmSwap=2532 kB Threads=17 FDSize=128
2026-05-30 11:15:50.623 pid=14127 [model-load-complete] config=Gemma−4:2B model=gemma-4-E2B-it-Q4_K_M.gguf mmproj=(none)
  javaUsed=2.2MB javaTotal=10.0MB javaMax=256.0MB nativeHeap=3.3GB nativeHeapFree=2.6MB nativeHeapSize=3.3GB
  pssTotal=3.2GB privateDirty=3.2GB sharedDirty=52.6MB nativePss=3.2GB dalvikPss=829.0KB otherPss=9.8MB
  systemAvail=12.2GB systemThreshold=216.0MB lowMemory=false trimLevel=0 importance=125 fdCount=114
  procStatus VmRSS=3520196 kB VmHWM=3526216 kB VmSize=20229412 kB VmSwap=2532 kB Threads=16 FDSize=128
2026-05-30 12:23:58.119 pid=20153 [app] Application created
2026-05-30 12:23:58.120 pid=20153 [app-start] Application onCreate
  javaUsed=3.7MB javaTotal=256.0MB javaMax=256.0MB nativeHeap=6.6MB nativeHeapFree=1.9MB nativeHeapSize=13.1MB
  pssTotal=10.6MB privateDirty=4.6MB sharedDirty=53.0MB nativePss=2.1MB dalvikPss=848.0KB otherPss=7.6MB
  systemAvail=14.5GB systemThreshold=216.0MB lowMemory=false trimLevel=0 importance=100 fdCount=113
  procStatus VmRSS=121672 kB VmHWM=121672 kB VmSize=16928052 kB VmSwap=2944 kB Threads=13 FDSize=128
2026-05-30 12:24:18.993 pid=20153 [model-load] Loading configuration: Gemma−4
2026-05-30 12:24:18.994 pid=20153 [runtime-memory] Before model load model=gemma-4-E4B-it-Q8_0.gguf
  javaUsed=6.4MB javaTotal=16.0MB javaMax=256.0MB nativeHeap=10.9MB nativeHeapFree=3.6MB nativeHeapSize=18.3MB
  pssTotal=22.8MB privateDirty=15.7MB sharedDirty=52.1MB nativePss=8.8MB dalvikPss=2.9MB otherPss=11.1MB
  systemAvail=14.4GB systemThreshold=216.0MB lowMemory=false trimLevel=0 importance=125 fdCount=152
  procStatus VmRSS=170300 kB VmHWM=170300 kB VmSize=17274848 kB VmSwap=2944 kB Threads=31 FDSize=256
2026-05-30 12:24:19.060 pid=20153 [runtime-memory] After model load cleanup model=gemma-4-E4B-it-Q8_0.gguf
  javaUsed=2.5MB javaTotal=10.5MB javaMax=256.0MB nativeHeap=10.7MB nativeHeapFree=3.8MB nativeHeapSize=18.3MB
  pssTotal=21.1MB privateDirty=14.0MB sharedDirty=51.9MB nativePss=8.6MB dalvikPss=1.3MB otherPss=11.2MB
  systemAvail=14.4GB systemThreshold=216.0MB lowMemory=false trimLevel=0 importance=125 fdCount=151
  procStatus VmRSS=168976 kB VmHWM=172020 kB VmSize=17005788 kB VmSwap=2768 kB Threads=31 FDSize=256
2026-05-30 12:24:25.428 pid=20358 [app] Application created
2026-05-30 12:24:25.429 pid=20358 [app-start] Application onCreate
  javaUsed=3.7MB javaTotal=256.0MB javaMax=256.0MB nativeHeap=6.6MB nativeHeapFree=1.9MB nativeHeapSize=13.1MB
  pssTotal=12.9MB privateDirty=6.6MB sharedDirty=53.0MB nativePss=2.1MB dalvikPss=865.0KB otherPss=9.8MB
  systemAvail=15.6GB systemThreshold=216.0MB lowMemory=false trimLevel=0 importance=400 fdCount=113
  procStatus VmRSS=123352 kB VmHWM=123352 kB VmSize=16930168 kB VmSwap=2728 kB Threads=13 FDSize=128
2026-05-30 12:24:29.876 pid=20358 [model-load] Loading configuration: Gemma−4:2B
2026-05-30 12:24:29.877 pid=20358 [runtime-memory] Before model load model=gemma-4-E2B-it-Q4_K_M.gguf
  javaUsed=4.6MB javaTotal=64.0MB javaMax=256.0MB nativeHeap=6.7MB nativeHeapFree=1.8MB nativeHeapSize=13.1MB
  pssTotal=14.0MB privateDirty=7.7MB sharedDirty=52.8MB nativePss=2.4MB dalvikPss=1.5MB otherPss=10.2MB
  systemAvail=15.4GB systemThreshold=216.0MB lowMemory=false trimLevel=0 importance=125 fdCount=115
  procStatus VmRSS=126028 kB VmHWM=126028 kB VmSize=17009500 kB VmSwap=2728 kB Threads=17 FDSize=128
2026-05-30 12:24:29.916 pid=20358 [runtime-memory] After model load cleanup model=gemma-4-E2B-it-Q4_K_M.gguf
  javaUsed=2.1MB javaTotal=10.0MB javaMax=256.0MB nativeHeap=6.7MB nativeHeapFree=1.9MB nativeHeapSize=13.1MB
  pssTotal=11.5MB privateDirty=5.2MB sharedDirty=52.7MB nativePss=2.5MB dalvikPss=741.0KB otherPss=8.3MB
  systemAvail=15.4GB systemThreshold=216.0MB lowMemory=false trimLevel=0 importance=125 fdCount=114
  procStatus VmRSS=124120 kB VmHWM=129948 kB VmSize=16740440 kB VmSwap=2452 kB Threads=17 FDSize=128
2026-05-30 12:24:33.291 pid=20358 [model-load-complete] config=Gemma−4:2B model=gemma-4-E2B-it-Q4_K_M.gguf mmproj=(none)
  javaUsed=2.2MB javaTotal=10.0MB javaMax=256.0MB nativeHeap=3.3GB nativeHeapFree=2.6MB nativeHeapSize=3.3GB
  pssTotal=3.2GB privateDirty=3.2GB sharedDirty=52.6MB nativePss=3.2GB dalvikPss=817.0KB otherPss=10.0MB
  systemAvail=12.2GB systemThreshold=216.0MB lowMemory=false trimLevel=0 importance=125 fdCount=114
  procStatus VmRSS=3519652 kB VmHWM=3525864 kB VmSize=20219300 kB VmSwap=2452 kB Threads=17 FDSize=128
2026-05-30 12:25:48.650 pid=20358 [model-load] Loading configuration: Gemma−4
2026-05-30 12:25:49.033 pid=20358 [runtime-memory] Before model load model=gemma-4-E4B-it-Q8_0.gguf
  javaUsed=5.8MB javaTotal=13.1MB javaMax=256.0MB nativeHeap=24.0MB nativeHeapFree=76.1MB nativeHeapSize=104.1MB
  pssTotal=46.7MB privateDirty=37.3MB sharedDirty=51.7MB nativePss=25.9MB dalvikPss=6.4MB otherPss=14.5MB
  systemAvail=15.5GB systemThreshold=216.0MB lowMemory=false trimLevel=0 importance=125 fdCount=157
  procStatus VmRSS=203216 kB VmHWM=3587456 kB VmSize=17195744 kB VmSwap=2452 kB Threads=33 FDSize=512
2026-05-30 12:25:49.059 pid=20358 [runtime-memory] After model load cleanup model=gemma-4-E4B-it-Q8_0.gguf
  javaUsed=3.5MB javaTotal=11.5MB javaMax=256.0MB nativeHeap=20.1MB nativeHeapFree=79.9MB nativeHeapSize=104.0MB
  pssTotal=40.7MB privateDirty=31.2MB sharedDirty=51.7MB nativePss=23.8MB dalvikPss=2.4MB otherPss=14.5MB
  systemAvail=15.5GB systemThreshold=216.0MB lowMemory=false trimLevel=0 importance=125 fdCount=157
  procStatus VmRSS=197028 kB VmHWM=3587456 kB VmSize=17195744 kB VmSwap=2452 kB Threads=33 FDSize=512
2026-05-30 12:25:55.677 pid=20693 [app] Application created
2026-05-30 12:25:55.678 pid=20693 [app-start] Application onCreate
  javaUsed=3.7MB javaTotal=256.0MB javaMax=256.0MB nativeHeap=6.6MB nativeHeapFree=1.9MB nativeHeapSize=13.1MB
  pssTotal=12.8MB privateDirty=6.6MB sharedDirty=53.0MB nativePss=2.2MB dalvikPss=889.0KB otherPss=9.7MB
  systemAvail=16.3GB systemThreshold=216.0MB lowMemory=false trimLevel=0 importance=400 fdCount=113
  procStatus VmRSS=122832 kB VmHWM=122832 kB VmSize=16971128 kB VmSwap=2896 kB Threads=13 FDSize=128
2026-05-30 12:26:17.430 pid=20693 [model-load] Loading configuration: Gemma−4
2026-05-30 12:26:17.432 pid=20693 [runtime-memory] Before model load model=gemma-4-E4B-it-Q8_0.gguf
  javaUsed=3.3MB javaTotal=10.5MB javaMax=256.0MB nativeHeap=12.9MB nativeHeapFree=3.7MB nativeHeapSize=20.0MB
  pssTotal=25.6MB privateDirty=18.1MB sharedDirty=51.9MB nativePss=10.5MB dalvikPss=1.8MB otherPss=13.3MB
  systemAvail=15.9GB systemThreshold=216.0MB lowMemory=false trimLevel=0 importance=125 fdCount=151
  procStatus VmRSS=176616 kB VmHWM=179296 kB VmSize=17050628 kB VmSwap=2668 kB Threads=31 FDSize=256
2026-05-30 12:26:17.489 pid=20693 [runtime-memory] After model load cleanup model=gemma-4-E4B-it-Q8_0.gguf
  javaUsed=2.5MB javaTotal=10.4MB javaMax=256.0MB nativeHeap=12.8MB nativeHeapFree=3.8MB nativeHeapSize=20.0MB
  pssTotal=23.5MB privateDirty=16.0MB sharedDirty=51.9MB nativePss=10.5MB dalvikPss=1.3MB otherPss=11.8MB
  systemAvail=15.9GB systemThreshold=216.0MB lowMemory=false trimLevel=0 importance=125 fdCount=151
  procStatus VmRSS=174536 kB VmHWM=179296 kB VmSize=17050628 kB VmSwap=2668 kB Threads=31 FDSize=256
2026-05-30 12:26:27.082 pid=21020 [app] Application created
2026-05-30 12:26:27.082 pid=21020 [app-start] Application onCreate
  javaUsed=3.7MB javaTotal=256.0MB javaMax=256.0MB nativeHeap=6.6MB nativeHeapFree=1.9MB nativeHeapSize=13.1MB
  pssTotal=12.7MB privateDirty=6.6MB sharedDirty=53.0MB nativePss=2.1MB dalvikPss=861.0KB otherPss=9.6MB
  systemAvail=16.1GB systemThreshold=216.0MB lowMemory=false trimLevel=0 importance=400 fdCount=113
  procStatus VmRSS=123348 kB VmHWM=123348 kB VmSize=16952696 kB VmSwap=2896 kB Threads=13 FDSize=128
2026-05-30 12:26:37.414 pid=21020 [model-load] Loading configuration: Gemma−4:2B
2026-05-30 12:26:37.416 pid=21020 [runtime-memory] Before model load model=gemma-4-E2B-it-Q4_K_M.gguf
  javaUsed=6.0MB javaTotal=16.0MB javaMax=256.0MB nativeHeap=13.0MB nativeHeapFree=3.1MB nativeHeapSize=20.0MB
  pssTotal=26.3MB privateDirty=18.8MB sharedDirty=52.1MB nativePss=10.5MB dalvikPss=2.6MB otherPss=13.1MB
  systemAvail=15.9GB systemThreshold=216.0MB lowMemory=false trimLevel=0 importance=125 fdCount=146
  procStatus VmRSS=176292 kB VmHWM=176292 kB VmSize=17241392 kB VmSwap=2896 kB Threads=28 FDSize=256
2026-05-30 12:26:37.470 pid=21020 [runtime-memory] After model load cleanup model=gemma-4-E2B-it-Q4_K_M.gguf
  javaUsed=2.6MB javaTotal=10.5MB javaMax=256.0MB nativeHeap=13.0MB nativeHeapFree=3.2MB nativeHeapSize=20.0MB
  pssTotal=25.1MB privateDirty=17.7MB sharedDirty=52.0MB nativePss=10.4MB dalvikPss=3.3MB otherPss=11.4MB
  systemAvail=15.9GB systemThreshold=216.0MB lowMemory=false trimLevel=0 importance=125 fdCount=145
  procStatus VmRSS=175456 kB VmHWM=177956 kB VmSize=16972332 kB VmSwap=2660 kB Threads=28 FDSize=256
2026-05-30 12:26:41.029 pid=21020 [model-load-complete] config=Gemma−4:2B model=gemma-4-E2B-it-Q4_K_M.gguf mmproj=(none)
  javaUsed=2.7MB javaTotal=10.5MB javaMax=256.0MB nativeHeap=3.3GB nativeHeapFree=3.8MB nativeHeapSize=3.3GB
  pssTotal=3.3GB privateDirty=3.3GB sharedDirty=52.0MB nativePss=3.2GB dalvikPss=3.4MB otherPss=13.1MB
  systemAvail=12.7GB systemThreshold=216.0MB lowMemory=false trimLevel=0 importance=125 fdCount=145
  procStatus VmRSS=3569900 kB VmHWM=3575948 kB VmSize=20451284 kB VmSwap=2660 kB Threads=28 FDSize=256
2026-05-30 12:27:34.476 pid=21020 [model-load] Loading configuration: Gemma−4
2026-05-30 12:27:34.997 pid=21020 [runtime-memory] Before model load model=gemma-4-E4B-it-Q8_0.gguf
  javaUsed=8.3MB javaTotal=26.5MB javaMax=256.0MB nativeHeap=22.0MB nativeHeapFree=70.8MB nativeHeapSize=96.2MB
  pssTotal=68.4MB privateDirty=59.3MB sharedDirty=51.8MB nativePss=22.0MB dalvikPss=6.2MB otherPss=40.1MB
  systemAvail=16.1GB systemThreshold=216.0MB lowMemory=false trimLevel=0 importance=100 fdCount=207
  procStatus VmRSS=199248 kB VmHWM=3575948 kB VmSize=17258056 kB VmSwap=2660 kB Threads=32 FDSize=512
2026-05-30 12:27:35.058 pid=21020 [runtime-memory] After model load cleanup model=gemma-4-E4B-it-Q8_0.gguf
  javaUsed=3.6MB javaTotal=27.6MB javaMax=256.0MB nativeHeap=20.5MB nativeHeapFree=72.3MB nativeHeapSize=96.2MB
  pssTotal=66.8MB privateDirty=57.7MB sharedDirty=51.8MB nativePss=22.2MB dalvikPss=4.4MB otherPss=40.2MB
  systemAvail=16.1GB systemThreshold=216.0MB lowMemory=false trimLevel=0 importance=100 fdCount=202
  procStatus VmRSS=197716 kB VmHWM=3575948 kB VmSize=17258056 kB VmSwap=2660 kB Threads=32 FDSize=512
2026-05-30 12:27:42.010 pid=21350 [app] Application created
2026-05-30 12:27:42.010 pid=21350 [app-start] Application onCreate
  javaUsed=3.7MB javaTotal=256.0MB javaMax=256.0MB nativeHeap=6.6MB nativeHeapFree=1.9MB nativeHeapSize=13.1MB
  pssTotal=13.5MB privateDirty=6.6MB sharedDirty=53.0MB nativePss=2.2MB dalvikPss=919.0KB otherPss=10.2MB
  systemAvail=16.9GB systemThreshold=216.0MB lowMemory=false trimLevel=0 importance=100 fdCount=113
  procStatus VmRSS=123220 kB VmHWM=123220 kB VmSize=16936312 kB VmSwap=2872 kB Threads=13 FDSize=128
2026-05-30 12:28:25.586 pid=21350 [model-load] Loading configuration: Gemma−4
2026-05-30 12:28:25.590 pid=21350 [runtime-memory] Before model load model=gemma-4-E4B-it-Q4_K_M.gguf
  javaUsed=5.6MB javaTotal=27.8MB javaMax=256.0MB nativeHeap=19.9MB nativeHeapFree=3.9MB nativeHeapSize=27.0MB
  pssTotal=61.8MB privateDirty=53.6MB sharedDirty=51.8MB nativePss=18.0MB dalvikPss=4.1MB otherPss=39.6MB
  systemAvail=16.6GB systemThreshold=216.0MB lowMemory=false trimLevel=0 importance=100 fdCount=195
  procStatus VmRSS=191716 kB VmHWM=194292 kB VmSize=17069208 kB VmSwap=2664 kB Threads=31 FDSize=256
2026-05-30 12:28:25.650 pid=21350 [runtime-memory] After model load cleanup model=gemma-4-E4B-it-Q4_K_M.gguf
  javaUsed=3.7MB javaTotal=27.6MB javaMax=256.0MB nativeHeap=19.7MB nativeHeapFree=4.1MB nativeHeapSize=27.0MB
  pssTotal=60.5MB privateDirty=52.3MB sharedDirty=51.8MB nativePss=18.0MB dalvikPss=4.4MB otherPss=38.1MB
  systemAvail=16.7GB systemThreshold=216.0MB lowMemory=false trimLevel=0 importance=100 fdCount=195
  procStatus VmRSS=190600 kB VmHWM=194836 kB VmSize=17069208 kB VmSwap=2664 kB Threads=31 FDSize=256
2026-05-30 12:28:30.320 pid=21350 [model-load-complete] config=Gemma−4 model=gemma-4-E4B-it-Q4_K_M.gguf mmproj=(none)
  javaUsed=3.8MB javaTotal=27.6MB javaMax=256.0MB nativeHeap=5.3GB nativeHeapFree=4.6MB nativeHeapSize=5.3GB
  pssTotal=5.3GB privateDirty=5.2GB sharedDirty=51.8MB nativePss=5.2GB dalvikPss=4.5MB otherPss=40.6MB
  systemAvail=12.1GB systemThreshold=216.0MB lowMemory=false trimLevel=0 importance=100 fdCount=201
  procStatus VmRSS=5637820 kB VmHWM=5637820 kB VmSize=22633364 kB VmSwap=2664 kB Threads=31 FDSize=256
2026-05-30 12:29:03.192 pid=21350 [model-load] Loading configuration: Gemma−4:2B
2026-05-30 12:29:03.916 pid=21350 [runtime-memory] Before model load model=gemma-4-E2B-it-Q4_K_M.gguf
  javaUsed=8.8MB javaTotal=27.5MB javaMax=256.0MB nativeHeap=20.5MB nativeHeapFree=73.9MB nativeHeapSize=97.4MB
  pssTotal=43.1MB privateDirty=33.4MB sharedDirty=51.8MB nativePss=21.3MB dalvikPss=7.0MB otherPss=14.8MB
  systemAvail=16.4GB systemThreshold=216.0MB lowMemory=false trimLevel=0 importance=125 fdCount=152
  procStatus VmRSS=199336 kB VmHWM=5640124 kB VmSize=17141484 kB VmSwap=2664 kB Threads=31 FDSize=256
2026-05-30 12:29:03.969 pid=21350 [runtime-memory] After model load cleanup model=gemma-4-E2B-it-Q4_K_M.gguf
  javaUsed=3.5MB javaTotal=11.5MB javaMax=256.0MB nativeHeap=20.1MB nativeHeapFree=74.3MB nativeHeapSize=97.4MB
  pssTotal=40.5MB privateDirty=30.8MB sharedDirty=51.8MB nativePss=21.4MB dalvikPss=4.3MB otherPss=14.8MB
  systemAvail=16.4GB systemThreshold=216.0MB lowMemory=false trimLevel=0 importance=125 fdCount=151
  procStatus VmRSS=196468 kB VmHWM=5640124 kB VmSize=17141484 kB VmSwap=2664 kB Threads=31 FDSize=256
2026-05-30 12:29:06.974 pid=21350 [model-load-complete] config=Gemma−4:2B model=gemma-4-E2B-it-Q4_K_M.gguf mmproj=(none)
  javaUsed=3.6MB javaTotal=11.5MB javaMax=256.0MB nativeHeap=3.3GB nativeHeapFree=9.8MB nativeHeapSize=3.4GB
  pssTotal=3.3GB privateDirty=3.3GB sharedDirty=51.8MB nativePss=3.3GB dalvikPss=2.4MB otherPss=14.7MB
  systemAvail=13.1GB systemThreshold=216.0MB lowMemory=false trimLevel=0 importance=125 fdCount=151
  procStatus VmRSS=3587240 kB VmHWM=5640124 kB VmSize=20527036 kB VmSwap=2664 kB Threads=31 FDSize=256
2026-05-30 12:30:16.541 pid=21350 [model-load] Loading configuration: Gemma−4
2026-05-30 12:30:17.059 pid=21350 [runtime-memory] Before model load model=gemma-4-E4B-it-Q4_K_M.gguf
  javaUsed=6.2MB javaTotal=27.5MB javaMax=256.0MB nativeHeap=20.8MB nativeHeapFree=73.8MB nativeHeapSize=97.8MB
  pssTotal=42.1MB privateDirty=32.5MB sharedDirty=51.8MB nativePss=22.8MB dalvikPss=4.6MB otherPss=14.7MB
  systemAvail=16.3GB systemThreshold=216.0MB lowMemory=false trimLevel=0 importance=125 fdCount=157
  procStatus VmRSS=198276 kB VmHWM=5640124 kB VmSize=17247748 kB VmSwap=2664 kB Threads=34 FDSize=256
2026-05-30 12:30:17.115 pid=21350 [runtime-memory] After model load cleanup model=gemma-4-E4B-it-Q4_K_M.gguf
  javaUsed=3.6MB javaTotal=11.5MB javaMax=256.0MB nativeHeap=20.4MB nativeHeapFree=74.3MB nativeHeapSize=97.8MB
  pssTotal=42.0MB privateDirty=32.4MB sharedDirty=51.8MB nativePss=22.9MB dalvikPss=4.4MB otherPss=14.7MB
  systemAvail=16.3GB systemThreshold=216.0MB lowMemory=false trimLevel=0 importance=125 fdCount=157
  procStatus VmRSS=198252 kB VmHWM=5640124 kB VmSize=17247748 kB VmSwap=2664 kB Threads=34 FDSize=256
2026-05-30 12:30:22.004 pid=21350 [model-load-complete] config=Gemma−4 model=gemma-4-E4B-it-Q4_K_M.gguf mmproj=(none)
  javaUsed=3.7MB javaTotal=11.5MB javaMax=256.0MB nativeHeap=5.3GB nativeHeapFree=9.7MB nativeHeapSize=5.3GB
  pssTotal=5.2GB privateDirty=5.2GB sharedDirty=51.8MB nativePss=5.2GB dalvikPss=4.4MB otherPss=14.5MB
  systemAvail=11.2GB systemThreshold=216.0MB lowMemory=false trimLevel=0 importance=125 fdCount=157
  procStatus VmRSS=5642312 kB VmHWM=5642312 kB VmSize=22690244 kB VmSwap=2664 kB Threads=34 FDSize=256
2026-05-30 12:30:27.240 pid=23615 [app] Application created
2026-05-30 12:30:27.241 pid=23615 [app-start] Application onCreate
  javaUsed=4.0MB javaTotal=256.0MB javaMax=256.0MB nativeHeap=6.6MB nativeHeapFree=1.8MB nativeHeapSize=13.1MB
  pssTotal=12.7MB privateDirty=6.6MB sharedDirty=53.0MB nativePss=2.1MB dalvikPss=862.0KB otherPss=9.7MB
  systemAvail=16.3GB systemThreshold=216.0MB lowMemory=false trimLevel=0 importance=100 fdCount=113
  procStatus VmRSS=123764 kB VmHWM=123764 kB VmSize=16960888 kB VmSwap=2940 kB Threads=13 FDSize=128
2026-05-30 12:37:31.313 pid=23615 [model-load] Loading configuration: default
2026-05-30 12:37:31.321 pid=23615 [runtime-memory] Before model load model=Qwen3.5-9B-Q4_K_M.gguf
  javaUsed=9.3MB javaTotal=26.5MB javaMax=256.0MB nativeHeap=23.3MB nativeHeapFree=2.6MB nativeHeapSize=29.9MB
  pssTotal=67.1MB privateDirty=59.3MB sharedDirty=51.8MB nativePss=20.7MB dalvikPss=7.3MB otherPss=39.1MB
  systemAvail=16.4GB systemThreshold=216.0MB lowMemory=false trimLevel=0 importance=100 fdCount=204
  procStatus VmRSS=197732 kB VmHWM=197732 kB VmSize=17117392 kB VmSwap=2572 kB Threads=32 FDSize=512
2026-05-30 12:37:31.398 pid=23615 [runtime-memory] After model load cleanup model=Qwen3.5-9B-Q4_K_M.gguf
  javaUsed=3.6MB javaTotal=27.5MB javaMax=256.0MB nativeHeap=19.8MB nativeHeapFree=6.2MB nativeHeapSize=29.9MB
  pssTotal=59.0MB privateDirty=51.1MB sharedDirty=51.8MB nativePss=19.0MB dalvikPss=2.4MB otherPss=37.6MB
  systemAvail=16.4GB systemThreshold=216.0MB lowMemory=false trimLevel=0 importance=100 fdCount=201
  procStatus VmRSS=189416 kB VmHWM=197988 kB VmSize=17117392 kB VmSwap=2572 kB Threads=32 FDSize=512
2026-05-30 12:37:40.186 pid=23615 [model-load-complete] config=default model=Qwen3.5-9B-Q4_K_M.gguf mmproj=(none)
  javaUsed=3.8MB javaTotal=27.5MB javaMax=256.0MB nativeHeap=5.8GB nativeHeapFree=8.3MB nativeHeapSize=5.8GB
  pssTotal=5.5GB privateDirty=5.5GB sharedDirty=51.8MB nativePss=5.5GB dalvikPss=2.5MB otherPss=39.4MB
  systemAvail=11.0GB systemThreshold=216.0MB lowMemory=false trimLevel=0 importance=100 fdCount=207
  procStatus VmRSS=5936448 kB VmHWM=5936448 kB VmSize=23141984 kB VmSwap=2572 kB Threads=32 FDSize=512
2026-05-30 12:53:11.614 pid=28425 [app] Application created
2026-05-30 12:53:11.615 pid=28425 [app-start] Application onCreate
  javaUsed=4.0MB javaTotal=256.0MB javaMax=256.0MB nativeHeap=6.6MB nativeHeapFree=1.8MB nativeHeapSize=13.1MB
  pssTotal=12.6MB privateDirty=6.5MB sharedDirty=53.0MB nativePss=2.1MB dalvikPss=851.0KB otherPss=9.6MB
  systemAvail=15.5GB systemThreshold=216.0MB lowMemory=false trimLevel=0 importance=100 fdCount=113
  procStatus VmRSS=123688 kB VmHWM=123688 kB VmSize=16940340 kB VmSwap=3000 kB Threads=13 FDSize=128
2026-05-30 12:53:24.459 pid=28425 [model-load] Loading configuration: Gemma−4:2B
2026-05-30 12:53:24.461 pid=28425 [runtime-memory] Before model load model=gemma-4-E2B-it-Q4_K_M.gguf
  javaUsed=6.5MB javaTotal=16.0MB javaMax=256.0MB nativeHeap=12.5MB nativeHeapFree=3.7MB nativeHeapSize=19.9MB
  pssTotal=26.7MB privateDirty=19.2MB sharedDirty=52.1MB nativePss=10.6MB dalvikPss=2.8MB otherPss=13.3MB
  systemAvail=15.4GB systemThreshold=216.0MB lowMemory=false trimLevel=0 importance=125 fdCount=152
  procStatus VmRSS=176944 kB VmHWM=176944 kB VmSize=17252804 kB VmSwap=2872 kB Threads=29 FDSize=256
2026-05-30 12:53:24.522 pid=28425 [runtime-memory] After model load cleanup model=gemma-4-E2B-it-Q4_K_M.gguf
  javaUsed=2.5MB javaTotal=10.5MB javaMax=256.0MB nativeHeap=12.4MB nativeHeapFree=3.9MB nativeHeapSize=19.9MB
  pssTotal=25.3MB privateDirty=17.8MB sharedDirty=51.9MB nativePss=10.4MB dalvikPss=3.3MB otherPss=11.6MB
  systemAvail=15.4GB systemThreshold=216.0MB lowMemory=false trimLevel=0 importance=125 fdCount=151
  procStatus VmRSS=175728 kB VmHWM=178488 kB VmSize=16983744 kB VmSwap=2692 kB Threads=29 FDSize=256
2026-05-30 12:53:28.244 pid=28425 [model-load-complete] config=Gemma−4:2B model=gemma-4-E2B-it-Q4_K_M.gguf mmproj=(none)
  javaUsed=2.6MB javaTotal=10.5MB javaMax=256.0MB nativeHeap=1.7GB nativeHeapFree=4.2MB nativeHeapSize=1.8GB
  pssTotal=4.0GB privateDirty=1.1GB sharedDirty=51.9MB nativePss=1.1GB dalvikPss=3.3MB otherPss=2.9GB
  systemAvail=14.3GB systemThreshold=216.0MB lowMemory=false trimLevel=0 importance=125 fdCount=151
  procStatus VmRSS=4308128 kB VmHWM=4326336 kB VmSize=21812324 kB VmSwap=2692 kB Threads=29 FDSize=256
2026-05-30 12:53:35.819 pid=28425 [model-load] Loading configuration: Gemma−4
2026-05-30 12:53:36.168 pid=28425 [runtime-memory] Before model load model=gemma-4-E4B-it-Q4_K_M.gguf
  javaUsed=2.8MB javaTotal=10.5MB javaMax=256.0MB nativeHeap=1.5GB nativeHeapFree=72.5MB nativeHeapSize=1.6GB
  pssTotal=980.9MB privateDirty=971.9MB sharedDirty=51.9MB nativePss=965.9MB dalvikPss=1.5MB otherPss=13.5MB
  systemAvail=14.2GB systemThreshold=216.0MB lowMemory=false trimLevel=0 importance=125 fdCount=151
  procStatus VmRSS=1154692 kB VmHWM=4326336 kB VmSize=18698748 kB VmSwap=2692 kB Threads=29 FDSize=256
2026-05-30 12:53:36.234 pid=28425 [runtime-memory] After model load cleanup model=gemma-4-E4B-it-Q4_K_M.gguf
  javaUsed=2.5MB javaTotal=10.5MB javaMax=256.0MB nativeHeap=1.5GB nativeHeapFree=72.5MB nativeHeapSize=1.6GB
  pssTotal=980.7MB privateDirty=971.7MB sharedDirty=51.9MB nativePss=966.0MB dalvikPss=1.3MB otherPss=13.5MB
  systemAvail=14.2GB systemThreshold=216.0MB lowMemory=false trimLevel=0 importance=125 fdCount=151
  procStatus VmRSS=1154540 kB VmHWM=4326336 kB VmSize=18698748 kB VmSwap=2692 kB Threads=29 FDSize=256
2026-05-30 12:53:43.365 pid=28425 [model-load-complete] config=Gemma−4 model=gemma-4-E4B-it-Q4_K_M.gguf mmproj=mmproj-F16.gguf
  javaUsed=2.7MB javaTotal=10.5MB javaMax=256.0MB nativeHeap=3.3GB nativeHeapFree=7.6MB nativeHeapSize=3.4GB
  pssTotal=6.7GB privateDirty=2.1GB sharedDirty=51.9MB nativePss=2.1GB dalvikPss=1.4MB otherPss=4.6GB
  systemAvail=14.7GB systemThreshold=216.0MB lowMemory=false trimLevel=0 importance=125 fdCount=151
  procStatus VmRSS=7208820 kB VmHWM=7208820 kB VmSize=25370244 kB VmSwap=2692 kB Threads=29 FDSize=256
2026-05-30 12:53:47.546 pid=28720 [app] Application created
2026-05-30 12:53:47.546 pid=28720 [app-start] Application onCreate
  javaUsed=4.0MB javaTotal=256.0MB javaMax=256.0MB nativeHeap=6.6MB nativeHeapFree=1.8MB nativeHeapSize=13.1MB
  pssTotal=11.3MB privateDirty=4.7MB sharedDirty=53.0MB nativePss=2.2MB dalvikPss=901.0KB otherPss=8.2MB
  systemAvail=16.8GB systemThreshold=216.0MB lowMemory=false trimLevel=0 importance=400 fdCount=113
  procStatus VmRSS=122092 kB VmHWM=122092 kB VmSize=16983416 kB VmSwap=2828 kB Threads=13 FDSize=128
2026-05-30 12:54:22.031 pid=28720 [model-load] Loading configuration: Gemma−4
2026-05-30 12:54:22.034 pid=28720 [runtime-memory] Before model load model=gemma-4-E4B-it-Q4_K_M.gguf
  javaUsed=2.6MB javaTotal=10.0MB javaMax=256.0MB nativeHeap=6.7MB nativeHeapFree=1.9MB nativeHeapSize=13.1MB
  pssTotal=12.1MB privateDirty=5.6MB sharedDirty=52.7MB nativePss=2.4MB dalvikPss=1.1MB otherPss=8.6MB
  systemAvail=16.5GB systemThreshold=216.0MB lowMemory=false trimLevel=0 importance=125 fdCount=114
  procStatus VmRSS=126120 kB VmHWM=126416 kB VmSize=16793816 kB VmSwap=2588 kB Threads=17 FDSize=128
2026-05-30 12:54:22.082 pid=28720 [runtime-memory] After model load cleanup model=gemma-4-E4B-it-Q4_K_M.gguf
  javaUsed=2.1MB javaTotal=10.0MB javaMax=256.0MB nativeHeap=6.7MB nativeHeapFree=1.9MB nativeHeapSize=13.1MB
  pssTotal=11.8MB privateDirty=5.3MB sharedDirty=52.7MB nativePss=2.5MB dalvikPss=763.0KB otherPss=8.6MB
  systemAvail=16.6GB systemThreshold=216.0MB lowMemory=false trimLevel=0 importance=125 fdCount=114
  procStatus VmRSS=125912 kB VmHWM=128724 kB VmSize=16793816 kB VmSwap=2588 kB Threads=17 FDSize=128
2026-05-30 12:54:24.685 pid=28720 [model-load-complete] config=Gemma−4 model=gemma-4-E4B-it-Q4_K_M.gguf mmproj=mmproj-F16.gguf
  javaUsed=2.2MB javaTotal=10.0MB javaMax=256.0MB nativeHeap=1.8GB nativeHeapFree=2.6MB nativeHeapSize=1.8GB
  pssTotal=5.8GB privateDirty=1.2GB sharedDirty=52.6MB nativePss=1.2GB dalvikPss=843.0KB otherPss=4.6GB
  systemAvail=15.4GB systemThreshold=216.0MB lowMemory=false trimLevel=0 importance=125 fdCount=114
  procStatus VmRSS=6182412 kB VmHWM=6185268 kB VmSize=23559828 kB VmSwap=2588 kB Threads=17 FDSize=128
2026-05-30 12:56:43.580 pid=28720 [model-load] Loading configuration: Gemma−4
2026-05-30 12:56:43.581 pid=28720 [model-load-skip] config=Gemma−4 model already loaded
  javaUsed=4.7MB javaTotal=26.1MB javaMax=256.0MB nativeHeap=1.9GB nativeHeapFree=3.7MB nativeHeapSize=1.9GB
  pssTotal=5.9GB privateDirty=1.3GB sharedDirty=51.9MB nativePss=1.3GB dalvikPss=2.8MB otherPss=4.6GB
  systemAvail=15.2GB systemThreshold=216.0MB lowMemory=false trimLevel=0 importance=125 fdCount=150
  procStatus VmRSS=6329720 kB VmHWM=6338440 kB VmSize=23860620 kB VmSwap=2588 kB Threads=30 FDSize=256
2026-05-30 13:00:23.923 pid=28720 [model-load] Loading configuration: Gemma−4:2B
2026-05-30 13:00:24.558 pid=28720 [runtime-memory] Before model load model=gemma-4-E2B-it-Q4_K_M.gguf
  javaUsed=5.9MB javaTotal=26.1MB javaMax=256.0MB nativeHeap=12.3MB nativeHeapFree=72.7MB nativeHeapSize=88.6MB
  pssTotal=30.9MB privateDirty=20.7MB sharedDirty=51.9MB nativePss=12.6MB dalvikPss=3.8MB otherPss=14.6MB
  systemAvail=16.3GB systemThreshold=216.0MB lowMemory=false trimLevel=0 importance=125 fdCount=150
  procStatus VmRSS=180388 kB VmHWM=6366504 kB VmSize=17241932 kB VmSwap=2588 kB Threads=30 FDSize=256
2026-05-30 13:00:24.616 pid=28720 [runtime-memory] After model load cleanup model=gemma-4-E2B-it-Q4_K_M.gguf
  javaUsed=2.5MB javaTotal=10.4MB javaMax=256.0MB nativeHeap=12.2MB nativeHeapFree=72.8MB nativeHeapSize=88.6MB
  pssTotal=28.6MB privateDirty=18.4MB sharedDirty=51.9MB nativePss=12.7MB dalvikPss=1.3MB otherPss=14.6MB
  systemAvail=16.3GB systemThreshold=216.0MB lowMemory=false trimLevel=0 importance=125 fdCount=150
  procStatus VmRSS=177932 kB VmHWM=6366504 kB VmSize=17241932 kB VmSwap=2588 kB Threads=30 FDSize=256
2026-05-30 13:00:26.896 pid=28720 [model-load-complete] config=Gemma−4:2B model=gemma-4-E2B-it-Q4_K_M.gguf mmproj=(none)
  javaUsed=2.6MB javaTotal=10.4MB javaMax=256.0MB nativeHeap=1.7GB nativeHeapFree=8.1MB nativeHeapSize=1.8GB
  pssTotal=4.0GB privateDirty=1.1GB sharedDirty=51.9MB nativePss=1.1GB dalvikPss=1.3MB otherPss=2.9GB
  systemAvail=15.4GB systemThreshold=216.0MB lowMemory=false trimLevel=0 importance=125 fdCount=150
  procStatus VmRSS=4308608 kB VmHWM=6366504 kB VmSize=21951960 kB VmSwap=2588 kB Threads=30 FDSize=256
2026-05-30 13:00:58.388 pid=28720 [model-load] Loading configuration: Gemma−4
2026-05-30 13:00:58.770 pid=28720 [runtime-memory] Before model load model=gemma-4-E4B-it-Q4_K_M.gguf
  javaUsed=4.4MB javaTotal=10.4MB javaMax=256.0MB nativeHeap=1.5GB nativeHeapFree=72.6MB nativeHeapSize=1.6GB
  pssTotal=984.4MB privateDirty=973.9MB sharedDirty=51.9MB nativePss=966.8MB dalvikPss=2.8MB otherPss=14.9MB
  systemAvail=15.6GB systemThreshold=216.0MB lowMemory=false trimLevel=0 importance=125 fdCount=150
  procStatus VmRSS=1156984 kB VmHWM=6366504 kB VmSize=18838384 kB VmSwap=2588 kB Threads=30 FDSize=256
2026-05-30 13:00:58.839 pid=28720 [runtime-memory] After model load cleanup model=gemma-4-E4B-it-Q4_K_M.gguf
  javaUsed=2.6MB javaTotal=10.5MB javaMax=256.0MB nativeHeap=1.5GB nativeHeapFree=72.6MB nativeHeapSize=1.6GB
  pssTotal=983.1MB privateDirty=972.6MB sharedDirty=51.9MB nativePss=966.8MB dalvikPss=1.4MB otherPss=14.9MB
  systemAvail=15.6GB systemThreshold=216.0MB lowMemory=false trimLevel=0 importance=125 fdCount=150
  procStatus VmRSS=1155740 kB VmHWM=6366504 kB VmSize=18838384 kB VmSwap=2588 kB Threads=30 FDSize=256
2026-05-30 13:01:01.692 pid=28720 [model-load-complete] config=Gemma−4 model=gemma-4-E4B-it-Q4_K_M.gguf mmproj=mmproj-F16.gguf
  javaUsed=2.7MB javaTotal=10.5MB javaMax=256.0MB nativeHeap=3.3GB nativeHeapFree=7.7MB nativeHeapSize=3.4GB
  pssTotal=6.7GB privateDirty=2.1GB sharedDirty=51.9MB nativePss=2.1GB dalvikPss=1.5MB otherPss=4.6GB
  systemAvail=14.5GB systemThreshold=216.0MB lowMemory=false trimLevel=0 importance=125 fdCount=150
  procStatus VmRSS=7190564 kB VmHWM=7212100 kB VmSize=25481304 kB VmSwap=2588 kB Threads=30 FDSize=256
2026-05-30 13:16:36.690 pid=31048 [app] Application created
2026-05-30 13:16:36.692 pid=31048 [app-start] Application onCreate
  javaUsed=4.0MB javaTotal=256.0MB javaMax=256.0MB nativeHeap=6.6MB nativeHeapFree=1.8MB nativeHeapSize=13.1MB
  pssTotal=13.1MB privateDirty=6.6MB sharedDirty=53.0MB nativePss=2.1MB dalvikPss=916.0KB otherPss=9.9MB
  systemAvail=16.6GB systemThreshold=216.0MB lowMemory=false trimLevel=0 importance=400 fdCount=113
  procStatus VmRSS=123952 kB VmHWM=123952 kB VmSize=16964984 kB VmSwap=2760 kB Threads=13 FDSize=128
2026-05-30 14:12:38.998 pid=31048 [model-load] Loading configuration: Qwen3.5 2B MTP
2026-05-30 14:12:39.001 pid=31048 [runtime-memory] Before model load model=Qwen3.5-2B-Q8_0.gguf
  javaUsed=2.7MB javaTotal=10.0MB javaMax=256.0MB nativeHeap=6.7MB nativeHeapFree=1.9MB nativeHeapSize=13.1MB
  pssTotal=13.3MB privateDirty=7.3MB sharedDirty=52.7MB nativePss=2.4MB dalvikPss=1.1MB otherPss=9.8MB
  systemAvail=15.9GB systemThreshold=216.0MB lowMemory=false trimLevel=0 importance=125 fdCount=114
  procStatus VmRSS=127920 kB VmHWM=128480 kB VmSize=16737240 kB VmSwap=2564 kB Threads=15 FDSize=128
2026-05-30 14:12:39.058 pid=31048 [runtime-memory] After model load cleanup model=Qwen3.5-2B-Q8_0.gguf
  javaUsed=2.1MB javaTotal=10.0MB javaMax=256.0MB nativeHeap=6.7MB nativeHeapFree=1.9MB nativeHeapSize=13.1MB
  pssTotal=11.2MB privateDirty=5.2MB sharedDirty=52.7MB nativePss=2.4MB dalvikPss=750.0KB otherPss=8.0MB
  systemAvail=15.9GB systemThreshold=216.0MB lowMemory=false trimLevel=0 importance=125 fdCount=114
  procStatus VmRSS=125744 kB VmHWM=128480 kB VmSize=16737240 kB VmSwap=2564 kB Threads=15 FDSize=128
2026-05-30 14:12:40.979 pid=31048 [model-load-complete] config=Qwen3.5 2B MTP model=Qwen3.5-2B-Q8_0.gguf mmproj=(none)
  javaUsed=2.2MB javaTotal=10.0MB javaMax=256.0MB nativeHeap=2.3GB nativeHeapFree=4.1MB nativeHeapSize=2.3GB
  pssTotal=2.1GB privateDirty=2.1GB sharedDirty=52.6MB nativePss=2.1GB dalvikPss=827.0KB otherPss=9.8MB
  systemAvail=14.3GB systemThreshold=216.0MB lowMemory=false trimLevel=0 importance=125 fdCount=114
  procStatus VmRSS=2279700 kB VmHWM=2279700 kB VmSize=19106316 kB VmSwap=2564 kB Threads=15 FDSize=128
2026-05-30 14:12:41.001 pid=31048 [generation-start] id=1 config=Qwen3.5 2B MTP model=Qwen3.5-2B-Q8_0.gguf promptLen=1045 mediaCount=0
  javaUsed=2.4MB javaTotal=10.0MB javaMax=256.0MB nativeHeap=2.3GB nativeHeapFree=4.1MB nativeHeapSize=2.3GB
  pssTotal=2.1GB privateDirty=2.1GB sharedDirty=52.6MB nativePss=2.1GB dalvikPss=1003.0KB otherPss=9.8MB
  systemAvail=14.3GB systemThreshold=216.0MB lowMemory=false trimLevel=0 importance=125 fdCount=114
  procStatus VmRSS=2279956 kB VmHWM=2279956 kB VmSize=19106316 kB VmSwap=2564 kB Threads=15 FDSize=128
2026-05-30 14:12:41.020 pid=31048 [generation-stage] id=1 stage=native-call-start
2026-05-30 14:12:56.265 pid=31048 [generation-stage] id=1 stage=native-call-end resultLen=87
2026-05-30 14:12:56.266 pid=31048 [generation-end] id=1 resultLen=87
  javaUsed=2.5MB javaTotal=10.0MB javaMax=256.0MB nativeHeap=2.3GB nativeHeapFree=4.1MB nativeHeapSize=2.3GB
  pssTotal=2.1GB privateDirty=2.1GB sharedDirty=52.6MB nativePss=2.1GB dalvikPss=1.1MB otherPss=10.1MB
  systemAvail=14.2GB systemThreshold=216.0MB lowMemory=false trimLevel=0 importance=125 fdCount=114
  procStatus VmRSS=2274876 kB VmHWM=2287112 kB VmSize=19110400 kB VmSwap=2564 kB Threads=15 FDSize=128
2026-05-30 14:12:56.782 pid=31048 [model-load] Loading configuration: Qwen3.5 2B
2026-05-30 14:12:57.099 pid=31048 [runtime-memory] Before model load model=Qwen3.5-2B-UD-Q8_K_XL.gguf
  javaUsed=2.1MB javaTotal=10.0MB javaMax=256.0MB nativeHeap=8.9MB nativeHeapFree=48.0MB nativeHeapSize=61.5MB
  pssTotal=18.2MB privateDirty=10.6MB sharedDirty=52.6MB nativePss=7.3MB dalvikPss=783.0KB otherPss=10.1MB
  systemAvail=16.2GB systemThreshold=216.0MB lowMemory=false trimLevel=0 importance=125 fdCount=114
  procStatus VmRSS=132640 kB VmHWM=2287112 kB VmSize=16881476 kB VmSwap=2564 kB Threads=15 FDSize=128
2026-05-30 14:12:57.136 pid=31048 [runtime-memory] After model load cleanup model=Qwen3.5-2B-UD-Q8_K_XL.gguf
  javaUsed=2.1MB javaTotal=10.0MB javaMax=256.0MB nativeHeap=8.8MB nativeHeapFree=48.0MB nativeHeapSize=61.5MB
  pssTotal=20.3MB privateDirty=12.6MB sharedDirty=52.6MB nativePss=7.4MB dalvikPss=2.7MB otherPss=10.1MB
  systemAvail=16.2GB systemThreshold=216.0MB lowMemory=false trimLevel=0 importance=125 fdCount=114
  procStatus VmRSS=134744 kB VmHWM=2287112 kB VmSize=16881476 kB VmSwap=2564 kB Threads=15 FDSize=128
2026-05-30 14:13:00.422 pid=31048 [model-load-complete] config=Qwen3.5 2B model=Qwen3.5-2B-UD-Q8_K_XL.gguf mmproj=(none)
  javaUsed=2.2MB javaTotal=10.0MB javaMax=256.0MB nativeHeap=3.0GB nativeHeapFree=6.8MB nativeHeapSize=3.0GB
  pssTotal=2.8GB privateDirty=2.8GB sharedDirty=52.6MB nativePss=2.8GB dalvikPss=2.8MB otherPss=10.1MB
  systemAvail=13.4GB systemThreshold=216.0MB lowMemory=false trimLevel=0 importance=125 fdCount=114
  procStatus VmRSS=3081640 kB VmHWM=3081640 kB VmSize=19907704 kB VmSwap=2564 kB Threads=15 FDSize=128
2026-05-30 14:13:00.466 pid=31048 [generation-start] id=2 config=Qwen3.5 2B model=Qwen3.5-2B-UD-Q8_K_XL.gguf promptLen=1042 mediaCount=0
  javaUsed=2.4MB javaTotal=10.0MB javaMax=256.0MB nativeHeap=3.0GB nativeHeapFree=6.8MB nativeHeapSize=3.0GB
  pssTotal=2.8GB privateDirty=2.8GB sharedDirty=52.6MB nativePss=2.8GB dalvikPss=3.0MB otherPss=10.1MB
  systemAvail=13.5GB systemThreshold=216.0MB lowMemory=false trimLevel=0 importance=125 fdCount=114
  procStatus VmRSS=3081896 kB VmHWM=3081896 kB VmSize=19907704 kB VmSwap=2564 kB Threads=15 FDSize=128
2026-05-30 14:13:00.523 pid=31048 [generation-stage] id=2 stage=native-call-start
2026-05-30 14:13:41.773 pid=31048 [generation-stage] id=2 stage=native-call-end resultLen=149
2026-05-30 14:13:41.773 pid=31048 [generation-end] id=2 resultLen=149
  javaUsed=2.5MB javaTotal=10.0MB javaMax=256.0MB nativeHeap=3.0GB nativeHeapFree=6.7MB nativeHeapSize=3.0GB
  pssTotal=2.8GB privateDirty=2.8GB sharedDirty=52.6MB nativePss=2.8GB dalvikPss=3.1MB otherPss=10.1MB
  systemAvail=13.4GB systemThreshold=216.0MB lowMemory=false trimLevel=0 importance=125 fdCount=114
  procStatus VmRSS=3077288 kB VmHWM=3089064 kB VmSize=19907704 kB VmSwap=2564 kB Threads=15 FDSize=128
2026-05-30 14:13:42.323 pid=31048 [model-load] Loading configuration: Qwen3.5 2B MTP
2026-05-30 14:13:42.727 pid=31048 [runtime-memory] Before model load model=Qwen3.5-2B-Q8_0.gguf
  javaUsed=2.8MB javaTotal=10.0MB javaMax=256.0MB nativeHeap=8.9MB nativeHeapFree=47.9MB nativeHeapSize=61.5MB
  pssTotal=20.8MB privateDirty=13.2MB sharedDirty=52.6MB nativePss=7.4MB dalvikPss=3.3MB otherPss=10.1MB
  systemAvail=16.3GB systemThreshold=216.0MB lowMemory=false trimLevel=0 importance=125 fdCount=114
  procStatus VmRSS=135444 kB VmHWM=3089064 kB VmSize=16881476 kB VmSwap=2564 kB Threads=15 FDSize=128
2026-05-30 14:13:42.764 pid=31048 [runtime-memory] After model load cleanup model=Qwen3.5-2B-Q8_0.gguf
  javaUsed=2.1MB javaTotal=10.0MB javaMax=256.0MB nativeHeap=8.8MB nativeHeapFree=48.0MB nativeHeapSize=61.5MB
  pssTotal=20.3MB privateDirty=12.7MB sharedDirty=52.6MB nativePss=7.5MB dalvikPss=2.7MB otherPss=10.1MB
  systemAvail=16.2GB systemThreshold=216.0MB lowMemory=false trimLevel=0 importance=125 fdCount=114
  procStatus VmRSS=134884 kB VmHWM=3089064 kB VmSize=16881476 kB VmSwap=2564 kB Threads=15 FDSize=128
2026-05-30 14:13:45.185 pid=31048 [model-load-complete] config=Qwen3.5 2B MTP model=Qwen3.5-2B-Q8_0.gguf mmproj=(none)
  javaUsed=2.2MB javaTotal=10.0MB javaMax=256.0MB nativeHeap=2.3GB nativeHeapFree=6.8MB nativeHeapSize=2.3GB
  pssTotal=2.1GB privateDirty=2.1GB sharedDirty=52.6MB nativePss=2.1GB dalvikPss=2.8MB otherPss=10.1MB
  systemAvail=14.2GB systemThreshold=216.0MB lowMemory=false trimLevel=0 importance=125 fdCount=114
  procStatus VmRSS=2284504 kB VmHWM=3089064 kB VmSize=19110400 kB VmSwap=2564 kB Threads=15 FDSize=128
2026-05-30 14:13:45.234 pid=31048 [generation-start] id=3 config=Qwen3.5 2B MTP model=Qwen3.5-2B-Q8_0.gguf promptLen=1045 mediaCount=0
  javaUsed=2.4MB javaTotal=10.0MB javaMax=256.0MB nativeHeap=2.3GB nativeHeapFree=6.8MB nativeHeapSize=2.3GB
  pssTotal=2.1GB privateDirty=2.1GB sharedDirty=52.6MB nativePss=2.1GB dalvikPss=3.0MB otherPss=10.1MB
  systemAvail=14.2GB systemThreshold=216.0MB lowMemory=false trimLevel=0 importance=125 fdCount=114
  procStatus VmRSS=2284632 kB VmHWM=3089064 kB VmSize=19110400 kB VmSwap=2564 kB Threads=15 FDSize=128
2026-05-30 14:13:45.281 pid=31048 [generation-stage] id=3 stage=native-call-start
2026-05-30 14:14:15.752 pid=31048 [generation-stage] id=3 stage=native-call-end resultLen=106
2026-05-30 14:14:15.753 pid=31048 [generation-end] id=3 resultLen=106
  javaUsed=2.5MB javaTotal=10.0MB javaMax=256.0MB nativeHeap=2.3GB nativeHeapFree=6.7MB nativeHeapSize=2.3GB
  pssTotal=2.1GB privateDirty=2.1GB sharedDirty=52.6MB nativePss=2.1GB dalvikPss=3.1MB otherPss=10.1MB
  systemAvail=14.1GB systemThreshold=216.0MB lowMemory=false trimLevel=0 importance=125 fdCount=114
  procStatus VmRSS=2280008 kB VmHWM=3089064 kB VmSize=19110400 kB VmSwap=2564 kB Threads=15 FDSize=128
2026-05-30 14:14:15.802 pid=31048 [model-load] Loading configuration: Qwen3.5 2B MTP
2026-05-30 14:14:15.803 pid=31048 [model-load-skip] config=Qwen3.5 2B MTP model already loaded
  javaUsed=2.8MB javaTotal=10.0MB javaMax=256.0MB nativeHeap=2.3GB nativeHeapFree=6.7MB nativeHeapSize=2.3GB
  pssTotal=2.1GB privateDirty=2.1GB sharedDirty=52.6MB nativePss=2.1GB dalvikPss=3.3MB otherPss=10.1MB
  systemAvail=14.1GB systemThreshold=216.0MB lowMemory=false trimLevel=0 importance=125 fdCount=114
  procStatus VmRSS=2280008 kB VmHWM=3089064 kB VmSize=19110400 kB VmSwap=2564 kB Threads=15 FDSize=128
2026-05-30 14:14:15.852 pid=31048 [generation-start] id=4 config=Qwen3.5 2B MTP model=Qwen3.5-2B-Q8_0.gguf promptLen=1045 mediaCount=0
  javaUsed=2.2MB javaTotal=10.0MB javaMax=256.0MB nativeHeap=2.3GB nativeHeapFree=6.7MB nativeHeapSize=2.3GB
  pssTotal=2.1GB privateDirty=2.1GB sharedDirty=52.6MB nativePss=2.1GB dalvikPss=843.0KB otherPss=10.1MB
  systemAvail=14.1GB systemThreshold=216.0MB lowMemory=false trimLevel=0 importance=125 fdCount=114
  procStatus VmRSS=2277532 kB VmHWM=3089064 kB VmSize=19110400 kB VmSwap=2564 kB Threads=15 FDSize=128
2026-05-30 14:14:15.903 pid=31048 [generation-stage] id=4 stage=native-call-start
2026-05-30 14:14:44.239 pid=31048 [generation-stage] id=4 stage=native-call-end resultLen=60
2026-05-30 14:14:44.240 pid=31048 [generation-end] id=4 resultLen=60
  javaUsed=2.3MB javaTotal=10.0MB javaMax=256.0MB nativeHeap=2.3GB nativeHeapFree=6.7MB nativeHeapSize=2.3GB
  pssTotal=2.1GB privateDirty=2.1GB sharedDirty=52.6MB nativePss=2.1GB dalvikPss=967.0KB otherPss=10.1MB
  systemAvail=14.2GB systemThreshold=216.0MB lowMemory=false trimLevel=0 importance=125 fdCount=114
  procStatus VmRSS=2277652 kB VmHWM=3089064 kB VmSize=19110400 kB VmSwap=2564 kB Threads=15 FDSize=128
2026-05-30 14:14:44.287 pid=31048 [model-load] Loading configuration: Qwen3.5 2B MTP
2026-05-30 14:14:44.287 pid=31048 [model-load-skip] config=Qwen3.5 2B MTP model already loaded
  javaUsed=2.6MB javaTotal=10.0MB javaMax=256.0MB nativeHeap=2.3GB nativeHeapFree=6.7MB nativeHeapSize=2.3GB
  pssTotal=2.1GB privateDirty=2.1GB sharedDirty=52.6MB nativePss=2.1GB dalvikPss=1.1MB otherPss=10.1MB
  systemAvail=14.2GB systemThreshold=216.0MB lowMemory=false trimLevel=0 importance=125 fdCount=114
  procStatus VmRSS=2277652 kB VmHWM=3089064 kB VmSize=19110400 kB VmSwap=2564 kB Threads=15 FDSize=128
2026-05-30 14:14:44.333 pid=31048 [generation-start] id=5 config=Qwen3.5 2B MTP model=Qwen3.5-2B-Q8_0.gguf promptLen=1045 mediaCount=0
  javaUsed=2.8MB javaTotal=10.0MB javaMax=256.0MB nativeHeap=2.3GB nativeHeapFree=6.7MB nativeHeapSize=2.3GB
  pssTotal=2.1GB privateDirty=2.1GB sharedDirty=52.6MB nativePss=2.1GB dalvikPss=1.3MB otherPss=10.1MB
  systemAvail=14.2GB systemThreshold=216.0MB lowMemory=false trimLevel=0 importance=125 fdCount=114
  procStatus VmRSS=2277908 kB VmHWM=3089064 kB VmSize=19110400 kB VmSwap=2564 kB Threads=15 FDSize=128
2026-05-30 14:14:44.376 pid=31048 [generation-stage] id=5 stage=native-call-start
2026-05-30 14:15:12.280 pid=31048 [generation-stage] id=5 stage=native-call-end resultLen=53
2026-05-30 14:15:12.281 pid=31048 [generation-end] id=5 resultLen=53
  javaUsed=2.9MB javaTotal=10.0MB javaMax=256.0MB nativeHeap=2.3GB nativeHeapFree=6.7MB nativeHeapSize=2.3GB
  pssTotal=2.1GB privateDirty=2.1GB sharedDirty=52.6MB nativePss=2.1GB dalvikPss=1.4MB otherPss=10.1MB
  systemAvail=14.1GB systemThreshold=216.0MB lowMemory=false trimLevel=0 importance=125 fdCount=114
  procStatus VmRSS=2278284 kB VmHWM=3089064 kB VmSize=19110400 kB VmSwap=2564 kB Threads=15 FDSize=128
2026-05-30 14:15:12.830 pid=31048 [model-load] Loading configuration: Qwen3.5 2B
2026-05-30 14:15:13.155 pid=31048 [runtime-memory] Before model load model=Qwen3.5-2B-UD-Q8_K_XL.gguf
  javaUsed=3.2MB javaTotal=10.0MB javaMax=256.0MB nativeHeap=8.9MB nativeHeapFree=47.9MB nativeHeapSize=61.5MB
  pssTotal=19.3MB privateDirty=11.7MB sharedDirty=52.6MB nativePss=7.5MB dalvikPss=1.6MB otherPss=10.1MB
  systemAvail=16.2GB systemThreshold=216.0MB lowMemory=false trimLevel=0 importance=125 fdCount=114
  procStatus VmRSS=133956 kB VmHWM=3089064 kB VmSize=16881476 kB VmSwap=2564 kB Threads=15 FDSize=128
2026-05-30 14:15:13.193 pid=31048 [runtime-memory] After model load cleanup model=Qwen3.5-2B-UD-Q8_K_XL.gguf
  javaUsed=2.1MB javaTotal=10.0MB javaMax=256.0MB nativeHeap=8.8MB nativeHeapFree=48.0MB nativeHeapSize=61.5MB
  pssTotal=20.4MB privateDirty=12.9MB sharedDirty=52.6MB nativePss=7.6MB dalvikPss=2.7MB otherPss=10.1MB
  systemAvail=16.2GB systemThreshold=216.0MB lowMemory=false trimLevel=0 importance=125 fdCount=114
  procStatus VmRSS=135220 kB VmHWM=3089064 kB VmSize=16881476 kB VmSwap=2564 kB Threads=15 FDSize=128
2026-05-30 14:15:16.309 pid=31048 [model-load-complete] config=Qwen3.5 2B model=Qwen3.5-2B-UD-Q8_K_XL.gguf mmproj=(none)
  javaUsed=2.2MB javaTotal=10.0MB javaMax=256.0MB nativeHeap=3.0GB nativeHeapFree=6.8MB nativeHeapSize=3.0GB
  pssTotal=2.8GB privateDirty=2.8GB sharedDirty=52.6MB nativePss=2.8GB dalvikPss=2.8MB otherPss=10.1MB
  systemAvail=13.5GB systemThreshold=216.0MB lowMemory=false trimLevel=0 importance=125 fdCount=114
  procStatus VmRSS=3081864 kB VmHWM=3089064 kB VmSize=19907704 kB VmSwap=2564 kB Threads=15 FDSize=128
2026-05-30 14:15:16.371 pid=31048 [generation-start] id=6 config=Qwen3.5 2B model=Qwen3.5-2B-UD-Q8_K_XL.gguf promptLen=1051 mediaCount=0
  javaUsed=2.1MB javaTotal=10.0MB javaMax=256.0MB nativeHeap=3.0GB nativeHeapFree=6.8MB nativeHeapSize=3.0GB
  pssTotal=2.8GB privateDirty=2.8GB sharedDirty=52.6MB nativePss=2.8GB dalvikPss=818.0KB otherPss=10.1MB
  systemAvail=13.5GB systemThreshold=216.0MB lowMemory=false trimLevel=0 importance=125 fdCount=114
  procStatus VmRSS=3080024 kB VmHWM=3089064 kB VmSize=19907704 kB VmSwap=2564 kB Threads=15 FDSize=128
2026-05-30 14:15:16.426 pid=31048 [generation-stage] id=6 stage=native-call-start
2026-05-30 14:15:53.754 pid=31048 [generation-stage] id=6 stage=native-call-end resultLen=71
2026-05-30 14:15:53.755 pid=31048 [generation-end] id=6 resultLen=71
  javaUsed=2.3MB javaTotal=10.0MB javaMax=256.0MB nativeHeap=3.0GB nativeHeapFree=6.7MB nativeHeapSize=3.0GB
  pssTotal=2.8GB privateDirty=2.8GB sharedDirty=52.6MB nativePss=2.8GB dalvikPss=938.0KB otherPss=10.1MB
  systemAvail=13.5GB systemThreshold=216.0MB lowMemory=false trimLevel=0 importance=125 fdCount=114
  procStatus VmRSS=3074948 kB VmHWM=3089064 kB VmSize=19907704 kB VmSwap=2564 kB Threads=15 FDSize=128
2026-05-30 14:15:54.305 pid=31048 [model-load] Loading configuration: Qwen3.5 2B MTP
2026-05-30 14:15:54.715 pid=31048 [runtime-memory] Before model load model=Qwen3.5-2B-Q8_0.gguf
  javaUsed=2.6MB javaTotal=10.0MB javaMax=256.0MB nativeHeap=8.9MB nativeHeapFree=47.9MB nativeHeapSize=61.5MB
  pssTotal=18.7MB privateDirty=11.1MB sharedDirty=52.6MB nativePss=7.5MB dalvikPss=1.1MB otherPss=10.1MB
  systemAvail=16.3GB systemThreshold=216.0MB lowMemory=false trimLevel=0 importance=125 fdCount=114
  procStatus VmRSS=133248 kB VmHWM=3089064 kB VmSize=16881476 kB VmSwap=2564 kB Threads=15 FDSize=128
2026-05-30 14:15:54.752 pid=31048 [runtime-memory] After model load cleanup model=Qwen3.5-2B-Q8_0.gguf
  javaUsed=2.1MB javaTotal=10.0MB javaMax=256.0MB nativeHeap=8.8MB nativeHeapFree=48.0MB nativeHeapSize=61.5MB
  pssTotal=20.4MB privateDirty=12.8MB sharedDirty=52.6MB nativePss=7.6MB dalvikPss=2.7MB otherPss=10.1MB
  systemAvail=16.3GB systemThreshold=216.0MB lowMemory=false trimLevel=0 importance=125 fdCount=114
  procStatus VmRSS=135016 kB VmHWM=3089064 kB VmSize=16881476 kB VmSwap=2564 kB Threads=15 FDSize=128
2026-05-30 14:15:57.197 pid=31048 [model-load-complete] config=Qwen3.5 2B MTP model=Qwen3.5-2B-Q8_0.gguf mmproj=(none)
  javaUsed=2.2MB javaTotal=10.0MB javaMax=256.0MB nativeHeap=2.3GB nativeHeapFree=6.8MB nativeHeapSize=2.3GB
  pssTotal=2.1GB privateDirty=2.1GB sharedDirty=52.6MB nativePss=2.1GB dalvikPss=2.8MB otherPss=10.1MB
  systemAvail=14.3GB systemThreshold=216.0MB lowMemory=false trimLevel=0 importance=125 fdCount=114
  procStatus VmRSS=2284584 kB VmHWM=3089064 kB VmSize=19110400 kB VmSwap=2564 kB Threads=15 FDSize=128
2026-05-30 14:15:57.247 pid=31048 [generation-start] id=7 config=Qwen3.5 2B MTP model=Qwen3.5-2B-Q8_0.gguf promptLen=1045 mediaCount=0
  javaUsed=2.4MB javaTotal=10.0MB javaMax=256.0MB nativeHeap=2.3GB nativeHeapFree=6.8MB nativeHeapSize=2.3GB
  pssTotal=2.1GB privateDirty=2.1GB sharedDirty=52.6MB nativePss=2.1GB dalvikPss=3.0MB otherPss=10.1MB
  systemAvail=14.3GB systemThreshold=216.0MB lowMemory=false trimLevel=0 importance=125 fdCount=114
  procStatus VmRSS=2284712 kB VmHWM=3089064 kB VmSize=19110400 kB VmSwap=2564 kB Threads=15 FDSize=128
2026-05-30 14:15:57.295 pid=31048 [generation-stage] id=7 stage=native-call-start
2026-05-30 14:16:29.898 pid=31048 [generation-stage] id=7 stage=native-call-end resultLen=171
2026-05-30 14:16:29.899 pid=31048 [generation-end] id=7 resultLen=171
  javaUsed=2.6MB javaTotal=10.0MB javaMax=256.0MB nativeHeap=2.3GB nativeHeapFree=6.7MB nativeHeapSize=2.3GB
  pssTotal=2.1GB privateDirty=2.1GB sharedDirty=52.6MB nativePss=2.1GB dalvikPss=3.1MB otherPss=10.1MB
  systemAvail=14.3GB systemThreshold=216.0MB lowMemory=false trimLevel=0 importance=125 fdCount=114
  procStatus VmRSS=2279680 kB VmHWM=3089064 kB VmSize=19110400 kB VmSwap=2564 kB Threads=15 FDSize=128
2026-05-30 14:16:29.949 pid=31048 [model-load] Loading configuration: Qwen3.5 2B MTP
2026-05-30 14:16:29.949 pid=31048 [model-load-skip] config=Qwen3.5 2B MTP model already loaded
  javaUsed=2.8MB javaTotal=10.0MB javaMax=256.0MB nativeHeap=2.3GB nativeHeapFree=6.7MB nativeHeapSize=2.3GB
  pssTotal=2.1GB privateDirty=2.1GB sharedDirty=52.6MB nativePss=2.1GB dalvikPss=3.3MB otherPss=10.1MB
  systemAvail=14.3GB systemThreshold=216.0MB lowMemory=false trimLevel=0 importance=125 fdCount=114
  procStatus VmRSS=2279808 kB VmHWM=3089064 kB VmSize=19110400 kB VmSwap=2564 kB Threads=15 FDSize=128
2026-05-30 14:16:29.996 pid=31048 [generation-start] id=8 config=Qwen3.5 2B MTP model=Qwen3.5-2B-Q8_0.gguf promptLen=1045 mediaCount=0
  javaUsed=3.0MB javaTotal=10.0MB javaMax=256.0MB nativeHeap=2.3GB nativeHeapFree=6.7MB nativeHeapSize=2.3GB
  pssTotal=2.1GB privateDirty=2.1GB sharedDirty=52.6MB nativePss=2.1GB dalvikPss=3.5MB otherPss=10.1MB
  systemAvail=14.3GB systemThreshold=216.0MB lowMemory=false trimLevel=0 importance=125 fdCount=114
  procStatus VmRSS=2280064 kB VmHWM=3089064 kB VmSize=19110400 kB VmSwap=2564 kB Threads=15 FDSize=128
2026-05-30 14:16:30.044 pid=31048 [generation-stage] id=8 stage=native-call-start
2026-05-30 14:17:00.601 pid=31048 [generation-stage] id=8 stage=native-call-end resultLen=129
2026-05-30 14:17:00.602 pid=31048 [generation-end] id=8 resultLen=129
  javaUsed=3.2MB javaTotal=10.0MB javaMax=256.0MB nativeHeap=2.3GB nativeHeapFree=6.7MB nativeHeapSize=2.3GB
  pssTotal=2.1GB privateDirty=2.1GB sharedDirty=52.5MB nativePss=2.1GB dalvikPss=3.6MB otherPss=10.1MB
  systemAvail=14.3GB systemThreshold=216.0MB lowMemory=false trimLevel=0 importance=125 fdCount=114
  procStatus VmRSS=2280572 kB VmHWM=3089064 kB VmSize=19110400 kB VmSwap=2564 kB Threads=15 FDSize=128
2026-05-30 14:17:00.647 pid=31048 [model-load] Loading configuration: Qwen3.5 2B MTP
2026-05-30 14:17:00.648 pid=31048 [model-load-skip] config=Qwen3.5 2B MTP model already loaded
  javaUsed=3.4MB javaTotal=10.0MB javaMax=256.0MB nativeHeap=2.3GB nativeHeapFree=6.7MB nativeHeapSize=2.3GB
  pssTotal=2.1GB privateDirty=2.1GB sharedDirty=52.5MB nativePss=2.1GB dalvikPss=3.8MB otherPss=10.1MB
  systemAvail=14.3GB systemThreshold=216.0MB lowMemory=false trimLevel=0 importance=125 fdCount=114
  procStatus VmRSS=2280572 kB VmHWM=3089064 kB VmSize=19110400 kB VmSwap=2564 kB Threads=15 FDSize=128
2026-05-30 14:17:00.696 pid=31048 [generation-start] id=9 config=Qwen3.5 2B MTP model=Qwen3.5-2B-Q8_0.gguf promptLen=1045 mediaCount=0
  javaUsed=3.6MB javaTotal=10.0MB javaMax=256.0MB nativeHeap=2.3GB nativeHeapFree=6.7MB nativeHeapSize=2.3GB
  pssTotal=2.1GB privateDirty=2.1GB sharedDirty=52.5MB nativePss=2.1GB dalvikPss=4.0MB otherPss=10.1MB
  systemAvail=14.3GB systemThreshold=216.0MB lowMemory=false trimLevel=0 importance=125 fdCount=114
  procStatus VmRSS=2280700 kB VmHWM=3089064 kB VmSize=19110400 kB VmSwap=2564 kB Threads=15 FDSize=128
2026-05-30 14:17:00.743 pid=31048 [generation-stage] id=9 stage=native-call-start
2026-05-30 14:17:32.987 pid=31048 [generation-stage] id=9 stage=native-call-end resultLen=88
2026-05-30 14:17:32.988 pid=31048 [generation-end] id=9 resultLen=88
  javaUsed=3.8MB javaTotal=10.0MB javaMax=256.0MB nativeHeap=2.3GB nativeHeapFree=6.7MB nativeHeapSize=2.3GB
  pssTotal=2.1GB privateDirty=2.1GB sharedDirty=52.5MB nativePss=2.1GB dalvikPss=4.1MB otherPss=10.1MB
  systemAvail=14.3GB systemThreshold=216.0MB lowMemory=false trimLevel=0 importance=125 fdCount=114
  procStatus VmRSS=2280948 kB VmHWM=3089064 kB VmSize=19110400 kB VmSwap=2564 kB Threads=15 FDSize=128
2026-05-30 14:17:33.540 pid=31048 [model-load] Loading configuration: Qwen3.5 2B
2026-05-30 14:17:33.938 pid=31048 [runtime-memory] Before model load model=Qwen3.5-2B-UD-Q8_K_XL.gguf
  javaUsed=2.3MB javaTotal=10.0MB javaMax=256.0MB nativeHeap=8.9MB nativeHeapFree=47.9MB nativeHeapSize=61.5MB
  pssTotal=18.5MB privateDirty=10.9MB sharedDirty=52.5MB nativePss=7.5MB dalvikPss=934.0KB otherPss=10.1MB
  systemAvail=16.3GB systemThreshold=216.0MB lowMemory=false trimLevel=0 importance=125 fdCount=114
  procStatus VmRSS=133160 kB VmHWM=3089064 kB VmSize=16881476 kB VmSwap=2564 kB Threads=15 FDSize=128
2026-05-30 14:17:33.983 pid=31048 [runtime-memory] After model load cleanup model=Qwen3.5-2B-UD-Q8_K_XL.gguf
  javaUsed=2.1MB javaTotal=10.0MB javaMax=256.0MB nativeHeap=8.8MB nativeHeapFree=48.0MB nativeHeapSize=61.5MB
  pssTotal=20.4MB privateDirty=12.8MB sharedDirty=52.5MB nativePss=7.6MB dalvikPss=2.7MB otherPss=10.1MB
  systemAvail=16.3GB systemThreshold=216.0MB lowMemory=false trimLevel=0 importance=125 fdCount=114
  procStatus VmRSS=135152 kB VmHWM=3089064 kB VmSize=16881476 kB VmSwap=2564 kB Threads=15 FDSize=128
2026-05-30 14:17:37.761 pid=31048 [model-load-complete] config=Qwen3.5 2B model=Qwen3.5-2B-UD-Q8_K_XL.gguf mmproj=(none)
  javaUsed=2.2MB javaTotal=10.0MB javaMax=256.0MB nativeHeap=3.0GB nativeHeapFree=6.8MB nativeHeapSize=3.0GB
  pssTotal=2.8GB privateDirty=2.8GB sharedDirty=52.5MB nativePss=2.8GB dalvikPss=2.8MB otherPss=10.1MB
  systemAvail=13.5GB systemThreshold=216.0MB lowMemory=false trimLevel=0 importance=125 fdCount=114
  procStatus VmRSS=3081772 kB VmHWM=3089064 kB VmSize=19907704 kB VmSwap=2564 kB Threads=15 FDSize=128
2026-05-30 14:17:37.829 pid=31048 [generation-start] id=10 config=Qwen3.5 2B model=Qwen3.5-2B-UD-Q8_K_XL.gguf promptLen=1054 mediaCount=0
  javaUsed=2.4MB javaTotal=10.0MB javaMax=256.0MB nativeHeap=3.0GB nativeHeapFree=6.8MB nativeHeapSize=3.0GB
  pssTotal=2.8GB privateDirty=2.8GB sharedDirty=52.5MB nativePss=2.8GB dalvikPss=3.0MB otherPss=10.1MB
  systemAvail=13.5GB systemThreshold=216.0MB lowMemory=false trimLevel=0 importance=125 fdCount=114
  procStatus VmRSS=3082028 kB VmHWM=3089064 kB VmSize=19907704 kB VmSwap=2564 kB Threads=15 FDSize=128
2026-05-30 14:17:37.896 pid=31048 [generation-stage] id=10 stage=native-call-start
2026-05-30 14:18:20.145 pid=31048 [generation-stage] id=10 stage=native-call-end resultLen=38
2026-05-30 14:18:20.146 pid=31048 [generation-end] id=10 resultLen=38
  javaUsed=2.5MB javaTotal=10.0MB javaMax=256.0MB nativeHeap=3.0GB nativeHeapFree=6.7MB nativeHeapSize=3.0GB
  pssTotal=2.8GB privateDirty=2.8GB sharedDirty=52.5MB nativePss=2.8GB dalvikPss=3.1MB otherPss=10.1MB
  systemAvail=13.4GB systemThreshold=216.0MB lowMemory=false trimLevel=0 importance=125 fdCount=114
  procStatus VmRSS=3077460 kB VmHWM=3089068 kB VmSize=19907704 kB VmSwap=2564 kB Threads=15 FDSize=128
2026-05-30 14:18:20.709 pid=31048 [model-load] Loading configuration: Qwen3.5 2B MTP
2026-05-30 14:18:21.219 pid=31048 [runtime-memory] Before model load model=Qwen3.5-2B-Q8_0.gguf
  javaUsed=2.8MB javaTotal=10.0MB javaMax=256.0MB nativeHeap=8.9MB nativeHeapFree=47.9MB nativeHeapSize=61.5MB
  pssTotal=20.9MB privateDirty=13.4MB sharedDirty=52.5MB nativePss=7.5MB dalvikPss=3.3MB otherPss=10.1MB
  systemAvail=16.1GB systemThreshold=216.0MB lowMemory=false trimLevel=0 importance=125 fdCount=114
  procStatus VmRSS=135724 kB VmHWM=3089068 kB VmSize=16881476 kB VmSwap=2564 kB Threads=15 FDSize=128
2026-05-30 14:18:21.278 pid=31048 [runtime-memory] After model load cleanup model=Qwen3.5-2B-Q8_0.gguf
  javaUsed=2.1MB javaTotal=10.0MB javaMax=256.0MB nativeHeap=8.8MB nativeHeapFree=48.0MB nativeHeapSize=61.5MB
  pssTotal=18.5MB privateDirty=10.9MB sharedDirty=52.5MB nativePss=7.6MB dalvikPss=744.0KB otherPss=10.1MB
  systemAvail=16.1GB systemThreshold=216.0MB lowMemory=false trimLevel=0 importance=125 fdCount=114
  procStatus VmRSS=133300 kB VmHWM=3089068 kB VmSize=16881476 kB VmSwap=2564 kB Threads=15 FDSize=128
2026-05-30 14:18:24.505 pid=31048 [model-load-complete] config=Qwen3.5 2B MTP model=Qwen3.5-2B-Q8_0.gguf mmproj=(none)
  javaUsed=2.2MB javaTotal=10.0MB javaMax=256.0MB nativeHeap=2.3GB nativeHeapFree=6.8MB nativeHeapSize=2.3GB
  pssTotal=2.1GB privateDirty=2.1GB sharedDirty=52.5MB nativePss=2.1GB dalvikPss=820.0KB otherPss=10.1MB
  systemAvail=14.1GB systemThreshold=216.0MB lowMemory=false trimLevel=0 importance=125 fdCount=114
  procStatus VmRSS=2282424 kB VmHWM=3089068 kB VmSize=19110400 kB VmSwap=2564 kB Threads=15 FDSize=128
2026-05-30 14:18:24.554 pid=31048 [generation-start] id=11 config=Qwen3.5 2B MTP model=Qwen3.5-2B-Q8_0.gguf promptLen=1042 mediaCount=0
  javaUsed=2.4MB javaTotal=10.0MB javaMax=256.0MB nativeHeap=2.3GB nativeHeapFree=6.8MB nativeHeapSize=2.3GB
  pssTotal=2.1GB privateDirty=2.1GB sharedDirty=52.5MB nativePss=2.1GB dalvikPss=992.0KB otherPss=10.1MB
  systemAvail=14.1GB systemThreshold=216.0MB lowMemory=false trimLevel=0 importance=125 fdCount=114
  procStatus VmRSS=2282552 kB VmHWM=3089068 kB VmSize=19110400 kB VmSwap=2564 kB Threads=15 FDSize=128
2026-05-30 14:18:24.612 pid=31048 [generation-stage] id=11 stage=native-call-start
2026-05-30 14:18:57.552 pid=31048 [generation-stage] id=11 stage=native-call-end resultLen=55
2026-05-30 14:18:57.553 pid=31048 [generation-end] id=11 resultLen=55
  javaUsed=2.5MB javaTotal=10.0MB javaMax=256.0MB nativeHeap=2.3GB nativeHeapFree=6.7MB nativeHeapSize=2.3GB
  pssTotal=2.1GB privateDirty=2.1GB sharedDirty=52.5MB nativePss=2.1GB dalvikPss=1.1MB otherPss=10.1MB
  systemAvail=14.1GB systemThreshold=216.0MB lowMemory=false trimLevel=0 importance=125 fdCount=114
  procStatus VmRSS=2277664 kB VmHWM=3089068 kB VmSize=19110400 kB VmSwap=2564 kB Threads=15 FDSize=128
2026-05-30 14:18:57.617 pid=31048 [model-load] Loading configuration: Qwen3.5 2B MTP
2026-05-30 14:18:57.624 pid=31048 [model-load-skip] config=Qwen3.5 2B MTP model already loaded
  javaUsed=2.1MB javaTotal=10.0MB javaMax=256.0MB nativeHeap=2.3GB nativeHeapFree=6.7MB nativeHeapSize=2.3GB
  pssTotal=2.1GB privateDirty=2.1GB sharedDirty=52.5MB nativePss=2.1GB dalvikPss=743.0KB otherPss=10.1MB
  systemAvail=14.1GB systemThreshold=216.0MB lowMemory=false trimLevel=0 importance=125 fdCount=114
  procStatus VmRSS=2277232 kB VmHWM=3089068 kB VmSize=19110400 kB VmSwap=2564 kB Threads=15 FDSize=128
2026-05-30 14:18:57.682 pid=31048 [generation-start] id=12 config=Qwen3.5 2B MTP model=Qwen3.5-2B-Q8_0.gguf promptLen=1042 mediaCount=0
  javaUsed=2.3MB javaTotal=10.0MB javaMax=256.0MB nativeHeap=2.3GB nativeHeapFree=6.7MB nativeHeapSize=2.3GB
  pssTotal=2.1GB privateDirty=2.1GB sharedDirty=52.5MB nativePss=2.1GB dalvikPss=923.0KB otherPss=10.1MB
  systemAvail=14.1GB systemThreshold=216.0MB lowMemory=false trimLevel=0 importance=125 fdCount=114
  procStatus VmRSS=2278684 kB VmHWM=3089068 kB VmSize=19110784 kB VmSwap=2564 kB Threads=15 FDSize=128
2026-05-30 14:18:57.738 pid=31048 [generation-stage] id=12 stage=native-call-start
2026-05-30 14:19:30.039 pid=31048 [generation-stage] id=12 stage=native-call-end resultLen=45
2026-05-30 14:19:30.039 pid=31048 [generation-end] id=12 resultLen=45
  javaUsed=2.5MB javaTotal=10.0MB javaMax=256.0MB nativeHeap=2.3GB nativeHeapFree=6.7MB nativeHeapSize=2.3GB
  pssTotal=2.1GB privateDirty=2.1GB sharedDirty=52.6MB nativePss=2.1GB dalvikPss=1.0MB otherPss=10.1MB
  systemAvail=14.1GB systemThreshold=216.0MB lowMemory=false trimLevel=0 importance=125 fdCount=114
  procStatus VmRSS=2278812 kB VmHWM=3089068 kB VmSize=19110784 kB VmSwap=2564 kB Threads=15 FDSize=128
2026-05-30 14:19:30.589 pid=31048 [model-load] Loading configuration: Qwen3.5 2B
2026-05-30 14:19:30.989 pid=31048 [runtime-memory] Before model load model=Qwen3.5-2B-UD-Q8_K_XL.gguf
  javaUsed=2.7MB javaTotal=10.0MB javaMax=256.0MB nativeHeap=8.9MB nativeHeapFree=48.0MB nativeHeapSize=61.5MB
  pssTotal=19.0MB privateDirty=11.4MB sharedDirty=52.6MB nativePss=7.6MB dalvikPss=1.2MB otherPss=10.1MB
  systemAvail=16.1GB systemThreshold=216.0MB lowMemory=false trimLevel=0 importance=125 fdCount=114
  procStatus VmRSS=134400 kB VmHWM=3089068 kB VmSize=16881860 kB VmSwap=2564 kB Threads=15 FDSize=128
2026-05-30 14:19:31.035 pid=31048 [runtime-memory] After model load cleanup model=Qwen3.5-2B-UD-Q8_K_XL.gguf
  javaUsed=2.1MB javaTotal=10.0MB javaMax=256.0MB nativeHeap=8.9MB nativeHeapFree=48.0MB nativeHeapSize=61.5MB
  pssTotal=18.6MB privateDirty=11.0MB sharedDirty=52.6MB nativePss=7.7MB dalvikPss=743.0KB otherPss=10.1MB
  systemAvail=16.1GB systemThreshold=216.0MB lowMemory=false trimLevel=0 importance=125 fdCount=114
  procStatus VmRSS=134020 kB VmHWM=3089068 kB VmSize=16881860 kB VmSwap=2564 kB Threads=15 FDSize=128
2026-05-30 14:19:34.809 pid=31048 [model-load-complete] config=Qwen3.5 2B model=Qwen3.5-2B-UD-Q8_K_XL.gguf mmproj=(none)
  javaUsed=2.2MB javaTotal=10.0MB javaMax=256.0MB nativeHeap=3.0GB nativeHeapFree=6.9MB nativeHeapSize=3.0GB
  pssTotal=2.8GB privateDirty=2.8GB sharedDirty=52.6MB nativePss=2.8GB dalvikPss=819.0KB otherPss=10.1MB
  systemAvail=13.3GB systemThreshold=216.0MB lowMemory=false trimLevel=0 importance=125 fdCount=114
  procStatus VmRSS=3080548 kB VmHWM=3089068 kB VmSize=19908088 kB VmSwap=2564 kB Threads=15 FDSize=128
2026-05-30 14:19:34.882 pid=31048 [generation-start] id=13 config=Qwen3.5 2B model=Qwen3.5-2B-UD-Q8_K_XL.gguf promptLen=1048 mediaCount=0
  javaUsed=2.4MB javaTotal=10.0MB javaMax=256.0MB nativeHeap=3.0GB nativeHeapFree=6.8MB nativeHeapSize=3.0GB
  pssTotal=2.8GB privateDirty=2.8GB sharedDirty=52.6MB nativePss=2.8GB dalvikPss=995.0KB otherPss=10.1MB
  systemAvail=13.3GB systemThreshold=216.0MB lowMemory=false trimLevel=0 importance=125 fdCount=114
  procStatus VmRSS=3080804 kB VmHWM=3089068 kB VmSize=19908088 kB VmSwap=2564 kB Threads=15 FDSize=128
2026-05-30 14:19:34.949 pid=31048 [generation-stage] id=13 stage=native-call-start
2026-05-30 14:20:13.771 pid=31048 [generation-stage] id=13 stage=native-call-end resultLen=138
2026-05-30 14:20:13.772 pid=31048 [generation-end] id=13 resultLen=138
  javaUsed=2.5MB javaTotal=10.0MB javaMax=256.0MB nativeHeap=3.0GB nativeHeapFree=6.7MB nativeHeapSize=3.0GB
  pssTotal=2.8GB privateDirty=2.8GB sharedDirty=52.6MB nativePss=2.8GB dalvikPss=1.1MB otherPss=10.1MB
  systemAvail=13.3GB systemThreshold=216.0MB lowMemory=false trimLevel=0 importance=125 fdCount=114
  procStatus VmRSS=3076284 kB VmHWM=3089068 kB VmSize=19908088 kB VmSwap=2564 kB Threads=15 FDSize=128
2026-05-30 14:20:13.815 pid=31048 [model-load] Loading configuration: Qwen3.5 2B
2026-05-30 14:20:13.815 pid=31048 [model-load-skip] config=Qwen3.5 2B model already loaded
  javaUsed=2.8MB javaTotal=10.0MB javaMax=256.0MB nativeHeap=3.0GB nativeHeapFree=6.7MB nativeHeapSize=3.0GB
  pssTotal=2.8GB privateDirty=2.8GB sharedDirty=52.6MB nativePss=2.8GB dalvikPss=1.3MB otherPss=10.1MB
  systemAvail=13.3GB systemThreshold=216.0MB lowMemory=false trimLevel=0 importance=125 fdCount=114
  procStatus VmRSS=3076412 kB VmHWM=3089068 kB VmSize=19908088 kB VmSwap=2564 kB Threads=15 FDSize=128
2026-05-30 14:20:13.863 pid=31048 [generation-start] id=14 config=Qwen3.5 2B model=Qwen3.5-2B-UD-Q8_K_XL.gguf promptLen=1048 mediaCount=0
  javaUsed=3.0MB javaTotal=10.0MB javaMax=256.0MB nativeHeap=3.0GB nativeHeapFree=6.7MB nativeHeapSize=3.0GB
  pssTotal=2.8GB privateDirty=2.8GB sharedDirty=52.6MB nativePss=2.8GB dalvikPss=1.5MB otherPss=10.1MB
  systemAvail=13.3GB systemThreshold=216.0MB lowMemory=false trimLevel=0 importance=125 fdCount=114
  procStatus VmRSS=3076540 kB VmHWM=3089068 kB VmSize=19908088 kB VmSwap=2564 kB Threads=15 FDSize=128
2026-05-30 14:20:13.909 pid=31048 [generation-stage] id=14 stage=native-call-start
2026-05-30 14:20:54.877 pid=31048 [generation-stage] id=14 stage=native-call-end resultLen=36
2026-05-30 14:20:54.878 pid=31048 [generation-end] id=14 resultLen=36
  javaUsed=3.1MB javaTotal=10.0MB javaMax=256.0MB nativeHeap=3.0GB nativeHeapFree=6.7MB nativeHeapSize=3.0GB
  pssTotal=2.8GB privateDirty=2.8GB sharedDirty=52.6MB nativePss=2.8GB dalvikPss=1.6MB otherPss=10.1MB
  systemAvail=13.3GB systemThreshold=216.0MB lowMemory=false trimLevel=0 importance=125 fdCount=114
  procStatus VmRSS=3076924 kB VmHWM=3089068 kB VmSize=19908088 kB VmSwap=2564 kB Threads=15 FDSize=128
2026-05-30 14:20:54.957 pid=31048 [model-load] Loading configuration: Qwen3.5 2B
2026-05-30 14:20:54.958 pid=31048 [model-load-skip] config=Qwen3.5 2B model already loaded
  javaUsed=2.3MB javaTotal=10.0MB javaMax=256.0MB nativeHeap=3.0GB nativeHeapFree=6.7MB nativeHeapSize=3.0GB
  pssTotal=2.8GB privateDirty=2.8GB sharedDirty=52.6MB nativePss=2.8GB dalvikPss=887.0KB otherPss=10.1MB
  systemAvail=13.3GB systemThreshold=216.0MB lowMemory=false trimLevel=0 importance=125 fdCount=114
  procStatus VmRSS=3076144 kB VmHWM=3089068 kB VmSize=19908088 kB VmSwap=2564 kB Threads=15 FDSize=128
2026-05-30 14:20:55.029 pid=31048 [generation-start] id=15 config=Qwen3.5 2B model=Qwen3.5-2B-UD-Q8_K_XL.gguf promptLen=1048 mediaCount=0
  javaUsed=2.5MB javaTotal=10.0MB javaMax=256.0MB nativeHeap=3.0GB nativeHeapFree=6.7MB nativeHeapSize=3.0GB
  pssTotal=2.8GB privateDirty=2.8GB sharedDirty=52.6MB nativePss=2.8GB dalvikPss=1.0MB otherPss=10.1MB
  systemAvail=13.3GB systemThreshold=216.0MB lowMemory=false trimLevel=0 importance=125 fdCount=114
  procStatus VmRSS=3076144 kB VmHWM=3089068 kB VmSize=19908088 kB VmSwap=2564 kB Threads=15 FDSize=128
2026-05-30 14:20:55.097 pid=31048 [generation-stage] id=15 stage=native-call-start
2026-05-30 14:21:45.315 pid=31048 [generation-stage] id=15 stage=native-call-end resultLen=162
2026-05-30 14:21:45.316 pid=31048 [generation-end] id=15 resultLen=162
  javaUsed=2.7MB javaTotal=10.0MB javaMax=256.0MB nativeHeap=3.0GB nativeHeapFree=6.7MB nativeHeapSize=3.0GB
  pssTotal=2.8GB privateDirty=2.8GB sharedDirty=52.6MB nativePss=2.8GB dalvikPss=1.2MB otherPss=10.1MB
  systemAvail=13.3GB systemThreshold=216.0MB lowMemory=false trimLevel=0 importance=125 fdCount=114
  procStatus VmRSS=3076524 kB VmHWM=3089068 kB VmSize=19908088 kB VmSwap=2564 kB Threads=15 FDSize=128
2026-05-30 14:21:45.388 pid=31048 [model-load] Loading configuration: Qwen3.5 2B
2026-05-30 14:21:45.388 pid=31048 [model-load-skip] config=Qwen3.5 2B model already loaded
  javaUsed=2.9MB javaTotal=10.0MB javaMax=256.0MB nativeHeap=3.0GB nativeHeapFree=6.7MB nativeHeapSize=3.0GB
  pssTotal=2.8GB privateDirty=2.8GB sharedDirty=52.6MB nativePss=2.8GB dalvikPss=1.4MB otherPss=10.1MB
  systemAvail=13.3GB systemThreshold=216.0MB lowMemory=false trimLevel=0 importance=125 fdCount=114
  procStatus VmRSS=3076652 kB VmHWM=3089068 kB VmSize=19908088 kB VmSwap=2564 kB Threads=15 FDSize=128
2026-05-30 14:21:45.459 pid=31048 [generation-start] id=16 config=Qwen3.5 2B model=Qwen3.5-2B-UD-Q8_K_XL.gguf promptLen=1048 mediaCount=0
  javaUsed=3.1MB javaTotal=10.0MB javaMax=256.0MB nativeHeap=3.0GB nativeHeapFree=6.7MB nativeHeapSize=3.0GB
  pssTotal=2.8GB privateDirty=2.8GB sharedDirty=52.6MB nativePss=2.8GB dalvikPss=1.5MB otherPss=10.1MB
  systemAvail=13.3GB systemThreshold=216.0MB lowMemory=false trimLevel=0 importance=125 fdCount=114
  procStatus VmRSS=3076780 kB VmHWM=3089068 kB VmSize=19908088 kB VmSwap=2564 kB Threads=15 FDSize=128
2026-05-30 14:21:45.526 pid=31048 [generation-stage] id=16 stage=native-call-start
2026-05-30 14:22:30.633 pid=31048 [generation-stage] id=16 stage=native-call-end resultLen=105
2026-05-30 14:22:30.634 pid=31048 [generation-end] id=16 resultLen=105
  javaUsed=3.3MB javaTotal=10.0MB javaMax=256.0MB nativeHeap=3.0GB nativeHeapFree=6.7MB nativeHeapSize=3.0GB
  pssTotal=2.8GB privateDirty=2.8GB sharedDirty=52.6MB nativePss=2.8GB dalvikPss=1.7MB otherPss=10.1MB
  systemAvail=13.3GB systemThreshold=216.0MB lowMemory=false trimLevel=0 importance=125 fdCount=114
  procStatus VmRSS=3076888 kB VmHWM=3089068 kB VmSize=19908088 kB VmSwap=2564 kB Threads=15 FDSize=128
2026-05-30 14:22:31.325 pid=31048 [model-load] Loading configuration: Qwen3.5 2B MTP
2026-05-30 14:22:31.835 pid=31048 [runtime-memory] Before model load model=Qwen3.5-2B-Q8_0.gguf
  javaUsed=3.5MB javaTotal=10.0MB javaMax=256.0MB nativeHeap=8.9MB nativeHeapFree=47.9MB nativeHeapSize=61.5MB
  pssTotal=19.7MB privateDirty=12.1MB sharedDirty=52.6MB nativePss=7.7MB dalvikPss=1.9MB otherPss=10.1MB
  systemAvail=16.1GB systemThreshold=216.0MB lowMemory=false trimLevel=0 importance=125 fdCount=114
  procStatus VmRSS=135324 kB VmHWM=3089068 kB VmSize=16881860 kB VmSwap=2564 kB Threads=15 FDSize=128
2026-05-30 14:22:31.881 pid=31048 [runtime-memory] After model load cleanup model=Qwen3.5-2B-Q8_0.gguf
  javaUsed=2.1MB javaTotal=10.0MB javaMax=256.0MB nativeHeap=8.9MB nativeHeapFree=48.0MB nativeHeapSize=61.5MB
  pssTotal=20.6MB privateDirty=13.0MB sharedDirty=52.6MB nativePss=7.8MB dalvikPss=2.7MB otherPss=10.1MB
  systemAvail=16.1GB systemThreshold=216.0MB lowMemory=false trimLevel=0 importance=125 fdCount=114
  procStatus VmRSS=136364 kB VmHWM=3089068 kB VmSize=16881860 kB VmSwap=2564 kB Threads=15 FDSize=128
2026-05-30 14:22:34.802 pid=31048 [model-load-complete] config=Qwen3.5 2B MTP model=Qwen3.5-2B-Q8_0.gguf mmproj=(none)
  javaUsed=2.2MB javaTotal=10.0MB javaMax=256.0MB nativeHeap=2.3GB nativeHeapFree=6.9MB nativeHeapSize=2.3GB
  pssTotal=2.1GB privateDirty=2.1GB sharedDirty=52.6MB nativePss=2.1GB dalvikPss=2.8MB otherPss=10.1MB
  systemAvail=14.0GB systemThreshold=216.0MB lowMemory=false trimLevel=0 importance=125 fdCount=114
  procStatus VmRSS=2285484 kB VmHWM=3089068 kB VmSize=19110784 kB VmSwap=2564 kB Threads=15 FDSize=128
2026-05-30 14:22:34.860 pid=31048 [generation-start] id=17 config=Qwen3.5 2B MTP model=Qwen3.5-2B-Q8_0.gguf promptLen=1054 mediaCount=0
  javaUsed=2.4MB javaTotal=10.0MB javaMax=256.0MB nativeHeap=2.3GB nativeHeapFree=6.8MB nativeHeapSize=2.3GB
  pssTotal=2.1GB privateDirty=2.1GB sharedDirty=52.6MB nativePss=2.1GB dalvikPss=3.0MB otherPss=10.1MB
  systemAvail=14.0GB systemThreshold=216.0MB lowMemory=false trimLevel=0 importance=125 fdCount=114
  procStatus VmRSS=2285740 kB VmHWM=3089068 kB VmSize=19110784 kB VmSwap=2564 kB Threads=15 FDSize=128
2026-05-30 14:22:34.922 pid=31048 [generation-stage] id=17 stage=native-call-start
2026-05-30 14:23:07.522 pid=31048 [generation-stage] id=17 stage=native-call-end resultLen=34
2026-05-30 14:23:07.523 pid=31048 [generation-end] id=17 resultLen=34
  javaUsed=2.1MB javaTotal=10.0MB javaMax=256.0MB nativeHeap=2.3GB nativeHeapFree=6.7MB nativeHeapSize=2.3GB
  pssTotal=2.1GB privateDirty=2.1GB sharedDirty=52.6MB nativePss=2.1GB dalvikPss=795.0KB otherPss=10.1MB
  systemAvail=14.1GB systemThreshold=216.0MB lowMemory=false trimLevel=0 importance=125 fdCount=114
  procStatus VmRSS=2278564 kB VmHWM=3089068 kB VmSize=19110784 kB VmSwap=2564 kB Threads=15 FDSize=128
2026-05-30 14:23:08.097 pid=31048 [model-load] Loading configuration: Qwen3.5 2B
2026-05-30 14:23:08.503 pid=31048 [runtime-memory] Before model load model=Qwen3.5-2B-UD-Q8_K_XL.gguf
  javaUsed=2.4MB javaTotal=10.0MB javaMax=256.0MB nativeHeap=8.9MB nativeHeapFree=48.0MB nativeHeapSize=61.5MB
  pssTotal=18.7MB privateDirty=11.1MB sharedDirty=52.6MB nativePss=7.6MB dalvikPss=1003.0KB otherPss=10.1MB
  systemAvail=16.2GB systemThreshold=216.0MB lowMemory=false trimLevel=0 importance=125 fdCount=114
  procStatus VmRSS=134104 kB VmHWM=3089068 kB VmSize=16881860 kB VmSwap=2564 kB Threads=15 FDSize=128
2026-05-30 14:23:08.549 pid=31048 [runtime-memory] After model load cleanup model=Qwen3.5-2B-UD-Q8_K_XL.gguf
  javaUsed=2.1MB javaTotal=10.0MB javaMax=256.0MB nativeHeap=8.9MB nativeHeapFree=48.0MB nativeHeapSize=61.5MB
  pssTotal=18.5MB privateDirty=10.9MB sharedDirty=52.6MB nativePss=7.7MB dalvikPss=739.0KB otherPss=10.1MB
  systemAvail=16.2GB systemThreshold=216.0MB lowMemory=false trimLevel=0 importance=125 fdCount=114
  procStatus VmRSS=134112 kB VmHWM=3089068 kB VmSize=16881860 kB VmSwap=2564 kB Threads=15 FDSize=128
2026-05-30 14:23:12.335 pid=31048 [model-load-complete] config=Qwen3.5 2B model=Qwen3.5-2B-UD-Q8_K_XL.gguf mmproj=(none)
  javaUsed=2.2MB javaTotal=10.0MB javaMax=256.0MB nativeHeap=3.0GB nativeHeapFree=6.9MB nativeHeapSize=3.0GB
  pssTotal=2.8GB privateDirty=2.8GB sharedDirty=52.6MB nativePss=2.8GB dalvikPss=815.0KB otherPss=10.1MB
  systemAvail=13.4GB systemThreshold=216.0MB lowMemory=false trimLevel=0 importance=125 fdCount=114
  procStatus VmRSS=3080672 kB VmHWM=3089068 kB VmSize=19908088 kB VmSwap=2564 kB Threads=15 FDSize=128
2026-05-30 14:23:12.405 pid=31048 [generation-start] id=18 config=Qwen3.5 2B model=Qwen3.5-2B-UD-Q8_K_XL.gguf promptLen=1057 mediaCount=0
  javaUsed=2.4MB javaTotal=10.0MB javaMax=256.0MB nativeHeap=3.0GB nativeHeapFree=6.8MB nativeHeapSize=3.0GB
  pssTotal=2.8GB privateDirty=2.8GB sharedDirty=52.6MB nativePss=2.8GB dalvikPss=991.0KB otherPss=10.1MB
  systemAvail=13.4GB systemThreshold=216.0MB lowMemory=false trimLevel=0 importance=125 fdCount=114
  procStatus VmRSS=3080928 kB VmHWM=3089068 kB VmSize=19908088 kB VmSwap=2564 kB Threads=15 FDSize=128
2026-05-30 14:23:12.474 pid=31048 [generation-stage] id=18 stage=native-call-start
2026-05-30 14:24:01.705 pid=31048 [generation-stage] id=18 stage=native-call-end resultLen=150
2026-05-30 14:24:01.706 pid=31048 [generation-end] id=18 resultLen=150
  javaUsed=2.5MB javaTotal=10.0MB javaMax=256.0MB nativeHeap=3.0GB nativeHeapFree=6.7MB nativeHeapSize=3.0GB
  pssTotal=2.8GB privateDirty=2.8GB sharedDirty=52.6MB nativePss=2.8GB dalvikPss=1.1MB otherPss=10.1MB
  systemAvail=13.2GB systemThreshold=216.0MB lowMemory=false trimLevel=0 importance=125 fdCount=114
  procStatus VmRSS=3076112 kB VmHWM=3089068 kB VmSize=19908088 kB VmSwap=2564 kB Threads=15 FDSize=128
2026-05-30 14:24:02.404 pid=31048 [model-load] Loading configuration: Qwen3.5 2B MTP
2026-05-30 14:24:02.655 pid=31048 [runtime-memory] Before model load model=Qwen3.5-2B-Q8_0.gguf
  javaUsed=2.8MB javaTotal=10.0MB javaMax=256.0MB nativeHeap=8.9MB nativeHeapFree=48.0MB nativeHeapSize=61.5MB
  pssTotal=19.0MB privateDirty=11.5MB sharedDirty=52.6MB nativePss=7.6MB dalvikPss=1.3MB otherPss=10.1MB
  systemAvail=16.0GB systemThreshold=216.0MB lowMemory=false trimLevel=0 importance=125 fdCount=114
  procStatus VmRSS=134444 kB VmHWM=3089068 kB VmSize=16881860 kB VmSwap=2564 kB Threads=15 FDSize=128
2026-05-30 14:24:02.673 pid=31048 [runtime-memory] After model load cleanup model=Qwen3.5-2B-Q8_0.gguf
  javaUsed=2.1MB javaTotal=10.0MB javaMax=256.0MB nativeHeap=8.9MB nativeHeapFree=48.0MB nativeHeapSize=61.5MB
  pssTotal=18.6MB privateDirty=11.0MB sharedDirty=52.6MB nativePss=7.7MB dalvikPss=743.0KB otherPss=10.1MB
  systemAvail=16.0GB systemThreshold=216.0MB lowMemory=false trimLevel=0 importance=125 fdCount=114
  procStatus VmRSS=133984 kB VmHWM=3089068 kB VmSize=16881860 kB VmSwap=2564 kB Threads=15 FDSize=128
2026-05-30 14:24:04.818 pid=31048 [model-load-complete] config=Qwen3.5 2B MTP model=Qwen3.5-2B-Q8_0.gguf mmproj=(none)
  javaUsed=2.2MB javaTotal=10.0MB javaMax=256.0MB nativeHeap=2.3GB nativeHeapFree=6.9MB nativeHeapSize=2.3GB
  pssTotal=2.1GB privateDirty=2.1GB sharedDirty=52.6MB nativePss=2.1GB dalvikPss=819.0KB otherPss=10.1MB
  systemAvail=14.0GB systemThreshold=216.0MB lowMemory=false trimLevel=0 importance=125 fdCount=114
  procStatus VmRSS=2283392 kB VmHWM=3089068 kB VmSize=19110784 kB VmSwap=2564 kB Threads=15 FDSize=128
2026-05-30 14:24:04.876 pid=31048 [generation-start] id=19 config=Qwen3.5 2B MTP model=Qwen3.5-2B-Q8_0.gguf promptLen=1057 mediaCount=0
  javaUsed=2.4MB javaTotal=10.0MB javaMax=256.0MB nativeHeap=2.3GB nativeHeapFree=6.8MB nativeHeapSize=2.3GB
  pssTotal=2.1GB privateDirty=2.1GB sharedDirty=52.6MB nativePss=2.1GB dalvikPss=995.0KB otherPss=10.1MB
  systemAvail=14.0GB systemThreshold=216.0MB lowMemory=false trimLevel=0 importance=125 fdCount=114
  procStatus VmRSS=2283648 kB VmHWM=3089068 kB VmSize=19110784 kB VmSwap=2564 kB Threads=15 FDSize=128
2026-05-30 14:24:04.933 pid=31048 [generation-stage] id=19 stage=native-call-start
2026-05-30 14:24:41.908 pid=31048 [generation-stage] id=19 stage=native-call-end resultLen=121
2026-05-30 14:24:41.908 pid=31048 [generation-end] id=19 resultLen=121
  javaUsed=2.5MB javaTotal=10.0MB javaMax=256.0MB nativeHeap=2.3GB nativeHeapFree=6.7MB nativeHeapSize=2.3GB
  pssTotal=2.1GB privateDirty=2.1GB sharedDirty=52.5MB nativePss=2.1GB dalvikPss=1.1MB otherPss=10.1MB
  systemAvail=14.0GB systemThreshold=216.0MB lowMemory=false trimLevel=0 importance=125 fdCount=114
  procStatus VmRSS=2278744 kB VmHWM=3089068 kB VmSize=19110784 kB VmSwap=2564 kB Threads=15 FDSize=128
2026-05-30 14:24:42.472 pid=31048 [model-load] Loading configuration: Qwen3.5 2B
2026-05-30 14:24:42.672 pid=31048 [runtime-memory] Before model load model=Qwen3.5-2B-UD-Q8_K_XL.gguf
  javaUsed=2.2MB javaTotal=10.0MB javaMax=256.0MB nativeHeap=8.9MB nativeHeapFree=48.0MB nativeHeapSize=61.5MB
  pssTotal=18.5MB privateDirty=10.9MB sharedDirty=52.5MB nativePss=7.5MB dalvikPss=851.0KB otherPss=10.1MB
  systemAvail=16.0GB systemThreshold=216.0MB lowMemory=false trimLevel=0 importance=125 fdCount=114
  procStatus VmRSS=133788 kB VmHWM=3089068 kB VmSize=16881860 kB VmSwap=2564 kB Threads=15 FDSize=128
2026-05-30 14:24:42.689 pid=31048 [runtime-memory] After model load cleanup model=Qwen3.5-2B-UD-Q8_K_XL.gguf
  javaUsed=2.0MB javaTotal=10.0MB javaMax=256.0MB nativeHeap=8.9MB nativeHeapFree=48.0MB nativeHeapSize=61.5MB
  pssTotal=18.4MB privateDirty=10.9MB sharedDirty=52.5MB nativePss=7.6MB dalvikPss=731.0KB otherPss=10.1MB
  systemAvail=16.0GB systemThreshold=216.0MB lowMemory=false trimLevel=0 importance=125 fdCount=114
  procStatus VmRSS=133820 kB VmHWM=3089068 kB VmSize=16881860 kB VmSwap=2564 kB Threads=15 FDSize=128
2026-05-30 14:24:45.655 pid=31048 [model-load-complete] config=Qwen3.5 2B model=Qwen3.5-2B-UD-Q8_K_XL.gguf mmproj=(none)
  javaUsed=2.2MB javaTotal=10.0MB javaMax=256.0MB nativeHeap=3.0GB nativeHeapFree=6.9MB nativeHeapSize=3.0GB
  pssTotal=2.8GB privateDirty=2.8GB sharedDirty=52.5MB nativePss=2.8GB dalvikPss=815.0KB otherPss=10.1MB
  systemAvail=13.2GB systemThreshold=216.0MB lowMemory=false trimLevel=0 importance=125 fdCount=114
  procStatus VmRSS=3080604 kB VmHWM=3089068 kB VmSize=19908088 kB VmSwap=2564 kB Threads=15 FDSize=128
2026-05-30 14:24:45.710 pid=31048 [generation-start] id=20 config=Qwen3.5 2B model=Qwen3.5-2B-UD-Q8_K_XL.gguf promptLen=1063 mediaCount=0
  javaUsed=2.4MB javaTotal=10.0MB javaMax=256.0MB nativeHeap=3.0GB nativeHeapFree=6.8MB nativeHeapSize=3.0GB
  pssTotal=2.8GB privateDirty=2.8GB sharedDirty=52.5MB nativePss=2.8GB dalvikPss=991.0KB otherPss=10.1MB
  systemAvail=13.2GB systemThreshold=216.0MB lowMemory=false trimLevel=0 importance=125 fdCount=114
  procStatus VmRSS=3080860 kB VmHWM=3089068 kB VmSize=19908088 kB VmSwap=2564 kB Threads=15 FDSize=128
2026-05-30 14:24:45.778 pid=31048 [generation-stage] id=20 stage=native-call-start
2026-05-30 14:25:29.410 pid=31048 [generation-stage] id=20 stage=native-call-end resultLen=58
2026-05-30 14:25:29.410 pid=31048 [generation-end] id=20 resultLen=58
  javaUsed=2.5MB javaTotal=10.0MB javaMax=256.0MB nativeHeap=3.0GB nativeHeapFree=6.7MB nativeHeapSize=3.0GB
  pssTotal=2.8GB privateDirty=2.8GB sharedDirty=52.5MB nativePss=2.8GB dalvikPss=1.1MB otherPss=10.1MB
  systemAvail=13.2GB systemThreshold=216.0MB lowMemory=false trimLevel=0 importance=125 fdCount=114
  procStatus VmRSS=3076236 kB VmHWM=3089068 kB VmSize=19908088 kB VmSwap=2564 kB Threads=15 FDSize=128
2026-05-30 14:25:29.971 pid=31048 [model-load] Loading configuration: Qwen3.5 2B MTP
2026-05-30 14:25:30.224 pid=31048 [runtime-memory] Before model load model=Qwen3.5-2B-Q8_0.gguf
  javaUsed=2.8MB javaTotal=10.0MB javaMax=256.0MB nativeHeap=8.9MB nativeHeapFree=48.0MB nativeHeapSize=61.5MB
  pssTotal=19.0MB privateDirty=11.5MB sharedDirty=52.5MB nativePss=7.7MB dalvikPss=1.3MB otherPss=10.1MB
  systemAvail=16.0GB systemThreshold=216.0MB lowMemory=false trimLevel=0 importance=125 fdCount=114
  procStatus VmRSS=134756 kB VmHWM=3089068 kB VmSize=16881860 kB VmSwap=2564 kB Threads=15 FDSize=128
2026-05-30 14:25:30.242 pid=31048 [runtime-memory] After model load cleanup model=Qwen3.5-2B-Q8_0.gguf
  javaUsed=2.1MB javaTotal=10.0MB javaMax=256.0MB nativeHeap=8.9MB nativeHeapFree=48.0MB nativeHeapSize=61.5MB
  pssTotal=18.5MB privateDirty=11.0MB sharedDirty=52.5MB nativePss=7.7MB dalvikPss=743.0KB otherPss=10.1MB
  systemAvail=16.0GB systemThreshold=216.0MB lowMemory=false trimLevel=0 importance=125 fdCount=114
  procStatus VmRSS=134292 kB VmHWM=3089068 kB VmSize=16881860 kB VmSwap=2564 kB Threads=15 FDSize=128
2026-05-30 14:25:32.460 pid=31048 [model-load-complete] config=Qwen3.5 2B MTP model=Qwen3.5-2B-Q8_0.gguf mmproj=(none)
  javaUsed=2.2MB javaTotal=10.0MB javaMax=256.0MB nativeHeap=2.3GB nativeHeapFree=6.9MB nativeHeapSize=2.3GB
  pssTotal=2.1GB privateDirty=2.1GB sharedDirty=52.5MB nativePss=2.1GB dalvikPss=819.0KB otherPss=10.1MB
  systemAvail=14.0GB systemThreshold=216.0MB lowMemory=false trimLevel=0 importance=125 fdCount=114
  procStatus VmRSS=2283584 kB VmHWM=3089068 kB VmSize=19110784 kB VmSwap=2564 kB Threads=15 FDSize=128
2026-05-30 14:25:32.525 pid=31048 [generation-start] id=21 config=Qwen3.5 2B MTP model=Qwen3.5-2B-Q8_0.gguf promptLen=1057 mediaCount=0
  javaUsed=2.4MB javaTotal=10.0MB javaMax=256.0MB nativeHeap=2.3GB nativeHeapFree=6.8MB nativeHeapSize=2.3GB
  pssTotal=2.1GB privateDirty=2.1GB sharedDirty=52.5MB nativePss=2.1GB dalvikPss=995.0KB otherPss=10.1MB
  systemAvail=14.0GB systemThreshold=216.0MB lowMemory=false trimLevel=0 importance=125 fdCount=114
  procStatus VmRSS=2283840 kB VmHWM=3089068 kB VmSize=19110784 kB VmSwap=2564 kB Threads=15 FDSize=128
2026-05-30 14:25:32.583 pid=31048 [generation-stage] id=21 stage=native-call-start
2026-05-30 14:26:10.474 pid=31048 [generation-stage] id=21 stage=native-call-end resultLen=130
2026-05-30 14:26:10.474 pid=31048 [generation-end] id=21 resultLen=130
  javaUsed=2.5MB javaTotal=10.0MB javaMax=256.0MB nativeHeap=2.3GB nativeHeapFree=6.7MB nativeHeapSize=2.3GB
  pssTotal=2.1GB privateDirty=2.1GB sharedDirty=52.5MB nativePss=2.1GB dalvikPss=1.1MB otherPss=10.1MB
  systemAvail=14.0GB systemThreshold=216.0MB lowMemory=false trimLevel=0 importance=125 fdCount=114
  procStatus VmRSS=2278696 kB VmHWM=3089068 kB VmSize=19110784 kB VmSwap=2564 kB Threads=15 FDSize=128
2026-05-30 14:26:11.249 pid=31048 [model-load] Loading configuration: Qwen3.5 2B
2026-05-30 14:26:11.460 pid=31048 [runtime-memory] Before model load model=Qwen3.5-2B-UD-Q8_K_XL.gguf
  javaUsed=2.1MB javaTotal=10.0MB javaMax=256.0MB nativeHeap=8.9MB nativeHeapFree=48.0MB nativeHeapSize=61.5MB
  pssTotal=18.3MB privateDirty=10.8MB sharedDirty=52.5MB nativePss=7.5MB dalvikPss=751.0KB otherPss=10.1MB
  systemAvail=16.1GB systemThreshold=216.0MB lowMemory=false trimLevel=0 importance=125 fdCount=114
  procStatus VmRSS=133876 kB VmHWM=3089068 kB VmSize=16881860 kB VmSwap=2564 kB Threads=15 FDSize=128
2026-05-30 14:26:11.478 pid=31048 [runtime-memory] After model load cleanup model=Qwen3.5-2B-UD-Q8_K_XL.gguf
  javaUsed=2.1MB javaTotal=10.0MB javaMax=256.0MB nativeHeap=8.9MB nativeHeapFree=48.0MB nativeHeapSize=61.5MB
  pssTotal=18.4MB privateDirty=10.9MB sharedDirty=52.5MB nativePss=7.6MB dalvikPss=739.0KB otherPss=10.1MB
  systemAvail=16.1GB systemThreshold=216.0MB lowMemory=false trimLevel=0 importance=125 fdCount=114
  procStatus VmRSS=134032 kB VmHWM=3089068 kB VmSize=16881860 kB VmSwap=2564 kB Threads=15 FDSize=128
2026-05-30 14:26:14.462 pid=31048 [model-load-complete] config=Qwen3.5 2B model=Qwen3.5-2B-UD-Q8_K_XL.gguf mmproj=(none)
  javaUsed=2.2MB javaTotal=10.0MB javaMax=256.0MB nativeHeap=3.0GB nativeHeapFree=6.9MB nativeHeapSize=3.0GB
  pssTotal=2.8GB privateDirty=2.8GB sharedDirty=52.5MB nativePss=2.8GB dalvikPss=819.0KB otherPss=10.1MB
  systemAvail=13.3GB systemThreshold=216.0MB lowMemory=false trimLevel=0 importance=125 fdCount=114
  procStatus VmRSS=3080816 kB VmHWM=3089068 kB VmSize=19908088 kB VmSwap=2564 kB Threads=15 FDSize=128
2026-05-30 14:26:14.516 pid=31048 [generation-start] id=22 config=Qwen3.5 2B model=Qwen3.5-2B-UD-Q8_K_XL.gguf promptLen=1060 mediaCount=0
  javaUsed=2.4MB javaTotal=10.0MB javaMax=256.0MB nativeHeap=3.0GB nativeHeapFree=6.8MB nativeHeapSize=3.0GB
  pssTotal=2.8GB privateDirty=2.8GB sharedDirty=52.5MB nativePss=2.8GB dalvikPss=995.0KB otherPss=10.1MB
  systemAvail=13.3GB systemThreshold=216.0MB lowMemory=false trimLevel=0 importance=125 fdCount=114
  procStatus VmRSS=3080944 kB VmHWM=3089068 kB VmSize=19908088 kB VmSwap=2564 kB Threads=15 FDSize=128
2026-05-30 14:26:14.588 pid=31048 [generation-stage] id=22 stage=native-call-start
2026-05-30 15:26:12.589 pid=26295 [previous-crash] Detected unfinished generation from previous process: 2026-05-30 14:26:14.587 pid=31048 [generation-pending] id=22 config=Qwen3.5 2B model=Qwen3.5-2B-UD-Q8_K_XL.gguf promptLen=1060 mediaCount=0
2026-05-30 15:26:12.589 pid=26295 [app] Application created
2026-05-30 15:26:12.589 pid=26295 [app-start] Application onCreate
  javaUsed=4.1MB javaTotal=256.0MB javaMax=256.0MB nativeHeap=6.6MB nativeHeapFree=1.8MB nativeHeapSize=13.1MB
  pssTotal=10.5MB privateDirty=4.6MB sharedDirty=52.9MB nativePss=2.1MB dalvikPss=875.0KB otherPss=7.5MB
  systemAvail=14.5GB systemThreshold=216.0MB lowMemory=false trimLevel=0 importance=100 fdCount=113
  procStatus VmRSS=121312 kB VmHWM=121312 kB VmSize=16956736 kB VmSwap=2948 kB Threads=13 FDSize=128
2026-05-30 15:26:15.443 pid=26295 [memory-trim] onTrimMemory level=20
  javaUsed=5.6MB javaTotal=64.0MB javaMax=256.0MB nativeHeap=12.1MB nativeHeapFree=3.2MB nativeHeapSize=19.1MB
  pssTotal=22.6MB privateDirty=15.5MB sharedDirty=52.1MB nativePss=9.7MB dalvikPss=2.1MB otherPss=10.6MB
  systemAvail=14.4GB systemThreshold=216.0MB lowMemory=false trimLevel=0 importance=400 fdCount=150
  procStatus VmRSS=170520 kB VmHWM=170664 kB VmSize=17304004 kB VmSwap=2820 kB Threads=31 FDSize=256
2026-05-30 15:28:25.910 pid=26295 [memory-trim] onTrimMemory level=20
  javaUsed=9.9MB javaTotal=26.4MB javaMax=256.0MB nativeHeap=22.6MB nativeHeapFree=4.6MB nativeHeapSize=31.4MB
  pssTotal=48.7MB privateDirty=41.3MB sharedDirty=51.8MB nativePss=21.5MB dalvikPss=15.0MB otherPss=12.2MB
  systemAvail=14.7GB systemThreshold=216.0MB lowMemory=false trimLevel=0 importance=400 fdCount=157
  procStatus VmRSS=190656 kB VmHWM=201084 kB VmSize=17037104 kB VmSwap=2464 kB Threads=31 FDSize=512
2026-05-30 15:29:04.807 pid=26295 [memory-trim] onTrimMemory level=20
  javaUsed=6.8MB javaTotal=28.0MB javaMax=256.0MB nativeHeap=22.1MB nativeHeapFree=5.3MB nativeHeapSize=31.3MB
  pssTotal=38.7MB privateDirty=31.2MB sharedDirty=51.8MB nativePss=21.1MB dalvikPss=5.2MB otherPss=12.3MB
  systemAvail=14.7GB systemThreshold=216.0MB lowMemory=false trimLevel=0 importance=400 fdCount=163
  procStatus VmRSS=195768 kB VmHWM=201084 kB VmSize=17055772 kB VmSwap=2464 kB Threads=32 FDSize=512
2026-05-30 15:29:29.343 pid=26295 [memory-trim] onTrimMemory level=20
  javaUsed=7.7MB javaTotal=28.0MB javaMax=256.0MB nativeHeap=23.0MB nativeHeapFree=4.6MB nativeHeapSize=31.5MB
  pssTotal=39.5MB privateDirty=32.1MB sharedDirty=51.8MB nativePss=21.5MB dalvikPss=6.1MB otherPss=11.9MB
  systemAvail=14.6GB systemThreshold=216.0MB lowMemory=false trimLevel=0 importance=400 fdCount=162
  procStatus VmRSS=196428 kB VmHWM=201084 kB VmSize=17054576 kB VmSwap=2464 kB Threads=32 FDSize=512
2026-05-30 15:30:00.663 pid=26295 [memory-trim] onTrimMemory level=20
  javaUsed=7.9MB javaTotal=28.0MB javaMax=256.0MB nativeHeap=23.2MB nativeHeapFree=4.6MB nativeHeapSize=31.6MB
  pssTotal=39.9MB privateDirty=32.4MB sharedDirty=51.8MB nativePss=21.6MB dalvikPss=6.4MB otherPss=11.9MB
  systemAvail=14.6GB systemThreshold=216.0MB lowMemory=false trimLevel=0 importance=400 fdCount=163
  procStatus VmRSS=197324 kB VmHWM=201084 kB VmSize=17054612 kB VmSwap=2464 kB Threads=32 FDSize=512
2026-05-30 15:30:23.724 pid=26295 [memory-trim] onTrimMemory level=20
  javaUsed=8.4MB javaTotal=28.0MB javaMax=256.0MB nativeHeap=23.3MB nativeHeapFree=4.5MB nativeHeapSize=31.6MB
  pssTotal=40.3MB privateDirty=32.8MB sharedDirty=51.8MB nativePss=21.7MB dalvikPss=6.7MB otherPss=11.9MB
  systemAvail=14.6GB systemThreshold=216.0MB lowMemory=false trimLevel=0 importance=400 fdCount=163
  procStatus VmRSS=197312 kB VmHWM=201084 kB VmSize=17054612 kB VmSwap=2464 kB Threads=32 FDSize=512
2026-05-30 15:31:12.584 pid=26295 [model-load] Loading configuration: Gemma−4
2026-05-30 15:31:12.586 pid=26295 [runtime-memory] Before model load model=gemma-4-E4B-it-Q4_K_M.gguf
  javaUsed=21.0MB javaTotal=28.0MB javaMax=256.0MB nativeHeap=32.1MB nativeHeapFree=2.8MB nativeHeapSize=38.3MB
  pssTotal=86.1MB privateDirty=78.6MB sharedDirty=51.8MB nativePss=29.4MB dalvikPss=18.7MB otherPss=38.0MB
  systemAvail=14.9GB systemThreshold=216.0MB lowMemory=false trimLevel=0 importance=100 fdCount=215
  procStatus VmRSS=218456 kB VmHWM=218456 kB VmSize=17143960 kB VmSwap=2464 kB Threads=33 FDSize=512
2026-05-30 15:31:12.676 pid=26295 [runtime-memory] After model load cleanup model=gemma-4-E4B-it-Q4_K_M.gguf
  javaUsed=3.7MB javaTotal=27.7MB javaMax=256.0MB nativeHeap=25.8MB nativeHeapFree=9.2MB nativeHeapSize=38.3MB
  pssTotal=64.1MB privateDirty=56.6MB sharedDirty=51.8MB nativePss=23.4MB dalvikPss=2.6MB otherPss=38.0MB
  systemAvail=14.9GB systemThreshold=216.0MB lowMemory=false trimLevel=0 importance=100 fdCount=204
  procStatus VmRSS=196104 kB VmHWM=219480 kB VmSize=17143960 kB VmSwap=2464 kB Threads=33 FDSize=512
2026-05-30 15:31:15.674 pid=26295 [model-load-complete] config=Gemma−4 model=gemma-4-E4B-it-Q4_K_M.gguf mmproj=(none)
  javaUsed=4.0MB javaTotal=27.7MB javaMax=256.0MB nativeHeap=1.8GB nativeHeapFree=11.7MB nativeHeapSize=1.9GB
  pssTotal=5.8GB privateDirty=1.2GB sharedDirty=51.8MB nativePss=1.2GB dalvikPss=2.7MB otherPss=4.7GB
  systemAvail=13.7GB systemThreshold=216.0MB lowMemory=false trimLevel=0 importance=100 fdCount=210
  procStatus VmRSS=6230620 kB VmHWM=6248612 kB VmSize=23907176 kB VmSwap=2464 kB Threads=33 FDSize=512
2026-05-30 15:31:36.119 pid=26295 [generation-start] id=1 config=Gemma−4 model=gemma-4-E4B-it-Q4_K_M.gguf promptLen=97 mediaCount=0
  javaUsed=7.2MB javaTotal=27.7MB javaMax=256.0MB nativeHeap=1.9GB nativeHeapFree=11.1MB nativeHeapSize=1.9GB
  pssTotal=5.8GB privateDirty=1.2GB sharedDirty=51.8MB nativePss=1.2GB dalvikPss=5.6MB otherPss=4.7GB
  systemAvail=13.7GB systemThreshold=216.0MB lowMemory=false trimLevel=0 importance=100 fdCount=204
  procStatus VmRSS=6233728 kB VmHWM=6248612 kB VmSize=23915172 kB VmSwap=2464 kB Threads=34 FDSize=512
2026-05-30 15:31:36.310 pid=26295 [generation-stage] id=1 stage=native-call-start
2026-05-30 15:31:43.605 pid=26295 [generation-stage] id=1 stage=native-call-end resultLen=0
2026-05-30 15:31:43.605 pid=26295 [generation-end] id=1 resultLen=0
  javaUsed=7.8MB javaTotal=27.7MB javaMax=256.0MB nativeHeap=1.9GB nativeHeapFree=10.7MB nativeHeapSize=1.9GB
  pssTotal=5.8GB privateDirty=1.2GB sharedDirty=51.8MB nativePss=1.2GB dalvikPss=6.3MB otherPss=4.7GB
  systemAvail=13.7GB systemThreshold=216.0MB lowMemory=false trimLevel=0 importance=100 fdCount=210
  procStatus VmRSS=6241728 kB VmHWM=6248612 kB VmSize=23896768 kB VmSwap=2464 kB Threads=33 FDSize=512
2026-05-30 15:31:55.629 pid=26295 [memory-trim] onTrimMemory level=20
  javaUsed=4.9MB javaTotal=12.9MB javaMax=256.0MB nativeHeap=1.9GB nativeHeapFree=9.1MB nativeHeapSize=1.9GB
  pssTotal=5.8GB privateDirty=1.2GB sharedDirty=51.8MB nativePss=1.2GB dalvikPss=3.8MB otherPss=4.6GB
  systemAvail=13.6GB systemThreshold=216.0MB lowMemory=false trimLevel=0 importance=400 fdCount=156
  procStatus VmRSS=6237680 kB VmHWM=6249712 kB VmSize=23842156 kB VmSwap=2464 kB Threads=33 FDSize=512
2026-05-30 15:37:35.318 pid=26295 [model-load] Loading configuration: Gemma−4:2B
2026-05-30 15:37:35.800 pid=26295 [runtime-memory] Before model load model=gemma-4-E2B-it-Q4_K_M.gguf
  javaUsed=21.3MB javaTotal=66.0MB javaMax=256.0MB nativeHeap=1.5GB nativeHeapFree=81.8MB nativeHeapSize=1.6GB
  pssTotal=1005.4MB privateDirty=996.0MB sharedDirty=51.8MB nativePss=975.7MB dalvikPss=15.0MB otherPss=14.7MB
  systemAvail=13.3GB systemThreshold=216.0MB lowMemory=false trimLevel=0 importance=125 fdCount=158
  procStatus VmRSS=1187216 kB VmHWM=6249712 kB VmSize=18844796 kB VmSwap=2464 kB Threads=37 FDSize=512
2026-05-30 15:37:35.884 pid=26295 [runtime-memory] After model load cleanup model=gemma-4-E2B-it-Q4_K_M.gguf
  javaUsed=8.5MB javaTotal=16.8MB javaMax=256.0MB nativeHeap=1.5GB nativeHeapFree=82.2MB nativeHeapSize=1.6GB
  pssTotal=997.7MB privateDirty=988.3MB sharedDirty=51.8MB nativePss=975.8MB dalvikPss=7.2MB otherPss=14.7MB
  systemAvail=13.3GB systemThreshold=216.0MB lowMemory=false trimLevel=0 importance=125 fdCount=157
  procStatus VmRSS=1179476 kB VmHWM=6249712 kB VmSize=18844796 kB VmSwap=2464 kB Threads=37 FDSize=512
2026-05-30 15:37:44.398 pid=26295 [model-load-complete] config=Gemma−4:2B model=gemma-4-E2B-it-Q4_K_M.gguf mmproj=mmproj-BF16.gguf
  javaUsed=8.6MB javaTotal=16.8MB javaMax=256.0MB nativeHeap=3.2GB nativeHeapFree=17.5MB nativeHeapSize=3.3GB
  pssTotal=4.9GB privateDirty=1.5GB sharedDirty=51.8MB nativePss=1.5GB dalvikPss=7.3MB otherPss=2.9GB
  systemAvail=13.6GB systemThreshold=216.0MB lowMemory=false trimLevel=0 importance=125 fdCount=157
  procStatus VmRSS=4757536 kB VmHWM=6249712 kB VmSize=23576612 kB VmSwap=550432 kB Threads=37 FDSize=512
2026-05-30 15:37:50.984 pid=26295 [model-load] Loading configuration: Gemma−4
2026-05-30 15:37:51.496 pid=26295 [runtime-memory] Before model load model=gemma-4-E4B-it-Q4_K_M.gguf
  javaUsed=8.7MB javaTotal=16.8MB javaMax=256.0MB nativeHeap=1.5GB nativeHeapFree=82.3MB nativeHeapSize=1.6GB
  pssTotal=997.1MB privateDirty=38.8MB sharedDirty=51.8MB nativePss=26.7MB dalvikPss=7.4MB otherPss=13.6MB
  systemAvail=14.8GB systemThreshold=216.0MB lowMemory=false trimLevel=0 importance=125 fdCount=157
  procStatus VmRSS=206080 kB VmHWM=6249712 kB VmSize=18919464 kB VmSwap=973984 kB Threads=37 FDSize=512
2026-05-30 15:37:51.579 pid=26295 [runtime-memory] After model load cleanup model=gemma-4-E4B-it-Q4_K_M.gguf
  javaUsed=8.5MB javaTotal=16.8MB javaMax=256.0MB nativeHeap=1.5GB nativeHeapFree=82.3MB nativeHeapSize=1.6GB
  pssTotal=997.0MB privateDirty=38.7MB sharedDirty=51.8MB nativePss=26.8MB dalvikPss=7.2MB otherPss=13.7MB
  systemAvail=14.9GB systemThreshold=216.0MB lowMemory=false trimLevel=0 importance=125 fdCount=157
  procStatus VmRSS=205948 kB VmHWM=6249712 kB VmSize=18919464 kB VmSwap=973984 kB Threads=37 FDSize=512
2026-05-30 15:37:54.615 pid=26295 [model-load-complete] config=Gemma−4 model=gemma-4-E4B-it-Q4_K_M.gguf mmproj=(none)
  javaUsed=8.6MB javaTotal=16.8MB javaMax=256.0MB nativeHeap=3.3GB nativeHeapFree=17.4MB nativeHeapSize=3.4GB
  pssTotal=6.7GB privateDirty=1.2GB sharedDirty=51.8MB nativePss=1.2GB dalvikPss=7.3MB otherPss=4.6GB
  systemAvail=13.9GB systemThreshold=216.0MB lowMemory=false trimLevel=0 importance=125 fdCount=157
  procStatus VmRSS=6238524 kB VmHWM=6256972 kB VmSize=25536668 kB VmSwap=973984 kB Threads=37 FDSize=512
2026-05-30 15:37:59.080 pid=31817 [app] Application created
2026-05-30 15:37:59.080 pid=31817 [app-start] Application onCreate
  javaUsed=4.0MB javaTotal=256.0MB javaMax=256.0MB nativeHeap=6.6MB nativeHeapFree=1.8MB nativeHeapSize=13.1MB
  pssTotal=10.2MB privateDirty=4.7MB sharedDirty=52.9MB nativePss=2.1MB dalvikPss=837.0KB otherPss=7.2MB
  systemAvail=15.8GB systemThreshold=216.0MB lowMemory=false trimLevel=0 importance=400 fdCount=113
  procStatus VmRSS=120668 kB VmHWM=120668 kB VmSize=16964980 kB VmSwap=3128 kB Threads=13 FDSize=128
2026-05-30 15:38:16.967 pid=31817 [model-load] Loading configuration: Qwen3.5 2B
2026-05-30 15:38:16.968 pid=31817 [runtime-memory] Before model load model=Qwen3.5-2B-UD-Q8_K_XL.gguf
  javaUsed=4.6MB javaTotal=11.8MB javaMax=256.0MB nativeHeap=18.3MB nativeHeapFree=6.1MB nativeHeapSize=27.3MB
  pssTotal=32.5MB privateDirty=25.4MB sharedDirty=51.8MB nativePss=17.8MB dalvikPss=3.2MB otherPss=11.6MB
  systemAvail=15.7GB systemThreshold=216.0MB lowMemory=false trimLevel=0 importance=125 fdCount=158
  procStatus VmRSS=188152 kB VmHWM=194592 kB VmSize=17067720 kB VmSwap=2700 kB Threads=32 FDSize=512
2026-05-30 15:38:17.040 pid=31817 [runtime-memory] After model load cleanup model=Qwen3.5-2B-UD-Q8_K_XL.gguf
  javaUsed=3.7MB javaTotal=11.6MB javaMax=256.0MB nativeHeap=18.2MB nativeHeapFree=6.3MB nativeHeapSize=27.3MB
  pssTotal=31.9MB privateDirty=24.8MB sharedDirty=51.8MB nativePss=17.8MB dalvikPss=2.5MB otherPss=11.6MB
  systemAvail=15.7GB systemThreshold=216.0MB lowMemory=false trimLevel=0 importance=125 fdCount=158
  procStatus VmRSS=187776 kB VmHWM=194592 kB VmSize=17067720 kB VmSwap=2700 kB Threads=32 FDSize=512
2026-05-30 15:38:21.032 pid=31817 [model-load-complete] config=Qwen3.5 2B model=Qwen3.5-2B-UD-Q8_K_XL.gguf mmproj=(none)
  javaUsed=3.8MB javaTotal=11.6MB javaMax=256.0MB nativeHeap=3.0GB nativeHeapFree=8.0MB nativeHeapSize=3.1GB
  pssTotal=2.8GB privateDirty=2.8GB sharedDirty=51.7MB nativePss=2.8GB dalvikPss=2.5MB otherPss=12.9MB
  systemAvail=13.0GB systemThreshold=216.0MB lowMemory=false trimLevel=0 importance=125 fdCount=158
  procStatus VmRSS=3136716 kB VmHWM=3136716 kB VmSize=20234244 kB VmSwap=2700 kB Threads=32 FDSize=512
2026-05-30 15:38:26.160 pid=31817 [model-load] Loading configuration: Gemma−4
2026-05-30 15:38:26.712 pid=31817 [runtime-memory] Before model load model=gemma-4-E4B-it-Q4_K_M.gguf
  javaUsed=3.7MB javaTotal=11.6MB javaMax=256.0MB nativeHeap=20.4MB nativeHeapFree=51.8MB nativeHeapSize=74.7MB
  pssTotal=36.4MB privateDirty=28.3MB sharedDirty=51.7MB nativePss=20.9MB dalvikPss=2.5MB otherPss=13.0MB
  systemAvail=15.7GB systemThreshold=216.0MB lowMemory=false trimLevel=0 importance=125 fdCount=158
  procStatus VmRSS=191956 kB VmHWM=3139916 kB VmSize=17208016 kB VmSwap=2700 kB Threads=32 FDSize=512
2026-05-30 15:38:26.781 pid=31817 [runtime-memory] After model load cleanup model=gemma-4-E4B-it-Q4_K_M.gguf
  javaUsed=3.7MB javaTotal=11.6MB javaMax=256.0MB nativeHeap=20.4MB nativeHeapFree=51.8MB nativeHeapSize=74.7MB
  pssTotal=36.4MB privateDirty=28.4MB sharedDirty=51.7MB nativePss=20.9MB dalvikPss=2.5MB otherPss=13.0MB
  systemAvail=15.7GB systemThreshold=216.0MB lowMemory=false trimLevel=0 importance=125 fdCount=158
  procStatus VmRSS=192040 kB VmHWM=3139916 kB VmSize=17208016 kB VmSwap=2700 kB Threads=32 FDSize=512
2026-05-30 15:38:29.709 pid=31817 [model-load-complete] config=Gemma−4 model=gemma-4-E4B-it-Q4_K_M.gguf mmproj=(none)
  javaUsed=3.8MB javaTotal=11.6MB javaMax=256.0MB nativeHeap=1.8GB nativeHeapFree=11.3MB nativeHeapSize=1.9GB
  pssTotal=5.8GB privateDirty=1.2GB sharedDirty=51.7MB nativePss=1.2GB dalvikPss=2.6MB otherPss=4.6GB
  systemAvail=14.6GB systemThreshold=216.0MB lowMemory=false trimLevel=0 importance=125 fdCount=158
  procStatus VmRSS=6225624 kB VmHWM=6247040 kB VmSize=23953172 kB VmSwap=2700 kB Threads=32 FDSize=512
2026-05-30 15:38:36.277 pid=31817 [model-load] Loading configuration: Gemma−4:2B
2026-05-30 15:38:36.783 pid=31817 [runtime-memory] Before model load model=gemma-4-E2B-it-Q4_K_M.gguf
  javaUsed=5.0MB javaTotal=11.6MB javaMax=256.0MB nativeHeap=1.5GB nativeHeapFree=77.1MB nativeHeapSize=1.6GB
  pssTotal=990.7MB privateDirty=982.4MB sharedDirty=51.7MB nativePss=974.0MB dalvikPss=3.4MB otherPss=13.3MB
  systemAvail=14.7GB systemThreshold=216.0MB lowMemory=false trimLevel=0 importance=125 fdCount=158
  procStatus VmRSS=1169232 kB VmHWM=6247040 kB VmSize=18879540 kB VmSwap=2700 kB Threads=32 FDSize=512
2026-05-30 15:38:36.863 pid=31817 [runtime-memory] After model load cleanup model=gemma-4-E2B-it-Q4_K_M.gguf
  javaUsed=3.7MB javaTotal=11.6MB javaMax=256.0MB nativeHeap=1.5GB nativeHeapFree=77.2MB nativeHeapSize=1.6GB
  pssTotal=989.9MB privateDirty=981.5MB sharedDirty=51.7MB nativePss=974.1MB dalvikPss=2.5MB otherPss=13.3MB
  systemAvail=14.7GB systemThreshold=216.0MB lowMemory=false trimLevel=0 importance=125 fdCount=158
  procStatus VmRSS=1168380 kB VmHWM=6247040 kB VmSize=18879540 kB VmSwap=2700 kB Threads=32 FDSize=512
2026-05-30 15:38:39.481 pid=31817 [model-load-complete] config=Gemma−4:2B model=gemma-4-E2B-it-Q4_K_M.gguf mmproj=mmproj-BF16.gguf
  javaUsed=3.8MB javaTotal=11.6MB javaMax=256.0MB nativeHeap=3.2GB nativeHeapFree=12.6MB nativeHeapSize=3.3GB
  pssTotal=4.9GB privateDirty=2.0GB sharedDirty=51.7MB nativePss=2.0GB dalvikPss=2.6MB otherPss=2.9GB
  systemAvail=13.7GB systemThreshold=216.0MB lowMemory=false trimLevel=0 importance=125 fdCount=158
  procStatus VmRSS=5295708 kB VmHWM=6247040 kB VmSize=23586832 kB VmSwap=2700 kB Threads=32 FDSize=512
2026-05-30 15:38:45.321 pid=31817 [model-load] Loading configuration: Gemma−4
2026-05-30 15:38:45.829 pid=31817 [runtime-memory] Before model load model=gemma-4-E4B-it-Q4_K_M.gguf
  javaUsed=4.7MB javaTotal=11.6MB javaMax=256.0MB nativeHeap=1.5GB nativeHeapFree=77.4MB nativeHeapSize=1.6GB
  pssTotal=990.5MB privateDirty=982.1MB sharedDirty=51.7MB nativePss=974.0MB dalvikPss=3.2MB otherPss=13.3MB
  systemAvail=14.7GB systemThreshold=216.0MB lowMemory=false trimLevel=0 importance=125 fdCount=158
  procStatus VmRSS=1168968 kB VmHWM=6247040 kB VmSize=18929684 kB VmSwap=2700 kB Threads=32 FDSize=512
2026-05-30 15:38:45.910 pid=31817 [runtime-memory] After model load cleanup model=gemma-4-E4B-it-Q4_K_M.gguf
  javaUsed=3.7MB javaTotal=11.6MB javaMax=256.0MB nativeHeap=1.5GB nativeHeapFree=77.4MB nativeHeapSize=1.6GB
  pssTotal=989.9MB privateDirty=981.6MB sharedDirty=51.7MB nativePss=974.1MB dalvikPss=2.5MB otherPss=13.3MB
  systemAvail=14.7GB systemThreshold=216.0MB lowMemory=false trimLevel=0 importance=125 fdCount=158
  procStatus VmRSS=1168232 kB VmHWM=6247040 kB VmSize=18929684 kB VmSwap=2700 kB Threads=32 FDSize=512
2026-05-30 15:38:48.801 pid=31817 [model-load-complete] config=Gemma−4 model=gemma-4-E4B-it-Q4_K_M.gguf mmproj=(none)
  javaUsed=3.8MB javaTotal=11.6MB javaMax=256.0MB nativeHeap=3.3GB nativeHeapFree=12.5MB nativeHeapSize=3.4GB
  pssTotal=6.7GB privateDirty=2.1GB sharedDirty=51.7MB nativePss=2.1GB dalvikPss=2.6MB otherPss=4.6GB
  systemAvail=13.7GB systemThreshold=216.0MB lowMemory=false trimLevel=0 importance=125 fdCount=158
  procStatus VmRSS=7201036 kB VmHWM=7222416 kB VmSize=25546888 kB VmSwap=2700 kB Threads=32 FDSize=512
2026-05-30 15:39:02.025 pid=31817 [model-load] Loading configuration: Gemma−4:2B
2026-05-30 15:39:02.527 pid=31817 [runtime-memory] Before model load model=gemma-4-E2B-it-Q4_K_M.gguf
  javaUsed=6.6MB javaTotal=27.6MB javaMax=256.0MB nativeHeap=3.0GB nativeHeapFree=76.8MB nativeHeapSize=3.1GB
  pssTotal=1.9GB privateDirty=1.9GB sharedDirty=51.7MB nativePss=1.9GB dalvikPss=4.9MB otherPss=13.5MB
  systemAvail=13.8GB systemThreshold=216.0MB lowMemory=false trimLevel=0 importance=125 fdCount=158
  procStatus VmRSS=2147080 kB VmHWM=7222416 kB VmSize=20456344 kB VmSwap=2700 kB Threads=31 FDSize=512
2026-05-30 15:39:02.622 pid=31817 [runtime-memory] After model load cleanup model=gemma-4-E2B-it-Q4_K_M.gguf
  javaUsed=3.6MB javaTotal=11.5MB javaMax=256.0MB nativeHeap=3.0GB nativeHeapFree=77.1MB nativeHeapSize=3.1GB
  pssTotal=1.9GB privateDirty=1.9GB sharedDirty=51.7MB nativePss=1.9GB dalvikPss=4.4MB otherPss=13.5MB
  systemAvail=13.8GB systemThreshold=216.0MB lowMemory=false trimLevel=0 importance=125 fdCount=157
  procStatus VmRSS=2146740 kB VmHWM=7222416 kB VmSize=20491288 kB VmSwap=2700 kB Threads=33 FDSize=512
2026-05-30 15:39:04.227 pid=31817 [model-load-complete] config=Gemma−4:2B model=gemma-4-E2B-it-Q4_K_M.gguf mmproj=mmproj-BF16.gguf
  javaUsed=3.7MB javaTotal=11.5MB javaMax=256.0MB nativeHeap=4.7GB nativeHeapFree=12.4MB nativeHeapSize=4.8GB
  pssTotal=5.9GB privateDirty=3.0GB sharedDirty=51.7MB nativePss=3.0GB dalvikPss=4.4MB otherPss=2.9GB
  systemAvail=12.8GB systemThreshold=216.0MB lowMemory=false trimLevel=0 importance=125 fdCount=157
  procStatus VmRSS=6295200 kB VmHWM=7222416 kB VmSize=25172844 kB VmSwap=2700 kB Threads=33 FDSize=512
2026-05-30 15:39:18.367 pid=31817 [model-load] Loading configuration: Gemma−4
2026-05-30 15:39:18.893 pid=31817 [runtime-memory] Before model load model=gemma-4-E4B-it-Q4_K_M.gguf
  javaUsed=3.7MB javaTotal=11.5MB javaMax=256.0MB nativeHeap=3.0GB nativeHeapFree=77.2MB nativeHeapSize=3.1GB
  pssTotal=1.9GB privateDirty=1.9GB sharedDirty=51.7MB nativePss=1.9GB dalvikPss=2.5MB otherPss=13.4MB
  systemAvail=13.1GB systemThreshold=216.0MB lowMemory=false trimLevel=0 importance=125 fdCount=157
  procStatus VmRSS=2144348 kB VmHWM=7222416 kB VmSize=20515696 kB VmSwap=2700 kB Threads=33 FDSize=512
2026-05-30 15:39:18.987 pid=31817 [runtime-memory] After model load cleanup model=gemma-4-E4B-it-Q4_K_M.gguf
  javaUsed=3.6MB javaTotal=11.5MB javaMax=256.0MB nativeHeap=3.0GB nativeHeapFree=77.2MB nativeHeapSize=3.1GB
  pssTotal=1.9GB privateDirty=1.9GB sharedDirty=51.7MB nativePss=1.9GB dalvikPss=2.4MB otherPss=13.4MB
  systemAvail=13.1GB systemThreshold=216.0MB lowMemory=false trimLevel=0 importance=125 fdCount=157
  procStatus VmRSS=2144304 kB VmHWM=7222416 kB VmSize=20515696 kB VmSwap=2700 kB Threads=33 FDSize=512
2026-05-30 15:39:21.922 pid=31817 [model-load-complete] config=Gemma−4 model=gemma-4-E4B-it-Q4_K_M.gguf mmproj=mmproj-F16.gguf
  javaUsed=3.7MB javaTotal=11.5MB javaMax=256.0MB nativeHeap=4.8GB nativeHeapFree=12.3MB nativeHeapSize=4.9GB
  pssTotal=7.7GB privateDirty=3.0GB sharedDirty=51.7MB nativePss=3.0GB dalvikPss=2.4MB otherPss=4.6GB
  systemAvail=12.2GB systemThreshold=216.0MB lowMemory=false trimLevel=0 importance=125 fdCount=157
  procStatus VmRSS=8179004 kB VmHWM=8200252 kB VmSize=27135204 kB VmSwap=2700 kB Threads=33 FDSize=512
2026-05-30 15:40:49.342 pid=31817 [model-load] Loading configuration: Gemma−4:2B
2026-05-30 15:40:49.994 pid=31817 [runtime-memory] Before model load model=gemma-4-E2B-it-Q4_K_M.gguf
  javaUsed=5.6MB javaTotal=12.9MB javaMax=256.0MB nativeHeap=3.0GB nativeHeapFree=79.0MB nativeHeapSize=3.1GB
  pssTotal=1.9GB privateDirty=1.9GB sharedDirty=51.7MB nativePss=1.9GB dalvikPss=4.1MB otherPss=13.9MB
  systemAvail=13.2GB systemThreshold=216.0MB lowMemory=false trimLevel=0 importance=125 fdCount=157
  procStatus VmRSS=2152692 kB VmHWM=8200252 kB VmSize=20517212 kB VmSwap=2700 kB Threads=33 FDSize=512
2026-05-30 15:40:50.089 pid=31817 [runtime-memory] After model load cleanup model=gemma-4-E2B-it-Q4_K_M.gguf
  javaUsed=3.6MB javaTotal=11.5MB javaMax=256.0MB nativeHeap=3.0GB nativeHeapFree=82.5MB nativeHeapSize=3.1GB
  pssTotal=1.9GB privateDirty=1.9GB sharedDirty=51.7MB nativePss=1.9GB dalvikPss=2.4MB otherPss=13.9MB
  systemAvail=13.2GB systemThreshold=216.0MB lowMemory=false trimLevel=0 importance=125 fdCount=157
  procStatus VmRSS=2147936 kB VmHWM=8200252 kB VmSize=20517212 kB VmSwap=2700 kB Threads=33 FDSize=512
2026-05-30 15:40:54.082 pid=1540 [app] Application created
2026-05-30 15:40:54.082 pid=1540 [app-start] Application onCreate
  javaUsed=4.0MB javaTotal=256.0MB javaMax=256.0MB nativeHeap=6.6MB nativeHeapFree=1.8MB nativeHeapSize=13.1MB
  pssTotal=10.3MB privateDirty=4.6MB sharedDirty=52.9MB nativePss=2.1MB dalvikPss=831.0KB otherPss=7.2MB
  systemAvail=15.4GB systemThreshold=216.0MB lowMemory=false trimLevel=0 importance=400 fdCount=113
  procStatus VmRSS=121028 kB VmHWM=121028 kB VmSize=16958836 kB VmSwap=3000 kB Threads=13 FDSize=128
2026-05-30 15:41:01.753 pid=1540 [model-load] Loading configuration: Gemma−4
2026-05-30 15:41:01.756 pid=1540 [runtime-memory] Before model load model=gemma-4-E4B-it-Q4_K_M.gguf
  javaUsed=4.9MB javaTotal=64.0MB javaMax=256.0MB nativeHeap=6.7MB nativeHeapFree=1.8MB nativeHeapSize=13.1MB
  pssTotal=11.5MB privateDirty=5.8MB sharedDirty=52.7MB nativePss=2.4MB dalvikPss=1.5MB otherPss=7.6MB
  systemAvail=15.3GB systemThreshold=216.0MB lowMemory=false trimLevel=0 importance=125 fdCount=115
  procStatus VmRSS=125196 kB VmHWM=125196 kB VmSize=17038296 kB VmSwap=3000 kB Threads=17 FDSize=128
2026-05-30 15:41:01.828 pid=1540 [runtime-memory] After model load cleanup model=gemma-4-E4B-it-Q4_K_M.gguf
  javaUsed=2.0MB javaTotal=10.0MB javaMax=256.0MB nativeHeap=6.7MB nativeHeapFree=1.9MB nativeHeapSize=13.1MB
  pssTotal=10.9MB privateDirty=5.2MB sharedDirty=52.6MB nativePss=2.5MB dalvikPss=728.0KB otherPss=7.7MB
  systemAvail=15.3GB systemThreshold=216.0MB lowMemory=false trimLevel=0 importance=125 fdCount=114
  procStatus VmRSS=124760 kB VmHWM=125964 kB VmSize=16769236 kB VmSwap=2652 kB Threads=17 FDSize=128
2026-05-30 15:41:04.583 pid=1540 [model-load-complete] config=Gemma−4 model=gemma-4-E4B-it-Q4_K_M.gguf mmproj=mmproj-F16.gguf
  javaUsed=2.2MB javaTotal=10.0MB javaMax=256.0MB nativeHeap=1.8GB nativeHeapFree=2.8MB nativeHeapSize=1.8GB
  pssTotal=5.8GB privateDirty=1.1GB sharedDirty=52.6MB nativePss=1.1GB dalvikPss=812.0KB otherPss=4.6GB
  systemAvail=14.2GB systemThreshold=216.0MB lowMemory=false trimLevel=0 importance=125 fdCount=114
  procStatus VmRSS=6162632 kB VmHWM=6203484 kB VmSize=23514656 kB VmSwap=2652 kB Threads=16 FDSize=128
2026-05-30 15:41:10.639 pid=1540 [model-load] Loading configuration: Gemma−4:2B
2026-05-30 15:41:11.249 pid=1540 [runtime-memory] Before model load model=gemma-4-E2B-it-Q4_K_M.gguf
  javaUsed=3.1MB javaTotal=10.0MB javaMax=256.0MB nativeHeap=6.7MB nativeHeapFree=71.4MB nativeHeapSize=82.6MB
  pssTotal=17.1MB privateDirty=10.2MB sharedDirty=52.6MB nativePss=6.3MB dalvikPss=1.5MB otherPss=9.3MB
  systemAvail=15.3GB systemThreshold=216.0MB lowMemory=false trimLevel=0 importance=125 fdCount=114
  procStatus VmRSS=131176 kB VmHWM=6203484 kB VmSize=16895148 kB VmSwap=2652 kB Threads=16 FDSize=128
2026-05-30 15:41:11.296 pid=1540 [runtime-memory] After model load cleanup model=gemma-4-E2B-it-Q4_K_M.gguf
  javaUsed=2.1MB javaTotal=10.0MB javaMax=256.0MB nativeHeap=6.7MB nativeHeapFree=71.5MB nativeHeapSize=82.6MB
  pssTotal=16.4MB privateDirty=9.6MB sharedDirty=52.6MB nativePss=6.3MB dalvikPss=740.0KB otherPss=9.3MB
  systemAvail=15.3GB systemThreshold=216.0MB lowMemory=false trimLevel=0 importance=125 fdCount=114
  procStatus VmRSS=130500 kB VmHWM=6203484 kB VmSize=16895148 kB VmSwap=2652 kB Threads=16 FDSize=128
2026-05-30 15:41:13.941 pid=1540 [model-load-complete] config=Gemma−4:2B model=gemma-4-E2B-it-Q4_K_M.gguf mmproj=mmproj-BF16.gguf
  javaUsed=2.2MB javaTotal=10.0MB javaMax=256.0MB nativeHeap=1.7GB nativeHeapFree=6.7MB nativeHeapSize=1.8GB
  pssTotal=4.0GB privateDirty=1.1GB sharedDirty=52.6MB nativePss=1.1GB dalvikPss=816.0KB otherPss=2.9GB
  systemAvail=14.4GB systemThreshold=216.0MB lowMemory=false trimLevel=0 importance=125 fdCount=114
  procStatus VmRSS=4258624 kB VmHWM=6203484 kB VmSize=21602872 kB VmSwap=2652 kB Threads=16 FDSize=128
2026-05-30 15:43:43.689 pid=1540 [model-load] Loading configuration: Gemma−4
2026-05-30 15:43:44.194 pid=1540 [runtime-memory] Before model load model=gemma-4-E4B-it-Q4_K_M.gguf
  javaUsed=5.8MB javaTotal=13.2MB javaMax=256.0MB nativeHeap=22.4MB nativeHeapFree=77.3MB nativeHeapSize=103.7MB
  pssTotal=43.9MB privateDirty=35.7MB sharedDirty=51.8MB nativePss=26.2MB dalvikPss=4.4MB otherPss=13.4MB
  systemAvail=15.2GB systemThreshold=216.0MB lowMemory=false trimLevel=0 importance=125 fdCount=157
  procStatus VmRSS=200608 kB VmHWM=6203484 kB VmSize=17293236 kB VmSwap=2396 kB Threads=32 FDSize=512
2026-05-30 15:43:44.264 pid=1540 [runtime-memory] After model load cleanup model=gemma-4-E4B-it-Q4_K_M.gguf
  javaUsed=3.6MB javaTotal=11.5MB javaMax=256.0MB nativeHeap=20.0MB nativeHeapFree=79.1MB nativeHeapSize=103.1MB
  pssTotal=40.4MB privateDirty=32.1MB sharedDirty=51.8MB nativePss=24.5MB dalvikPss=2.4MB otherPss=13.4MB
  systemAvail=15.2GB systemThreshold=216.0MB lowMemory=false trimLevel=0 importance=125 fdCount=157
  procStatus VmRSS=197244 kB VmHWM=6203484 kB VmSize=17293236 kB VmSwap=2396 kB Threads=32 FDSize=512
2026-05-30 15:43:47.055 pid=1540 [model-load-complete] config=Gemma−4 model=gemma-4-E4B-it-Q4_K_M.gguf mmproj=(none)
  javaUsed=3.8MB javaTotal=11.5MB javaMax=256.0MB nativeHeap=1.8GB nativeHeapFree=14.4MB nativeHeapSize=1.9GB
  pssTotal=5.8GB privateDirty=1.2GB sharedDirty=51.8MB nativePss=1.2GB dalvikPss=2.5MB otherPss=4.6GB
  systemAvail=14.1GB systemThreshold=216.0MB lowMemory=false trimLevel=0 importance=125 fdCount=157
  procStatus VmRSS=6229664 kB VmHWM=6251196 kB VmSize=23910440 kB VmSwap=2396 kB Threads=32 FDSize=512
2026-05-30 15:44:29.821 pid=1540 [model-load] Loading configuration: Gemma−4:2B
2026-05-30 15:44:30.336 pid=1540 [runtime-memory] Before model load model=gemma-4-E2B-it-Q4_K_M.gguf
  javaUsed=6.9MB javaTotal=27.6MB javaMax=256.0MB nativeHeap=1.5GB nativeHeapFree=78.6MB nativeHeapSize=1.6GB
  pssTotal=995.1MB privateDirty=986.5MB sharedDirty=51.8MB nativePss=976.2MB dalvikPss=5.3MB otherPss=13.7MB
  systemAvail=14.4GB systemThreshold=216.0MB lowMemory=false trimLevel=0 importance=125 fdCount=157
  procStatus VmRSS=1174788 kB VmHWM=6251196 kB VmSize=18836744 kB VmSwap=2396 kB Threads=32 FDSize=512
2026-05-30 15:44:30.416 pid=1540 [runtime-memory] After model load cleanup model=gemma-4-E2B-it-Q4_K_M.gguf
  javaUsed=3.6MB javaTotal=11.6MB javaMax=256.0MB nativeHeap=1.5GB nativeHeapFree=79.1MB nativeHeapSize=1.6GB
  pssTotal=992.3MB privateDirty=983.8MB sharedDirty=51.8MB nativePss=976.3MB dalvikPss=2.4MB otherPss=13.6MB
  systemAvail=14.4GB systemThreshold=216.0MB lowMemory=false trimLevel=0 importance=125 fdCount=157
  procStatus VmRSS=1172000 kB VmHWM=6251196 kB VmSize=18836744 kB VmSwap=2396 kB Threads=32 FDSize=512
2026-05-30 15:44:33.452 pid=1540 [model-load-complete] config=Gemma−4:2B model=gemma-4-E2B-it-Q4_K_M.gguf mmproj=mmproj-BF16.gguf
  javaUsed=3.7MB javaTotal=11.6MB javaMax=256.0MB nativeHeap=3.2GB nativeHeapFree=14.3MB nativeHeapSize=3.3GB
  pssTotal=4.9GB privateDirty=2.0GB sharedDirty=51.8MB nativePss=2.0GB dalvikPss=2.5MB otherPss=2.9GB
  systemAvail=13.7GB systemThreshold=216.0MB lowMemory=false trimLevel=0 importance=125 fdCount=157
  procStatus VmRSS=5298236 kB VmHWM=6251196 kB VmSize=23517896 kB VmSwap=2396 kB Threads=32 FDSize=512
2026-05-30 15:45:28.855 pid=1540 [model-load] Loading configuration: Qwen3.5 2B MTP
2026-05-30 15:45:29.364 pid=1540 [runtime-memory] Before model load model=Qwen3.5-2B-Q8_0.gguf
  javaUsed=7.6MB javaTotal=27.6MB javaMax=256.0MB nativeHeap=1.5GB nativeHeapFree=78.7MB nativeHeapSize=1.6GB
  pssTotal=995.9MB privateDirty=987.3MB sharedDirty=51.8MB nativePss=976.2MB dalvikPss=6.0MB otherPss=13.6MB
  systemAvail=14.8GB systemThreshold=216.0MB lowMemory=false trimLevel=0 importance=125 fdCount=157
  procStatus VmRSS=1175380 kB VmHWM=6251196 kB VmSize=18860748 kB VmSwap=2396 kB Threads=32 FDSize=512
2026-05-30 15:45:29.446 pid=1540 [runtime-memory] After model load cleanup model=Qwen3.5-2B-Q8_0.gguf
  javaUsed=3.6MB javaTotal=11.6MB javaMax=256.0MB nativeHeap=1.5GB nativeHeapFree=79.1MB nativeHeapSize=1.6GB
  pssTotal=992.3MB privateDirty=983.8MB sharedDirty=51.8MB nativePss=976.3MB dalvikPss=2.4MB otherPss=13.6MB
  systemAvail=14.8GB systemThreshold=216.0MB lowMemory=false trimLevel=0 importance=125 fdCount=157
  procStatus VmRSS=1171728 kB VmHWM=6251196 kB VmSize=18860748 kB VmSwap=2396 kB Threads=32 FDSize=512
2026-05-30 15:45:32.498 pid=1540 [model-load-complete] config=Qwen3.5 2B MTP model=Qwen3.5-2B-Q8_0.gguf mmproj=(none)
  javaUsed=3.8MB javaTotal=11.6MB javaMax=256.0MB nativeHeap=3.8GB nativeHeapFree=40.4MB nativeHeapSize=3.8GB
  pssTotal=3.0GB privateDirty=3.0GB sharedDirty=51.8MB nativePss=3.0GB dalvikPss=2.5MB otherPss=13.6MB
  systemAvail=12.8GB systemThreshold=216.0MB lowMemory=false trimLevel=0 importance=125 fdCount=157
  procStatus VmRSS=3320832 kB VmHWM=6251196 kB VmSize=21185712 kB VmSwap=2396 kB Threads=32 FDSize=512
2026-05-30 15:45:32.563 pid=1540 [generation-start] id=1 config=Qwen3.5 2B MTP model=Qwen3.5-2B-Q8_0.gguf promptLen=1045 mediaCount=0
  javaUsed=4.0MB javaTotal=11.6MB javaMax=256.0MB nativeHeap=3.8GB nativeHeapFree=40.4MB nativeHeapSize=3.8GB
  pssTotal=3.0GB privateDirty=3.0GB sharedDirty=51.8MB nativePss=3.0GB dalvikPss=2.7MB otherPss=13.6MB
  systemAvail=12.8GB systemThreshold=216.0MB lowMemory=false trimLevel=0 importance=125 fdCount=157
  procStatus VmRSS=3320960 kB VmHWM=6251196 kB VmSize=21185712 kB VmSwap=2396 kB Threads=32 FDSize=512
2026-05-30 15:45:32.641 pid=1540 [generation-stage] id=1 stage=native-call-start
2026-05-30 15:45:52.992 pid=1540 [generation-stage] id=1 stage=native-call-end resultLen=146
2026-05-30 15:45:52.992 pid=1540 [generation-end] id=1 resultLen=146
  javaUsed=4.1MB javaTotal=11.6MB javaMax=256.0MB nativeHeap=3.8GB nativeHeapFree=40.3MB nativeHeapSize=3.8GB
  pssTotal=3.0GB privateDirty=3.0GB sharedDirty=51.8MB nativePss=3.0GB dalvikPss=2.8MB otherPss=14.0MB
  systemAvail=12.8GB systemThreshold=216.0MB lowMemory=false trimLevel=0 importance=125 fdCount=157
  procStatus VmRSS=3315704 kB VmHWM=6251196 kB VmSize=21189796 kB VmSwap=2396 kB Threads=32 FDSize=512
2026-05-30 15:45:53.520 pid=1540 [model-load] Loading configuration: Qwen3.5 2B
2026-05-30 15:45:53.752 pid=1540 [runtime-memory] Before model load model=Qwen3.5-2B-UD-Q8_K_XL.gguf
  javaUsed=4.4MB javaTotal=11.6MB javaMax=256.0MB nativeHeap=1.5GB nativeHeapFree=81.7MB nativeHeapSize=1.6GB
  pssTotal=995.3MB privateDirty=986.4MB sharedDirty=51.8MB nativePss=978.3MB dalvikPss=3.0MB otherPss=14.0MB
  systemAvail=14.9GB systemThreshold=216.0MB lowMemory=false trimLevel=0 importance=125 fdCount=157
  procStatus VmRSS=1174500 kB VmHWM=6251196 kB VmSize=18960872 kB VmSwap=2396 kB Threads=32 FDSize=512
2026-05-30 15:45:53.787 pid=1540 [runtime-memory] After model load cleanup model=Qwen3.5-2B-UD-Q8_K_XL.gguf
  javaUsed=3.6MB javaTotal=11.6MB javaMax=256.0MB nativeHeap=1.5GB nativeHeapFree=81.8MB nativeHeapSize=1.6GB
  pssTotal=994.8MB privateDirty=985.9MB sharedDirty=51.8MB nativePss=978.4MB dalvikPss=2.4MB otherPss=14.0MB
  systemAvail=14.9GB systemThreshold=216.0MB lowMemory=false trimLevel=0 importance=125 fdCount=157
  procStatus VmRSS=1174048 kB VmHWM=6251196 kB VmSize=18960872 kB VmSwap=2396 kB Threads=32 FDSize=512
2026-05-30 15:45:55.927 pid=1540 [model-load-complete] config=Qwen3.5 2B model=Qwen3.5-2B-UD-Q8_K_XL.gguf mmproj=(none)
  javaUsed=3.7MB javaTotal=11.6MB javaMax=256.0MB nativeHeap=4.5GB nativeHeapFree=40.6MB nativeHeapSize=4.6GB
  pssTotal=3.8GB privateDirty=3.8GB sharedDirty=51.8MB nativePss=3.8GB dalvikPss=2.5MB otherPss=14.0MB
  systemAvail=12.1GB systemThreshold=216.0MB lowMemory=false trimLevel=0 importance=125 fdCount=157
  procStatus VmRSS=4118256 kB VmHWM=6251196 kB VmSize=21987100 kB VmSwap=2396 kB Threads=32 FDSize=512
2026-05-30 15:45:55.967 pid=1540 [generation-start] id=2 config=Qwen3.5 2B model=Qwen3.5-2B-UD-Q8_K_XL.gguf promptLen=1042 mediaCount=0
  javaUsed=3.9MB javaTotal=11.6MB javaMax=256.0MB nativeHeap=4.5GB nativeHeapFree=40.6MB nativeHeapSize=4.6GB
  pssTotal=3.8GB privateDirty=3.8GB sharedDirty=51.8MB nativePss=3.8GB dalvikPss=2.7MB otherPss=14.0MB
  systemAvail=12.1GB systemThreshold=216.0MB lowMemory=false trimLevel=0 importance=125 fdCount=157
  procStatus VmRSS=4118384 kB VmHWM=6251196 kB VmSize=21987100 kB VmSwap=2396 kB Threads=32 FDSize=512
2026-05-30 15:45:56.007 pid=1540 [generation-stage] id=2 stage=native-call-start
2026-05-30 15:46:40.442 pid=1540 [generation-stage] id=2 stage=native-call-end resultLen=152
2026-05-30 15:46:40.443 pid=1540 [generation-end] id=2 resultLen=152
  javaUsed=4.2MB javaTotal=11.6MB javaMax=256.0MB nativeHeap=4.5GB nativeHeapFree=40.5MB nativeHeapSize=4.6GB
  pssTotal=3.8GB privateDirty=3.8GB sharedDirty=51.8MB nativePss=3.8GB dalvikPss=2.8MB otherPss=14.0MB
  systemAvail=12.0GB systemThreshold=216.0MB lowMemory=false trimLevel=0 importance=125 fdCount=157
  procStatus VmRSS=4113408 kB VmHWM=6251196 kB VmSize=21987100 kB VmSwap=2396 kB Threads=32 FDSize=512
2026-05-30 15:46:41.015 pid=1540 [model-load] Loading configuration: Qwen3.5 2B MTP
2026-05-30 15:46:41.525 pid=1540 [runtime-memory] Before model load model=Qwen3.5-2B-Q8_0.gguf
  javaUsed=3.7MB javaTotal=11.6MB javaMax=256.0MB nativeHeap=1.5GB nativeHeapFree=81.8MB nativeHeapSize=1.6GB
  pssTotal=994.8MB privateDirty=985.9MB sharedDirty=51.8MB nativePss=978.4MB dalvikPss=2.5MB otherPss=14.0MB
  systemAvail=14.8GB systemThreshold=216.0MB lowMemory=false trimLevel=0 importance=125 fdCount=157
  procStatus VmRSS=1174180 kB VmHWM=6251196 kB VmSize=18960872 kB VmSwap=2396 kB Threads=32 FDSize=512
2026-05-30 15:46:41.611 pid=1540 [runtime-memory] After model load cleanup model=Qwen3.5-2B-Q8_0.gguf
  javaUsed=3.6MB javaTotal=11.6MB javaMax=256.0MB nativeHeap=1.5GB nativeHeapFree=81.8MB nativeHeapSize=1.6GB
  pssTotal=994.9MB privateDirty=985.9MB sharedDirty=51.8MB nativePss=978.4MB dalvikPss=2.4MB otherPss=14.0MB
  systemAvail=14.8GB systemThreshold=216.0MB lowMemory=false trimLevel=0 importance=125 fdCount=157
  procStatus VmRSS=1174208 kB VmHWM=6251196 kB VmSize=18960872 kB VmSwap=2396 kB Threads=32 FDSize=512
2026-05-30 15:46:44.605 pid=1540 [model-load-complete] config=Qwen3.5 2B MTP model=Qwen3.5-2B-Q8_0.gguf mmproj=(none)
  javaUsed=3.7MB javaTotal=11.6MB javaMax=256.0MB nativeHeap=3.8GB nativeHeapFree=40.6MB nativeHeapSize=3.8GB
  pssTotal=3.0GB privateDirty=3.0GB sharedDirty=51.8MB nativePss=3.0GB dalvikPss=2.5MB otherPss=14.0MB
  systemAvail=12.8GB systemThreshold=216.0MB lowMemory=false trimLevel=0 importance=125 fdCount=157
  procStatus VmRSS=3321008 kB VmHWM=6251196 kB VmSize=21189796 kB VmSwap=2396 kB Threads=32 FDSize=512
2026-05-30 15:46:44.668 pid=1540 [generation-start] id=3 config=Qwen3.5 2B MTP model=Qwen3.5-2B-Q8_0.gguf promptLen=1048 mediaCount=0
  javaUsed=3.9MB javaTotal=11.6MB javaMax=256.0MB nativeHeap=3.8GB nativeHeapFree=40.6MB nativeHeapSize=3.8GB
  pssTotal=3.0GB privateDirty=3.0GB sharedDirty=51.8MB nativePss=3.0GB dalvikPss=2.7MB otherPss=14.0MB
  systemAvail=12.8GB systemThreshold=216.0MB lowMemory=false trimLevel=0 importance=125 fdCount=157
  procStatus VmRSS=3321136 kB VmHWM=6251196 kB VmSize=21189796 kB VmSwap=2396 kB Threads=32 FDSize=512
2026-05-30 15:46:44.751 pid=1540 [generation-stage] id=3 stage=native-call-start
2026-05-30 15:47:17.422 pid=1540 [generation-stage] id=3 stage=native-call-end resultLen=44
2026-05-30 15:47:17.422 pid=1540 [generation-end] id=3 resultLen=44
  javaUsed=4.1MB javaTotal=11.6MB javaMax=256.0MB nativeHeap=3.8GB nativeHeapFree=40.5MB nativeHeapSize=3.8GB
  pssTotal=3.0GB privateDirty=3.0GB sharedDirty=51.8MB nativePss=3.0GB dalvikPss=2.8MB otherPss=14.0MB
  systemAvail=12.8GB systemThreshold=216.0MB lowMemory=false trimLevel=0 importance=125 fdCount=157
  procStatus VmRSS=3315916 kB VmHWM=6251196 kB VmSize=21189796 kB VmSwap=2396 kB Threads=32 FDSize=512
2026-05-30 15:47:18.105 pid=1540 [model-load] Loading configuration: Qwen3.5 2B
2026-05-30 15:47:18.497 pid=1540 [runtime-memory] Before model load model=Qwen3.5-2B-UD-Q8_K_XL.gguf
  javaUsed=4.4MB javaTotal=11.6MB javaMax=256.0MB nativeHeap=1.5GB nativeHeapFree=81.8MB nativeHeapSize=1.6GB
  pssTotal=995.3MB privateDirty=986.4MB sharedDirty=51.8MB nativePss=978.4MB dalvikPss=3.0MB otherPss=14.0MB
  systemAvail=14.9GB systemThreshold=216.0MB lowMemory=false trimLevel=0 importance=125 fdCount=157
  procStatus VmRSS=1174636 kB VmHWM=6251196 kB VmSize=18960872 kB VmSwap=2396 kB Threads=32 FDSize=512
2026-05-30 15:47:18.589 pid=1540 [runtime-memory] After model load cleanup model=Qwen3.5-2B-UD-Q8_K_XL.gguf
  javaUsed=3.6MB javaTotal=11.6MB javaMax=256.0MB nativeHeap=1.5GB nativeHeapFree=81.8MB nativeHeapSize=1.6GB
  pssTotal=994.9MB privateDirty=985.9MB sharedDirty=51.8MB nativePss=978.4MB dalvikPss=2.4MB otherPss=14.0MB
  systemAvail=14.9GB systemThreshold=216.0MB lowMemory=false trimLevel=0 importance=125 fdCount=157
  procStatus VmRSS=1174204 kB VmHWM=6251196 kB VmSize=18960872 kB VmSwap=2396 kB Threads=32 FDSize=512
2026-05-30 15:47:22.481 pid=1540 [model-load-complete] config=Qwen3.5 2B model=Qwen3.5-2B-UD-Q8_K_XL.gguf mmproj=(none)
  javaUsed=3.7MB javaTotal=11.6MB javaMax=256.0MB nativeHeap=4.5GB nativeHeapFree=40.6MB nativeHeapSize=4.6GB
  pssTotal=3.8GB privateDirty=3.8GB sharedDirty=51.8MB nativePss=3.8GB dalvikPss=2.5MB otherPss=14.0MB
  systemAvail=12.0GB systemThreshold=216.0MB lowMemory=false trimLevel=0 importance=125 fdCount=157
  procStatus VmRSS=4118264 kB VmHWM=6251196 kB VmSize=21987100 kB VmSwap=2396 kB Threads=32 FDSize=512
2026-05-30 15:47:22.583 pid=1540 [generation-start] id=4 config=Qwen3.5 2B model=Qwen3.5-2B-UD-Q8_K_XL.gguf promptLen=1042 mediaCount=0
  javaUsed=3.9MB javaTotal=11.6MB javaMax=256.0MB nativeHeap=4.5GB nativeHeapFree=40.6MB nativeHeapSize=4.6GB
  pssTotal=3.8GB privateDirty=3.8GB sharedDirty=51.8MB nativePss=3.8GB dalvikPss=2.7MB otherPss=14.0MB
  systemAvail=12.0GB systemThreshold=216.0MB lowMemory=false trimLevel=0 importance=125 fdCount=157
  procStatus VmRSS=4118392 kB VmHWM=6251196 kB VmSize=21987100 kB VmSwap=2396 kB Threads=32 FDSize=512
2026-05-30 15:47:22.680 pid=1540 [generation-stage] id=4 stage=native-call-start
2026-05-30 15:48:05.375 pid=1540 [generation-stage] id=4 stage=native-call-end resultLen=72
2026-05-30 15:48:05.376 pid=1540 [generation-end] id=4 resultLen=72
  javaUsed=4.1MB javaTotal=11.6MB javaMax=256.0MB nativeHeap=4.5GB nativeHeapFree=40.5MB nativeHeapSize=4.6GB
  pssTotal=3.8GB privateDirty=3.8GB sharedDirty=51.8MB nativePss=3.8GB dalvikPss=2.8MB otherPss=14.0MB
  systemAvail=12.1GB systemThreshold=216.0MB lowMemory=false trimLevel=0 importance=125 fdCount=157
  procStatus VmRSS=4113180 kB VmHWM=6251196 kB VmSize=21987100 kB VmSwap=2396 kB Threads=32 FDSize=512
2026-05-30 15:48:05.956 pid=1540 [model-load] Loading configuration: Qwen3.5 2B MTP
2026-05-30 15:48:06.267 pid=1540 [runtime-memory] Before model load model=Qwen3.5-2B-Q8_0.gguf
  javaUsed=4.4MB javaTotal=11.6MB javaMax=256.0MB nativeHeap=1.5GB nativeHeapFree=81.8MB nativeHeapSize=1.6GB
  pssTotal=995.3MB privateDirty=986.4MB sharedDirty=51.8MB nativePss=978.4MB dalvikPss=3.0MB otherPss=14.0MB
  systemAvail=14.8GB systemThreshold=216.0MB lowMemory=false trimLevel=0 importance=125 fdCount=157
  procStatus VmRSS=1174652 kB VmHWM=6251196 kB VmSize=18960872 kB VmSwap=2396 kB Threads=32 FDSize=512
2026-05-30 15:48:06.308 pid=1540 [runtime-memory] After model load cleanup model=Qwen3.5-2B-Q8_0.gguf
  javaUsed=3.6MB javaTotal=11.6MB javaMax=256.0MB nativeHeap=1.5GB nativeHeapFree=81.8MB nativeHeapSize=1.6GB
  pssTotal=994.9MB privateDirty=985.9MB sharedDirty=51.8MB nativePss=978.4MB dalvikPss=2.4MB otherPss=14.0MB
  systemAvail=14.8GB systemThreshold=216.0MB lowMemory=false trimLevel=0 importance=125 fdCount=157
  procStatus VmRSS=1174340 kB VmHWM=6251196 kB VmSize=18960872 kB VmSwap=2396 kB Threads=32 FDSize=512
2026-05-30 15:48:08.156 pid=1540 [model-load-complete] config=Qwen3.5 2B MTP model=Qwen3.5-2B-Q8_0.gguf mmproj=(none)
  javaUsed=3.7MB javaTotal=11.6MB javaMax=256.0MB nativeHeap=3.8GB nativeHeapFree=40.6MB nativeHeapSize=3.8GB
  pssTotal=3.0GB privateDirty=3.0GB sharedDirty=51.8MB nativePss=3.0GB dalvikPss=2.5MB otherPss=13.9MB
  systemAvail=12.7GB systemThreshold=216.0MB lowMemory=false trimLevel=0 importance=125 fdCount=157
  procStatus VmRSS=3321152 kB VmHWM=6251196 kB VmSize=21189796 kB VmSwap=2396 kB Threads=32 FDSize=512
2026-05-30 15:48:08.212 pid=1540 [generation-start] id=5 config=Qwen3.5 2B MTP model=Qwen3.5-2B-Q8_0.gguf promptLen=1048 mediaCount=0
  javaUsed=3.8MB javaTotal=11.6MB javaMax=256.0MB nativeHeap=3.8GB nativeHeapFree=40.6MB nativeHeapSize=3.8GB
  pssTotal=3.0GB privateDirty=3.0GB sharedDirty=51.8MB nativePss=3.0GB dalvikPss=2.6MB otherPss=14.0MB
  systemAvail=12.7GB systemThreshold=216.0MB lowMemory=false trimLevel=0 importance=125 fdCount=157
  procStatus VmRSS=3321280 kB VmHWM=6251196 kB VmSize=21189796 kB VmSwap=2396 kB Threads=32 FDSize=512
2026-05-30 15:48:08.249 pid=1540 [generation-stage] id=5 stage=native-call-start
2026-05-30 15:48:26.734 pid=1540 [generation-stage] id=5 stage=native-call-end resultLen=62
2026-05-30 15:48:26.735 pid=1540 [generation-end] id=5 resultLen=62
  javaUsed=4.0MB javaTotal=11.6MB javaMax=256.0MB nativeHeap=3.8GB nativeHeapFree=40.5MB nativeHeapSize=3.8GB
  pssTotal=3.0GB privateDirty=3.0GB sharedDirty=51.8MB nativePss=3.0GB dalvikPss=2.7MB otherPss=14.0MB
  systemAvail=12.7GB systemThreshold=216.0MB lowMemory=false trimLevel=0 importance=125 fdCount=157
  procStatus VmRSS=3315708 kB VmHWM=6251196 kB VmSize=21189796 kB VmSwap=2396 kB Threads=32 FDSize=512
2026-05-30 15:48:27.260 pid=1540 [model-load] Loading configuration: Qwen3.5 2B
2026-05-30 15:48:27.497 pid=1540 [runtime-memory] Before model load model=Qwen3.5-2B-UD-Q8_K_XL.gguf
  javaUsed=4.3MB javaTotal=11.6MB javaMax=256.0MB nativeHeap=1.5GB nativeHeapFree=81.8MB nativeHeapSize=1.6GB
  pssTotal=995.3MB privateDirty=986.4MB sharedDirty=51.8MB nativePss=978.4MB dalvikPss=2.9MB otherPss=14.0MB
  systemAvail=14.7GB systemThreshold=216.0MB lowMemory=false trimLevel=0 importance=125 fdCount=157
  procStatus VmRSS=1174356 kB VmHWM=6251196 kB VmSize=18960872 kB VmSwap=2396 kB Threads=32 FDSize=512
2026-05-30 15:48:27.537 pid=1540 [runtime-memory] After model load cleanup model=Qwen3.5-2B-UD-Q8_K_XL.gguf
  javaUsed=3.6MB javaTotal=11.5MB javaMax=256.0MB nativeHeap=1.5GB nativeHeapFree=81.8MB nativeHeapSize=1.6GB
  pssTotal=994.8MB privateDirty=985.9MB sharedDirty=51.8MB nativePss=978.5MB dalvikPss=2.4MB otherPss=14.0MB
  systemAvail=14.7GB systemThreshold=216.0MB lowMemory=false trimLevel=0 importance=125 fdCount=157
  procStatus VmRSS=1173984 kB VmHWM=6251196 kB VmSize=18960872 kB VmSwap=2396 kB Threads=32 FDSize=512
2026-05-30 15:48:30.077 pid=1540 [model-load-complete] config=Qwen3.5 2B model=Qwen3.5-2B-UD-Q8_K_XL.gguf mmproj=(none)
  javaUsed=3.7MB javaTotal=11.5MB javaMax=256.0MB nativeHeap=4.5GB nativeHeapFree=40.6MB nativeHeapSize=4.6GB
  pssTotal=3.8GB privateDirty=3.8GB sharedDirty=51.8MB nativePss=3.8GB dalvikPss=2.5MB otherPss=14.0MB
  systemAvail=11.9GB systemThreshold=216.0MB lowMemory=false trimLevel=0 importance=125 fdCount=157
  procStatus VmRSS=4118164 kB VmHWM=6251196 kB VmSize=21987100 kB VmSwap=2396 kB Threads=32 FDSize=512
2026-05-30 15:48:30.126 pid=1540 [generation-start] id=6 config=Qwen3.5 2B model=Qwen3.5-2B-UD-Q8_K_XL.gguf promptLen=1054 mediaCount=0
  javaUsed=3.9MB javaTotal=11.5MB javaMax=256.0MB nativeHeap=4.5GB nativeHeapFree=40.6MB nativeHeapSize=4.6GB
  pssTotal=3.8GB privateDirty=3.8GB sharedDirty=51.8MB nativePss=3.8GB dalvikPss=2.6MB otherPss=14.0MB
  systemAvail=11.9GB systemThreshold=216.0MB lowMemory=false trimLevel=0 importance=125 fdCount=157
  procStatus VmRSS=4118292 kB VmHWM=6251196 kB VmSize=21987100 kB VmSwap=2396 kB Threads=32 FDSize=512
2026-05-30 15:48:30.172 pid=1540 [generation-stage] id=6 stage=native-call-start
2026-05-30 15:49:11.922 pid=1540 [generation-stage] id=6 stage=native-call-end resultLen=35
2026-05-30 15:49:11.922 pid=1540 [generation-end] id=6 resultLen=35
  javaUsed=4.1MB javaTotal=11.5MB javaMax=256.0MB nativeHeap=4.5GB nativeHeapFree=40.5MB nativeHeapSize=4.6GB
  pssTotal=3.8GB privateDirty=3.8GB sharedDirty=51.8MB nativePss=3.8GB dalvikPss=2.8MB otherPss=14.0MB
  systemAvail=11.7GB systemThreshold=216.0MB lowMemory=false trimLevel=0 importance=125 fdCount=157
  procStatus VmRSS=4113356 kB VmHWM=6251196 kB VmSize=21987100 kB VmSwap=2396 kB Threads=32 FDSize=512
2026-05-30 15:49:12.506 pid=1540 [model-load] Loading configuration: Qwen3.5 2B MTP
2026-05-30 15:49:13.003 pid=1540 [runtime-memory] Before model load model=Qwen3.5-2B-Q8_0.gguf
  javaUsed=4.3MB javaTotal=11.5MB javaMax=256.0MB nativeHeap=1.5GB nativeHeapFree=81.8MB nativeHeapSize=1.6GB
  pssTotal=995.3MB privateDirty=986.4MB sharedDirty=51.8MB nativePss=978.4MB dalvikPss=3.0MB otherPss=14.0MB
  systemAvail=14.5GB systemThreshold=216.0MB lowMemory=false trimLevel=0 importance=125 fdCount=157
  procStatus VmRSS=1174604 kB VmHWM=6251196 kB VmSize=18960872 kB VmSwap=2396 kB Threads=32 FDSize=512
2026-05-30 15:49:13.083 pid=1540 [runtime-memory] After model load cleanup model=Qwen3.5-2B-Q8_0.gguf
  javaUsed=3.6MB javaTotal=11.5MB javaMax=256.0MB nativeHeap=1.5GB nativeHeapFree=81.8MB nativeHeapSize=1.6GB
  pssTotal=994.8MB privateDirty=985.9MB sharedDirty=51.8MB nativePss=978.4MB dalvikPss=2.4MB otherPss=14.0MB
  systemAvail=14.5GB systemThreshold=216.0MB lowMemory=false trimLevel=0 importance=125 fdCount=157
  procStatus VmRSS=1174480 kB VmHWM=6251196 kB VmSize=18960872 kB VmSwap=2396 kB Threads=32 FDSize=512
2026-05-30 15:49:20.047 pid=1540 [model-load-complete] config=Qwen3.5 2B MTP model=Qwen3.5-2B-Q8_0.gguf mmproj=(none)
  javaUsed=3.7MB javaTotal=11.5MB javaMax=256.0MB nativeHeap=3.8GB nativeHeapFree=40.6MB nativeHeapSize=3.8GB
  pssTotal=3.0GB privateDirty=2.3GB sharedDirty=51.8MB nativePss=2.3GB dalvikPss=2.4MB otherPss=13.1MB
  systemAvail=13.4GB systemThreshold=216.0MB lowMemory=false trimLevel=0 importance=125 fdCount=157
  procStatus VmRSS=2619996 kB VmHWM=6251196 kB VmSize=21189796 kB VmSwap=703324 kB Threads=32 FDSize=512
2026-05-30 15:49:20.107 pid=1540 [generation-start] id=7 config=Qwen3.5 2B MTP model=Qwen3.5-2B-Q8_0.gguf promptLen=1051 mediaCount=0
  javaUsed=3.9MB javaTotal=11.5MB javaMax=256.0MB nativeHeap=3.8GB nativeHeapFree=40.6MB nativeHeapSize=3.8GB
  pssTotal=3.0GB privateDirty=2.3GB sharedDirty=51.8MB nativePss=2.3GB dalvikPss=2.6MB otherPss=13.1MB
  systemAvail=13.5GB systemThreshold=216.0MB lowMemory=false trimLevel=0 importance=125 fdCount=157
  procStatus VmRSS=2614876 kB VmHWM=6251196 kB VmSize=21189796 kB VmSwap=708572 kB Threads=32 FDSize=512
2026-05-30 15:49:20.179 pid=1540 [generation-stage] id=7 stage=native-call-start
2026-05-30 15:49:59.128 pid=1540 [generation-stage] id=7 stage=native-call-end resultLen=219
2026-05-30 15:49:59.129 pid=1540 [generation-end] id=7 resultLen=219
  javaUsed=3.7MB javaTotal=11.5MB javaMax=256.0MB nativeHeap=3.8GB nativeHeapFree=40.5MB nativeHeapSize=3.8GB
  pssTotal=3.0GB privateDirty=2.1GB sharedDirty=51.8MB nativePss=2.1GB dalvikPss=2.4MB otherPss=13.2MB
  systemAvail=13.6GB systemThreshold=216.0MB lowMemory=false trimLevel=0 importance=125 fdCount=157
  procStatus VmRSS=2327288 kB VmHWM=6251196 kB VmSize=21189796 kB VmSwap=990044 kB Threads=32 FDSize=512
2026-05-30 15:51:44.635 pid=1540 [model-load] Loading configuration: Qwen3.5 2B MTP
2026-05-30 15:51:44.636 pid=1540 [model-load-skip] config=Qwen3.5 2B MTP model already loaded
  javaUsed=4.3MB javaTotal=11.5MB javaMax=256.0MB nativeHeap=3.8GB nativeHeapFree=40.5MB nativeHeapSize=3.8GB
  pssTotal=3.0GB privateDirty=2.1GB sharedDirty=51.8MB nativePss=2.1GB dalvikPss=2.8MB otherPss=12.9MB
  systemAvail=13.7GB systemThreshold=216.0MB lowMemory=false trimLevel=0 importance=125 fdCount=157
  procStatus VmRSS=2327900 kB VmHWM=6251196 kB VmSize=21189796 kB VmSwap=990044 kB Threads=32 FDSize=512
2026-05-30 15:51:44.713 pid=1540 [generation-start] id=8 config=Qwen3.5 2B MTP model=Qwen3.5-2B-Q8_0.gguf promptLen=1045 mediaCount=0
  javaUsed=4.5MB javaTotal=11.5MB javaMax=256.0MB nativeHeap=3.8GB nativeHeapFree=40.5MB nativeHeapSize=3.8GB
  pssTotal=3.0GB privateDirty=2.1GB sharedDirty=51.8MB nativePss=2.1GB dalvikPss=3.0MB otherPss=12.9MB
  systemAvail=13.7GB systemThreshold=216.0MB lowMemory=false trimLevel=0 importance=125 fdCount=157
  procStatus VmRSS=2328156 kB VmHWM=6251196 kB VmSize=21189796 kB VmSwap=990044 kB Threads=32 FDSize=512
2026-05-30 15:51:44.780 pid=1540 [generation-stage] id=8 stage=native-call-start
2026-05-30 15:52:10.542 pid=1540 [generation-stage] id=8 stage=native-call-end resultLen=38
2026-05-30 15:52:10.543 pid=1540 [generation-end] id=8 resultLen=38
  javaUsed=4.6MB javaTotal=11.5MB javaMax=256.0MB nativeHeap=3.8GB nativeHeapFree=40.5MB nativeHeapSize=3.8GB
  pssTotal=3.0GB privateDirty=2.1GB sharedDirty=51.8MB nativePss=2.1GB dalvikPss=3.1MB otherPss=12.9MB
  systemAvail=13.7GB systemThreshold=216.0MB lowMemory=false trimLevel=0 importance=125 fdCount=157
  procStatus VmRSS=2328412 kB VmHWM=6251196 kB VmSize=21189796 kB VmSwap=990044 kB Threads=32 FDSize=512
2026-05-30 15:52:10.617 pid=1540 [model-load] Loading configuration: Qwen3.5 2B MTP
2026-05-30 15:52:10.617 pid=1540 [model-load-skip] config=Qwen3.5 2B MTP model already loaded
  javaUsed=4.9MB javaTotal=11.5MB javaMax=256.0MB nativeHeap=3.8GB nativeHeapFree=40.5MB nativeHeapSize=3.8GB
  pssTotal=3.0GB privateDirty=2.1GB sharedDirty=51.8MB nativePss=2.1GB dalvikPss=3.3MB otherPss=12.9MB
  systemAvail=13.7GB systemThreshold=216.0MB lowMemory=false trimLevel=0 importance=125 fdCount=157
  procStatus VmRSS=2328412 kB VmHWM=6251196 kB VmSize=21189796 kB VmSwap=990044 kB Threads=32 FDSize=512
2026-05-30 15:52:10.689 pid=1540 [generation-start] id=9 config=Qwen3.5 2B MTP model=Qwen3.5-2B-Q8_0.gguf promptLen=1045 mediaCount=0
  javaUsed=5.0MB javaTotal=11.5MB javaMax=256.0MB nativeHeap=3.8GB nativeHeapFree=40.5MB nativeHeapSize=3.8GB
  pssTotal=3.0GB privateDirty=2.1GB sharedDirty=51.8MB nativePss=2.1GB dalvikPss=3.5MB otherPss=12.9MB
  systemAvail=13.7GB systemThreshold=216.0MB lowMemory=false trimLevel=0 importance=125 fdCount=157
  procStatus VmRSS=2328540 kB VmHWM=6251196 kB VmSize=21189796 kB VmSwap=990044 kB Threads=32 FDSize=512
2026-05-30 15:52:10.757 pid=1540 [generation-stage] id=9 stage=native-call-start
2026-05-30 15:52:34.364 pid=1540 [generation-stage] id=9 stage=native-call-end resultLen=106
2026-05-30 15:52:34.365 pid=1540 [generation-end] id=9 resultLen=106
  javaUsed=5.2MB javaTotal=11.5MB javaMax=256.0MB nativeHeap=3.8GB nativeHeapFree=40.5MB nativeHeapSize=3.8GB
  pssTotal=3.0GB privateDirty=2.1GB sharedDirty=51.8MB nativePss=2.1GB dalvikPss=3.6MB otherPss=12.9MB
  systemAvail=13.7GB systemThreshold=216.0MB lowMemory=false trimLevel=0 importance=125 fdCount=157
  procStatus VmRSS=2328388 kB VmHWM=6251196 kB VmSize=21189796 kB VmSwap=990044 kB Threads=32 FDSize=512
2026-05-30 15:52:34.886 pid=1540 [model-load] Loading configuration: Qwen3.5 2B
2026-05-30 15:52:35.153 pid=1540 [runtime-memory] Before model load model=Qwen3.5-2B-UD-Q8_K_XL.gguf
  javaUsed=5.4MB javaTotal=11.5MB javaMax=256.0MB nativeHeap=1.5GB nativeHeapFree=81.7MB nativeHeapSize=1.6GB
  pssTotal=996.4MB privateDirty=22.2MB sharedDirty=51.8MB nativePss=14.6MB dalvikPss=3.8MB otherPss=12.9MB
  systemAvail=15.7GB systemThreshold=216.0MB lowMemory=false trimLevel=0 importance=125 fdCount=157
  procStatus VmRSS=187148 kB VmHWM=6251196 kB VmSize=18960872 kB VmSwap=990044 kB Threads=32 FDSize=512
2026-05-30 15:52:35.195 pid=1540 [runtime-memory] After model load cleanup model=Qwen3.5-2B-UD-Q8_K_XL.gguf
  javaUsed=3.6MB javaTotal=11.5MB javaMax=256.0MB nativeHeap=1.5GB nativeHeapFree=81.8MB nativeHeapSize=1.6GB
  pssTotal=995.0MB privateDirty=20.8MB sharedDirty=51.8MB nativePss=14.6MB dalvikPss=2.4MB otherPss=12.9MB
  systemAvail=15.7GB systemThreshold=216.0MB lowMemory=false trimLevel=0 importance=125 fdCount=157
  procStatus VmRSS=185908 kB VmHWM=6251196 kB VmSize=18960872 kB VmSwap=990044 kB Threads=32 FDSize=512
2026-05-30 15:52:38.382 pid=1540 [model-load-complete] config=Qwen3.5 2B model=Qwen3.5-2B-UD-Q8_K_XL.gguf mmproj=(none)
  javaUsed=3.7MB javaTotal=11.5MB javaMax=256.0MB nativeHeap=4.5GB nativeHeapFree=40.6MB nativeHeapSize=4.6GB
  pssTotal=3.8GB privateDirty=2.8GB sharedDirty=51.8MB nativePss=2.8GB dalvikPss=2.4MB otherPss=12.6MB
  systemAvail=13.0GB systemThreshold=216.0MB lowMemory=false trimLevel=0 importance=125 fdCount=157
  procStatus VmRSS=3129580 kB VmHWM=6251196 kB VmSize=21987100 kB VmSwap=990044 kB Threads=32 FDSize=512
2026-05-30 15:52:38.490 pid=1540 [generation-start] id=10 config=Qwen3.5 2B model=Qwen3.5-2B-UD-Q8_K_XL.gguf promptLen=1042 mediaCount=0
  javaUsed=3.9MB javaTotal=11.5MB javaMax=256.0MB nativeHeap=4.5GB nativeHeapFree=40.6MB nativeHeapSize=4.6GB
  pssTotal=3.8GB privateDirty=2.8GB sharedDirty=51.8MB nativePss=2.8GB dalvikPss=2.6MB otherPss=12.6MB
  systemAvail=13.0GB systemThreshold=216.0MB lowMemory=false trimLevel=0 importance=125 fdCount=157
  procStatus VmRSS=3129836 kB VmHWM=6251196 kB VmSize=21987100 kB VmSwap=990044 kB Threads=32 FDSize=512
2026-05-30 15:52:38.589 pid=1540 [generation-stage] id=10 stage=native-call-start
2026-05-30 15:53:15.284 pid=1540 [generation-stage] id=10 stage=native-call-end resultLen=72
2026-05-30 15:53:15.285 pid=1540 [generation-end] id=10 resultLen=72
  javaUsed=3.7MB javaTotal=11.5MB javaMax=256.0MB nativeHeap=4.5GB nativeHeapFree=40.5MB nativeHeapSize=4.6GB
  pssTotal=3.8GB privateDirty=2.8GB sharedDirty=51.8MB nativePss=2.8GB dalvikPss=2.4MB otherPss=12.6MB
  systemAvail=12.8GB systemThreshold=216.0MB lowMemory=false trimLevel=0 importance=125 fdCount=157
  procStatus VmRSS=3124612 kB VmHWM=6251196 kB VmSize=21987100 kB VmSwap=990044 kB Threads=32 FDSize=512
2026-05-30 15:53:15.881 pid=1540 [model-load] Loading configuration: Qwen3.5 2B MTP
2026-05-30 15:53:16.397 pid=1540 [runtime-memory] Before model load model=Qwen3.5-2B-Q8_0.gguf
  javaUsed=4.0MB javaTotal=11.5MB javaMax=256.0MB nativeHeap=1.5GB nativeHeapFree=81.8MB nativeHeapSize=1.6GB
  pssTotal=994.8MB privateDirty=21.0MB sharedDirty=51.8MB nativePss=14.5MB dalvikPss=2.6MB otherPss=12.6MB
  systemAvail=15.6GB systemThreshold=216.0MB lowMemory=false trimLevel=0 importance=125 fdCount=157
  procStatus VmRSS=185720 kB VmHWM=6251196 kB VmSize=18960872 kB VmSwap=990044 kB Threads=32 FDSize=512
2026-05-30 15:53:16.488 pid=1540 [runtime-memory] After model load cleanup model=Qwen3.5-2B-Q8_0.gguf
  javaUsed=3.6MB javaTotal=11.5MB javaMax=256.0MB nativeHeap=1.5GB nativeHeapFree=81.8MB nativeHeapSize=1.6GB
  pssTotal=994.6MB privateDirty=20.8MB sharedDirty=51.8MB nativePss=14.6MB dalvikPss=2.4MB otherPss=12.6MB
  systemAvail=15.6GB systemThreshold=216.0MB lowMemory=false trimLevel=0 importance=125 fdCount=157
  procStatus VmRSS=185548 kB VmHWM=6251196 kB VmSize=18960872 kB VmSwap=990044 kB Threads=32 FDSize=512
2026-05-30 15:53:20.266 pid=1540 [model-load-complete] config=Qwen3.5 2B MTP model=Qwen3.5-2B-Q8_0.gguf mmproj=(none)
  javaUsed=3.7MB javaTotal=11.5MB javaMax=256.0MB nativeHeap=3.8GB nativeHeapFree=40.6MB nativeHeapSize=3.8GB
  pssTotal=3.0GB privateDirty=2.1GB sharedDirty=51.8MB nativePss=2.1GB dalvikPss=2.4MB otherPss=12.5MB
  systemAvail=13.5GB systemThreshold=216.0MB lowMemory=false trimLevel=0 importance=125 fdCount=157
  procStatus VmRSS=2332348 kB VmHWM=6251196 kB VmSize=21189796 kB VmSwap=990044 kB Threads=32 FDSize=512
2026-05-30 15:53:20.348 pid=1540 [generation-start] id=11 config=Qwen3.5 2B MTP model=Qwen3.5-2B-Q8_0.gguf promptLen=1045 mediaCount=0
  javaUsed=3.9MB javaTotal=11.5MB javaMax=256.0MB nativeHeap=3.8GB nativeHeapFree=40.6MB nativeHeapSize=3.8GB
  pssTotal=3.0GB privateDirty=2.1GB sharedDirty=51.8MB nativePss=2.1GB dalvikPss=2.6MB otherPss=12.5MB
  systemAvail=13.5GB systemThreshold=216.0MB lowMemory=false trimLevel=0 importance=125 fdCount=157
  procStatus VmRSS=2332604 kB VmHWM=6251196 kB VmSize=21189796 kB VmSwap=990044 kB Threads=32 FDSize=512
2026-05-30 15:53:20.433 pid=1540 [generation-stage] id=11 stage=native-call-start
2026-05-30 15:53:50.357 pid=1540 [generation-stage] id=11 stage=native-call-end resultLen=45
2026-05-30 15:53:50.358 pid=1540 [generation-end] id=11 resultLen=45
  javaUsed=4.1MB javaTotal=11.5MB javaMax=256.0MB nativeHeap=3.8GB nativeHeapFree=40.5MB nativeHeapSize=3.8GB
  pssTotal=3.0GB privateDirty=2.1GB sharedDirty=51.8MB nativePss=2.1GB dalvikPss=2.7MB otherPss=12.6MB
  systemAvail=13.6GB systemThreshold=216.0MB lowMemory=false trimLevel=0 importance=125 fdCount=157
  procStatus VmRSS=2327228 kB VmHWM=6251196 kB VmSize=21189796 kB VmSwap=990044 kB Threads=32 FDSize=512
2026-05-30 15:53:50.924 pid=1540 [model-load] Loading configuration: Qwen3.5 2B
2026-05-30 15:53:51.334 pid=1540 [runtime-memory] Before model load model=Qwen3.5-2B-UD-Q8_K_XL.gguf
  javaUsed=4.3MB javaTotal=11.5MB javaMax=256.0MB nativeHeap=1.5GB nativeHeapFree=81.8MB nativeHeapSize=1.6GB
  pssTotal=995.1MB privateDirty=21.3MB sharedDirty=51.8MB nativePss=14.5MB dalvikPss=2.9MB otherPss=12.6MB
  systemAvail=15.6GB systemThreshold=216.0MB lowMemory=false trimLevel=0 importance=125 fdCount=157
  procStatus VmRSS=185948 kB VmHWM=6251196 kB VmSize=18960872 kB VmSwap=990044 kB Threads=32 FDSize=512
2026-05-30 15:53:51.429 pid=1540 [runtime-memory] After model load cleanup model=Qwen3.5-2B-UD-Q8_K_XL.gguf
  javaUsed=3.6MB javaTotal=11.5MB javaMax=256.0MB nativeHeap=1.5GB nativeHeapFree=81.8MB nativeHeapSize=1.6GB
  pssTotal=994.6MB privateDirty=20.8MB sharedDirty=51.8MB nativePss=14.6MB dalvikPss=2.4MB otherPss=12.6MB
  systemAvail=15.6GB systemThreshold=216.0MB lowMemory=false trimLevel=0 importance=125 fdCount=157
  procStatus VmRSS=185484 kB VmHWM=6251196 kB VmSize=18960872 kB VmSwap=990044 kB Threads=32 FDSize=512
2026-05-30 15:53:55.059 pid=1540 [model-load-complete] config=Qwen3.5 2B model=Qwen3.5-2B-UD-Q8_K_XL.gguf mmproj=(none)
  javaUsed=3.7MB javaTotal=11.5MB javaMax=256.0MB nativeHeap=4.5GB nativeHeapFree=40.6MB nativeHeapSize=4.6GB
  pssTotal=3.8GB privateDirty=2.8GB sharedDirty=51.8MB nativePss=2.8GB dalvikPss=2.4MB otherPss=12.6MB
  systemAvail=12.8GB systemThreshold=216.0MB lowMemory=false trimLevel=0 importance=125 fdCount=157
  procStatus VmRSS=3129680 kB VmHWM=6251196 kB VmSize=21987100 kB VmSwap=990044 kB Threads=32 FDSize=512
2026-05-30 15:53:55.155 pid=1540 [generation-start] id=12 config=Qwen3.5 2B model=Qwen3.5-2B-UD-Q8_K_XL.gguf promptLen=1051 mediaCount=0
  javaUsed=3.9MB javaTotal=11.5MB javaMax=256.0MB nativeHeap=4.5GB nativeHeapFree=40.6MB nativeHeapSize=4.6GB
  pssTotal=3.8GB privateDirty=2.8GB sharedDirty=51.8MB nativePss=2.8GB dalvikPss=2.6MB otherPss=12.6MB
  systemAvail=12.8GB systemThreshold=216.0MB lowMemory=false trimLevel=0 importance=125 fdCount=157
  procStatus VmRSS=3129936 kB VmHWM=6251196 kB VmSize=21987100 kB VmSwap=990044 kB Threads=32 FDSize=512
2026-05-30 15:53:55.250 pid=1540 [generation-stage] id=12 stage=native-call-start
2026-05-30 15:54:35.597 pid=1540 [generation-stage] id=12 stage=native-call-end resultLen=131
2026-05-30 15:54:35.598 pid=1540 [generation-end] id=12 resultLen=131
  javaUsed=4.1MB javaTotal=11.5MB javaMax=256.0MB nativeHeap=4.5GB nativeHeapFree=40.5MB nativeHeapSize=4.6GB
  pssTotal=3.8GB privateDirty=2.8GB sharedDirty=51.8MB nativePss=2.8GB dalvikPss=2.8MB otherPss=12.6MB
  systemAvail=12.8GB systemThreshold=216.0MB lowMemory=false trimLevel=0 importance=125 fdCount=157
  procStatus VmRSS=3124820 kB VmHWM=6251196 kB VmSize=21987100 kB VmSwap=990044 kB Threads=32 FDSize=512
2026-05-30 15:54:36.175 pid=1540 [model-load] Loading configuration: Qwen3.5 2B MTP
2026-05-30 15:54:36.713 pid=1540 [runtime-memory] Before model load model=Qwen3.5-2B-Q8_0.gguf
  javaUsed=3.6MB javaTotal=11.5MB javaMax=256.0MB nativeHeap=1.5GB nativeHeapFree=81.8MB nativeHeapSize=1.6GB
  pssTotal=994.6MB privateDirty=20.7MB sharedDirty=51.8MB nativePss=14.5MB dalvikPss=2.4MB otherPss=12.6MB
  systemAvail=15.6GB systemThreshold=216.0MB lowMemory=false trimLevel=0 importance=125 fdCount=157
  procStatus VmRSS=185600 kB VmHWM=6251196 kB VmSize=18960872 kB VmSwap=990044 kB Threads=32 FDSize=512
2026-05-30 15:54:36.799 pid=1540 [runtime-memory] After model load cleanup model=Qwen3.5-2B-Q8_0.gguf
  javaUsed=3.6MB javaTotal=11.5MB javaMax=256.0MB nativeHeap=1.5GB nativeHeapFree=81.8MB nativeHeapSize=1.6GB
  pssTotal=994.6MB privateDirty=20.8MB sharedDirty=51.8MB nativePss=14.6MB dalvikPss=2.4MB otherPss=12.6MB
  systemAvail=15.6GB systemThreshold=216.0MB lowMemory=false trimLevel=0 importance=125 fdCount=157
  procStatus VmRSS=185828 kB VmHWM=6251196 kB VmSize=18960872 kB VmSwap=990044 kB Threads=32 FDSize=512
2026-05-30 15:54:39.987 pid=1540 [model-load-complete] config=Qwen3.5 2B MTP model=Qwen3.5-2B-Q8_0.gguf mmproj=(none)
  javaUsed=3.7MB javaTotal=11.5MB javaMax=256.0MB nativeHeap=3.8GB nativeHeapFree=40.6MB nativeHeapSize=3.8GB
  pssTotal=3.0GB privateDirty=2.1GB sharedDirty=51.8MB nativePss=2.1GB dalvikPss=2.4MB otherPss=12.6MB
  systemAvail=13.6GB systemThreshold=216.0MB lowMemory=false trimLevel=0 importance=125 fdCount=157
  procStatus VmRSS=2332304 kB VmHWM=6251196 kB VmSize=21189796 kB VmSwap=990044 kB Threads=32 FDSize=512
2026-05-30 15:54:40.076 pid=1540 [generation-start] id=13 config=Qwen3.5 2B MTP model=Qwen3.5-2B-Q8_0.gguf promptLen=1042 mediaCount=0
  javaUsed=3.9MB javaTotal=11.5MB javaMax=256.0MB nativeHeap=3.8GB nativeHeapFree=40.6MB nativeHeapSize=3.8GB
  pssTotal=3.0GB privateDirty=2.1GB sharedDirty=51.8MB nativePss=2.1GB dalvikPss=2.6MB otherPss=12.6MB
  systemAvail=13.6GB systemThreshold=216.0MB lowMemory=false trimLevel=0 importance=125 fdCount=157
  procStatus VmRSS=2332560 kB VmHWM=6251196 kB VmSize=21189796 kB VmSwap=990044 kB Threads=32 FDSize=512
2026-05-30 15:54:40.149 pid=1540 [generation-stage] id=13 stage=native-call-start
2026-05-30 15:55:17.242 pid=1540 [generation-stage] id=13 stage=native-call-end resultLen=101
2026-05-30 15:55:17.243 pid=1540 [generation-end] id=13 resultLen=101
  javaUsed=4.1MB javaTotal=11.5MB javaMax=256.0MB nativeHeap=3.8GB nativeHeapFree=40.5MB nativeHeapSize=3.8GB
  pssTotal=3.0GB privateDirty=2.1GB sharedDirty=51.8MB nativePss=2.1GB dalvikPss=2.7MB otherPss=12.6MB
  systemAvail=13.7GB systemThreshold=216.0MB lowMemory=false trimLevel=0 importance=125 fdCount=157
  procStatus VmRSS=2327440 kB VmHWM=6251196 kB VmSize=21189796 kB VmSwap=990044 kB Threads=32 FDSize=512
2026-05-30 15:55:17.812 pid=1540 [model-load] Loading configuration: Qwen3.5 2B
2026-05-30 15:55:18.231 pid=1540 [runtime-memory] Before model load model=Qwen3.5-2B-UD-Q8_K_XL.gguf
  javaUsed=4.4MB javaTotal=11.5MB javaMax=256.0MB nativeHeap=1.5GB nativeHeapFree=81.8MB nativeHeapSize=1.6GB
  pssTotal=995.2MB privateDirty=21.3MB sharedDirty=51.8MB nativePss=14.5MB dalvikPss=2.9MB otherPss=12.6MB
  systemAvail=15.7GB systemThreshold=216.0MB lowMemory=false trimLevel=0 importance=125 fdCount=157
  procStatus VmRSS=186040 kB VmHWM=6251196 kB VmSize=18960872 kB VmSwap=990044 kB Threads=32 FDSize=512
2026-05-30 15:55:18.320 pid=1540 [runtime-memory] After model load cleanup model=Qwen3.5-2B-UD-Q8_K_XL.gguf
  javaUsed=3.6MB javaTotal=11.5MB javaMax=256.0MB nativeHeap=1.5GB nativeHeapFree=81.8MB nativeHeapSize=1.6GB
  pssTotal=994.7MB privateDirty=20.8MB sharedDirty=51.8MB nativePss=14.6MB dalvikPss=2.4MB otherPss=12.6MB
  systemAvail=15.7GB systemThreshold=216.0MB lowMemory=false trimLevel=0 importance=125 fdCount=157
  procStatus VmRSS=185740 kB VmHWM=6251196 kB VmSize=18960872 kB VmSwap=990044 kB Threads=32 FDSize=512
2026-05-30 15:55:23.056 pid=1540 [model-load-complete] config=Qwen3.5 2B model=Qwen3.5-2B-UD-Q8_K_XL.gguf mmproj=(none)
  javaUsed=3.7MB javaTotal=11.5MB javaMax=256.0MB nativeHeap=4.5GB nativeHeapFree=40.6MB nativeHeapSize=4.6GB
  pssTotal=3.8GB privateDirty=2.8GB sharedDirty=51.8MB nativePss=2.8GB dalvikPss=2.4MB otherPss=12.6MB
  systemAvail=12.9GB systemThreshold=216.0MB lowMemory=false trimLevel=0 importance=125 fdCount=157
  procStatus VmRSS=3129552 kB VmHWM=6251196 kB VmSize=21987100 kB VmSwap=990044 kB Threads=32 FDSize=512
2026-05-30 15:55:23.142 pid=1540 [generation-start] id=14 config=Qwen3.5 2B model=Qwen3.5-2B-UD-Q8_K_XL.gguf promptLen=1051 mediaCount=0
  javaUsed=3.9MB javaTotal=11.5MB javaMax=256.0MB nativeHeap=4.5GB nativeHeapFree=40.6MB nativeHeapSize=4.6GB
  pssTotal=3.8GB privateDirty=2.8GB sharedDirty=51.8MB nativePss=2.8GB dalvikPss=2.6MB otherPss=12.6MB
  systemAvail=12.9GB systemThreshold=216.0MB lowMemory=false trimLevel=0 importance=125 fdCount=157
  procStatus VmRSS=3129808 kB VmHWM=6251196 kB VmSize=21987100 kB VmSwap=990044 kB Threads=32 FDSize=512
2026-05-30 15:55:23.222 pid=1540 [generation-stage] id=14 stage=native-call-start
2026-05-30 15:56:01.941 pid=1540 [generation-stage] id=14 stage=native-call-end resultLen=51
2026-05-30 15:56:01.941 pid=1540 [generation-end] id=14 resultLen=51
  javaUsed=4.1MB javaTotal=11.5MB javaMax=256.0MB nativeHeap=4.5GB nativeHeapFree=40.5MB nativeHeapSize=4.6GB
  pssTotal=3.8GB privateDirty=2.8GB sharedDirty=51.8MB nativePss=2.8GB dalvikPss=2.8MB otherPss=12.5MB
  systemAvail=12.8GB systemThreshold=216.0MB lowMemory=false trimLevel=0 importance=125 fdCount=157
  procStatus VmRSS=3124784 kB VmHWM=6251196 kB VmSize=21987100 kB VmSwap=990044 kB Threads=32 FDSize=512
2026-05-30 15:56:02.521 pid=1540 [model-load] Loading configuration: Qwen3.5 2B MTP
2026-05-30 15:56:03.038 pid=1540 [runtime-memory] Before model load model=Qwen3.5-2B-Q8_0.gguf
  javaUsed=4.3MB javaTotal=11.5MB javaMax=256.0MB nativeHeap=1.5GB nativeHeapFree=81.8MB nativeHeapSize=1.6GB
  pssTotal=995.2MB privateDirty=21.3MB sharedDirty=51.8MB nativePss=14.6MB dalvikPss=2.9MB otherPss=12.5MB
  systemAvail=15.6GB systemThreshold=216.0MB lowMemory=false trimLevel=0 importance=125 fdCount=157
  procStatus VmRSS=186056 kB VmHWM=6251196 kB VmSize=18960872 kB VmSwap=990044 kB Threads=32 FDSize=512
2026-05-30 15:56:03.128 pid=1540 [runtime-memory] After model load cleanup model=Qwen3.5-2B-Q8_0.gguf
  javaUsed=3.6MB javaTotal=11.5MB javaMax=256.0MB nativeHeap=1.5GB nativeHeapFree=81.8MB nativeHeapSize=1.6GB
  pssTotal=994.7MB privateDirty=20.8MB sharedDirty=51.8MB nativePss=14.6MB dalvikPss=2.4MB otherPss=12.6MB
  systemAvail=15.6GB systemThreshold=216.0MB lowMemory=false trimLevel=0 importance=125 fdCount=157
  procStatus VmRSS=185596 kB VmHWM=6251196 kB VmSize=18960872 kB VmSwap=990044 kB Threads=32 FDSize=512
2026-05-30 15:56:06.742 pid=1540 [model-load-complete] config=Qwen3.5 2B MTP model=Qwen3.5-2B-Q8_0.gguf mmproj=(none)
  javaUsed=3.7MB javaTotal=11.5MB javaMax=256.0MB nativeHeap=3.8GB nativeHeapFree=40.6MB nativeHeapSize=3.8GB
  pssTotal=3.0GB privateDirty=2.1GB sharedDirty=51.8MB nativePss=2.1GB dalvikPss=2.4MB otherPss=12.6MB
  systemAvail=13.7GB systemThreshold=216.0MB lowMemory=false trimLevel=0 importance=125 fdCount=157
  procStatus VmRSS=2332320 kB VmHWM=6251196 kB VmSize=21189796 kB VmSwap=990044 kB Threads=32 FDSize=512
2026-05-30 15:56:06.840 pid=1540 [generation-start] id=15 config=Qwen3.5 2B MTP model=Qwen3.5-2B-Q8_0.gguf promptLen=1060 mediaCount=0
  javaUsed=3.7MB javaTotal=11.5MB javaMax=256.0MB nativeHeap=3.8GB nativeHeapFree=40.6MB nativeHeapSize=3.8GB
  pssTotal=3.0GB privateDirty=2.1GB sharedDirty=51.8MB nativePss=2.1GB dalvikPss=2.5MB otherPss=12.6MB
  systemAvail=13.7GB systemThreshold=216.0MB lowMemory=false trimLevel=0 importance=125 fdCount=157
  procStatus VmRSS=2332472 kB VmHWM=6251196 kB VmSize=21189796 kB VmSwap=990044 kB Threads=32 FDSize=512
2026-05-30 15:56:06.915 pid=1540 [generation-stage] id=15 stage=native-call-start
2026-05-30 15:56:39.855 pid=1540 [generation-stage] id=15 stage=native-call-end resultLen=54
2026-05-30 15:56:39.856 pid=1540 [generation-end] id=15 resultLen=54
  javaUsed=3.9MB javaTotal=11.5MB javaMax=256.0MB nativeHeap=3.8GB nativeHeapFree=40.5MB nativeHeapSize=3.8GB
  pssTotal=3.0GB privateDirty=2.1GB sharedDirty=51.8MB nativePss=2.1GB dalvikPss=2.6MB otherPss=12.6MB
  systemAvail=13.5GB systemThreshold=216.0MB lowMemory=false trimLevel=0 importance=125 fdCount=157
  procStatus VmRSS=2327064 kB VmHWM=6251196 kB VmSize=21189796 kB VmSwap=990044 kB Threads=32 FDSize=512
2026-05-30 15:56:40.418 pid=1540 [model-load] Loading configuration: Qwen3.5 2B
2026-05-30 15:56:40.757 pid=1540 [runtime-memory] Before model load model=Qwen3.5-2B-UD-Q8_K_XL.gguf
  javaUsed=4.2MB javaTotal=11.5MB javaMax=256.0MB nativeHeap=1.5GB nativeHeapFree=81.8MB nativeHeapSize=1.6GB
  pssTotal=995.0MB privateDirty=21.2MB sharedDirty=51.8MB nativePss=14.5MB dalvikPss=2.8MB otherPss=12.6MB
  systemAvail=15.6GB systemThreshold=216.0MB lowMemory=false trimLevel=0 importance=125 fdCount=157
  procStatus VmRSS=185776 kB VmHWM=6251196 kB VmSize=18960872 kB VmSwap=990044 kB Threads=32 FDSize=512
2026-05-30 15:56:40.805 pid=1540 [runtime-memory] After model load cleanup model=Qwen3.5-2B-UD-Q8_K_XL.gguf
  javaUsed=3.6MB javaTotal=11.5MB javaMax=256.0MB nativeHeap=1.5GB nativeHeapFree=81.8MB nativeHeapSize=1.6GB
  pssTotal=994.6MB privateDirty=20.8MB sharedDirty=51.8MB nativePss=14.6MB dalvikPss=2.4MB otherPss=12.6MB
  systemAvail=15.6GB systemThreshold=216.0MB lowMemory=false trimLevel=0 importance=125 fdCount=157
  procStatus VmRSS=185468 kB VmHWM=6251196 kB VmSize=18960872 kB VmSwap=990044 kB Threads=32 FDSize=512
2026-05-30 15:56:44.283 pid=1540 [model-load-complete] config=Qwen3.5 2B model=Qwen3.5-2B-UD-Q8_K_XL.gguf mmproj=(none)
  javaUsed=3.7MB javaTotal=11.5MB javaMax=256.0MB nativeHeap=4.5GB nativeHeapFree=40.6MB nativeHeapSize=4.6GB
  pssTotal=3.8GB privateDirty=2.8GB sharedDirty=51.8MB nativePss=2.8GB dalvikPss=2.4MB otherPss=12.6MB
  systemAvail=12.8GB systemThreshold=216.0MB lowMemory=false trimLevel=0 importance=125 fdCount=157
  procStatus VmRSS=3129712 kB VmHWM=6251196 kB VmSize=21987100 kB VmSwap=990044 kB Threads=32 FDSize=512
2026-05-30 15:56:44.392 pid=1540 [generation-start] id=16 config=Qwen3.5 2B model=Qwen3.5-2B-UD-Q8_K_XL.gguf promptLen=1051 mediaCount=0
  javaUsed=3.9MB javaTotal=11.5MB javaMax=256.0MB nativeHeap=4.5GB nativeHeapFree=40.6MB nativeHeapSize=4.6GB
  pssTotal=3.8GB privateDirty=2.8GB sharedDirty=51.8MB nativePss=2.8GB dalvikPss=2.6MB otherPss=12.6MB
  systemAvail=12.8GB systemThreshold=216.0MB lowMemory=false trimLevel=0 importance=125 fdCount=157
  procStatus VmRSS=3129840 kB VmHWM=6251196 kB VmSize=21987100 kB VmSwap=990044 kB Threads=32 FDSize=512
2026-05-30 15:56:44.477 pid=1540 [generation-stage] id=16 stage=native-call-start
2026-05-30 15:57:37.744 pid=1540 [generation-stage] id=16 stage=native-call-end resultLen=163
2026-05-30 15:57:37.745 pid=1540 [generation-end] id=16 resultLen=163
  javaUsed=4.1MB javaTotal=11.5MB javaMax=256.0MB nativeHeap=4.5GB nativeHeapFree=40.5MB nativeHeapSize=4.6GB
  pssTotal=3.8GB privateDirty=2.8GB sharedDirty=51.8MB nativePss=2.8GB dalvikPss=2.7MB otherPss=12.6MB
  systemAvail=12.9GB systemThreshold=216.0MB lowMemory=false trimLevel=0 importance=125 fdCount=157
  procStatus VmRSS=3124872 kB VmHWM=6251196 kB VmSize=21987100 kB VmSwap=990044 kB Threads=32 FDSize=512
2026-05-30 15:57:38.441 pid=1540 [model-load] Loading configuration: Qwen3.5 2B MTP
2026-05-30 15:57:38.963 pid=1540 [runtime-memory] Before model load model=Qwen3.5-2B-Q8_0.gguf
  javaUsed=4.4MB javaTotal=11.5MB javaMax=256.0MB nativeHeap=1.5GB nativeHeapFree=81.8MB nativeHeapSize=1.6GB
  pssTotal=995.2MB privateDirty=21.3MB sharedDirty=51.8MB nativePss=14.6MB dalvikPss=2.9MB otherPss=12.6MB
  systemAvail=15.6GB systemThreshold=216.0MB lowMemory=false trimLevel=0 importance=125 fdCount=157
  procStatus VmRSS=186040 kB VmHWM=6251196 kB VmSize=18960872 kB VmSwap=990044 kB Threads=32 FDSize=512
2026-05-30 15:57:39.039 pid=1540 [runtime-memory] After model load cleanup model=Qwen3.5-2B-Q8_0.gguf
  javaUsed=3.6MB javaTotal=11.5MB javaMax=256.0MB nativeHeap=1.5GB nativeHeapFree=81.8MB nativeHeapSize=1.6GB
  pssTotal=994.6MB privateDirty=20.8MB sharedDirty=51.8MB nativePss=14.6MB dalvikPss=2.4MB otherPss=12.6MB
  systemAvail=15.6GB systemThreshold=216.0MB lowMemory=false trimLevel=0 importance=125 fdCount=157
  procStatus VmRSS=185528 kB VmHWM=6251196 kB VmSize=18960872 kB VmSwap=990044 kB Threads=32 FDSize=512
2026-05-30 15:57:41.983 pid=1540 [model-load-complete] config=Qwen3.5 2B MTP model=Qwen3.5-2B-Q8_0.gguf mmproj=(none)
  javaUsed=3.7MB javaTotal=11.5MB javaMax=256.0MB nativeHeap=3.8GB nativeHeapFree=40.6MB nativeHeapSize=3.8GB
  pssTotal=3.0GB privateDirty=2.1GB sharedDirty=51.8MB nativePss=2.1GB dalvikPss=2.4MB otherPss=12.6MB
  systemAvail=13.6GB systemThreshold=216.0MB lowMemory=false trimLevel=0 importance=125 fdCount=157
  procStatus VmRSS=2332320 kB VmHWM=6251196 kB VmSize=21189796 kB VmSwap=990044 kB Threads=32 FDSize=512
2026-05-30 15:57:42.059 pid=1540 [generation-start] id=17 config=Qwen3.5 2B MTP model=Qwen3.5-2B-Q8_0.gguf promptLen=1051 mediaCount=0
  javaUsed=3.9MB javaTotal=11.5MB javaMax=256.0MB nativeHeap=3.8GB nativeHeapFree=40.6MB nativeHeapSize=3.8GB
  pssTotal=3.0GB privateDirty=2.1GB sharedDirty=51.8MB nativePss=2.1GB dalvikPss=2.6MB otherPss=12.6MB
  systemAvail=13.6GB systemThreshold=216.0MB lowMemory=false trimLevel=0 importance=125 fdCount=157
  procStatus VmRSS=2332448 kB VmHWM=6251196 kB VmSize=21189796 kB VmSwap=990044 kB Threads=32 FDSize=512
2026-05-30 15:57:42.141 pid=1540 [generation-stage] id=17 stage=native-call-start
2026-05-30 15:58:15.546 pid=1540 [generation-stage] id=17 stage=native-call-end resultLen=63
2026-05-30 15:58:15.561 pid=1540 [generation-end] id=17 resultLen=63
  javaUsed=3.6MB javaTotal=11.5MB javaMax=256.0MB nativeHeap=3.8GB nativeHeapFree=40.5MB nativeHeapSize=3.8GB
  pssTotal=3.0GB privateDirty=2.1GB sharedDirty=51.8MB nativePss=2.1GB dalvikPss=2.4MB otherPss=12.6MB
  systemAvail=13.5GB systemThreshold=216.0MB lowMemory=false trimLevel=0 importance=125 fdCount=157
  procStatus VmRSS=2326900 kB VmHWM=6251196 kB VmSize=21189796 kB VmSwap=990044 kB Threads=32 FDSize=512
2026-05-30 15:58:16.254 pid=1540 [model-load] Loading configuration: Qwen3.5 2B
2026-05-30 15:58:16.668 pid=1540 [runtime-memory] Before model load model=Qwen3.5-2B-UD-Q8_K_XL.gguf
  javaUsed=3.9MB javaTotal=11.5MB javaMax=256.0MB nativeHeap=1.5GB nativeHeapFree=81.8MB nativeHeapSize=1.6GB
  pssTotal=994.8MB privateDirty=21.0MB sharedDirty=51.8MB nativePss=14.6MB dalvikPss=2.6MB otherPss=12.6MB
  systemAvail=15.6GB systemThreshold=216.0MB lowMemory=false trimLevel=0 importance=125 fdCount=157
  procStatus VmRSS=185652 kB VmHWM=6251196 kB VmSize=18960872 kB VmSwap=990044 kB Threads=32 FDSize=512
2026-05-30 15:58:16.751 pid=1540 [runtime-memory] After model load cleanup model=Qwen3.5-2B-UD-Q8_K_XL.gguf
  javaUsed=3.6MB javaTotal=11.5MB javaMax=256.0MB nativeHeap=1.5GB nativeHeapFree=81.8MB nativeHeapSize=1.6GB
  pssTotal=994.7MB privateDirty=20.8MB sharedDirty=51.8MB nativePss=14.6MB dalvikPss=2.4MB otherPss=12.6MB
  systemAvail=15.6GB systemThreshold=216.0MB lowMemory=false trimLevel=0 importance=125 fdCount=157
  procStatus VmRSS=185536 kB VmHWM=6251196 kB VmSize=18960872 kB VmSwap=990044 kB Threads=32 FDSize=512
2026-05-30 15:58:20.457 pid=1540 [model-load-complete] config=Qwen3.5 2B model=Qwen3.5-2B-UD-Q8_K_XL.gguf mmproj=(none)
  javaUsed=3.7MB javaTotal=11.5MB javaMax=256.0MB nativeHeap=4.5GB nativeHeapFree=40.6MB nativeHeapSize=4.6GB
  pssTotal=3.8GB privateDirty=2.8GB sharedDirty=51.8MB nativePss=2.8GB dalvikPss=2.4MB otherPss=12.6MB
  systemAvail=12.8GB systemThreshold=216.0MB lowMemory=false trimLevel=0 importance=125 fdCount=157
  procStatus VmRSS=3129552 kB VmHWM=6251196 kB VmSize=21987100 kB VmSwap=990044 kB Threads=32 FDSize=512
2026-05-30 15:58:20.552 pid=1540 [generation-start] id=18 config=Qwen3.5 2B model=Qwen3.5-2B-UD-Q8_K_XL.gguf promptLen=1060 mediaCount=0
  javaUsed=3.9MB javaTotal=11.5MB javaMax=256.0MB nativeHeap=4.5GB nativeHeapFree=40.6MB nativeHeapSize=4.6GB
  pssTotal=3.8GB privateDirty=2.8GB sharedDirty=51.8MB nativePss=2.8GB dalvikPss=2.6MB otherPss=12.6MB
  systemAvail=12.8GB systemThreshold=216.0MB lowMemory=false trimLevel=0 importance=125 fdCount=157
  procStatus VmRSS=3129680 kB VmHWM=6251196 kB VmSize=21987100 kB VmSwap=990044 kB Threads=32 FDSize=512
2026-05-30 15:58:20.646 pid=1540 [generation-stage] id=18 stage=native-call-start
2026-05-30 15:59:09.089 pid=1540 [generation-stage] id=18 stage=native-call-end resultLen=112
2026-05-30 15:59:09.090 pid=1540 [generation-end] id=18 resultLen=112
  javaUsed=4.1MB javaTotal=11.5MB javaMax=256.0MB nativeHeap=4.5GB nativeHeapFree=40.5MB nativeHeapSize=4.6GB
  pssTotal=3.8GB privateDirty=2.8GB sharedDirty=51.8MB nativePss=2.8GB dalvikPss=2.8MB otherPss=12.6MB
  systemAvail=12.9GB systemThreshold=216.0MB lowMemory=false trimLevel=0 importance=125 fdCount=157
  procStatus VmRSS=3124548 kB VmHWM=6251196 kB VmSize=21987100 kB VmSwap=990044 kB Threads=32 FDSize=512
2026-05-30 15:59:09.688 pid=1540 [model-load] Loading configuration: Qwen3.5 2B MTP
2026-05-30 15:59:10.207 pid=1540 [runtime-memory] Before model load model=Qwen3.5-2B-Q8_0.gguf
  javaUsed=4.4MB javaTotal=11.5MB javaMax=256.0MB nativeHeap=1.5GB nativeHeapFree=81.8MB nativeHeapSize=1.6GB
  pssTotal=995.2MB privateDirty=21.4MB sharedDirty=51.8MB nativePss=14.6MB dalvikPss=2.9MB otherPss=12.6MB
  systemAvail=15.7GB systemThreshold=216.0MB lowMemory=false trimLevel=0 importance=125 fdCount=157
  procStatus VmRSS=185836 kB VmHWM=6251196 kB VmSize=18960872 kB VmSwap=990044 kB Threads=32 FDSize=512
2026-05-30 15:59:10.293 pid=1540 [runtime-memory] After model load cleanup model=Qwen3.5-2B-Q8_0.gguf
  javaUsed=3.6MB javaTotal=11.5MB javaMax=256.0MB nativeHeap=1.5GB nativeHeapFree=81.8MB nativeHeapSize=1.6GB
  pssTotal=994.7MB privateDirty=20.9MB sharedDirty=51.8MB nativePss=14.7MB dalvikPss=2.4MB otherPss=12.6MB
  systemAvail=15.7GB systemThreshold=216.0MB lowMemory=false trimLevel=0 importance=125 fdCount=157
  procStatus VmRSS=185228 kB VmHWM=6251196 kB VmSize=18960872 kB VmSwap=990044 kB Threads=32 FDSize=512
2026-05-30 15:59:13.022 pid=1540 [model-load-complete] config=Qwen3.5 2B MTP model=Qwen3.5-2B-Q8_0.gguf mmproj=(none)
  javaUsed=3.7MB javaTotal=11.5MB javaMax=256.0MB nativeHeap=3.8GB nativeHeapFree=40.6MB nativeHeapSize=3.8GB
  pssTotal=3.0GB privateDirty=2.1GB sharedDirty=51.8MB nativePss=2.1GB dalvikPss=2.4MB otherPss=12.6MB
  systemAvail=13.6GB systemThreshold=216.0MB lowMemory=false trimLevel=0 importance=125 fdCount=157
  procStatus VmRSS=2332152 kB VmHWM=6251196 kB VmSize=21189796 kB VmSwap=990044 kB Threads=32 FDSize=512
2026-05-30 15:59:13.120 pid=1540 [generation-start] id=19 config=Qwen3.5 2B MTP model=Qwen3.5-2B-Q8_0.gguf promptLen=1057 mediaCount=0
  javaUsed=3.7MB javaTotal=11.5MB javaMax=256.0MB nativeHeap=3.8GB nativeHeapFree=40.6MB nativeHeapSize=3.8GB
  pssTotal=3.0GB privateDirty=2.1GB sharedDirty=51.8MB nativePss=2.1GB dalvikPss=2.4MB otherPss=12.6MB
  systemAvail=13.6GB systemThreshold=216.0MB lowMemory=false trimLevel=0 importance=125 fdCount=157
  procStatus VmRSS=2332268 kB VmHWM=6251196 kB VmSize=21189796 kB VmSwap=990044 kB Threads=32 FDSize=512
2026-05-30 15:59:13.205 pid=1540 [generation-stage] id=19 stage=native-call-start
2026-05-30 15:59:50.893 pid=1540 [generation-stage] id=19 stage=native-call-end resultLen=114
2026-05-30 15:59:50.894 pid=1540 [generation-end] id=19 resultLen=114
  javaUsed=3.9MB javaTotal=11.5MB javaMax=256.0MB nativeHeap=3.8GB nativeHeapFree=40.5MB nativeHeapSize=3.8GB
  pssTotal=3.0GB privateDirty=2.1GB sharedDirty=51.8MB nativePss=2.1GB dalvikPss=2.6MB otherPss=12.6MB
  systemAvail=13.7GB systemThreshold=216.0MB lowMemory=false trimLevel=0 importance=125 fdCount=157
  procStatus VmRSS=2327280 kB VmHWM=6251196 kB VmSize=21189796 kB VmSwap=990044 kB Threads=32 FDSize=512
2026-05-30 15:59:51.473 pid=1540 [model-load] Loading configuration: Qwen3.5 2B
2026-05-30 15:59:51.886 pid=1540 [runtime-memory] Before model load model=Qwen3.5-2B-UD-Q8_K_XL.gguf
  javaUsed=4.1MB javaTotal=11.5MB javaMax=256.0MB nativeHeap=1.5GB nativeHeapFree=81.8MB nativeHeapSize=1.6GB
  pssTotal=995.0MB privateDirty=21.2MB sharedDirty=51.8MB nativePss=14.6MB dalvikPss=2.7MB otherPss=12.6MB
  systemAvail=15.7GB systemThreshold=216.0MB lowMemory=false trimLevel=0 importance=125 fdCount=157
  procStatus VmRSS=185712 kB VmHWM=6251196 kB VmSize=18960872 kB VmSwap=990044 kB Threads=32 FDSize=512
2026-05-30 15:59:51.976 pid=1540 [runtime-memory] After model load cleanup model=Qwen3.5-2B-UD-Q8_K_XL.gguf
  javaUsed=3.6MB javaTotal=11.5MB javaMax=256.0MB nativeHeap=1.5GB nativeHeapFree=81.8MB nativeHeapSize=1.6GB
  pssTotal=996.7MB privateDirty=22.8MB sharedDirty=51.8MB nativePss=14.6MB dalvikPss=4.4MB otherPss=12.6MB
  systemAvail=15.7GB systemThreshold=216.0MB lowMemory=false trimLevel=0 importance=125 fdCount=157
  procStatus VmRSS=187452 kB VmHWM=6251196 kB VmSize=18960872 kB VmSwap=990044 kB Threads=32 FDSize=512
2026-05-30 15:59:56.634 pid=1540 [model-load-complete] config=Qwen3.5 2B model=Qwen3.5-2B-UD-Q8_K_XL.gguf mmproj=(none)
  javaUsed=3.7MB javaTotal=11.5MB javaMax=256.0MB nativeHeap=4.5GB nativeHeapFree=40.6MB nativeHeapSize=4.6GB
  pssTotal=3.8GB privateDirty=2.8GB sharedDirty=51.8MB nativePss=2.8GB dalvikPss=4.4MB otherPss=12.6MB
  systemAvail=12.9GB systemThreshold=216.0MB lowMemory=false trimLevel=0 importance=125 fdCount=157
  procStatus VmRSS=3131628 kB VmHWM=6251196 kB VmSize=21987100 kB VmSwap=990044 kB Threads=32 FDSize=512
2026-05-30 15:59:56.728 pid=1540 [generation-start] id=20 config=Qwen3.5 2B model=Qwen3.5-2B-UD-Q8_K_XL.gguf promptLen=1054 mediaCount=0
  javaUsed=3.9MB javaTotal=11.5MB javaMax=256.0MB nativeHeap=4.5GB nativeHeapFree=40.6MB nativeHeapSize=4.6GB
  pssTotal=3.8GB privateDirty=2.8GB sharedDirty=51.8MB nativePss=2.8GB dalvikPss=4.4MB otherPss=12.6MB
  systemAvail=12.9GB systemThreshold=216.0MB lowMemory=false trimLevel=0 importance=125 fdCount=157
  procStatus VmRSS=3131756 kB VmHWM=6251196 kB VmSize=21987100 kB VmSwap=990044 kB Threads=32 FDSize=512
2026-05-30 15:59:56.824 pid=1540 [generation-stage] id=20 stage=native-call-start
2026-05-30 16:00:38.226 pid=1540 [generation-stage] id=20 stage=native-call-end resultLen=102
2026-05-30 16:00:38.227 pid=1540 [generation-end] id=20 resultLen=102
  javaUsed=4.1MB javaTotal=11.5MB javaMax=256.0MB nativeHeap=4.5GB nativeHeapFree=40.5MB nativeHeapSize=4.6GB
  pssTotal=3.8GB privateDirty=2.8GB sharedDirty=51.8MB nativePss=2.8GB dalvikPss=4.5MB otherPss=12.6MB
  systemAvail=12.8GB systemThreshold=216.0MB lowMemory=false trimLevel=0 importance=125 fdCount=157
  procStatus VmRSS=3126616 kB VmHWM=6251196 kB VmSize=21987100 kB VmSwap=990044 kB Threads=32 FDSize=512
2026-05-30 16:00:38.942 pid=1540 [model-load] Loading configuration: Qwen3.5 2B MTP
2026-05-30 16:00:39.465 pid=1540 [runtime-memory] Before model load model=Qwen3.5-2B-Q8_0.gguf
  javaUsed=4.4MB javaTotal=11.5MB javaMax=256.0MB nativeHeap=1.5GB nativeHeapFree=81.8MB nativeHeapSize=1.6GB
  pssTotal=996.7MB privateDirty=22.9MB sharedDirty=51.8MB nativePss=14.6MB dalvikPss=4.5MB otherPss=12.6MB
  systemAvail=15.6GB systemThreshold=216.0MB lowMemory=false trimLevel=0 importance=125 fdCount=157
  procStatus VmRSS=187804 kB VmHWM=6251196 kB VmSize=18960872 kB VmSwap=990044 kB Threads=32 FDSize=512
2026-05-30 16:00:39.546 pid=1540 [runtime-memory] After model load cleanup model=Qwen3.5-2B-Q8_0.gguf
  javaUsed=3.6MB javaTotal=11.5MB javaMax=256.0MB nativeHeap=1.5GB nativeHeapFree=81.8MB nativeHeapSize=1.6GB
  pssTotal=994.7MB privateDirty=20.8MB sharedDirty=51.8MB nativePss=14.6MB dalvikPss=2.4MB otherPss=12.6MB
  systemAvail=15.6GB systemThreshold=216.0MB lowMemory=false trimLevel=0 importance=125 fdCount=157
  procStatus VmRSS=185768 kB VmHWM=6251196 kB VmSize=18960872 kB VmSwap=990044 kB Threads=32 FDSize=512
2026-05-30 16:00:43.568 pid=1540 [model-load-complete] config=Qwen3.5 2B MTP model=Qwen3.5-2B-Q8_0.gguf mmproj=(none)
  javaUsed=3.7MB javaTotal=11.5MB javaMax=256.0MB nativeHeap=3.8GB nativeHeapFree=40.6MB nativeHeapSize=3.8GB
  pssTotal=3.0GB privateDirty=2.1GB sharedDirty=51.8MB nativePss=2.1GB dalvikPss=2.4MB otherPss=12.6MB
  systemAvail=13.6GB systemThreshold=216.0MB lowMemory=false trimLevel=0 importance=125 fdCount=157
  procStatus VmRSS=2332348 kB VmHWM=6251196 kB VmSize=21189796 kB VmSwap=990044 kB Threads=32 FDSize=512
2026-05-30 16:00:43.674 pid=1540 [generation-start] id=21 config=Qwen3.5 2B MTP model=Qwen3.5-2B-Q8_0.gguf promptLen=1051 mediaCount=0
  javaUsed=3.9MB javaTotal=11.5MB javaMax=256.0MB nativeHeap=3.8GB nativeHeapFree=40.6MB nativeHeapSize=3.8GB
  pssTotal=3.0GB privateDirty=2.1GB sharedDirty=51.8MB nativePss=2.1GB dalvikPss=2.6MB otherPss=12.6MB
  systemAvail=13.6GB systemThreshold=216.0MB lowMemory=false trimLevel=0 importance=125 fdCount=157
  procStatus VmRSS=2332476 kB VmHWM=6251196 kB VmSize=21189796 kB VmSwap=990044 kB Threads=32 FDSize=512
2026-05-30 16:00:43.768 pid=1540 [generation-stage] id=21 stage=native-call-start
2026-05-30 16:01:20.476 pid=1540 [generation-stage] id=21 stage=native-call-end resultLen=80
2026-05-30 16:01:20.477 pid=1540 [generation-end] id=21 resultLen=80
  javaUsed=4.1MB javaTotal=11.5MB javaMax=256.0MB nativeHeap=3.8GB nativeHeapFree=40.5MB nativeHeapSize=3.8GB
  pssTotal=3.0GB privateDirty=2.1GB sharedDirty=51.8MB nativePss=2.1GB dalvikPss=2.7MB otherPss=12.5MB
  systemAvail=13.5GB systemThreshold=216.0MB lowMemory=false trimLevel=0 importance=125 fdCount=157
  procStatus VmRSS=2327284 kB VmHWM=6251196 kB VmSize=21189796 kB VmSwap=990044 kB Threads=32 FDSize=512
2026-05-30 16:01:21.030 pid=1540 [model-load] Loading configuration: Qwen3.5 2B
2026-05-30 16:01:21.325 pid=1540 [runtime-memory] Before model load model=Qwen3.5-2B-UD-Q8_K_XL.gguf
  javaUsed=4.4MB javaTotal=11.5MB javaMax=256.0MB nativeHeap=1.5GB nativeHeapFree=81.8MB nativeHeapSize=1.6GB
  pssTotal=995.1MB privateDirty=21.3MB sharedDirty=51.8MB nativePss=14.5MB dalvikPss=2.9MB otherPss=12.5MB
  systemAvail=15.6GB systemThreshold=216.0MB lowMemory=false trimLevel=0 importance=125 fdCount=157
  procStatus VmRSS=185780 kB VmHWM=6251196 kB VmSize=18960872 kB VmSwap=990044 kB Threads=32 FDSize=512
2026-05-30 16:01:21.375 pid=1540 [runtime-memory] After model load cleanup model=Qwen3.5-2B-UD-Q8_K_XL.gguf
  javaUsed=3.6MB javaTotal=11.5MB javaMax=256.0MB nativeHeap=1.5GB nativeHeapFree=81.8MB nativeHeapSize=1.6GB
  pssTotal=994.6MB privateDirty=20.8MB sharedDirty=51.8MB nativePss=14.6MB dalvikPss=2.4MB otherPss=12.5MB
  systemAvail=15.6GB systemThreshold=216.0MB lowMemory=false trimLevel=0 importance=125 fdCount=157
  procStatus VmRSS=185324 kB VmHWM=6251196 kB VmSize=18960872 kB VmSwap=990044 kB Threads=32 FDSize=512
2026-05-30 16:01:24.622 pid=1540 [model-load-complete] config=Qwen3.5 2B model=Qwen3.5-2B-UD-Q8_K_XL.gguf mmproj=(none)
  javaUsed=3.7MB javaTotal=11.5MB javaMax=256.0MB nativeHeap=4.5GB nativeHeapFree=40.6MB nativeHeapSize=4.6GB
  pssTotal=3.8GB privateDirty=2.8GB sharedDirty=51.8MB nativePss=2.8GB dalvikPss=2.4MB otherPss=12.5MB
  systemAvail=12.8GB systemThreshold=216.0MB lowMemory=false trimLevel=0 importance=125 fdCount=157
  procStatus VmRSS=3129544 kB VmHWM=6251196 kB VmSize=21987100 kB VmSwap=990044 kB Threads=32 FDSize=512
2026-05-30 16:01:24.744 pid=1540 [generation-start] id=22 config=Qwen3.5 2B model=Qwen3.5-2B-UD-Q8_K_XL.gguf promptLen=1063 mediaCount=0
  javaUsed=3.7MB javaTotal=11.5MB javaMax=256.0MB nativeHeap=4.5GB nativeHeapFree=40.6MB nativeHeapSize=4.6GB
  pssTotal=3.8GB privateDirty=2.8GB sharedDirty=51.8MB nativePss=2.8GB dalvikPss=2.4MB otherPss=12.5MB
  systemAvail=12.8GB systemThreshold=216.0MB lowMemory=false trimLevel=0 importance=125 fdCount=157
  procStatus VmRSS=3129728 kB VmHWM=6251196 kB VmSize=21987100 kB VmSwap=990044 kB Threads=32 FDSize=512
2026-05-30 16:01:24.834 pid=1540 [generation-stage] id=22 stage=native-call-start
2026-05-30 16:02:14.277 pid=1540 [generation-stage] id=22 stage=native-call-end resultLen=121
2026-05-30 16:02:14.278 pid=1540 [generation-end] id=22 resultLen=121
  javaUsed=3.9MB javaTotal=11.5MB javaMax=256.0MB nativeHeap=4.5GB nativeHeapFree=40.5MB nativeHeapSize=4.6GB
  pssTotal=3.8GB privateDirty=2.8GB sharedDirty=51.8MB nativePss=2.8GB dalvikPss=2.6MB otherPss=12.5MB
  systemAvail=12.8GB systemThreshold=216.0MB lowMemory=false trimLevel=0 importance=125 fdCount=157
  procStatus VmRSS=3124620 kB VmHWM=6251196 kB VmSize=21987100 kB VmSwap=990044 kB Threads=32 FDSize=512
2026-05-30 16:02:14.869 pid=1540 [model-load] Loading configuration: Qwen3.5 2B MTP
2026-05-30 16:02:15.387 pid=1540 [runtime-memory] Before model load model=Qwen3.5-2B-Q8_0.gguf
  javaUsed=4.1MB javaTotal=11.5MB javaMax=256.0MB nativeHeap=1.5GB nativeHeapFree=81.8MB nativeHeapSize=1.6GB
  pssTotal=994.9MB privateDirty=21.1MB sharedDirty=51.8MB nativePss=14.5MB dalvikPss=2.7MB otherPss=12.5MB
  systemAvail=15.6GB systemThreshold=216.0MB lowMemory=false trimLevel=0 importance=125 fdCount=157
  procStatus VmRSS=185904 kB VmHWM=6251196 kB VmSize=18960872 kB VmSwap=990044 kB Threads=32 FDSize=512
2026-05-30 16:02:15.477 pid=1540 [runtime-memory] After model load cleanup model=Qwen3.5-2B-Q8_0.gguf
  javaUsed=3.6MB javaTotal=11.5MB javaMax=256.0MB nativeHeap=1.5GB nativeHeapFree=81.8MB nativeHeapSize=1.6GB
  pssTotal=994.6MB privateDirty=20.8MB sharedDirty=51.8MB nativePss=14.6MB dalvikPss=2.4MB otherPss=12.5MB
  systemAvail=15.6GB systemThreshold=216.0MB lowMemory=false trimLevel=0 importance=125 fdCount=157
  procStatus VmRSS=185580 kB VmHWM=6251196 kB VmSize=18960872 kB VmSwap=990044 kB Threads=32 FDSize=512
2026-05-30 16:02:18.928 pid=1540 [model-load-complete] config=Qwen3.5 2B MTP model=Qwen3.5-2B-Q8_0.gguf mmproj=(none)
  javaUsed=3.7MB javaTotal=11.5MB javaMax=256.0MB nativeHeap=3.8GB nativeHeapFree=40.6MB nativeHeapSize=3.8GB
  pssTotal=3.0GB privateDirty=2.1GB sharedDirty=51.8MB nativePss=2.1GB dalvikPss=2.4MB otherPss=12.5MB
  systemAvail=13.5GB systemThreshold=216.0MB lowMemory=false trimLevel=0 importance=125 fdCount=157
  procStatus VmRSS=2332524 kB VmHWM=6251196 kB VmSize=21189796 kB VmSwap=990044 kB Threads=32 FDSize=512
2026-05-30 16:02:19.013 pid=1540 [generation-start] id=23 config=Qwen3.5 2B MTP model=Qwen3.5-2B-Q8_0.gguf promptLen=1054 mediaCount=0
  javaUsed=3.9MB javaTotal=11.5MB javaMax=256.0MB nativeHeap=3.8GB nativeHeapFree=40.6MB nativeHeapSize=3.8GB
  pssTotal=3.0GB privateDirty=2.1GB sharedDirty=51.8MB nativePss=2.1GB dalvikPss=2.6MB otherPss=12.5MB
  systemAvail=13.5GB systemThreshold=216.0MB lowMemory=false trimLevel=0 importance=125 fdCount=157
  procStatus VmRSS=2332780 kB VmHWM=6251196 kB VmSize=21189796 kB VmSwap=990044 kB Threads=32 FDSize=512
2026-05-30 16:02:19.098 pid=1540 [generation-stage] id=23 stage=native-call-start
2026-05-30 16:02:54.449 pid=1540 [generation-stage] id=23 stage=native-call-end resultLen=59
2026-05-30 16:02:54.450 pid=1540 [generation-end] id=23 resultLen=59
  javaUsed=4.1MB javaTotal=11.5MB javaMax=256.0MB nativeHeap=3.8GB nativeHeapFree=40.5MB nativeHeapSize=3.8GB
  pssTotal=3.0GB privateDirty=2.1GB sharedDirty=51.8MB nativePss=2.1GB dalvikPss=2.8MB otherPss=12.5MB
  systemAvail=13.6GB systemThreshold=216.0MB lowMemory=false trimLevel=0 importance=125 fdCount=157
  procStatus VmRSS=2327496 kB VmHWM=6251196 kB VmSize=21189796 kB VmSwap=990044 kB Threads=32 FDSize=512
2026-05-30 16:02:55.041 pid=1540 [model-load] Loading configuration: Qwen3.5 2B
2026-05-30 16:02:55.477 pid=1540 [runtime-memory] Before model load model=Qwen3.5-2B-UD-Q8_K_XL.gguf
  javaUsed=4.4MB javaTotal=11.5MB javaMax=256.0MB nativeHeap=1.5GB nativeHeapFree=81.8MB nativeHeapSize=1.6GB
  pssTotal=995.1MB privateDirty=21.3MB sharedDirty=51.8MB nativePss=14.5MB dalvikPss=2.9MB otherPss=12.5MB
  systemAvail=15.6GB systemThreshold=216.0MB lowMemory=false trimLevel=0 importance=125 fdCount=157
  procStatus VmRSS=186076 kB VmHWM=6251196 kB VmSize=18960872 kB VmSwap=990044 kB Threads=32 FDSize=512
2026-05-30 16:02:55.534 pid=1540 [runtime-memory] After model load cleanup model=Qwen3.5-2B-UD-Q8_K_XL.gguf
  javaUsed=3.6MB javaTotal=11.5MB javaMax=256.0MB nativeHeap=1.5GB nativeHeapFree=81.8MB nativeHeapSize=1.6GB
  pssTotal=994.6MB privateDirty=20.8MB sharedDirty=51.8MB nativePss=14.6MB dalvikPss=2.4MB otherPss=12.5MB
  systemAvail=15.6GB systemThreshold=216.0MB lowMemory=false trimLevel=0 importance=125 fdCount=157
  procStatus VmRSS=185596 kB VmHWM=6251196 kB VmSize=18960872 kB VmSwap=990044 kB Threads=32 FDSize=512
2026-05-30 16:02:59.503 pid=1540 [model-load-complete] config=Qwen3.5 2B model=Qwen3.5-2B-UD-Q8_K_XL.gguf mmproj=(none)
  javaUsed=3.7MB javaTotal=11.5MB javaMax=256.0MB nativeHeap=4.5GB nativeHeapFree=40.6MB nativeHeapSize=4.6GB
  pssTotal=3.8GB privateDirty=2.8GB sharedDirty=51.8MB nativePss=2.8GB dalvikPss=2.4MB otherPss=12.5MB
  systemAvail=12.8GB systemThreshold=216.0MB lowMemory=false trimLevel=0 importance=125 fdCount=157
  procStatus VmRSS=3129696 kB VmHWM=6251196 kB VmSize=21987100 kB VmSwap=990044 kB Threads=32 FDSize=512
2026-05-30 16:02:59.612 pid=1540 [generation-start] id=24 config=Qwen3.5 2B model=Qwen3.5-2B-UD-Q8_K_XL.gguf promptLen=1054 mediaCount=0
  javaUsed=3.9MB javaTotal=11.5MB javaMax=256.0MB nativeHeap=4.5GB nativeHeapFree=40.6MB nativeHeapSize=4.6GB
  pssTotal=3.8GB privateDirty=2.8GB sharedDirty=51.8MB nativePss=2.8GB dalvikPss=2.6MB otherPss=12.5MB
  systemAvail=12.8GB systemThreshold=216.0MB lowMemory=false trimLevel=0 importance=125 fdCount=157
  procStatus VmRSS=3129952 kB VmHWM=6251196 kB VmSize=21987100 kB VmSwap=990044 kB Threads=32 FDSize=512
2026-05-30 16:02:59.717 pid=1540 [generation-stage] id=24 stage=native-call-start
2026-05-30 16:03:44.439 pid=1540 [generation-stage] id=24 stage=native-call-end resultLen=149
2026-05-30 16:03:44.439 pid=1540 [generation-end] id=24 resultLen=149
  javaUsed=4.1MB javaTotal=11.5MB javaMax=256.0MB nativeHeap=4.5GB nativeHeapFree=40.5MB nativeHeapSize=4.6GB
  pssTotal=3.8GB privateDirty=2.8GB sharedDirty=51.8MB nativePss=2.8GB dalvikPss=2.8MB otherPss=12.5MB
  systemAvail=12.4GB systemThreshold=216.0MB lowMemory=false trimLevel=0 importance=125 fdCount=157
  procStatus VmRSS=3124704 kB VmHWM=6251196 kB VmSize=21987100 kB VmSwap=990044 kB Threads=32 FDSize=512
2026-05-30 16:03:45.025 pid=1540 [model-load] Loading configuration: Qwen3.5 2B MTP
2026-05-30 16:03:45.403 pid=1540 [runtime-memory] Before model load model=Qwen3.5-2B-Q8_0.gguf
  javaUsed=3.8MB javaTotal=11.5MB javaMax=256.0MB nativeHeap=1.5GB nativeHeapFree=81.8MB nativeHeapSize=1.6GB
  pssTotal=994.6MB privateDirty=20.9MB sharedDirty=51.8MB nativePss=14.5MB dalvikPss=2.5MB otherPss=12.5MB
  systemAvail=15.3GB systemThreshold=216.0MB lowMemory=false trimLevel=0 importance=125 fdCount=157
  procStatus VmRSS=185768 kB VmHWM=6251196 kB VmSize=18960872 kB VmSwap=990044 kB Threads=32 FDSize=512
2026-05-30 16:03:45.452 pid=1540 [runtime-memory] After model load cleanup model=Qwen3.5-2B-Q8_0.gguf
  javaUsed=3.6MB javaTotal=11.5MB javaMax=256.0MB nativeHeap=1.5GB nativeHeapFree=81.8MB nativeHeapSize=1.6GB
  pssTotal=994.6MB privateDirty=20.8MB sharedDirty=51.8MB nativePss=14.6MB dalvikPss=2.4MB otherPss=12.5MB
  systemAvail=15.3GB systemThreshold=216.0MB lowMemory=false trimLevel=0 importance=125 fdCount=157
  procStatus VmRSS=185784 kB VmHWM=6251196 kB VmSize=18960872 kB VmSwap=990044 kB Threads=32 FDSize=512
2026-05-30 16:03:48.830 pid=1540 [model-load-complete] config=Qwen3.5 2B MTP model=Qwen3.5-2B-Q8_0.gguf mmproj=(none)
  javaUsed=3.7MB javaTotal=11.5MB javaMax=256.0MB nativeHeap=3.8GB nativeHeapFree=40.6MB nativeHeapSize=3.8GB
  pssTotal=3.0GB privateDirty=2.1GB sharedDirty=51.8MB nativePss=2.1GB dalvikPss=2.4MB otherPss=12.5MB
  systemAvail=13.2GB systemThreshold=216.0MB lowMemory=false trimLevel=0 importance=125 fdCount=157
  procStatus VmRSS=2332712 kB VmHWM=6251196 kB VmSize=21189796 kB VmSwap=990044 kB Threads=32 FDSize=512
2026-05-30 16:03:48.930 pid=1540 [generation-start] id=25 config=Qwen3.5 2B MTP model=Qwen3.5-2B-Q8_0.gguf promptLen=1063 mediaCount=0
  javaUsed=3.9MB javaTotal=11.5MB javaMax=256.0MB nativeHeap=3.8GB nativeHeapFree=40.6MB nativeHeapSize=3.8GB
  pssTotal=3.0GB privateDirty=2.1GB sharedDirty=51.8MB nativePss=2.1GB dalvikPss=2.6MB otherPss=12.5MB
  systemAvail=13.2GB systemThreshold=216.0MB lowMemory=false trimLevel=0 importance=125 fdCount=157
  procStatus VmRSS=2332840 kB VmHWM=6251196 kB VmSize=21189796 kB VmSwap=990044 kB Threads=32 FDSize=512
2026-05-30 16:03:49.019 pid=1540 [generation-stage] id=25 stage=native-call-start
2026-05-30 16:04:17.883 pid=1540 [generation-stage] id=25 stage=native-call-end resultLen=88
2026-05-30 16:04:17.884 pid=1540 [generation-end] id=25 resultLen=88
  javaUsed=4.1MB javaTotal=11.5MB javaMax=256.0MB nativeHeap=3.8GB nativeHeapFree=40.5MB nativeHeapSize=3.8GB
  pssTotal=3.0GB privateDirty=2.1GB sharedDirty=51.8MB nativePss=2.1GB dalvikPss=2.8MB otherPss=12.5MB
  systemAvail=13.2GB systemThreshold=216.0MB lowMemory=false trimLevel=0 importance=125 fdCount=157
  procStatus VmRSS=2327588 kB VmHWM=6251196 kB VmSize=21189796 kB VmSwap=990044 kB Threads=32 FDSize=512
2026-05-30 16:04:18.455 pid=1540 [model-load] Loading configuration: Qwen3.5 2B
2026-05-30 16:04:18.865 pid=1540 [runtime-memory] Before model load model=Qwen3.5-2B-UD-Q8_K_XL.gguf
  javaUsed=4.4MB javaTotal=11.5MB javaMax=256.0MB nativeHeap=1.5GB nativeHeapFree=81.8MB nativeHeapSize=1.6GB
  pssTotal=995.1MB privateDirty=21.4MB sharedDirty=51.8MB nativePss=14.6MB dalvikPss=2.9MB otherPss=12.5MB
  systemAvail=15.2GB systemThreshold=216.0MB lowMemory=false trimLevel=0 importance=125 fdCount=157
  procStatus VmRSS=186308 kB VmHWM=6251196 kB VmSize=18960872 kB VmSwap=990044 kB Threads=32 FDSize=512
2026-05-30 16:04:18.944 pid=1540 [runtime-memory] After model load cleanup model=Qwen3.5-2B-UD-Q8_K_XL.gguf
  javaUsed=3.6MB javaTotal=11.5MB javaMax=256.0MB nativeHeap=1.5GB nativeHeapFree=81.8MB nativeHeapSize=1.6GB
  pssTotal=996.6MB privateDirty=22.9MB sharedDirty=51.8MB nativePss=14.7MB dalvikPss=4.4MB otherPss=12.5MB
  systemAvail=15.2GB systemThreshold=216.0MB lowMemory=false trimLevel=0 importance=125 fdCount=157
  procStatus VmRSS=187924 kB VmHWM=6251196 kB VmSize=18960872 kB VmSwap=990044 kB Threads=32 FDSize=512
2026-05-30 16:04:22.531 pid=1540 [model-load-complete] config=Qwen3.5 2B model=Qwen3.5-2B-UD-Q8_K_XL.gguf mmproj=(none)
  javaUsed=3.7MB javaTotal=11.5MB javaMax=256.0MB nativeHeap=4.5GB nativeHeapFree=40.6MB nativeHeapSize=4.6GB
  pssTotal=3.8GB privateDirty=2.8GB sharedDirty=51.8MB nativePss=2.8GB dalvikPss=4.4MB otherPss=12.5MB
  systemAvail=12.4GB systemThreshold=216.0MB lowMemory=false trimLevel=0 importance=125 fdCount=157
  procStatus VmRSS=3131720 kB VmHWM=6251196 kB VmSize=21987100 kB VmSwap=990044 kB Threads=32 FDSize=512
2026-05-30 16:04:22.589 pid=1540 [generation-start] id=26 config=Qwen3.5 2B model=Qwen3.5-2B-UD-Q8_K_XL.gguf promptLen=1051 mediaCount=0
  javaUsed=3.9MB javaTotal=11.5MB javaMax=256.0MB nativeHeap=4.5GB nativeHeapFree=40.6MB nativeHeapSize=4.6GB
  pssTotal=3.8GB privateDirty=2.8GB sharedDirty=51.8MB nativePss=2.8GB dalvikPss=4.4MB otherPss=12.5MB
  systemAvail=12.4GB systemThreshold=216.0MB lowMemory=false trimLevel=0 importance=125 fdCount=157
  procStatus VmRSS=3131720 kB VmHWM=6251196 kB VmSize=21987100 kB VmSwap=990044 kB Threads=32 FDSize=512
2026-05-30 16:04:22.644 pid=1540 [generation-stage] id=26 stage=native-call-start
2026-05-30 16:05:04.848 pid=1540 [generation-stage] id=26 stage=native-call-end resultLen=102
2026-05-30 16:05:04.851 pid=1540 [generation-end] id=26 resultLen=102
  javaUsed=4.1MB javaTotal=11.5MB javaMax=256.0MB nativeHeap=4.5GB nativeHeapFree=40.5MB nativeHeapSize=4.6GB
  pssTotal=3.8GB privateDirty=2.8GB sharedDirty=51.8MB nativePss=2.8GB dalvikPss=4.4MB otherPss=12.5MB
  systemAvail=12.3GB systemThreshold=216.0MB lowMemory=false trimLevel=0 importance=125 fdCount=157
  procStatus VmRSS=3126428 kB VmHWM=6251196 kB VmSize=21987100 kB VmSwap=990044 kB Threads=32 FDSize=512
2026-05-30 16:05:05.398 pid=1540 [model-load] Loading configuration: Qwen3.5 2B MTP
2026-05-30 16:05:05.849 pid=1540 [runtime-memory] Before model load model=Qwen3.5-2B-Q8_0.gguf
  javaUsed=4.4MB javaTotal=11.5MB javaMax=256.0MB nativeHeap=1.5GB nativeHeapFree=81.8MB nativeHeapSize=1.6GB
  pssTotal=996.6MB privateDirty=22.9MB sharedDirty=51.8MB nativePss=14.6MB dalvikPss=4.5MB otherPss=12.5MB
  systemAvail=15.1GB systemThreshold=216.0MB lowMemory=false trimLevel=0 importance=125 fdCount=157
  procStatus VmRSS=187560 kB VmHWM=6251196 kB VmSize=18960872 kB VmSwap=990044 kB Threads=32 FDSize=512
2026-05-30 16:05:05.909 pid=1540 [runtime-memory] After model load cleanup model=Qwen3.5-2B-Q8_0.gguf
  javaUsed=3.6MB javaTotal=11.5MB javaMax=256.0MB nativeHeap=1.5GB nativeHeapFree=81.8MB nativeHeapSize=1.6GB
  pssTotal=996.5MB privateDirty=22.9MB sharedDirty=51.8MB nativePss=14.7MB dalvikPss=4.4MB otherPss=12.5MB
  systemAvail=15.1GB systemThreshold=216.0MB lowMemory=false trimLevel=0 importance=125 fdCount=157
  procStatus VmRSS=187572 kB VmHWM=6251196 kB VmSize=18960872 kB VmSwap=990044 kB Threads=32 FDSize=512
2026-05-30 16:05:08.459 pid=1540 [model-load-complete] config=Qwen3.5 2B MTP model=Qwen3.5-2B-Q8_0.gguf mmproj=(none)
  javaUsed=3.7MB javaTotal=11.5MB javaMax=256.0MB nativeHeap=3.8GB nativeHeapFree=40.6MB nativeHeapSize=3.8GB
  pssTotal=3.0GB privateDirty=2.1GB sharedDirty=51.8MB nativePss=2.1GB dalvikPss=4.4MB otherPss=12.5MB
  systemAvail=13.0GB systemThreshold=216.0MB lowMemory=false trimLevel=0 importance=125 fdCount=157
  procStatus VmRSS=2334524 kB VmHWM=6251196 kB VmSize=21189796 kB VmSwap=990044 kB Threads=32 FDSize=512
2026-05-30 16:05:08.511 pid=1540 [generation-start] id=27 config=Qwen3.5 2B MTP model=Qwen3.5-2B-Q8_0.gguf promptLen=1066 mediaCount=0
  javaUsed=3.9MB javaTotal=11.5MB javaMax=256.0MB nativeHeap=3.8GB nativeHeapFree=40.6MB nativeHeapSize=3.8GB
  pssTotal=3.0GB privateDirty=2.1GB sharedDirty=51.8MB nativePss=2.1GB dalvikPss=4.4MB otherPss=12.5MB
  systemAvail=13.0GB systemThreshold=216.0MB lowMemory=false trimLevel=0 importance=125 fdCount=157
  procStatus VmRSS=2334524 kB VmHWM=6251196 kB VmSize=21189796 kB VmSwap=990044 kB Threads=32 FDSize=512
2026-05-30 16:05:08.560 pid=1540 [generation-stage] id=27 stage=native-call-start
2026-05-30 16:05:42.226 pid=1540 [generation-stage] id=27 stage=native-call-end resultLen=70
2026-05-30 16:05:42.227 pid=1540 [generation-end] id=27 resultLen=70
  javaUsed=4.1MB javaTotal=11.5MB javaMax=256.0MB nativeHeap=3.8GB nativeHeapFree=40.5MB nativeHeapSize=3.8GB
  pssTotal=3.0GB privateDirty=2.1GB sharedDirty=51.8MB nativePss=2.1GB dalvikPss=4.4MB otherPss=12.5MB
  systemAvail=13.1GB systemThreshold=216.0MB lowMemory=false trimLevel=0 importance=125 fdCount=157
  procStatus VmRSS=2328804 kB VmHWM=6251196 kB VmSize=21189796 kB VmSwap=990044 kB Threads=32 FDSize=512
2026-05-30 16:05:42.276 pid=1540 [model-load] Loading configuration: Qwen3.5 2B MTP
2026-05-30 16:05:42.276 pid=1540 [model-load-skip] config=Qwen3.5 2B MTP model already loaded
  javaUsed=4.3MB javaTotal=11.5MB javaMax=256.0MB nativeHeap=3.8GB nativeHeapFree=40.5MB nativeHeapSize=3.8GB
  pssTotal=3.0GB privateDirty=2.1GB sharedDirty=51.8MB nativePss=2.1GB dalvikPss=4.5MB otherPss=12.5MB
  systemAvail=13.1GB systemThreshold=216.0MB lowMemory=false trimLevel=0 importance=125 fdCount=157
  procStatus VmRSS=2328804 kB VmHWM=6251196 kB VmSize=21189796 kB VmSwap=990044 kB Threads=32 FDSize=512
2026-05-30 16:05:42.325 pid=1540 [generation-start] id=28 config=Qwen3.5 2B MTP model=Qwen3.5-2B-Q8_0.gguf promptLen=1066 mediaCount=0
  javaUsed=4.5MB javaTotal=11.5MB javaMax=256.0MB nativeHeap=3.8GB nativeHeapFree=40.5MB nativeHeapSize=3.8GB
  pssTotal=3.0GB privateDirty=2.1GB sharedDirty=51.8MB nativePss=2.1GB dalvikPss=4.5MB otherPss=12.5MB
  systemAvail=13.1GB systemThreshold=216.0MB lowMemory=false trimLevel=0 importance=125 fdCount=157
  procStatus VmRSS=2328804 kB VmHWM=6251196 kB VmSize=21189796 kB VmSwap=990044 kB Threads=32 FDSize=512
2026-05-30 16:05:42.373 pid=1540 [generation-stage] id=28 stage=native-call-start
2026-05-30 16:06:12.272 pid=1540 [generation-stage] id=28 stage=native-call-end resultLen=62
2026-05-30 16:06:12.273 pid=1540 [generation-end] id=28 resultLen=62
  javaUsed=4.7MB javaTotal=11.5MB javaMax=256.0MB nativeHeap=3.8GB nativeHeapFree=40.5MB nativeHeapSize=3.8GB
  pssTotal=3.0GB privateDirty=2.1GB sharedDirty=51.8MB nativePss=2.1GB dalvikPss=4.5MB otherPss=12.5MB
  systemAvail=12.9GB systemThreshold=216.0MB lowMemory=false trimLevel=0 importance=125 fdCount=157
  procStatus VmRSS=2329168 kB VmHWM=6251196 kB VmSize=21189796 kB VmSwap=990044 kB Threads=32 FDSize=512
2026-05-30 16:06:13.242 pid=1540 [model-load] Loading configuration: Qwen3.5 2B
2026-05-30 16:06:13.856 pid=1540 [runtime-memory] Before model load model=Qwen3.5-2B-UD-Q8_K_XL.gguf
  javaUsed=4.9MB javaTotal=11.5MB javaMax=256.0MB nativeHeap=1.5GB nativeHeapFree=81.7MB nativeHeapSize=1.6GB
  pssTotal=996.6MB privateDirty=22.9MB sharedDirty=51.8MB nativePss=14.6MB dalvikPss=4.5MB otherPss=12.5MB
  systemAvail=14.9GB systemThreshold=216.0MB lowMemory=false trimLevel=0 importance=125 fdCount=157
  procStatus VmRSS=187612 kB VmHWM=6251196 kB VmSize=18960872 kB VmSwap=990044 kB Threads=32 FDSize=512
2026-05-30 16:06:13.975 pid=1540 [runtime-memory] After model load cleanup model=Qwen3.5-2B-UD-Q8_K_XL.gguf
  javaUsed=3.6MB javaTotal=11.5MB javaMax=256.0MB nativeHeap=1.5GB nativeHeapFree=81.8MB nativeHeapSize=1.6GB
  pssTotal=996.6MB privateDirty=22.9MB sharedDirty=51.8MB nativePss=14.7MB dalvikPss=4.4MB otherPss=12.5MB
  systemAvail=14.9GB systemThreshold=216.0MB lowMemory=false trimLevel=0 importance=125 fdCount=157
  procStatus VmRSS=187640 kB VmHWM=6251196 kB VmSize=18960872 kB VmSwap=990044 kB Threads=32 FDSize=512
2026-05-30 16:06:17.410 pid=1540 [model-load-complete] config=Qwen3.5 2B model=Qwen3.5-2B-UD-Q8_K_XL.gguf mmproj=(none)
  javaUsed=3.7MB javaTotal=11.5MB javaMax=256.0MB nativeHeap=4.5GB nativeHeapFree=40.6MB nativeHeapSize=4.6GB
  pssTotal=3.8GB privateDirty=2.8GB sharedDirty=51.8MB nativePss=2.8GB dalvikPss=4.4MB otherPss=12.4MB
  systemAvail=12.2GB systemThreshold=216.0MB lowMemory=false trimLevel=0 importance=125 fdCount=157
  procStatus VmRSS=3132012 kB VmHWM=6251196 kB VmSize=21987100 kB VmSwap=990044 kB Threads=32 FDSize=512
2026-05-30 16:06:17.468 pid=1540 [generation-start] id=29 config=Qwen3.5 2B model=Qwen3.5-2B-UD-Q8_K_XL.gguf promptLen=1051 mediaCount=0
  javaUsed=3.9MB javaTotal=11.5MB javaMax=256.0MB nativeHeap=4.5GB nativeHeapFree=40.6MB nativeHeapSize=4.6GB
  pssTotal=3.8GB privateDirty=2.8GB sharedDirty=51.8MB nativePss=2.8GB dalvikPss=4.4MB otherPss=12.4MB
  systemAvail=12.2GB systemThreshold=216.0MB lowMemory=false trimLevel=0 importance=125 fdCount=157
  procStatus VmRSS=3132012 kB VmHWM=6251196 kB VmSize=21987100 kB VmSwap=990044 kB Threads=32 FDSize=512
2026-05-30 16:06:17.523 pid=1540 [generation-stage] id=29 stage=native-call-start
2026-05-30 16:06:53.252 pid=1540 [generation-stage] id=29 stage=native-call-end resultLen=42
2026-05-30 16:06:53.253 pid=1540 [generation-end] id=29 resultLen=42
  javaUsed=4.1MB javaTotal=11.5MB javaMax=256.0MB nativeHeap=4.5GB nativeHeapFree=40.5MB nativeHeapSize=4.6GB
  pssTotal=3.8GB privateDirty=2.8GB sharedDirty=51.8MB nativePss=2.8GB dalvikPss=4.4MB otherPss=12.5MB
  systemAvail=12.2GB systemThreshold=216.0MB lowMemory=false trimLevel=0 importance=125 fdCount=157
  procStatus VmRSS=3126600 kB VmHWM=6251196 kB VmSize=21987100 kB VmSwap=990044 kB Threads=32 FDSize=512
2026-05-30 16:06:53.923 pid=1540 [model-load] Loading configuration: Qwen3.5 2B MTP
2026-05-30 16:06:54.493 pid=1540 [runtime-memory] Before model load model=Qwen3.5-2B-Q8_0.gguf
  javaUsed=3.7MB javaTotal=11.5MB javaMax=256.0MB nativeHeap=1.5GB nativeHeapFree=81.8MB nativeHeapSize=1.6GB
  pssTotal=996.6MB privateDirty=22.9MB sharedDirty=51.8MB nativePss=14.6MB dalvikPss=4.4MB otherPss=12.5MB
  systemAvail=15.0GB systemThreshold=216.0MB lowMemory=false trimLevel=0 importance=125 fdCount=157
  procStatus VmRSS=187792 kB VmHWM=6251196 kB VmSize=18960872 kB VmSwap=990044 kB Threads=32 FDSize=512
2026-05-30 16:06:54.585 pid=1540 [runtime-memory] After model load cleanup model=Qwen3.5-2B-Q8_0.gguf
  javaUsed=3.6MB javaTotal=11.5MB javaMax=256.0MB nativeHeap=1.5GB nativeHeapFree=81.8MB nativeHeapSize=1.6GB
  pssTotal=996.6MB privateDirty=22.9MB sharedDirty=51.8MB nativePss=14.7MB dalvikPss=4.4MB otherPss=12.5MB
  systemAvail=15.0GB systemThreshold=216.0MB lowMemory=false trimLevel=0 importance=125 fdCount=157
  procStatus VmRSS=187984 kB VmHWM=6251196 kB VmSize=18960872 kB VmSwap=990044 kB Threads=32 FDSize=512
2026-05-30 16:06:57.324 pid=1540 [model-load-complete] config=Qwen3.5 2B MTP model=Qwen3.5-2B-Q8_0.gguf mmproj=(none)
  javaUsed=3.7MB javaTotal=11.5MB javaMax=256.0MB nativeHeap=3.8GB nativeHeapFree=40.6MB nativeHeapSize=3.8GB
  pssTotal=3.0GB privateDirty=2.1GB sharedDirty=51.8MB nativePss=2.1GB dalvikPss=4.4MB otherPss=12.5MB
  systemAvail=13.0GB systemThreshold=216.0MB lowMemory=false trimLevel=0 importance=125 fdCount=157
  procStatus VmRSS=2334716 kB VmHWM=6251196 kB VmSize=21189796 kB VmSwap=990044 kB Threads=32 FDSize=512
2026-05-30 16:06:57.375 pid=1540 [generation-start] id=30 config=Qwen3.5 2B MTP model=Qwen3.5-2B-Q8_0.gguf promptLen=1063 mediaCount=0
  javaUsed=3.9MB javaTotal=11.5MB javaMax=256.0MB nativeHeap=3.8GB nativeHeapFree=40.6MB nativeHeapSize=3.8GB
  pssTotal=3.0GB privateDirty=2.1GB sharedDirty=51.8MB nativePss=2.1GB dalvikPss=4.4MB otherPss=12.5MB
  systemAvail=13.0GB systemThreshold=216.0MB lowMemory=false trimLevel=0 importance=125 fdCount=157
  procStatus VmRSS=2334716 kB VmHWM=6251196 kB VmSize=21189796 kB VmSwap=990044 kB Threads=32 FDSize=512
2026-05-30 16:06:57.423 pid=1540 [generation-stage] id=30 stage=native-call-start
2026-05-30 16:07:30.445 pid=1540 [generation-stage] id=30 stage=native-call-end resultLen=133
2026-05-30 16:07:30.446 pid=1540 [generation-end] id=30 resultLen=133
  javaUsed=4.1MB javaTotal=11.5MB javaMax=256.0MB nativeHeap=3.8GB nativeHeapFree=40.5MB nativeHeapSize=3.8GB
  pssTotal=3.0GB privateDirty=2.1GB sharedDirty=51.8MB nativePss=2.1GB dalvikPss=4.4MB otherPss=12.5MB
  systemAvail=12.9GB systemThreshold=216.0MB lowMemory=false trimLevel=0 importance=125 fdCount=157
  procStatus VmRSS=2329096 kB VmHWM=6251196 kB VmSize=21189796 kB VmSwap=990044 kB Threads=32 FDSize=512
2026-05-30 16:07:30.983 pid=1540 [model-load] Loading configuration: Qwen3.5 2B
2026-05-30 16:07:31.303 pid=1540 [runtime-memory] Before model load model=Qwen3.5-2B-UD-Q8_K_XL.gguf
  javaUsed=4.4MB javaTotal=11.5MB javaMax=256.0MB nativeHeap=1.5GB nativeHeapFree=81.8MB nativeHeapSize=1.6GB
  pssTotal=996.6MB privateDirty=22.9MB sharedDirty=51.8MB nativePss=14.6MB dalvikPss=4.5MB otherPss=12.5MB
  systemAvail=15.0GB systemThreshold=216.0MB lowMemory=false trimLevel=0 importance=125 fdCount=157
  procStatus VmRSS=187484 kB VmHWM=6251196 kB VmSize=18960872 kB VmSwap=990044 kB Threads=32 FDSize=512
2026-05-30 16:07:31.363 pid=1540 [runtime-memory] After model load cleanup model=Qwen3.5-2B-UD-Q8_K_XL.gguf
  javaUsed=3.6MB javaTotal=11.5MB javaMax=256.0MB nativeHeap=1.5GB nativeHeapFree=81.8MB nativeHeapSize=1.6GB
  pssTotal=996.6MB privateDirty=22.9MB sharedDirty=51.8MB nativePss=14.7MB dalvikPss=4.4MB otherPss=12.5MB
  systemAvail=15.0GB systemThreshold=216.0MB lowMemory=false trimLevel=0 importance=125 fdCount=157
  procStatus VmRSS=187516 kB VmHWM=6251196 kB VmSize=18960872 kB VmSwap=990044 kB Threads=32 FDSize=512
2026-05-30 16:07:34.724 pid=1540 [model-load-complete] config=Qwen3.5 2B model=Qwen3.5-2B-UD-Q8_K_XL.gguf mmproj=(none)
  javaUsed=3.7MB javaTotal=11.5MB javaMax=256.0MB nativeHeap=4.5GB nativeHeapFree=40.6MB nativeHeapSize=4.6GB
  pssTotal=3.8GB privateDirty=2.8GB sharedDirty=51.8MB nativePss=2.8GB dalvikPss=4.4MB otherPss=12.5MB
  systemAvail=12.2GB systemThreshold=216.0MB lowMemory=false trimLevel=0 importance=125 fdCount=157
  procStatus VmRSS=3131724 kB VmHWM=6251196 kB VmSize=21987100 kB VmSwap=990044 kB Threads=32 FDSize=512
2026-05-30 16:07:34.781 pid=1540 [generation-start] id=31 config=Qwen3.5 2B model=Qwen3.5-2B-UD-Q8_K_XL.gguf promptLen=1051 mediaCount=0
  javaUsed=3.9MB javaTotal=11.5MB javaMax=256.0MB nativeHeap=4.5GB nativeHeapFree=40.6MB nativeHeapSize=4.6GB
  pssTotal=3.8GB privateDirty=2.8GB sharedDirty=51.8MB nativePss=2.8GB dalvikPss=4.4MB otherPss=12.5MB
  systemAvail=12.2GB systemThreshold=216.0MB lowMemory=false trimLevel=0 importance=125 fdCount=157
  procStatus VmRSS=3131724 kB VmHWM=6251196 kB VmSize=21987100 kB VmSwap=990044 kB Threads=32 FDSize=512
2026-05-30 16:07:34.836 pid=1540 [generation-stage] id=31 stage=native-call-start
2026-05-30 16:08:22.912 pid=1540 [generation-stage] id=31 stage=native-call-end resultLen=269
2026-05-30 16:08:22.912 pid=1540 [generation-end] id=31 resultLen=269
  javaUsed=4.1MB javaTotal=11.5MB javaMax=256.0MB nativeHeap=4.5GB nativeHeapFree=40.5MB nativeHeapSize=4.6GB
  pssTotal=3.8GB privateDirty=2.8GB sharedDirty=51.8MB nativePss=2.8GB dalvikPss=4.4MB otherPss=12.5MB
  systemAvail=12.1GB systemThreshold=216.0MB lowMemory=false trimLevel=0 importance=125 fdCount=157
  procStatus VmRSS=3126760 kB VmHWM=6251196 kB VmSize=21987100 kB VmSwap=990044 kB Threads=32 FDSize=512
2026-05-30 16:08:23.567 pid=1540 [model-load] Loading configuration: Qwen3.5 2B MTP
2026-05-30 16:08:23.993 pid=1540 [runtime-memory] Before model load model=Qwen3.5-2B-Q8_0.gguf
  javaUsed=4.4MB javaTotal=11.5MB javaMax=256.0MB nativeHeap=1.5GB nativeHeapFree=81.8MB nativeHeapSize=1.6GB
  pssTotal=996.6MB privateDirty=23.0MB sharedDirty=51.8MB nativePss=14.6MB dalvikPss=4.5MB otherPss=12.5MB
  systemAvail=14.9GB systemThreshold=216.0MB lowMemory=false trimLevel=0 importance=125 fdCount=157
  procStatus VmRSS=187688 kB VmHWM=6251196 kB VmSize=18960872 kB VmSwap=990044 kB Threads=32 FDSize=512
2026-05-30 16:08:24.053 pid=1540 [runtime-memory] After model load cleanup model=Qwen3.5-2B-Q8_0.gguf
  javaUsed=3.6MB javaTotal=11.5MB javaMax=256.0MB nativeHeap=1.5GB nativeHeapFree=81.8MB nativeHeapSize=1.6GB
  pssTotal=996.6MB privateDirty=22.9MB sharedDirty=51.8MB nativePss=14.7MB dalvikPss=4.3MB otherPss=12.5MB
  systemAvail=14.9GB systemThreshold=216.0MB lowMemory=false trimLevel=0 importance=125 fdCount=157
  procStatus VmRSS=187700 kB VmHWM=6251196 kB VmSize=18960872 kB VmSwap=990044 kB Threads=32 FDSize=512
2026-05-30 16:08:26.503 pid=1540 [model-load-complete] config=Qwen3.5 2B MTP model=Qwen3.5-2B-Q8_0.gguf mmproj=(none)
  javaUsed=3.7MB javaTotal=11.5MB javaMax=256.0MB nativeHeap=3.8GB nativeHeapFree=40.6MB nativeHeapSize=3.8GB
  pssTotal=3.0GB privateDirty=2.1GB sharedDirty=51.8MB nativePss=2.1GB dalvikPss=4.4MB otherPss=12.5MB
  systemAvail=12.9GB systemThreshold=216.0MB lowMemory=false trimLevel=0 importance=125 fdCount=157
  procStatus VmRSS=2334764 kB VmHWM=6251196 kB VmSize=21189796 kB VmSwap=990044 kB Threads=32 FDSize=512
2026-05-30 16:08:26.554 pid=1540 [generation-start] id=32 config=Qwen3.5 2B MTP model=Qwen3.5-2B-Q8_0.gguf promptLen=1063 mediaCount=0
  javaUsed=3.9MB javaTotal=11.5MB javaMax=256.0MB nativeHeap=3.8GB nativeHeapFree=40.6MB nativeHeapSize=3.8GB
  pssTotal=3.0GB privateDirty=2.1GB sharedDirty=51.8MB nativePss=2.1GB dalvikPss=4.4MB otherPss=12.5MB
  systemAvail=12.9GB systemThreshold=216.0MB lowMemory=false trimLevel=0 importance=125 fdCount=157
  procStatus VmRSS=2334764 kB VmHWM=6251196 kB VmSize=21189796 kB VmSwap=990044 kB Threads=32 FDSize=512
2026-05-30 16:08:26.601 pid=1540 [generation-stage] id=32 stage=native-call-start
2026-05-30 16:09:00.673 pid=1540 [generation-stage] id=32 stage=native-call-end resultLen=152
2026-05-30 16:09:00.674 pid=1540 [generation-end] id=32 resultLen=152
  javaUsed=4.1MB javaTotal=11.5MB javaMax=256.0MB nativeHeap=3.8GB nativeHeapFree=40.5MB nativeHeapSize=3.8GB
  pssTotal=3.0GB privateDirty=2.1GB sharedDirty=51.8MB nativePss=2.1GB dalvikPss=4.4MB otherPss=12.5MB
  systemAvail=12.9GB systemThreshold=216.0MB lowMemory=false trimLevel=0 importance=125 fdCount=157
  procStatus VmRSS=2329228 kB VmHWM=6251196 kB VmSize=21189796 kB VmSwap=990044 kB Threads=32 FDSize=512
2026-05-30 16:09:01.218 pid=1540 [model-load] Loading configuration: Qwen3.5 2B
2026-05-30 16:09:01.561 pid=1540 [runtime-memory] Before model load model=Qwen3.5-2B-UD-Q8_K_XL.gguf
  javaUsed=4.3MB javaTotal=11.5MB javaMax=256.0MB nativeHeap=1.5GB nativeHeapFree=81.8MB nativeHeapSize=1.6GB
  pssTotal=996.6MB privateDirty=22.9MB sharedDirty=51.8MB nativePss=14.6MB dalvikPss=4.5MB otherPss=12.5MB
  systemAvail=14.9GB systemThreshold=216.0MB lowMemory=false trimLevel=0 importance=125 fdCount=157
  procStatus VmRSS=187700 kB VmHWM=6251196 kB VmSize=18960872 kB VmSwap=990044 kB Threads=32 FDSize=512
2026-05-30 16:09:01.620 pid=1540 [runtime-memory] After model load cleanup model=Qwen3.5-2B-UD-Q8_K_XL.gguf
  javaUsed=3.6MB javaTotal=11.5MB javaMax=256.0MB nativeHeap=1.5GB nativeHeapFree=81.8MB nativeHeapSize=1.6GB
  pssTotal=996.5MB privateDirty=22.9MB sharedDirty=51.8MB nativePss=14.7MB dalvikPss=4.4MB otherPss=12.5MB
  systemAvail=14.9GB systemThreshold=216.0MB lowMemory=false trimLevel=0 importance=125 fdCount=157
  procStatus VmRSS=187712 kB VmHWM=6251196 kB VmSize=18960872 kB VmSwap=990044 kB Threads=32 FDSize=512
2026-05-30 16:09:05.765 pid=1540 [model-load-complete] config=Qwen3.5 2B model=Qwen3.5-2B-UD-Q8_K_XL.gguf mmproj=(none)
  javaUsed=3.7MB javaTotal=11.5MB javaMax=256.0MB nativeHeap=4.5GB nativeHeapFree=40.6MB nativeHeapSize=4.6GB
  pssTotal=3.8GB privateDirty=2.8GB sharedDirty=51.8MB nativePss=2.8GB dalvikPss=4.4MB otherPss=12.5MB
  systemAvail=12.1GB systemThreshold=216.0MB lowMemory=false trimLevel=0 importance=125 fdCount=157
  procStatus VmRSS=3131696 kB VmHWM=6251196 kB VmSize=21987100 kB VmSwap=990044 kB Threads=32 FDSize=512
2026-05-30 16:09:05.821 pid=1540 [generation-start] id=33 config=Qwen3.5 2B model=Qwen3.5-2B-UD-Q8_K_XL.gguf promptLen=1048 mediaCount=0
  javaUsed=3.9MB javaTotal=11.5MB javaMax=256.0MB nativeHeap=4.5GB nativeHeapFree=40.6MB nativeHeapSize=4.6GB
  pssTotal=3.8GB privateDirty=2.8GB sharedDirty=51.8MB nativePss=2.8GB dalvikPss=4.4MB otherPss=12.5MB
  systemAvail=12.1GB systemThreshold=216.0MB lowMemory=false trimLevel=0 importance=125 fdCount=157
  procStatus VmRSS=3131696 kB VmHWM=6251196 kB VmSize=21987100 kB VmSwap=990044 kB Threads=32 FDSize=512
2026-05-30 16:09:05.902 pid=1540 [generation-stage] id=33 stage=native-call-start
2026-05-30 16:09:45.548 pid=1540 [generation-stage] id=33 stage=native-call-end resultLen=115
2026-05-30 16:09:45.549 pid=1540 [generation-end] id=33 resultLen=115
  javaUsed=4.1MB javaTotal=11.5MB javaMax=256.0MB nativeHeap=4.5GB nativeHeapFree=40.5MB nativeHeapSize=4.6GB
  pssTotal=3.8GB privateDirty=2.8GB sharedDirty=51.8MB nativePss=2.8GB dalvikPss=4.4MB otherPss=12.5MB
  systemAvail=12.2GB systemThreshold=216.0MB lowMemory=false trimLevel=0 importance=125 fdCount=157
  procStatus VmRSS=3126692 kB VmHWM=6251196 kB VmSize=21987100 kB VmSwap=990044 kB Threads=32 FDSize=512
2026-05-30 16:09:46.515 pid=1540 [model-load] Loading configuration: Qwen3.5 2B MTP
2026-05-30 16:09:46.928 pid=1540 [runtime-memory] Before model load model=Qwen3.5-2B-Q8_0.gguf
  javaUsed=4.4MB javaTotal=11.5MB javaMax=256.0MB nativeHeap=1.5GB nativeHeapFree=81.8MB nativeHeapSize=1.6GB
  pssTotal=996.6MB privateDirty=22.9MB sharedDirty=51.8MB nativePss=14.6MB dalvikPss=4.5MB otherPss=12.5MB
  systemAvail=15.0GB systemThreshold=216.0MB lowMemory=false trimLevel=0 importance=125 fdCount=157
  procStatus VmRSS=187808 kB VmHWM=6251196 kB VmSize=18960872 kB VmSwap=990044 kB Threads=32 FDSize=512
2026-05-30 16:09:46.988 pid=1540 [runtime-memory] After model load cleanup model=Qwen3.5-2B-Q8_0.gguf
  javaUsed=3.6MB javaTotal=11.5MB javaMax=256.0MB nativeHeap=1.5GB nativeHeapFree=81.8MB nativeHeapSize=1.6GB
  pssTotal=996.5MB privateDirty=22.9MB sharedDirty=51.8MB nativePss=14.6MB dalvikPss=4.4MB otherPss=12.5MB
  systemAvail=15.0GB systemThreshold=216.0MB lowMemory=false trimLevel=0 importance=125 fdCount=157
  procStatus VmRSS=187832 kB VmHWM=6251196 kB VmSize=18960872 kB VmSwap=990044 kB Threads=32 FDSize=512
2026-05-30 16:09:49.814 pid=1540 [model-load-complete] config=Qwen3.5 2B MTP model=Qwen3.5-2B-Q8_0.gguf mmproj=(none)
  javaUsed=3.7MB javaTotal=11.5MB javaMax=256.0MB nativeHeap=3.8GB nativeHeapFree=40.6MB nativeHeapSize=3.8GB
  pssTotal=3.0GB privateDirty=2.1GB sharedDirty=51.8MB nativePss=2.1GB dalvikPss=4.4MB otherPss=12.5MB
  systemAvail=13.0GB systemThreshold=216.0MB lowMemory=false trimLevel=0 importance=125 fdCount=157
  procStatus VmRSS=2334880 kB VmHWM=6251196 kB VmSize=21189796 kB VmSwap=990044 kB Threads=32 FDSize=512
2026-05-30 16:09:49.865 pid=1540 [generation-start] id=34 config=Qwen3.5 2B MTP model=Qwen3.5-2B-Q8_0.gguf promptLen=1060 mediaCount=0
  javaUsed=3.9MB javaTotal=11.5MB javaMax=256.0MB nativeHeap=3.8GB nativeHeapFree=40.6MB nativeHeapSize=3.8GB
  pssTotal=3.0GB privateDirty=2.1GB sharedDirty=51.8MB nativePss=2.1GB dalvikPss=4.4MB otherPss=12.5MB
  systemAvail=13.0GB systemThreshold=216.0MB lowMemory=false trimLevel=0 importance=125 fdCount=157
  procStatus VmRSS=2334880 kB VmHWM=6251196 kB VmSize=21189796 kB VmSwap=990044 kB Threads=32 FDSize=512
2026-05-30 16:09:49.929 pid=1540 [generation-stage] id=34 stage=native-call-start
2026-05-30 16:10:25.458 pid=1540 [generation-stage] id=34 stage=native-call-end resultLen=139
2026-05-30 16:10:25.459 pid=1540 [generation-end] id=34 resultLen=139
  javaUsed=3.7MB javaTotal=11.5MB javaMax=256.0MB nativeHeap=3.8GB nativeHeapFree=40.5MB nativeHeapSize=3.8GB
  pssTotal=3.0GB privateDirty=2.1GB sharedDirty=51.8MB nativePss=2.1GB dalvikPss=2.4MB otherPss=12.5MB
  systemAvail=12.8GB systemThreshold=216.0MB lowMemory=false trimLevel=0 importance=125 fdCount=157
  procStatus VmRSS=2327072 kB VmHWM=6251196 kB VmSize=21189796 kB VmSwap=990044 kB Threads=32 FDSize=512
2026-05-30 16:10:25.509 pid=1540 [model-load] Loading configuration: Qwen3.5 2B MTP
2026-05-30 16:10:25.509 pid=1540 [model-load-skip] config=Qwen3.5 2B MTP model already loaded
  javaUsed=4.0MB javaTotal=11.5MB javaMax=256.0MB nativeHeap=3.8GB nativeHeapFree=40.5MB nativeHeapSize=3.8GB
  pssTotal=3.0GB privateDirty=2.1GB sharedDirty=51.8MB nativePss=2.1GB dalvikPss=2.6MB otherPss=12.5MB
  systemAvail=12.8GB systemThreshold=216.0MB lowMemory=false trimLevel=0 importance=125 fdCount=157
  procStatus VmRSS=2327200 kB VmHWM=6251196 kB VmSize=21189796 kB VmSwap=990044 kB Threads=32 FDSize=512
2026-05-30 16:10:25.559 pid=1540 [generation-start] id=35 config=Qwen3.5 2B MTP model=Qwen3.5-2B-Q8_0.gguf promptLen=1060 mediaCount=0
  javaUsed=4.2MB javaTotal=11.5MB javaMax=256.0MB nativeHeap=3.8GB nativeHeapFree=40.5MB nativeHeapSize=3.8GB
  pssTotal=3.0GB privateDirty=2.1GB sharedDirty=51.8MB nativePss=2.1GB dalvikPss=2.8MB otherPss=12.5MB
  systemAvail=12.8GB systemThreshold=216.0MB lowMemory=false trimLevel=0 importance=125 fdCount=157
  procStatus VmRSS=2327328 kB VmHWM=6251196 kB VmSize=21189796 kB VmSwap=990044 kB Threads=32 FDSize=512
2026-05-30 16:10:25.606 pid=1540 [generation-stage] id=35 stage=native-call-start
2026-05-30 16:10:55.841 pid=1540 [generation-stage] id=35 stage=native-call-end resultLen=42
2026-05-30 16:10:55.842 pid=1540 [generation-end] id=35 resultLen=42
  javaUsed=4.3MB javaTotal=11.5MB javaMax=256.0MB nativeHeap=3.8GB nativeHeapFree=40.5MB nativeHeapSize=3.8GB
  pssTotal=3.0GB privateDirty=2.1GB sharedDirty=51.8MB nativePss=2.1GB dalvikPss=2.9MB otherPss=12.5MB
  systemAvail=12.9GB systemThreshold=216.0MB lowMemory=false trimLevel=0 importance=125 fdCount=157
  procStatus VmRSS=2327708 kB VmHWM=6251196 kB VmSize=21189796 kB VmSwap=990044 kB Threads=32 FDSize=512
2026-05-30 16:10:56.601 pid=1540 [model-load] Loading configuration: Qwen3.5 2B
2026-05-30 16:10:56.933 pid=1540 [runtime-memory] Before model load model=Qwen3.5-2B-UD-Q8_K_XL.gguf
  javaUsed=4.5MB javaTotal=11.5MB javaMax=256.0MB nativeHeap=1.5GB nativeHeapFree=81.8MB nativeHeapSize=1.6GB
  pssTotal=995.2MB privateDirty=21.6MB sharedDirty=51.8MB nativePss=14.6MB dalvikPss=3.1MB otherPss=12.5MB
  systemAvail=14.9GB systemThreshold=216.0MB lowMemory=false trimLevel=0 importance=125 fdCount=157
  procStatus VmRSS=186332 kB VmHWM=6251196 kB VmSize=18960872 kB VmSwap=990044 kB Threads=32 FDSize=512
2026-05-30 16:10:56.995 pid=1540 [runtime-memory] After model load cleanup model=Qwen3.5-2B-UD-Q8_K_XL.gguf
  javaUsed=3.6MB javaTotal=11.5MB javaMax=256.0MB nativeHeap=1.5GB nativeHeapFree=81.8MB nativeHeapSize=1.6GB
  pssTotal=996.6MB privateDirty=22.9MB sharedDirty=51.8MB nativePss=14.7MB dalvikPss=4.4MB otherPss=12.5MB
  systemAvail=14.9GB systemThreshold=216.0MB lowMemory=false trimLevel=0 importance=125 fdCount=157
  procStatus VmRSS=187780 kB VmHWM=6251196 kB VmSize=18960872 kB VmSwap=990044 kB Threads=32 FDSize=512
2026-05-30 16:11:00.250 pid=1540 [model-load-complete] config=Qwen3.5 2B model=Qwen3.5-2B-UD-Q8_K_XL.gguf mmproj=(none)
  javaUsed=3.7MB javaTotal=11.5MB javaMax=256.0MB nativeHeap=4.5GB nativeHeapFree=40.6MB nativeHeapSize=4.6GB
  pssTotal=3.8GB privateDirty=2.8GB sharedDirty=51.8MB nativePss=2.8GB dalvikPss=4.4MB otherPss=12.4MB
  systemAvail=12.1GB systemThreshold=216.0MB lowMemory=false trimLevel=0 importance=125 fdCount=157
  procStatus VmRSS=3132088 kB VmHWM=6251196 kB VmSize=21987100 kB VmSwap=990044 kB Threads=32 FDSize=512
2026-05-30 16:11:00.307 pid=1540 [generation-start] id=36 config=Qwen3.5 2B model=Qwen3.5-2B-UD-Q8_K_XL.gguf promptLen=1069 mediaCount=0
  javaUsed=3.9MB javaTotal=11.5MB javaMax=256.0MB nativeHeap=4.5GB nativeHeapFree=40.6MB nativeHeapSize=4.6GB
  pssTotal=3.8GB privateDirty=2.8GB sharedDirty=51.8MB nativePss=2.8GB dalvikPss=4.4MB otherPss=12.4MB
  systemAvail=12.1GB systemThreshold=216.0MB lowMemory=false trimLevel=0 importance=125 fdCount=157
  procStatus VmRSS=3132088 kB VmHWM=6251196 kB VmSize=21987100 kB VmSwap=990044 kB Threads=32 FDSize=512
2026-05-30 16:11:00.361 pid=1540 [generation-stage] id=36 stage=native-call-start
2026-05-30 16:11:44.495 pid=1540 [generation-stage] id=36 stage=native-call-end resultLen=165
2026-05-30 16:11:44.495 pid=1540 [generation-end] id=36 resultLen=165
  javaUsed=4.1MB javaTotal=11.5MB javaMax=256.0MB nativeHeap=4.5GB nativeHeapFree=40.5MB nativeHeapSize=4.6GB
  pssTotal=3.8GB privateDirty=2.8GB sharedDirty=51.8MB nativePss=2.8GB dalvikPss=4.4MB otherPss=12.4MB
  systemAvail=12.0GB systemThreshold=216.0MB lowMemory=false trimLevel=0 importance=125 fdCount=157
  procStatus VmRSS=3126676 kB VmHWM=6251196 kB VmSize=21987100 kB VmSwap=990044 kB Threads=32 FDSize=512
2026-05-30 16:11:45.151 pid=1540 [model-load] Loading configuration: Qwen3.5 2B MTP
2026-05-30 16:11:45.779 pid=1540 [runtime-memory] Before model load model=Qwen3.5-2B-Q8_0.gguf
  javaUsed=4.4MB javaTotal=11.5MB javaMax=256.0MB nativeHeap=1.5GB nativeHeapFree=81.8MB nativeHeapSize=1.6GB
  pssTotal=996.6MB privateDirty=22.9MB sharedDirty=51.8MB nativePss=14.6MB dalvikPss=4.5MB otherPss=12.4MB
  systemAvail=14.8GB systemThreshold=216.0MB lowMemory=false trimLevel=0 importance=125 fdCount=157
  procStatus VmRSS=187912 kB VmHWM=6251196 kB VmSize=18960872 kB VmSwap=990044 kB Threads=32 FDSize=512
2026-05-30 16:11:45.874 pid=1540 [runtime-memory] After model load cleanup model=Qwen3.5-2B-Q8_0.gguf
  javaUsed=3.6MB javaTotal=11.5MB javaMax=256.0MB nativeHeap=1.5GB nativeHeapFree=81.8MB nativeHeapSize=1.6GB
  pssTotal=996.5MB privateDirty=22.9MB sharedDirty=51.8MB nativePss=14.7MB dalvikPss=4.3MB otherPss=12.4MB
  systemAvail=14.8GB systemThreshold=216.0MB lowMemory=false trimLevel=0 importance=125 fdCount=157
  procStatus VmRSS=188076 kB VmHWM=6251196 kB VmSize=18960872 kB VmSwap=990044 kB Threads=32 FDSize=512
2026-05-30 16:11:49.078 pid=1540 [model-load-complete] config=Qwen3.5 2B MTP model=Qwen3.5-2B-Q8_0.gguf mmproj=(none)
  javaUsed=3.7MB javaTotal=11.5MB javaMax=256.0MB nativeHeap=3.8GB nativeHeapFree=40.6MB nativeHeapSize=3.8GB
  pssTotal=3.0GB privateDirty=2.1GB sharedDirty=51.8MB nativePss=2.1GB dalvikPss=4.4MB otherPss=12.4MB
  systemAvail=12.8GB systemThreshold=216.0MB lowMemory=false trimLevel=0 importance=125 fdCount=157
  procStatus VmRSS=2334724 kB VmHWM=6251196 kB VmSize=21189796 kB VmSwap=990044 kB Threads=32 FDSize=512
2026-05-30 16:11:49.149 pid=1540 [generation-start] id=37 config=Qwen3.5 2B MTP model=Qwen3.5-2B-Q8_0.gguf promptLen=1051 mediaCount=0
  javaUsed=3.7MB javaTotal=11.5MB javaMax=256.0MB nativeHeap=3.8GB nativeHeapFree=40.6MB nativeHeapSize=3.8GB
  pssTotal=3.0GB privateDirty=2.1GB sharedDirty=51.8MB nativePss=2.1GB dalvikPss=2.5MB otherPss=12.5MB
  systemAvail=12.8GB systemThreshold=216.0MB lowMemory=false trimLevel=0 importance=125 fdCount=157
  procStatus VmRSS=2332852 kB VmHWM=6251196 kB VmSize=21189796 kB VmSwap=990044 kB Threads=32 FDSize=512
2026-05-30 16:11:49.199 pid=1540 [generation-stage] id=37 stage=native-call-start
2026-05-30 16:12:26.781 pid=1540 [generation-stage] id=37 stage=native-call-end resultLen=137
2026-05-30 16:12:26.781 pid=1540 [generation-end] id=37 resultLen=137
  javaUsed=3.9MB javaTotal=11.5MB javaMax=256.0MB nativeHeap=3.8GB nativeHeapFree=40.5MB nativeHeapSize=3.8GB
  pssTotal=3.0GB privateDirty=2.1GB sharedDirty=51.8MB nativePss=2.1GB dalvikPss=2.6MB otherPss=12.5MB
  systemAvail=12.9GB systemThreshold=216.0MB lowMemory=false trimLevel=0 importance=125 fdCount=157
  procStatus VmRSS=2327432 kB VmHWM=6251196 kB VmSize=21189796 kB VmSwap=990044 kB Threads=32 FDSize=512
2026-05-30 16:12:26.831 pid=1540 [model-load] Loading configuration: Qwen3.5 2B MTP
2026-05-30 16:12:26.831 pid=1540 [model-load-skip] config=Qwen3.5 2B MTP model already loaded
  javaUsed=4.2MB javaTotal=11.5MB javaMax=256.0MB nativeHeap=3.8GB nativeHeapFree=40.5MB nativeHeapSize=3.8GB
  pssTotal=3.0GB privateDirty=2.1GB sharedDirty=51.8MB nativePss=2.1GB dalvikPss=2.8MB otherPss=12.5MB
  systemAvail=12.9GB systemThreshold=216.0MB lowMemory=false trimLevel=0 importance=125 fdCount=157
  procStatus VmRSS=2327560 kB VmHWM=6251196 kB VmSize=21189796 kB VmSwap=990044 kB Threads=32 FDSize=512
2026-05-30 16:12:26.881 pid=1540 [generation-start] id=38 config=Qwen3.5 2B MTP model=Qwen3.5-2B-Q8_0.gguf promptLen=1051 mediaCount=0
  javaUsed=4.4MB javaTotal=11.5MB javaMax=256.0MB nativeHeap=3.8GB nativeHeapFree=40.5MB nativeHeapSize=3.8GB
  pssTotal=3.0GB privateDirty=2.1GB sharedDirty=51.8MB nativePss=2.1GB dalvikPss=2.9MB otherPss=12.5MB
  systemAvail=12.9GB systemThreshold=216.0MB lowMemory=false trimLevel=0 importance=125 fdCount=157
  procStatus VmRSS=2327688 kB VmHWM=6251196 kB VmSize=21189796 kB VmSwap=990044 kB Threads=32 FDSize=512
2026-05-30 16:12:26.929 pid=1540 [generation-stage] id=38 stage=native-call-start
2026-05-30 16:13:00.373 pid=1540 [generation-stage] id=38 stage=native-call-end resultLen=22
2026-05-30 16:13:00.374 pid=1540 [generation-end] id=38 resultLen=22
  javaUsed=4.5MB javaTotal=11.5MB javaMax=256.0MB nativeHeap=3.8GB nativeHeapFree=40.5MB nativeHeapSize=3.8GB
  pssTotal=3.0GB privateDirty=2.1GB sharedDirty=51.8MB nativePss=2.1GB dalvikPss=3.1MB otherPss=12.4MB
  systemAvail=12.7GB systemThreshold=216.0MB lowMemory=false trimLevel=0 importance=125 fdCount=157
  procStatus VmRSS=2327932 kB VmHWM=2328064 kB VmSize=21189796 kB VmSwap=990044 kB Threads=32 FDSize=512
2026-05-30 16:13:00.914 pid=1540 [model-load] Loading configuration: Qwen3.5 2B
2026-05-30 16:13:01.246 pid=1540 [runtime-memory] Before model load model=Qwen3.5-2B-UD-Q8_K_XL.gguf
  javaUsed=4.8MB javaTotal=11.5MB javaMax=256.0MB nativeHeap=1.5GB nativeHeapFree=81.7MB nativeHeapSize=1.6GB
  pssTotal=995.4MB privateDirty=21.8MB sharedDirty=51.8MB nativePss=14.7MB dalvikPss=3.3MB otherPss=12.4MB
  systemAvail=14.8GB systemThreshold=216.0MB lowMemory=false trimLevel=0 importance=125 fdCount=157
  procStatus VmRSS=186600 kB VmHWM=2328064 kB VmSize=18960872 kB VmSwap=990044 kB Threads=32 FDSize=512
2026-05-30 16:13:01.307 pid=1540 [runtime-memory] After model load cleanup model=Qwen3.5-2B-UD-Q8_K_XL.gguf
  javaUsed=3.6MB javaTotal=11.5MB javaMax=256.0MB nativeHeap=1.5GB nativeHeapFree=81.8MB nativeHeapSize=1.6GB
  pssTotal=996.6MB privateDirty=23.0MB sharedDirty=51.8MB nativePss=14.8MB dalvikPss=4.4MB otherPss=12.4MB
  systemAvail=14.7GB systemThreshold=216.0MB lowMemory=false trimLevel=0 importance=125 fdCount=157
  procStatus VmRSS=187864 kB VmHWM=2328064 kB VmSize=18960872 kB VmSwap=990044 kB Threads=32 FDSize=512
2026-05-30 16:13:04.518 pid=1540 [model-load-complete] config=Qwen3.5 2B model=Qwen3.5-2B-UD-Q8_K_XL.gguf mmproj=(none)
  javaUsed=3.7MB javaTotal=11.5MB javaMax=256.0MB nativeHeap=4.5GB nativeHeapFree=40.6MB nativeHeapSize=4.6GB
  pssTotal=3.8GB privateDirty=2.8GB sharedDirty=51.8MB nativePss=2.8GB dalvikPss=4.4MB otherPss=12.4MB
  systemAvail=12.0GB systemThreshold=216.0MB lowMemory=false trimLevel=0 importance=125 fdCount=157
  procStatus VmRSS=3132116 kB VmHWM=3132116 kB VmSize=21987100 kB VmSwap=990044 kB Threads=32 FDSize=512
2026-05-30 16:13:04.575 pid=1540 [generation-start] id=39 config=Qwen3.5 2B model=Qwen3.5-2B-UD-Q8_K_XL.gguf promptLen=1060 mediaCount=0
  javaUsed=3.9MB javaTotal=11.5MB javaMax=256.0MB nativeHeap=4.5GB nativeHeapFree=40.6MB nativeHeapSize=4.6GB
  pssTotal=3.8GB privateDirty=2.8GB sharedDirty=51.8MB nativePss=2.8GB dalvikPss=4.4MB otherPss=12.4MB
  systemAvail=12.0GB systemThreshold=216.0MB lowMemory=false trimLevel=0 importance=125 fdCount=157
  procStatus VmRSS=3132116 kB VmHWM=3132116 kB VmSize=21987100 kB VmSwap=990044 kB Threads=32 FDSize=512
2026-05-30 16:13:04.629 pid=1540 [generation-stage] id=39 stage=native-call-start
2026-05-30 16:13:50.200 pid=1540 [generation-stage] id=39 stage=native-call-end resultLen=113
2026-05-30 16:13:50.200 pid=1540 [generation-end] id=39 resultLen=113
  javaUsed=4.1MB javaTotal=11.5MB javaMax=256.0MB nativeHeap=4.5GB nativeHeapFree=40.5MB nativeHeapSize=4.6GB
  pssTotal=3.8GB privateDirty=2.8GB sharedDirty=51.8MB nativePss=2.8GB dalvikPss=4.4MB otherPss=12.4MB
  systemAvail=12.0GB systemThreshold=216.0MB lowMemory=false trimLevel=0 importance=125 fdCount=157
  procStatus VmRSS=3126696 kB VmHWM=3138616 kB VmSize=21987100 kB VmSwap=990044 kB Threads=32 FDSize=512
2026-05-30 16:13:50.785 pid=1540 [model-load] Loading configuration: Qwen3.5 2B MTP
2026-05-30 16:13:51.210 pid=1540 [runtime-memory] Before model load model=Qwen3.5-2B-Q8_0.gguf
  javaUsed=3.6MB javaTotal=11.5MB javaMax=256.0MB nativeHeap=1.5GB nativeHeapFree=81.8MB nativeHeapSize=1.6GB
  pssTotal=994.4MB privateDirty=20.8MB sharedDirty=51.8MB nativePss=14.6MB dalvikPss=2.4MB otherPss=12.4MB
  systemAvail=14.8GB systemThreshold=216.0MB lowMemory=false trimLevel=0 importance=125 fdCount=157
  procStatus VmRSS=185896 kB VmHWM=3138616 kB VmSize=18960872 kB VmSwap=990044 kB Threads=32 FDSize=512
2026-05-30 16:13:51.270 pid=1540 [runtime-memory] After model load cleanup model=Qwen3.5-2B-Q8_0.gguf
  javaUsed=3.6MB javaTotal=11.5MB javaMax=256.0MB nativeHeap=1.5GB nativeHeapFree=81.8MB nativeHeapSize=1.6GB
  pssTotal=996.5MB privateDirty=22.9MB sharedDirty=51.8MB nativePss=14.7MB dalvikPss=4.3MB otherPss=12.4MB
  systemAvail=14.8GB systemThreshold=216.0MB lowMemory=false trimLevel=0 importance=125 fdCount=157
  procStatus VmRSS=188112 kB VmHWM=3138616 kB VmSize=18960872 kB VmSwap=990044 kB Threads=32 FDSize=512
2026-05-30 16:13:54.838 pid=1540 [model-load-complete] config=Qwen3.5 2B MTP model=Qwen3.5-2B-Q8_0.gguf mmproj=(none)
  javaUsed=3.7MB javaTotal=11.5MB javaMax=256.0MB nativeHeap=3.8GB nativeHeapFree=40.6MB nativeHeapSize=3.8GB
  pssTotal=3.0GB privateDirty=2.1GB sharedDirty=51.8MB nativePss=2.1GB dalvikPss=4.4MB otherPss=12.4MB
  systemAvail=12.8GB systemThreshold=216.0MB lowMemory=false trimLevel=0 importance=125 fdCount=157
  procStatus VmRSS=2334392 kB VmHWM=3138616 kB VmSize=21189796 kB VmSwap=990044 kB Threads=32 FDSize=512
2026-05-30 16:13:54.938 pid=1540 [generation-start] id=40 config=Qwen3.5 2B MTP model=Qwen3.5-2B-Q8_0.gguf promptLen=1054 mediaCount=0
  javaUsed=3.9MB javaTotal=11.5MB javaMax=256.0MB nativeHeap=3.8GB nativeHeapFree=40.6MB nativeHeapSize=3.8GB
  pssTotal=3.0GB privateDirty=2.1GB sharedDirty=51.8MB nativePss=2.1GB dalvikPss=4.4MB otherPss=12.4MB
  systemAvail=12.8GB systemThreshold=216.0MB lowMemory=false trimLevel=0 importance=125 fdCount=157
  procStatus VmRSS=2334520 kB VmHWM=3138616 kB VmSize=21189796 kB VmSwap=990044 kB Threads=32 FDSize=512
2026-05-30 16:13:55.020 pid=1540 [generation-stage] id=40 stage=native-call-start
2026-05-30 16:14:48.114 pid=1540 [generation-stage] id=40 stage=native-call-end resultLen=227
2026-05-30 16:14:48.115 pid=1540 [generation-end] id=40 resultLen=227
  javaUsed=4.1MB javaTotal=11.5MB javaMax=256.0MB nativeHeap=3.8GB nativeHeapFree=40.5MB nativeHeapSize=3.8GB
  pssTotal=3.0GB privateDirty=2.1GB sharedDirty=51.8MB nativePss=2.1GB dalvikPss=4.4MB otherPss=12.4MB
  systemAvail=12.8GB systemThreshold=216.0MB lowMemory=false trimLevel=0 importance=125 fdCount=157
  procStatus VmRSS=2329492 kB VmHWM=3138616 kB VmSize=21189796 kB VmSwap=990044 kB Threads=32 FDSize=512
2026-05-30 16:14:49.013 pid=1540 [model-load] Loading configuration: Qwen3.5 2B
2026-05-30 16:14:49.341 pid=1540 [runtime-memory] Before model load model=Qwen3.5-2B-UD-Q8_K_XL.gguf
  javaUsed=4.4MB javaTotal=11.5MB javaMax=256.0MB nativeHeap=1.5GB nativeHeapFree=81.8MB nativeHeapSize=1.6GB
  pssTotal=996.6MB privateDirty=23.0MB sharedDirty=51.8MB nativePss=14.7MB dalvikPss=4.5MB otherPss=12.4MB
  systemAvail=14.8GB systemThreshold=216.0MB lowMemory=false trimLevel=0 importance=125 fdCount=157
  procStatus VmRSS=187928 kB VmHWM=3138616 kB VmSize=18960872 kB VmSwap=990044 kB Threads=32 FDSize=512
2026-05-30 16:14:49.413 pid=1540 [runtime-memory] After model load cleanup model=Qwen3.5-2B-UD-Q8_K_XL.gguf
  javaUsed=3.6MB javaTotal=11.5MB javaMax=256.0MB nativeHeap=1.5GB nativeHeapFree=81.8MB nativeHeapSize=1.6GB
  pssTotal=996.5MB privateDirty=23.0MB sharedDirty=51.8MB nativePss=14.7MB dalvikPss=4.4MB otherPss=12.4MB
  systemAvail=14.8GB systemThreshold=216.0MB lowMemory=false trimLevel=0 importance=125 fdCount=157
  procStatus VmRSS=187844 kB VmHWM=3138616 kB VmSize=18960872 kB VmSwap=990044 kB Threads=32 FDSize=512
2026-05-30 16:14:54.406 pid=1540 [model-load-complete] config=Qwen3.5 2B model=Qwen3.5-2B-UD-Q8_K_XL.gguf mmproj=(none)
  javaUsed=3.7MB javaTotal=11.5MB javaMax=256.0MB nativeHeap=4.5GB nativeHeapFree=40.6MB nativeHeapSize=4.6GB
  pssTotal=3.8GB privateDirty=2.8GB sharedDirty=51.8MB nativePss=2.8GB dalvikPss=4.4MB otherPss=12.4MB
  systemAvail=12.3GB systemThreshold=216.0MB lowMemory=false trimLevel=0 importance=125 fdCount=157
  procStatus VmRSS=3131776 kB VmHWM=3138616 kB VmSize=21987100 kB VmSwap=990044 kB Threads=32 FDSize=512
2026-05-30 16:14:54.513 pid=1540 [generation-start] id=41 config=Qwen3.5 2B model=Qwen3.5-2B-UD-Q8_K_XL.gguf promptLen=1063 mediaCount=0
  javaUsed=3.9MB javaTotal=11.5MB javaMax=256.0MB nativeHeap=4.5GB nativeHeapFree=40.6MB nativeHeapSize=4.6GB
  pssTotal=3.8GB privateDirty=2.8GB sharedDirty=51.8MB nativePss=2.8GB dalvikPss=4.4MB otherPss=12.4MB
  systemAvail=12.3GB systemThreshold=216.0MB lowMemory=false trimLevel=0 importance=125 fdCount=157
  procStatus VmRSS=3131776 kB VmHWM=3138616 kB VmSize=21987100 kB VmSwap=990044 kB Threads=32 FDSize=512
2026-05-30 16:14:54.610 pid=1540 [generation-stage] id=41 stage=native-call-start
2026-05-30 16:15:55.123 pid=1540 [generation-stage] id=41 stage=native-call-end resultLen=148
2026-05-30 16:15:55.123 pid=1540 [generation-end] id=41 resultLen=148
  javaUsed=4.1MB javaTotal=11.5MB javaMax=256.0MB nativeHeap=4.5GB nativeHeapFree=40.5MB nativeHeapSize=4.6GB
  pssTotal=3.8GB privateDirty=2.8GB sharedDirty=51.8MB nativePss=2.8GB dalvikPss=4.4MB otherPss=12.4MB
  systemAvail=12.2GB systemThreshold=216.0MB lowMemory=false trimLevel=0 importance=125 fdCount=157
  procStatus VmRSS=3126716 kB VmHWM=3138616 kB VmSize=21987100 kB VmSwap=990044 kB Threads=32 FDSize=512
2026-05-30 16:15:55.206 pid=1540 [model-load] Loading configuration: Qwen3.5 2B
2026-05-30 16:15:55.207 pid=1540 [model-load-skip] config=Qwen3.5 2B model already loaded
  javaUsed=4.3MB javaTotal=11.5MB javaMax=256.0MB nativeHeap=4.5GB nativeHeapFree=40.5MB nativeHeapSize=4.6GB
  pssTotal=3.8GB privateDirty=2.8GB sharedDirty=51.8MB nativePss=2.8GB dalvikPss=4.5MB otherPss=12.4MB
  systemAvail=12.2GB systemThreshold=216.0MB lowMemory=false trimLevel=0 importance=125 fdCount=157
  procStatus VmRSS=3126844 kB VmHWM=3138616 kB VmSize=21987100 kB VmSwap=990044 kB Threads=32 FDSize=512
2026-05-30 16:15:55.289 pid=1540 [generation-start] id=42 config=Qwen3.5 2B model=Qwen3.5-2B-UD-Q8_K_XL.gguf promptLen=1063 mediaCount=0
  javaUsed=4.5MB javaTotal=11.5MB javaMax=256.0MB nativeHeap=4.5GB nativeHeapFree=40.5MB nativeHeapSize=4.6GB
  pssTotal=3.8GB privateDirty=2.8GB sharedDirty=51.8MB nativePss=2.8GB dalvikPss=4.5MB otherPss=12.4MB
  systemAvail=12.2GB systemThreshold=216.0MB lowMemory=false trimLevel=0 importance=125 fdCount=157
  procStatus VmRSS=3126844 kB VmHWM=3138616 kB VmSize=21987100 kB VmSwap=990044 kB Threads=32 FDSize=512
2026-05-30 16:15:55.373 pid=1540 [generation-stage] id=42 stage=native-call-start
2026-05-30 16:16:51.750 pid=1540 [generation-stage] id=42 stage=native-call-end resultLen=191
2026-05-30 16:16:51.751 pid=1540 [generation-end] id=42 resultLen=191
  javaUsed=4.7MB javaTotal=11.5MB javaMax=256.0MB nativeHeap=4.5GB nativeHeapFree=40.5MB nativeHeapSize=4.6GB
  pssTotal=3.8GB privateDirty=2.8GB sharedDirty=51.8MB nativePss=2.8GB dalvikPss=4.5MB otherPss=12.4MB
  systemAvail=12.3GB systemThreshold=216.0MB lowMemory=false trimLevel=0 importance=125 fdCount=157
  procStatus VmRSS=3124564 kB VmHWM=3138616 kB VmSize=21987100 kB VmSwap=990044 kB Threads=32 FDSize=512
2026-05-30 16:16:52.562 pid=1540 [model-load] Loading configuration: Qwen3.5 2B MTP
2026-05-30 16:16:52.916 pid=1540 [runtime-memory] Before model load model=Qwen3.5-2B-Q8_0.gguf
  javaUsed=3.9MB javaTotal=11.6MB javaMax=256.0MB nativeHeap=1.5GB nativeHeapFree=81.8MB nativeHeapSize=1.6GB
  pssTotal=994.6MB privateDirty=21.1MB sharedDirty=51.8MB nativePss=14.6MB dalvikPss=2.6MB otherPss=12.4MB
  systemAvail=15.1GB systemThreshold=216.0MB lowMemory=false trimLevel=0 importance=125 fdCount=157
  procStatus VmRSS=185840 kB VmHWM=3138616 kB VmSize=18960872 kB VmSwap=990044 kB Threads=32 FDSize=512
2026-05-30 16:16:52.966 pid=1540 [runtime-memory] After model load cleanup model=Qwen3.5-2B-Q8_0.gguf
  javaUsed=3.6MB javaTotal=11.5MB javaMax=256.0MB nativeHeap=1.5GB nativeHeapFree=81.8MB nativeHeapSize=1.6GB
  pssTotal=996.5MB privateDirty=22.9MB sharedDirty=51.8MB nativePss=14.7MB dalvikPss=4.4MB otherPss=12.4MB
  systemAvail=15.1GB systemThreshold=216.0MB lowMemory=false trimLevel=0 importance=125 fdCount=157
  procStatus VmRSS=187832 kB VmHWM=3138616 kB VmSize=18960872 kB VmSwap=990044 kB Threads=32 FDSize=512
2026-05-30 16:16:56.381 pid=1540 [model-load-complete] config=Qwen3.5 2B MTP model=Qwen3.5-2B-Q8_0.gguf mmproj=(none)
  javaUsed=3.7MB javaTotal=11.5MB javaMax=256.0MB nativeHeap=3.8GB nativeHeapFree=40.6MB nativeHeapSize=3.8GB
  pssTotal=3.0GB privateDirty=2.1GB sharedDirty=51.8MB nativePss=2.1GB dalvikPss=4.4MB otherPss=12.4MB
  systemAvail=13.0GB systemThreshold=216.0MB lowMemory=false trimLevel=0 importance=125 fdCount=157
  procStatus VmRSS=2334688 kB VmHWM=3138616 kB VmSize=21189796 kB VmSwap=990044 kB Threads=32 FDSize=512
2026-05-30 16:16:56.493 pid=1540 [generation-start] id=43 config=Qwen3.5 2B MTP model=Qwen3.5-2B-Q8_0.gguf promptLen=1051 mediaCount=0
  javaUsed=3.7MB javaTotal=11.5MB javaMax=256.0MB nativeHeap=3.8GB nativeHeapFree=40.6MB nativeHeapSize=3.8GB
  pssTotal=3.0GB privateDirty=2.1GB sharedDirty=51.8MB nativePss=2.1GB dalvikPss=2.4MB otherPss=12.4MB
  systemAvail=13.0GB systemThreshold=216.0MB lowMemory=false trimLevel=0 importance=125 fdCount=157
  procStatus VmRSS=2332816 kB VmHWM=3138616 kB VmSize=21189796 kB VmSwap=990044 kB Threads=32 FDSize=512
2026-05-30 16:16:56.573 pid=1540 [generation-stage] id=43 stage=native-call-start
2026-05-30 16:17:31.752 pid=1540 [generation-stage] id=43 stage=native-call-end resultLen=39
2026-05-30 16:17:31.753 pid=1540 [generation-end] id=43 resultLen=39
  javaUsed=3.8MB javaTotal=11.5MB javaMax=256.0MB nativeHeap=3.8GB nativeHeapFree=40.5MB nativeHeapSize=3.8GB
  pssTotal=3.0GB privateDirty=2.1GB sharedDirty=51.8MB nativePss=2.1GB dalvikPss=2.5MB otherPss=12.4MB
  systemAvail=13.0GB systemThreshold=216.0MB lowMemory=false trimLevel=0 importance=125 fdCount=157
  procStatus VmRSS=2327384 kB VmHWM=3138616 kB VmSize=21189796 kB VmSwap=990044 kB Threads=32 FDSize=512
2026-05-30 16:17:32.322 pid=1540 [model-load] Loading configuration: Qwen3.5 2B
2026-05-30 16:17:32.591 pid=1540 [runtime-memory] Before model load model=Qwen3.5-2B-UD-Q8_K_XL.gguf
  javaUsed=4.1MB javaTotal=11.5MB javaMax=256.0MB nativeHeap=1.5GB nativeHeapFree=81.8MB nativeHeapSize=1.6GB
  pssTotal=994.8MB privateDirty=21.2MB sharedDirty=51.8MB nativePss=14.6MB dalvikPss=2.7MB otherPss=12.4MB
  systemAvail=15.0GB systemThreshold=216.0MB lowMemory=false trimLevel=0 importance=125 fdCount=157
  procStatus VmRSS=186016 kB VmHWM=3138616 kB VmSize=18960872 kB VmSwap=990044 kB Threads=32 FDSize=512
2026-05-30 16:17:32.641 pid=1540 [runtime-memory] After model load cleanup model=Qwen3.5-2B-UD-Q8_K_XL.gguf
  javaUsed=3.6MB javaTotal=11.5MB javaMax=256.0MB nativeHeap=1.5GB nativeHeapFree=81.8MB nativeHeapSize=1.6GB
  pssTotal=996.5MB privateDirty=22.9MB sharedDirty=51.8MB nativePss=14.7MB dalvikPss=4.4MB otherPss=12.4MB
  systemAvail=15.0GB systemThreshold=216.0MB lowMemory=false trimLevel=0 importance=125 fdCount=157
  procStatus VmRSS=187828 kB VmHWM=3138616 kB VmSize=18960872 kB VmSwap=990044 kB Threads=32 FDSize=512
2026-05-30 16:17:37.196 pid=1540 [model-load-complete] config=Qwen3.5 2B model=Qwen3.5-2B-UD-Q8_K_XL.gguf mmproj=(none)
  javaUsed=3.7MB javaTotal=11.5MB javaMax=256.0MB nativeHeap=4.5GB nativeHeapFree=40.6MB nativeHeapSize=4.6GB
  pssTotal=3.8GB privateDirty=2.8GB sharedDirty=51.8MB nativePss=2.8GB dalvikPss=4.4MB otherPss=12.4MB
  systemAvail=12.2GB systemThreshold=216.0MB lowMemory=false trimLevel=0 importance=125 fdCount=157
  procStatus VmRSS=3131760 kB VmHWM=3138616 kB VmSize=21987100 kB VmSwap=990044 kB Threads=32 FDSize=512
2026-05-30 16:17:37.304 pid=1540 [generation-start] id=44 config=Qwen3.5 2B model=Qwen3.5-2B-UD-Q8_K_XL.gguf promptLen=1063 mediaCount=0
  javaUsed=3.9MB javaTotal=11.5MB javaMax=256.0MB nativeHeap=4.5GB nativeHeapFree=40.6MB nativeHeapSize=4.6GB
  pssTotal=3.8GB privateDirty=2.8GB sharedDirty=51.8MB nativePss=2.8GB dalvikPss=4.4MB otherPss=12.4MB
  systemAvail=12.2GB systemThreshold=216.0MB lowMemory=false trimLevel=0 importance=125 fdCount=157
  procStatus VmRSS=3131760 kB VmHWM=3138616 kB VmSize=21987100 kB VmSwap=990044 kB Threads=32 FDSize=512
2026-05-30 16:17:37.390 pid=1540 [generation-stage] id=44 stage=native-call-start
2026-05-30 16:18:31.147 pid=1540 [generation-stage] id=44 stage=native-call-end resultLen=168
2026-05-30 16:18:31.148 pid=1540 [generation-end] id=44 resultLen=168
  javaUsed=4.1MB javaTotal=11.5MB javaMax=256.0MB nativeHeap=4.5GB nativeHeapFree=40.5MB nativeHeapSize=4.6GB
  pssTotal=3.8GB privateDirty=2.8GB sharedDirty=51.8MB nativePss=2.8GB dalvikPss=4.4MB otherPss=12.4MB
  systemAvail=12.3GB systemThreshold=216.0MB lowMemory=false trimLevel=0 importance=125 fdCount=157
  procStatus VmRSS=3126456 kB VmHWM=3138616 kB VmSize=21987100 kB VmSwap=990044 kB Threads=32 FDSize=512
2026-05-30 16:18:32.050 pid=1540 [model-load] Loading configuration: Qwen3.5 2B MTP
2026-05-30 16:18:32.402 pid=1540 [runtime-memory] Before model load model=Qwen3.5-2B-Q8_0.gguf
  javaUsed=4.3MB javaTotal=11.5MB javaMax=256.0MB nativeHeap=1.5GB nativeHeapFree=81.8MB nativeHeapSize=1.6GB
  pssTotal=996.5MB privateDirty=22.9MB sharedDirty=51.8MB nativePss=14.6MB dalvikPss=4.5MB otherPss=12.4MB
  systemAvail=15.1GB systemThreshold=216.0MB lowMemory=false trimLevel=0 importance=125 fdCount=157
  procStatus VmRSS=187724 kB VmHWM=3138616 kB VmSize=18960872 kB VmSwap=990044 kB Threads=32 FDSize=512
2026-05-30 16:18:32.452 pid=1540 [runtime-memory] After model load cleanup model=Qwen3.5-2B-Q8_0.gguf
  javaUsed=3.6MB javaTotal=11.5MB javaMax=256.0MB nativeHeap=1.5GB nativeHeapFree=81.8MB nativeHeapSize=1.6GB
  pssTotal=996.5MB privateDirty=22.9MB sharedDirty=51.8MB nativePss=14.7MB dalvikPss=4.4MB otherPss=12.4MB
  systemAvail=15.1GB systemThreshold=216.0MB lowMemory=false trimLevel=0 importance=125 fdCount=157
  procStatus VmRSS=187732 kB VmHWM=3138616 kB VmSize=18960872 kB VmSwap=990044 kB Threads=32 FDSize=512
2026-05-30 16:18:35.845 pid=1540 [model-load-complete] config=Qwen3.5 2B MTP model=Qwen3.5-2B-Q8_0.gguf mmproj=(none)
  javaUsed=3.7MB javaTotal=11.5MB javaMax=256.0MB nativeHeap=3.8GB nativeHeapFree=40.6MB nativeHeapSize=3.8GB
  pssTotal=3.0GB privateDirty=2.1GB sharedDirty=51.8MB nativePss=2.1GB dalvikPss=4.4MB otherPss=12.4MB
  systemAvail=13.0GB systemThreshold=216.0MB lowMemory=false trimLevel=0 importance=125 fdCount=157
  procStatus VmRSS=2334444 kB VmHWM=3138616 kB VmSize=21189796 kB VmSwap=990044 kB Threads=32 FDSize=512
2026-05-30 16:18:35.919 pid=1540 [generation-start] id=45 config=Qwen3.5 2B MTP model=Qwen3.5-2B-Q8_0.gguf promptLen=1045 mediaCount=0
  javaUsed=3.9MB javaTotal=11.5MB javaMax=256.0MB nativeHeap=3.8GB nativeHeapFree=40.6MB nativeHeapSize=3.8GB
  pssTotal=3.0GB privateDirty=2.1GB sharedDirty=51.8MB nativePss=2.1GB dalvikPss=4.4MB otherPss=12.4MB
  systemAvail=13.0GB systemThreshold=216.0MB lowMemory=false trimLevel=0 importance=125 fdCount=157
  procStatus VmRSS=2334572 kB VmHWM=3138616 kB VmSize=21189796 kB VmSwap=990044 kB Threads=32 FDSize=512
2026-05-30 16:18:35.987 pid=1540 [generation-stage] id=45 stage=native-call-start
2026-05-30 16:19:11.419 pid=1540 [generation-stage] id=45 stage=native-call-end resultLen=51
2026-05-30 16:19:11.420 pid=1540 [generation-end] id=45 resultLen=51
  javaUsed=4.1MB javaTotal=11.5MB javaMax=256.0MB nativeHeap=3.8GB nativeHeapFree=40.5MB nativeHeapSize=3.8GB
  pssTotal=3.0GB privateDirty=2.1GB sharedDirty=51.8MB nativePss=2.1GB dalvikPss=4.4MB otherPss=12.4MB
  systemAvail=13.0GB systemThreshold=216.0MB lowMemory=false trimLevel=0 importance=125 fdCount=157
  procStatus VmRSS=2329112 kB VmHWM=3138616 kB VmSize=21189796 kB VmSwap=990044 kB Threads=32 FDSize=512
2026-05-30 16:19:11.496 pid=1540 [model-load] Loading configuration: Qwen3.5 2B MTP
2026-05-30 16:19:11.497 pid=1540 [model-load-skip] config=Qwen3.5 2B MTP model already loaded
  javaUsed=4.3MB javaTotal=11.5MB javaMax=256.0MB nativeHeap=3.8GB nativeHeapFree=40.5MB nativeHeapSize=3.8GB
  pssTotal=3.0GB privateDirty=2.1GB sharedDirty=51.8MB nativePss=2.1GB dalvikPss=4.5MB otherPss=12.4MB
  systemAvail=13.0GB systemThreshold=216.0MB lowMemory=false trimLevel=0 importance=125 fdCount=157
  procStatus VmRSS=2329112 kB VmHWM=3138616 kB VmSize=21189796 kB VmSwap=990044 kB Threads=32 FDSize=512
2026-05-30 16:19:11.568 pid=1540 [generation-start] id=46 config=Qwen3.5 2B MTP model=Qwen3.5-2B-Q8_0.gguf promptLen=1045 mediaCount=0
  javaUsed=4.5MB javaTotal=11.5MB javaMax=256.0MB nativeHeap=3.8GB nativeHeapFree=40.5MB nativeHeapSize=3.8GB
  pssTotal=3.0GB privateDirty=2.1GB sharedDirty=51.8MB nativePss=2.1GB dalvikPss=4.5MB otherPss=12.4MB
  systemAvail=13.0GB systemThreshold=216.0MB lowMemory=false trimLevel=0 importance=125 fdCount=157
  procStatus VmRSS=2329112 kB VmHWM=3138616 kB VmSize=21189796 kB VmSwap=990044 kB Threads=32 FDSize=512
2026-05-30 16:19:11.638 pid=1540 [generation-stage] id=46 stage=native-call-start
2026-05-30 16:19:48.883 pid=1540 [generation-stage] id=46 stage=native-call-end resultLen=73
2026-05-30 16:19:48.884 pid=1540 [generation-end] id=46 resultLen=73
  javaUsed=4.6MB javaTotal=11.5MB javaMax=256.0MB nativeHeap=3.8GB nativeHeapFree=40.5MB nativeHeapSize=3.8GB
  pssTotal=3.0GB privateDirty=2.1GB sharedDirty=51.8MB nativePss=2.1GB dalvikPss=4.5MB otherPss=12.4MB
  systemAvail=13.0GB systemThreshold=216.0MB lowMemory=false trimLevel=0 importance=125 fdCount=157
  procStatus VmRSS=2329368 kB VmHWM=3138616 kB VmSize=21189796 kB VmSwap=990044 kB Threads=32 FDSize=512
2026-05-30 16:19:49.897 pid=1540 [model-load] Loading configuration: Qwen3.5 2B
2026-05-30 16:19:50.167 pid=1540 [runtime-memory] Before model load model=Qwen3.5-2B-UD-Q8_K_XL.gguf
  javaUsed=4.9MB javaTotal=11.5MB javaMax=256.0MB nativeHeap=1.5GB nativeHeapFree=81.7MB nativeHeapSize=1.6GB
  pssTotal=996.6MB privateDirty=23.0MB sharedDirty=51.8MB nativePss=14.7MB dalvikPss=4.5MB otherPss=12.4MB
  systemAvail=15.1GB systemThreshold=216.0MB lowMemory=false trimLevel=0 importance=125 fdCount=157
  procStatus VmRSS=188056 kB VmHWM=3138616 kB VmSize=18960872 kB VmSwap=990044 kB Threads=32 FDSize=512
2026-05-30 16:19:50.217 pid=1540 [runtime-memory] After model load cleanup model=Qwen3.5-2B-UD-Q8_K_XL.gguf
  javaUsed=3.6MB javaTotal=11.5MB javaMax=256.0MB nativeHeap=1.5GB nativeHeapFree=81.8MB nativeHeapSize=1.6GB
  pssTotal=996.5MB privateDirty=22.9MB sharedDirty=51.8MB nativePss=14.7MB dalvikPss=4.3MB otherPss=12.4MB
  systemAvail=15.1GB systemThreshold=216.0MB lowMemory=false trimLevel=0 importance=125 fdCount=157
  procStatus VmRSS=188032 kB VmHWM=3138616 kB VmSize=18960872 kB VmSwap=990044 kB Threads=32 FDSize=512
2026-05-30 16:19:54.785 pid=1540 [model-load-complete] config=Qwen3.5 2B model=Qwen3.5-2B-UD-Q8_K_XL.gguf mmproj=(none)
  javaUsed=3.7MB javaTotal=11.5MB javaMax=256.0MB nativeHeap=4.5GB nativeHeapFree=40.6MB nativeHeapSize=4.6GB
  pssTotal=3.8GB privateDirty=2.8GB sharedDirty=51.8MB nativePss=2.8GB dalvikPss=4.4MB otherPss=12.4MB
  systemAvail=12.2GB systemThreshold=216.0MB lowMemory=false trimLevel=0 importance=125 fdCount=157
  procStatus VmRSS=3132068 kB VmHWM=3138616 kB VmSize=21987100 kB VmSwap=990044 kB Threads=32 FDSize=512
2026-05-30 16:19:54.867 pid=1540 [generation-start] id=47 config=Qwen3.5 2B model=Qwen3.5-2B-UD-Q8_K_XL.gguf promptLen=1060 mediaCount=0
  javaUsed=3.9MB javaTotal=11.5MB javaMax=256.0MB nativeHeap=4.5GB nativeHeapFree=40.6MB nativeHeapSize=4.6GB
  pssTotal=3.8GB privateDirty=2.8GB sharedDirty=51.8MB nativePss=2.8GB dalvikPss=4.4MB otherPss=12.4MB
  systemAvail=12.2GB systemThreshold=216.0MB lowMemory=false trimLevel=0 importance=125 fdCount=157
  procStatus VmRSS=3132068 kB VmHWM=3138616 kB VmSize=21987100 kB VmSwap=990044 kB Threads=32 FDSize=512
2026-05-30 16:19:54.947 pid=1540 [generation-stage] id=47 stage=native-call-start
2026-05-30 16:20:50.567 pid=1540 [generation-stage] id=47 stage=native-call-end resultLen=201
2026-05-30 16:20:50.568 pid=1540 [generation-end] id=47 resultLen=201
  javaUsed=4.1MB javaTotal=11.5MB javaMax=256.0MB nativeHeap=4.5GB nativeHeapFree=40.5MB nativeHeapSize=4.6GB
  pssTotal=3.8GB privateDirty=2.8GB sharedDirty=51.8MB nativePss=2.8GB dalvikPss=4.4MB otherPss=12.4MB
  systemAvail=12.3GB systemThreshold=216.0MB lowMemory=false trimLevel=0 importance=125 fdCount=157
  procStatus VmRSS=3126660 kB VmHWM=3138616 kB VmSize=21987100 kB VmSwap=990044 kB Threads=32 FDSize=512
2026-05-30 16:20:51.288 pid=1540 [model-load] Loading configuration: Qwen3.5 2B
2026-05-30 16:20:51.288 pid=1540 [model-load-skip] config=Qwen3.5 2B model already loaded
  javaUsed=3.8MB javaTotal=11.5MB javaMax=256.0MB nativeHeap=4.5GB nativeHeapFree=40.5MB nativeHeapSize=4.6GB
  pssTotal=3.8GB privateDirty=2.8GB sharedDirty=51.8MB nativePss=2.8GB dalvikPss=2.5MB otherPss=12.4MB
  systemAvail=12.3GB systemThreshold=216.0MB lowMemory=false trimLevel=0 importance=125 fdCount=157
  procStatus VmRSS=3124896 kB VmHWM=3138616 kB VmSize=21987100 kB VmSwap=990044 kB Threads=32 FDSize=512
2026-05-30 16:20:51.356 pid=1540 [generation-start] id=48 config=Qwen3.5 2B model=Qwen3.5-2B-UD-Q8_K_XL.gguf promptLen=1063 mediaCount=0
  javaUsed=4.0MB javaTotal=11.5MB javaMax=256.0MB nativeHeap=4.5GB nativeHeapFree=40.5MB nativeHeapSize=4.6GB
  pssTotal=3.8GB privateDirty=2.8GB sharedDirty=51.8MB nativePss=2.8GB dalvikPss=2.6MB otherPss=12.4MB
  systemAvail=12.3GB systemThreshold=216.0MB lowMemory=false trimLevel=0 importance=125 fdCount=157
  procStatus VmRSS=3125280 kB VmHWM=3138616 kB VmSize=21987100 kB VmSwap=990044 kB Threads=32 FDSize=512
2026-05-30 16:20:51.402 pid=1540 [generation-stage] id=48 stage=native-call-start
2026-05-30 16:21:41.423 pid=1540 [generation-stage] id=48 stage=native-call-end resultLen=101
2026-05-30 16:21:41.424 pid=1540 [generation-end] id=48 resultLen=101
  javaUsed=4.2MB javaTotal=11.5MB javaMax=256.0MB nativeHeap=4.5GB nativeHeapFree=40.5MB nativeHeapSize=4.6GB
  pssTotal=3.8GB privateDirty=2.8GB sharedDirty=51.8MB nativePss=2.8GB dalvikPss=2.8MB otherPss=12.4MB
  systemAvail=12.3GB systemThreshold=216.0MB lowMemory=false trimLevel=0 importance=125 fdCount=157
  procStatus VmRSS=3125264 kB VmHWM=3138616 kB VmSize=21987100 kB VmSwap=990044 kB Threads=32 FDSize=512
2026-05-30 16:21:42.124 pid=1540 [model-load] Loading configuration: Qwen3.5 2B MTP
2026-05-30 16:21:42.475 pid=1540 [runtime-memory] Before model load model=Qwen3.5-2B-Q8_0.gguf
  javaUsed=4.4MB javaTotal=11.5MB javaMax=256.0MB nativeHeap=1.5GB nativeHeapFree=81.8MB nativeHeapSize=1.6GB
  pssTotal=995.1MB privateDirty=21.5MB sharedDirty=51.8MB nativePss=14.7MB dalvikPss=3.0MB otherPss=12.4MB
  systemAvail=15.0GB systemThreshold=216.0MB lowMemory=false trimLevel=0 importance=125 fdCount=157
  procStatus VmRSS=186644 kB VmHWM=3138616 kB VmSize=18960872 kB VmSwap=990044 kB Threads=32 FDSize=512
2026-05-30 16:21:42.525 pid=1540 [runtime-memory] After model load cleanup model=Qwen3.5-2B-Q8_0.gguf
  javaUsed=3.6MB javaTotal=11.5MB javaMax=256.0MB nativeHeap=1.5GB nativeHeapFree=81.8MB nativeHeapSize=1.6GB
  pssTotal=996.6MB privateDirty=23.0MB sharedDirty=51.8MB nativePss=14.8MB dalvikPss=4.4MB otherPss=12.4MB
  systemAvail=15.0GB systemThreshold=216.0MB lowMemory=false trimLevel=0 importance=125 fdCount=157
  procStatus VmRSS=188236 kB VmHWM=3138616 kB VmSize=18960872 kB VmSwap=990044 kB Threads=32 FDSize=512
2026-05-30 16:21:46.011 pid=1540 [model-load-complete] config=Qwen3.5 2B MTP model=Qwen3.5-2B-Q8_0.gguf mmproj=(none)
  javaUsed=3.7MB javaTotal=11.5MB javaMax=256.0MB nativeHeap=3.8GB nativeHeapFree=40.6MB nativeHeapSize=3.8GB
  pssTotal=3.0GB privateDirty=2.1GB sharedDirty=51.8MB nativePss=2.1GB dalvikPss=4.4MB otherPss=12.4MB
  systemAvail=13.0GB systemThreshold=216.0MB lowMemory=false trimLevel=0 importance=125 fdCount=157
  procStatus VmRSS=2334992 kB VmHWM=3138616 kB VmSize=21189796 kB VmSwap=990044 kB Threads=32 FDSize=512
2026-05-30 16:21:46.085 pid=1540 [generation-start] id=49 config=Qwen3.5 2B MTP model=Qwen3.5-2B-Q8_0.gguf promptLen=1036 mediaCount=0
  javaUsed=3.9MB javaTotal=11.5MB javaMax=256.0MB nativeHeap=3.8GB nativeHeapFree=40.6MB nativeHeapSize=3.8GB
  pssTotal=3.0GB privateDirty=2.1GB sharedDirty=51.8MB nativePss=2.1GB dalvikPss=4.4MB otherPss=12.4MB
  systemAvail=13.0GB systemThreshold=216.0MB lowMemory=false trimLevel=0 importance=125 fdCount=157
  procStatus VmRSS=2334992 kB VmHWM=3138616 kB VmSize=21189796 kB VmSwap=990044 kB Threads=32 FDSize=512
2026-05-30 16:21:46.156 pid=1540 [generation-stage] id=49 stage=native-call-start
2026-05-30 16:22:21.090 pid=1540 [generation-stage] id=49 stage=native-call-end resultLen=52
2026-05-30 16:22:21.090 pid=1540 [generation-end] id=49 resultLen=52
  javaUsed=4.1MB javaTotal=11.5MB javaMax=256.0MB nativeHeap=3.8GB nativeHeapFree=40.5MB nativeHeapSize=3.8GB
  pssTotal=3.0GB privateDirty=2.1GB sharedDirty=51.8MB nativePss=2.1GB dalvikPss=4.4MB otherPss=12.4MB
  systemAvail=13.0GB systemThreshold=216.0MB lowMemory=false trimLevel=0 importance=125 fdCount=157
  procStatus VmRSS=2329388 kB VmHWM=3138616 kB VmSize=21189796 kB VmSwap=990044 kB Threads=32 FDSize=512
2026-05-30 16:22:21.161 pid=1540 [model-load] Loading configuration: Qwen3.5 2B MTP
2026-05-30 16:22:21.161 pid=1540 [model-load-skip] config=Qwen3.5 2B MTP model already loaded
  javaUsed=4.3MB javaTotal=11.5MB javaMax=256.0MB nativeHeap=3.8GB nativeHeapFree=40.5MB nativeHeapSize=3.8GB
  pssTotal=3.0GB privateDirty=2.1GB sharedDirty=51.8MB nativePss=2.1GB dalvikPss=4.5MB otherPss=12.4MB
  systemAvail=13.0GB systemThreshold=216.0MB lowMemory=false trimLevel=0 importance=125 fdCount=157
  procStatus VmRSS=2329388 kB VmHWM=3138616 kB VmSize=21189796 kB VmSwap=990044 kB Threads=32 FDSize=512
2026-05-30 16:22:21.229 pid=1540 [generation-start] id=50 config=Qwen3.5 2B MTP model=Qwen3.5-2B-Q8_0.gguf promptLen=1036 mediaCount=0
  javaUsed=4.5MB javaTotal=11.5MB javaMax=256.0MB nativeHeap=3.8GB nativeHeapFree=40.5MB nativeHeapSize=3.8GB
  pssTotal=3.0GB privateDirty=2.1GB sharedDirty=51.8MB nativePss=2.1GB dalvikPss=4.5MB otherPss=12.4MB
  systemAvail=13.0GB systemThreshold=216.0MB lowMemory=false trimLevel=0 importance=125 fdCount=157
  procStatus VmRSS=2329388 kB VmHWM=3138616 kB VmSize=21189796 kB VmSwap=990044 kB Threads=32 FDSize=512
2026-05-30 16:22:21.300 pid=1540 [generation-stage] id=50 stage=native-call-start
2026-05-30 16:22:56.519 pid=1540 [generation-stage] id=50 stage=native-call-end resultLen=56
2026-05-30 16:22:56.519 pid=1540 [generation-end] id=50 resultLen=56
  javaUsed=4.6MB javaTotal=11.5MB javaMax=256.0MB nativeHeap=3.8GB nativeHeapFree=40.5MB nativeHeapSize=3.8GB
  pssTotal=3.0GB privateDirty=2.1GB sharedDirty=51.8MB nativePss=2.1GB dalvikPss=4.5MB otherPss=12.4MB
  systemAvail=13.0GB systemThreshold=216.0MB lowMemory=false trimLevel=0 importance=125 fdCount=157
  procStatus VmRSS=2329516 kB VmHWM=3138616 kB VmSize=21189796 kB VmSwap=990044 kB Threads=32 FDSize=512
2026-05-30 16:22:56.608 pid=1540 [model-load] Loading configuration: Qwen3.5 2B MTP
2026-05-30 16:22:56.608 pid=1540 [model-load-skip] config=Qwen3.5 2B MTP model already loaded
  javaUsed=3.7MB javaTotal=11.5MB javaMax=256.0MB nativeHeap=3.8GB nativeHeapFree=40.5MB nativeHeapSize=3.8GB
  pssTotal=3.0GB privateDirty=2.1GB sharedDirty=51.8MB nativePss=2.1GB dalvikPss=4.4MB otherPss=12.4MB
  systemAvail=13.0GB systemThreshold=216.0MB lowMemory=false trimLevel=0 importance=125 fdCount=157
  procStatus VmRSS=2329388 kB VmHWM=3138616 kB VmSize=21189796 kB VmSwap=990044 kB Threads=32 FDSize=512
2026-05-30 16:22:56.681 pid=1540 [generation-start] id=51 config=Qwen3.5 2B MTP model=Qwen3.5-2B-Q8_0.gguf promptLen=1036 mediaCount=0
  javaUsed=3.9MB javaTotal=11.5MB javaMax=256.0MB nativeHeap=3.8GB nativeHeapFree=40.5MB nativeHeapSize=3.8GB
  pssTotal=3.0GB privateDirty=2.1GB sharedDirty=51.8MB nativePss=2.1GB dalvikPss=4.5MB otherPss=12.4MB
  systemAvail=13.0GB systemThreshold=216.0MB lowMemory=false trimLevel=0 importance=125 fdCount=157
  procStatus VmRSS=2329388 kB VmHWM=3138616 kB VmSize=21189796 kB VmSwap=990044 kB Threads=32 FDSize=512
2026-05-30 16:22:56.749 pid=1540 [generation-stage] id=51 stage=native-call-start
2026-05-30 16:23:31.357 pid=1540 [generation-stage] id=51 stage=native-call-end resultLen=43
2026-05-30 16:23:31.357 pid=1540 [generation-end] id=51 resultLen=43
  javaUsed=4.1MB javaTotal=11.5MB javaMax=256.0MB nativeHeap=3.8GB nativeHeapFree=40.5MB nativeHeapSize=3.8GB
  pssTotal=3.0GB privateDirty=2.1GB sharedDirty=51.8MB nativePss=2.1GB dalvikPss=4.5MB otherPss=12.4MB
  systemAvail=13.0GB systemThreshold=216.0MB lowMemory=false trimLevel=0 importance=125 fdCount=157
  procStatus VmRSS=2329388 kB VmHWM=3138616 kB VmSize=21189796 kB VmSwap=990044 kB Threads=32 FDSize=512
2026-05-30 16:23:31.934 pid=1540 [model-load] Loading configuration: Qwen3.5 2B
2026-05-30 16:23:32.210 pid=1540 [runtime-memory] Before model load model=Qwen3.5-2B-UD-Q8_K_XL.gguf
  javaUsed=4.4MB javaTotal=11.5MB javaMax=256.0MB nativeHeap=1.5GB nativeHeapFree=81.8MB nativeHeapSize=1.6GB
  pssTotal=996.6MB privateDirty=23.0MB sharedDirty=51.8MB nativePss=14.7MB dalvikPss=4.5MB otherPss=12.4MB
  systemAvail=15.1GB systemThreshold=216.0MB lowMemory=false trimLevel=0 importance=125 fdCount=157
  procStatus VmRSS=188068 kB VmHWM=3138616 kB VmSize=18960872 kB VmSwap=990044 kB Threads=32 FDSize=512
2026-05-30 16:23:32.260 pid=1540 [runtime-memory] After model load cleanup model=Qwen3.5-2B-UD-Q8_K_XL.gguf
  javaUsed=3.6MB javaTotal=11.5MB javaMax=256.0MB nativeHeap=1.5GB nativeHeapFree=81.8MB nativeHeapSize=1.6GB
  pssTotal=996.6MB privateDirty=23.0MB sharedDirty=51.8MB nativePss=14.8MB dalvikPss=4.3MB otherPss=12.4MB
  systemAvail=15.1GB systemThreshold=216.0MB lowMemory=false trimLevel=0 importance=125 fdCount=157
  procStatus VmRSS=188080 kB VmHWM=3138616 kB VmSize=18960872 kB VmSwap=990044 kB Threads=32 FDSize=512
2026-05-30 16:23:36.864 pid=1540 [model-load-complete] config=Qwen3.5 2B model=Qwen3.5-2B-UD-Q8_K_XL.gguf mmproj=(none)
  javaUsed=3.7MB javaTotal=11.5MB javaMax=256.0MB nativeHeap=4.5GB nativeHeapFree=40.6MB nativeHeapSize=4.6GB
  pssTotal=3.8GB privateDirty=2.8GB sharedDirty=51.8MB nativePss=2.8GB dalvikPss=4.4MB otherPss=12.4MB
  systemAvail=12.3GB systemThreshold=216.0MB lowMemory=false trimLevel=0 importance=125 fdCount=157
  procStatus VmRSS=3131924 kB VmHWM=3138616 kB VmSize=21987100 kB VmSwap=990044 kB Threads=32 FDSize=512
2026-05-30 16:23:36.968 pid=1540 [generation-start] id=52 config=Qwen3.5 2B model=Qwen3.5-2B-UD-Q8_K_XL.gguf promptLen=1060 mediaCount=0
  javaUsed=3.9MB javaTotal=11.5MB javaMax=256.0MB nativeHeap=4.5GB nativeHeapFree=40.6MB nativeHeapSize=4.6GB
  pssTotal=3.8GB privateDirty=2.8GB sharedDirty=51.8MB nativePss=2.8GB dalvikPss=4.4MB otherPss=12.4MB
  systemAvail=12.3GB systemThreshold=216.0MB lowMemory=false trimLevel=0 importance=125 fdCount=157
  procStatus VmRSS=3132052 kB VmHWM=3138616 kB VmSize=21987100 kB VmSwap=990044 kB Threads=32 FDSize=512
2026-05-30 16:23:37.046 pid=1540 [generation-stage] id=52 stage=native-call-start
2026-05-30 16:24:55.564 pid=1540 [generation-stage] id=52 stage=native-call-end resultLen=53
2026-05-30 16:24:55.565 pid=1540 [generation-end] id=52 resultLen=53
  javaUsed=4.1MB javaTotal=11.5MB javaMax=256.0MB nativeHeap=4.5GB nativeHeapFree=40.5MB nativeHeapSize=4.6GB
  pssTotal=3.8GB privateDirty=2.8GB sharedDirty=51.8MB nativePss=2.8GB dalvikPss=4.4MB otherPss=12.5MB
  systemAvail=12.4GB systemThreshold=216.0MB lowMemory=false trimLevel=0 importance=125 fdCount=157
  procStatus VmRSS=3127012 kB VmHWM=3138616 kB VmSize=21987100 kB VmSwap=990044 kB Threads=32 FDSize=512
2026-05-30 16:49:43.833 pid=1540 [model-load] Loading configuration: Qwen3.5 2B MTP
2026-05-30 16:49:44.097 pid=1540 [runtime-memory] Before model load model=Qwen3.5-2B-Q8_0.gguf
  javaUsed=4.4MB javaTotal=11.5MB javaMax=256.0MB nativeHeap=1.5GB nativeHeapFree=81.8MB nativeHeapSize=1.6GB
  pssTotal=996.5MB privateDirty=23.0MB sharedDirty=51.8MB nativePss=14.7MB dalvikPss=4.5MB otherPss=12.4MB
  systemAvail=14.8GB systemThreshold=216.0MB lowMemory=false trimLevel=0 importance=125 fdCount=157
  procStatus VmRSS=187956 kB VmHWM=3138616 kB VmSize=18960872 kB VmSwap=990044 kB Threads=32 FDSize=512
2026-05-30 16:49:44.126 pid=1540 [runtime-memory] After model load cleanup model=Qwen3.5-2B-Q8_0.gguf
  javaUsed=3.6MB javaTotal=11.5MB javaMax=256.0MB nativeHeap=1.5GB nativeHeapFree=81.8MB nativeHeapSize=1.6GB
  pssTotal=996.5MB privateDirty=23.0MB sharedDirty=51.8MB nativePss=14.8MB dalvikPss=4.3MB otherPss=12.4MB
  systemAvail=14.8GB systemThreshold=216.0MB lowMemory=false trimLevel=0 importance=125 fdCount=157
  procStatus VmRSS=188128 kB VmHWM=3138616 kB VmSize=18960872 kB VmSwap=990044 kB Threads=32 FDSize=512
2026-05-30 16:49:45.458 pid=1540 [model-load-complete] config=Qwen3.5 2B MTP model=Qwen3.5-2B-Q8_0.gguf mmproj=(none)
  javaUsed=3.7MB javaTotal=11.5MB javaMax=256.0MB nativeHeap=3.8GB nativeHeapFree=40.7MB nativeHeapSize=3.8GB
  pssTotal=3.0GB privateDirty=2.1GB sharedDirty=51.8MB nativePss=2.1GB dalvikPss=4.4MB otherPss=12.4MB
  systemAvail=12.9GB systemThreshold=216.0MB lowMemory=false trimLevel=0 importance=125 fdCount=157
  procStatus VmRSS=2335204 kB VmHWM=3138616 kB VmSize=21189796 kB VmSwap=990044 kB Threads=32 FDSize=512
2026-05-30 16:49:45.483 pid=1540 [generation-start] id=53 config=Qwen3.5 2B MTP model=Qwen3.5-2B-Q8_0.gguf promptLen=1039 mediaCount=0
  javaUsed=3.9MB javaTotal=11.5MB javaMax=256.0MB nativeHeap=3.8GB nativeHeapFree=40.7MB nativeHeapSize=3.8GB
  pssTotal=3.0GB privateDirty=2.1GB sharedDirty=51.8MB nativePss=2.1GB dalvikPss=4.4MB otherPss=12.4MB
  systemAvail=12.9GB systemThreshold=216.0MB lowMemory=false trimLevel=0 importance=125 fdCount=157
  procStatus VmRSS=2335204 kB VmHWM=3138616 kB VmSize=21189796 kB VmSwap=990044 kB Threads=32 FDSize=512
2026-05-30 16:49:45.528 pid=1540 [generation-stage] id=53 stage=native-call-start
2026-05-30 16:50:23.695 pid=1540 [generation-stage] id=53 stage=native-call-end resultLen=116
2026-05-30 16:50:23.696 pid=1540 [generation-end] id=53 resultLen=116
  javaUsed=3.8MB javaTotal=11.5MB javaMax=256.0MB nativeHeap=3.8GB nativeHeapFree=40.5MB nativeHeapSize=3.8GB
  pssTotal=3.0GB privateDirty=2.1GB sharedDirty=51.8MB nativePss=2.1GB dalvikPss=2.4MB otherPss=12.5MB
  systemAvail=13.2GB systemThreshold=216.0MB lowMemory=false trimLevel=0 importance=125 fdCount=157
  procStatus VmRSS=2327772 kB VmHWM=3138616 kB VmSize=21189796 kB VmSwap=990044 kB Threads=32 FDSize=512
2026-05-30 16:50:23.823 pid=1540 [model-load] Loading configuration: Qwen3.5 2B MTP
2026-05-30 16:50:23.824 pid=1540 [model-load-skip] config=Qwen3.5 2B MTP model already loaded
  javaUsed=4.0MB javaTotal=11.5MB javaMax=256.0MB nativeHeap=3.8GB nativeHeapFree=40.5MB nativeHeapSize=3.8GB
  pssTotal=3.0GB privateDirty=2.1GB sharedDirty=51.8MB nativePss=2.1GB dalvikPss=2.6MB otherPss=12.5MB
  systemAvail=13.2GB systemThreshold=216.0MB lowMemory=false trimLevel=0 importance=125 fdCount=157
  procStatus VmRSS=2327772 kB VmHWM=3138616 kB VmSize=21189796 kB VmSwap=990044 kB Threads=32 FDSize=512
2026-05-30 16:50:23.977 pid=1540 [generation-start] id=54 config=Qwen3.5 2B MTP model=Qwen3.5-2B-Q8_0.gguf promptLen=1039 mediaCount=0
  javaUsed=4.2MB javaTotal=11.5MB javaMax=256.0MB nativeHeap=3.8GB nativeHeapFree=40.5MB nativeHeapSize=3.8GB
  pssTotal=3.0GB privateDirty=2.1GB sharedDirty=51.8MB nativePss=2.1GB dalvikPss=2.8MB otherPss=12.5MB
  systemAvail=13.2GB systemThreshold=216.0MB lowMemory=false trimLevel=0 importance=125 fdCount=157
  procStatus VmRSS=2327900 kB VmHWM=3138616 kB VmSize=21189796 kB VmSwap=990044 kB Threads=32 FDSize=512
2026-05-30 16:50:24.098 pid=1540 [generation-stage] id=54 stage=native-call-start
2026-05-30 16:51:32.860 pid=1540 [generation-stage] id=54 stage=native-call-end resultLen=53
2026-05-30 16:51:32.861 pid=1540 [generation-end] id=54 resultLen=53
  javaUsed=4.4MB javaTotal=11.5MB javaMax=256.0MB nativeHeap=3.8GB nativeHeapFree=40.5MB nativeHeapSize=3.8GB
  pssTotal=3.0GB privateDirty=2.1GB sharedDirty=51.8MB nativePss=2.1GB dalvikPss=2.9MB otherPss=12.5MB
  systemAvail=13.2GB systemThreshold=216.0MB lowMemory=false trimLevel=0 importance=125 fdCount=157
  procStatus VmRSS=2328156 kB VmHWM=3138616 kB VmSize=21189796 kB VmSwap=990044 kB Threads=32 FDSize=512
2026-05-30 17:50:43.734 pid=1540 [model-load] Loading configuration: Qwen3.5 2B MTP
2026-05-30 17:50:43.736 pid=1540 [model-load-skip] config=Qwen3.5 2B MTP model already loaded
  javaUsed=4.6MB javaTotal=11.5MB javaMax=256.0MB nativeHeap=3.8GB nativeHeapFree=40.5MB nativeHeapSize=3.8GB
  pssTotal=3.0GB privateDirty=2.1GB sharedDirty=51.8MB nativePss=2.1GB dalvikPss=3.1MB otherPss=12.4MB
  systemAvail=12.5GB systemThreshold=216.0MB lowMemory=false trimLevel=0 importance=125 fdCount=157
  procStatus VmRSS=2328284 kB VmHWM=2328284 kB VmSize=21189796 kB VmSwap=990172 kB Threads=32 FDSize=512
2026-05-30 17:50:43.776 pid=1540 [generation-start] id=55 config=Qwen3.5 2B MTP model=Qwen3.5-2B-Q8_0.gguf promptLen=1039 mediaCount=0
  javaUsed=4.8MB javaTotal=11.5MB javaMax=256.0MB nativeHeap=3.8GB nativeHeapFree=40.5MB nativeHeapSize=3.8GB
  pssTotal=3.0GB privateDirty=2.1GB sharedDirty=51.8MB nativePss=2.1GB dalvikPss=3.3MB otherPss=12.4MB
  systemAvail=12.5GB systemThreshold=216.0MB lowMemory=false trimLevel=0 importance=125 fdCount=157
  procStatus VmRSS=2328412 kB VmHWM=2328412 kB VmSize=21189796 kB VmSwap=990172 kB Threads=32 FDSize=512
2026-05-30 17:50:43.808 pid=1540 [generation-stage] id=55 stage=native-call-start
2026-05-30 17:50:56.575 pid=1540 [generation-stage] id=55 stage=native-call-end resultLen=48
2026-05-30 17:50:56.576 pid=1540 [generation-end] id=55 resultLen=48
  javaUsed=5.0MB javaTotal=11.5MB javaMax=256.0MB nativeHeap=3.8GB nativeHeapFree=40.5MB nativeHeapSize=3.8GB
  pssTotal=3.0GB privateDirty=2.1GB sharedDirty=51.8MB nativePss=2.1GB dalvikPss=3.4MB otherPss=12.3MB
  systemAvail=12.6GB systemThreshold=216.0MB lowMemory=false trimLevel=0 importance=125 fdCount=157
  procStatus VmRSS=2328276 kB VmHWM=2328540 kB VmSize=21189796 kB VmSwap=990172 kB Threads=32 FDSize=512
2026-05-30 17:50:57.542 pid=1540 [model-load] Loading configuration: Qwen3.5 2B
2026-05-30 17:50:57.718 pid=1540 [runtime-memory] Before model load model=Qwen3.5-2B-UD-Q8_K_XL.gguf
  javaUsed=5.2MB javaTotal=11.5MB javaMax=256.0MB nativeHeap=1.5GB nativeHeapFree=81.8MB nativeHeapSize=1.6GB
  pssTotal=995.7MB privateDirty=22.1MB sharedDirty=51.8MB nativePss=14.7MB dalvikPss=3.6MB otherPss=12.3MB
  systemAvail=14.6GB systemThreshold=216.0MB lowMemory=false trimLevel=0 importance=125 fdCount=157
  procStatus VmRSS=187072 kB VmHWM=2328540 kB VmSize=18960872 kB VmSwap=990172 kB Threads=32 FDSize=512
2026-05-30 17:50:57.745 pid=1540 [runtime-memory] After model load cleanup model=Qwen3.5-2B-UD-Q8_K_XL.gguf
  javaUsed=3.6MB javaTotal=11.5MB javaMax=256.0MB nativeHeap=1.5GB nativeHeapFree=81.8MB nativeHeapSize=1.6GB
  pssTotal=996.5MB privateDirty=23.0MB sharedDirty=51.8MB nativePss=14.8MB dalvikPss=4.3MB otherPss=12.4MB
  systemAvail=14.6GB systemThreshold=216.0MB lowMemory=false trimLevel=0 importance=125 fdCount=157
  procStatus VmRSS=188004 kB VmHWM=2328540 kB VmSize=18960872 kB VmSwap=990172 kB Threads=32 FDSize=512
2026-05-30 17:50:59.605 pid=1540 [model-load-complete] config=Qwen3.5 2B model=Qwen3.5-2B-UD-Q8_K_XL.gguf mmproj=(none)
  javaUsed=3.7MB javaTotal=11.5MB javaMax=256.0MB nativeHeap=4.5GB nativeHeapFree=40.7MB nativeHeapSize=4.6GB
  pssTotal=3.8GB privateDirty=2.8GB sharedDirty=51.8MB nativePss=2.8GB dalvikPss=2.4MB otherPss=12.3MB
  systemAvail=12.0GB systemThreshold=216.0MB lowMemory=false trimLevel=0 importance=125 fdCount=157
  procStatus VmRSS=3128692 kB VmHWM=3129972 kB VmSize=21987100 kB VmSwap=991580 kB Threads=32 FDSize=512
2026-05-30 17:50:59.634 pid=1540 [generation-start] id=56 config=Qwen3.5 2B model=Qwen3.5-2B-UD-Q8_K_XL.gguf promptLen=1063 mediaCount=0
  javaUsed=3.9MB javaTotal=11.5MB javaMax=256.0MB nativeHeap=4.5GB nativeHeapFree=40.7MB nativeHeapSize=4.6GB
  pssTotal=3.8GB privateDirty=2.8GB sharedDirty=51.8MB nativePss=2.8GB dalvikPss=2.6MB otherPss=12.3MB
  systemAvail=12.0GB systemThreshold=216.0MB lowMemory=false trimLevel=0 importance=125 fdCount=157
  procStatus VmRSS=3128948 kB VmHWM=3129972 kB VmSize=21987100 kB VmSwap=991580 kB Threads=32 FDSize=512
2026-05-30 17:50:59.676 pid=1540 [generation-stage] id=56 stage=native-call-start
2026-05-30 17:51:29.181 pid=1540 [generation-stage] id=56 stage=native-call-end resultLen=53
2026-05-30 17:51:29.182 pid=1540 [generation-end] id=56 resultLen=53
  javaUsed=3.7MB javaTotal=11.5MB javaMax=256.0MB nativeHeap=4.5GB nativeHeapFree=40.5MB nativeHeapSize=4.6GB
  pssTotal=3.8GB privateDirty=2.8GB sharedDirty=51.8MB nativePss=2.8GB dalvikPss=2.4MB otherPss=12.3MB
  systemAvail=12.0GB systemThreshold=216.0MB lowMemory=false trimLevel=0 importance=125 fdCount=157
  procStatus VmRSS=3123496 kB VmHWM=3135196 kB VmSize=21987100 kB VmSwap=991580 kB Threads=32 FDSize=512
2026-05-30 17:51:29.965 pid=1540 [model-load] Loading configuration: Qwen3.5 2B MTP
2026-05-30 17:51:30.197 pid=1540 [runtime-memory] Before model load model=Qwen3.5-2B-Q8_0.gguf
  javaUsed=4.0MB javaTotal=11.5MB javaMax=256.0MB nativeHeap=1.5GB nativeHeapFree=81.8MB nativeHeapSize=1.6GB
  pssTotal=994.7MB privateDirty=19.8MB sharedDirty=51.8MB nativePss=13.3MB dalvikPss=2.6MB otherPss=12.4MB
  systemAvail=14.8GB systemThreshold=216.0MB lowMemory=false trimLevel=0 importance=125 fdCount=157
  procStatus VmRSS=184528 kB VmHWM=3135196 kB VmSize=18960872 kB VmSwap=991580 kB Threads=32 FDSize=512
2026-05-30 17:51:30.226 pid=1540 [runtime-memory] After model load cleanup model=Qwen3.5-2B-Q8_0.gguf
  javaUsed=3.6MB javaTotal=11.5MB javaMax=256.0MB nativeHeap=1.5GB nativeHeapFree=81.8MB nativeHeapSize=1.6GB
  pssTotal=996.5MB privateDirty=21.6MB sharedDirty=51.8MB nativePss=13.4MB dalvikPss=4.3MB otherPss=12.4MB
  systemAvail=14.8GB systemThreshold=216.0MB lowMemory=false trimLevel=0 importance=125 fdCount=157
  procStatus VmRSS=186464 kB VmHWM=3135196 kB VmSize=18960872 kB VmSwap=991580 kB Threads=32 FDSize=512
2026-05-30 17:51:32.344 pid=1540 [model-load-complete] config=Qwen3.5 2B MTP model=Qwen3.5-2B-Q8_0.gguf mmproj=(none)
  javaUsed=3.7MB javaTotal=11.5MB javaMax=256.0MB nativeHeap=3.8GB nativeHeapFree=40.7MB nativeHeapSize=3.8GB
  pssTotal=3.0GB privateDirty=2.1GB sharedDirty=51.8MB nativePss=2.1GB dalvikPss=4.4MB otherPss=12.4MB
  systemAvail=12.9GB systemThreshold=216.0MB lowMemory=false trimLevel=0 importance=125 fdCount=157
  procStatus VmRSS=2333464 kB VmHWM=3135196 kB VmSize=21189796 kB VmSwap=991580 kB Threads=32 FDSize=512
2026-05-30 17:51:32.390 pid=1540 [generation-start] id=57 config=Qwen3.5 2B MTP model=Qwen3.5-2B-Q8_0.gguf promptLen=1042 mediaCount=0
  javaUsed=3.9MB javaTotal=11.5MB javaMax=256.0MB nativeHeap=3.8GB nativeHeapFree=40.7MB nativeHeapSize=3.8GB
  pssTotal=3.0GB privateDirty=2.1GB sharedDirty=51.8MB nativePss=2.1GB dalvikPss=4.4MB otherPss=12.4MB
  systemAvail=12.9GB systemThreshold=216.0MB lowMemory=false trimLevel=0 importance=125 fdCount=157
  procStatus VmRSS=2333464 kB VmHWM=3135196 kB VmSize=21189796 kB VmSwap=991580 kB Threads=32 FDSize=512
2026-05-30 17:51:32.444 pid=1540 [generation-stage] id=57 stage=native-call-start
2026-05-30 17:52:04.142 pid=1540 [generation-stage] id=57 stage=native-call-end resultLen=129
2026-05-30 17:52:04.142 pid=1540 [generation-end] id=57 resultLen=129
  javaUsed=4.1MB javaTotal=11.5MB javaMax=256.0MB nativeHeap=3.8GB nativeHeapFree=40.5MB nativeHeapSize=3.8GB
  pssTotal=3.0GB privateDirty=2.1GB sharedDirty=51.8MB nativePss=2.1GB dalvikPss=4.4MB otherPss=12.4MB
  systemAvail=12.9GB systemThreshold=216.0MB lowMemory=false trimLevel=0 importance=125 fdCount=157
  procStatus VmRSS=2327756 kB VmHWM=3135196 kB VmSize=21189796 kB VmSwap=991580 kB Threads=32 FDSize=512
2026-05-30 17:52:04.200 pid=1540 [model-load] Loading configuration: Qwen3.5 2B MTP
2026-05-30 17:52:04.200 pid=1540 [model-load-skip] config=Qwen3.5 2B MTP model already loaded
  javaUsed=4.3MB javaTotal=11.5MB javaMax=256.0MB nativeHeap=3.8GB nativeHeapFree=40.5MB nativeHeapSize=3.8GB
  pssTotal=3.0GB privateDirty=2.1GB sharedDirty=51.8MB nativePss=2.1GB dalvikPss=4.4MB otherPss=12.4MB
  systemAvail=12.9GB systemThreshold=216.0MB lowMemory=false trimLevel=0 importance=125 fdCount=157
  procStatus VmRSS=2327756 kB VmHWM=3135196 kB VmSize=21189796 kB VmSwap=991580 kB Threads=32 FDSize=512
2026-05-30 17:52:04.260 pid=1540 [generation-start] id=58 config=Qwen3.5 2B MTP model=Qwen3.5-2B-Q8_0.gguf promptLen=1042 mediaCount=0
  javaUsed=4.5MB javaTotal=11.5MB javaMax=256.0MB nativeHeap=3.8GB nativeHeapFree=40.5MB nativeHeapSize=3.8GB
  pssTotal=3.0GB privateDirty=2.1GB sharedDirty=51.8MB nativePss=2.1GB dalvikPss=4.5MB otherPss=12.4MB
  systemAvail=12.9GB systemThreshold=216.0MB lowMemory=false trimLevel=0 importance=125 fdCount=157
  procStatus VmRSS=2327756 kB VmHWM=3135196 kB VmSize=21189796 kB VmSwap=991580 kB Threads=32 FDSize=512
2026-05-30 17:52:04.316 pid=1540 [generation-stage] id=58 stage=native-call-start
2026-05-30 17:52:32.660 pid=1540 [generation-stage] id=58 stage=native-call-end resultLen=58
2026-05-30 17:52:32.660 pid=1540 [generation-end] id=58 resultLen=58
  javaUsed=4.6MB javaTotal=11.5MB javaMax=256.0MB nativeHeap=3.8GB nativeHeapFree=40.5MB nativeHeapSize=3.8GB
  pssTotal=3.0GB privateDirty=2.1GB sharedDirty=51.8MB nativePss=2.1GB dalvikPss=4.5MB otherPss=12.4MB
  systemAvail=12.9GB systemThreshold=216.0MB lowMemory=false trimLevel=0 importance=125 fdCount=157
  procStatus VmRSS=2328124 kB VmHWM=3135196 kB VmSize=21189796 kB VmSwap=991580 kB Threads=32 FDSize=512
2026-05-30 17:52:33.228 pid=1540 [model-load] Loading configuration: Qwen3.5 2B
2026-05-30 17:52:33.410 pid=1540 [runtime-memory] Before model load model=Qwen3.5-2B-UD-Q8_K_XL.gguf
  javaUsed=4.9MB javaTotal=11.5MB javaMax=256.0MB nativeHeap=1.5GB nativeHeapFree=81.8MB nativeHeapSize=1.6GB
  pssTotal=996.6MB privateDirty=21.7MB sharedDirty=51.8MB nativePss=13.3MB dalvikPss=4.5MB otherPss=12.4MB
  systemAvail=14.9GB systemThreshold=216.0MB lowMemory=false trimLevel=0 importance=125 fdCount=157
  procStatus VmRSS=186652 kB VmHWM=3135196 kB VmSize=18960872 kB VmSwap=991580 kB Threads=32 FDSize=512
2026-05-30 17:52:33.439 pid=1540 [runtime-memory] After model load cleanup model=Qwen3.5-2B-UD-Q8_K_XL.gguf
  javaUsed=3.6MB javaTotal=11.5MB javaMax=256.0MB nativeHeap=1.5GB nativeHeapFree=81.8MB nativeHeapSize=1.6GB
  pssTotal=996.5MB privateDirty=21.6MB sharedDirty=51.8MB nativePss=13.4MB dalvikPss=4.3MB otherPss=12.4MB
  systemAvail=14.9GB systemThreshold=216.0MB lowMemory=false trimLevel=0 importance=125 fdCount=157
  procStatus VmRSS=186644 kB VmHWM=3135196 kB VmSize=18960872 kB VmSwap=991580 kB Threads=32 FDSize=512
2026-05-30 17:52:38.792 pid=1540 [model-load-complete] config=Qwen3.5 2B model=Qwen3.5-2B-UD-Q8_K_XL.gguf mmproj=(none)
  javaUsed=3.7MB javaTotal=11.5MB javaMax=256.0MB nativeHeap=4.5GB nativeHeapFree=40.7MB nativeHeapSize=4.6GB
  pssTotal=3.8GB privateDirty=2.8GB sharedDirty=51.8MB nativePss=2.8GB dalvikPss=4.4MB otherPss=12.7MB
  systemAvail=13.0GB systemThreshold=216.0MB lowMemory=false trimLevel=0 importance=125 fdCount=157
  procStatus VmRSS=3128556 kB VmHWM=3135196 kB VmSize=21987100 kB VmSwap=991708 kB Threads=32 FDSize=512
2026-05-30 17:52:38.868 pid=1540 [generation-start] id=59 config=Qwen3.5 2B model=Qwen3.5-2B-UD-Q8_K_XL.gguf promptLen=1066 mediaCount=0
  javaUsed=3.8MB javaTotal=11.5MB javaMax=256.0MB nativeHeap=4.5GB nativeHeapFree=40.7MB nativeHeapSize=4.6GB
  pssTotal=3.8GB privateDirty=2.8GB sharedDirty=51.8MB nativePss=2.8GB dalvikPss=2.5MB otherPss=12.7MB
  systemAvail=13.0GB systemThreshold=216.0MB lowMemory=false trimLevel=0 importance=125 fdCount=157
  procStatus VmRSS=3128812 kB VmHWM=3135196 kB VmSize=21987100 kB VmSwap=991708 kB Threads=32 FDSize=512
2026-05-30 17:52:38.938 pid=1540 [generation-stage] id=59 stage=native-call-start
2026-05-30 17:53:29.101 pid=1540 [generation-stage] id=59 stage=native-call-end resultLen=265
2026-05-30 17:53:29.102 pid=1540 [generation-end] id=59 resultLen=265
  javaUsed=4.0MB javaTotal=11.5MB javaMax=256.0MB nativeHeap=4.5GB nativeHeapFree=40.5MB nativeHeapSize=4.6GB
  pssTotal=3.8GB privateDirty=2.8GB sharedDirty=51.8MB nativePss=2.8GB dalvikPss=2.6MB otherPss=12.7MB
  systemAvail=13.0GB systemThreshold=216.0MB lowMemory=false trimLevel=0 importance=125 fdCount=157
  procStatus VmRSS=3123664 kB VmHWM=3135420 kB VmSize=21987100 kB VmSwap=991708 kB Threads=32 FDSize=512
2026-05-30 17:53:29.998 pid=1540 [model-load] Loading configuration: Qwen3.5 2B MTP
2026-05-30 17:53:30.238 pid=1540 [runtime-memory] Before model load model=Qwen3.5-2B-Q8_0.gguf
  javaUsed=4.2MB javaTotal=11.5MB javaMax=256.0MB nativeHeap=1.5GB nativeHeapFree=81.8MB nativeHeapSize=1.6GB
  pssTotal=995.2MB privateDirty=19.9MB sharedDirty=51.8MB nativePss=13.2MB dalvikPss=2.8MB otherPss=12.7MB
  systemAvail=15.8GB systemThreshold=216.0MB lowMemory=false trimLevel=0 importance=125 fdCount=157
  procStatus VmRSS=185056 kB VmHWM=3135420 kB VmSize=18960872 kB VmSwap=991708 kB Threads=32 FDSize=512
2026-05-30 17:53:30.267 pid=1540 [runtime-memory] After model load cleanup model=Qwen3.5-2B-Q8_0.gguf
  javaUsed=3.6MB javaTotal=11.5MB javaMax=256.0MB nativeHeap=1.5GB nativeHeapFree=81.8MB nativeHeapSize=1.6GB
  pssTotal=996.8MB privateDirty=21.6MB sharedDirty=51.8MB nativePss=13.3MB dalvikPss=4.4MB otherPss=12.7MB
  systemAvail=15.8GB systemThreshold=216.0MB lowMemory=false trimLevel=0 importance=125 fdCount=157
  procStatus VmRSS=186764 kB VmHWM=3135420 kB VmSize=18960872 kB VmSwap=991708 kB Threads=32 FDSize=512
2026-05-30 17:53:31.577 pid=1540 [model-load-complete] config=Qwen3.5 2B MTP model=Qwen3.5-2B-Q8_0.gguf mmproj=(none)
  javaUsed=3.7MB javaTotal=11.5MB javaMax=256.0MB nativeHeap=3.8GB nativeHeapFree=40.7MB nativeHeapSize=3.8GB
  pssTotal=3.0GB privateDirty=2.1GB sharedDirty=51.8MB nativePss=2.1GB dalvikPss=4.4MB otherPss=12.7MB
  systemAvail=13.8GB systemThreshold=216.0MB lowMemory=false trimLevel=0 importance=125 fdCount=157
  procStatus VmRSS=2333724 kB VmHWM=3135420 kB VmSize=21189796 kB VmSwap=991708 kB Threads=32 FDSize=512
2026-05-30 17:53:31.635 pid=1540 [generation-start] id=60 config=Qwen3.5 2B MTP model=Qwen3.5-2B-Q8_0.gguf promptLen=1042 mediaCount=0
  javaUsed=3.9MB javaTotal=11.5MB javaMax=256.0MB nativeHeap=3.8GB nativeHeapFree=40.7MB nativeHeapSize=3.8GB
  pssTotal=3.0GB privateDirty=2.1GB sharedDirty=51.8MB nativePss=2.1GB dalvikPss=4.5MB otherPss=12.7MB
  systemAvail=13.8GB systemThreshold=216.0MB lowMemory=false trimLevel=0 importance=125 fdCount=157
  procStatus VmRSS=2333724 kB VmHWM=3135420 kB VmSize=21189796 kB VmSwap=991708 kB Threads=32 FDSize=512
2026-05-30 17:53:31.702 pid=1540 [generation-stage] id=60 stage=native-call-start
2026-05-30 17:54:04.210 pid=1540 [generation-stage] id=60 stage=native-call-end resultLen=50
2026-05-30 17:54:04.211 pid=1540 [generation-end] id=60 resultLen=50
  javaUsed=4.1MB javaTotal=11.5MB javaMax=256.0MB nativeHeap=3.8GB nativeHeapFree=40.5MB nativeHeapSize=3.8GB
  pssTotal=3.0GB privateDirty=2.1GB sharedDirty=51.8MB nativePss=2.1GB dalvikPss=4.5MB otherPss=12.7MB
  systemAvail=13.7GB systemThreshold=216.0MB lowMemory=false trimLevel=0 importance=125 fdCount=157
  procStatus VmRSS=2327972 kB VmHWM=3135420 kB VmSize=21189796 kB VmSwap=991708 kB Threads=32 FDSize=512
2026-05-30 17:54:05.013 pid=1540 [model-load] Loading configuration: Qwen3.5 2B
2026-05-30 17:54:05.206 pid=1540 [runtime-memory] Before model load model=Qwen3.5-2B-UD-Q8_K_XL.gguf
  javaUsed=4.3MB javaTotal=11.5MB javaMax=256.0MB nativeHeap=1.5GB nativeHeapFree=81.8MB nativeHeapSize=1.6GB
  pssTotal=996.8MB privateDirty=21.6MB sharedDirty=51.8MB nativePss=13.2MB dalvikPss=4.5MB otherPss=12.7MB
  systemAvail=15.8GB systemThreshold=216.0MB lowMemory=false trimLevel=0 importance=125 fdCount=157
  procStatus VmRSS=186580 kB VmHWM=3135420 kB VmSize=18960872 kB VmSwap=991708 kB Threads=32 FDSize=512
2026-05-30 17:54:05.235 pid=1540 [runtime-memory] After model load cleanup model=Qwen3.5-2B-UD-Q8_K_XL.gguf
  javaUsed=3.6MB javaTotal=11.5MB javaMax=256.0MB nativeHeap=1.5GB nativeHeapFree=81.8MB nativeHeapSize=1.6GB
  pssTotal=996.8MB privateDirty=21.6MB sharedDirty=51.8MB nativePss=13.3MB dalvikPss=4.4MB otherPss=12.7MB
  systemAvail=15.8GB systemThreshold=216.0MB lowMemory=false trimLevel=0 importance=125 fdCount=157
  procStatus VmRSS=186620 kB VmHWM=3135420 kB VmSize=18960872 kB VmSwap=991708 kB Threads=32 FDSize=512
2026-05-30 17:54:07.108 pid=1540 [model-load-complete] config=Qwen3.5 2B model=Qwen3.5-2B-UD-Q8_K_XL.gguf mmproj=(none)
  javaUsed=3.7MB javaTotal=11.5MB javaMax=256.0MB nativeHeap=4.5GB nativeHeapFree=40.7MB nativeHeapSize=4.6GB
  pssTotal=3.8GB privateDirty=2.8GB sharedDirty=51.8MB nativePss=2.8GB dalvikPss=4.4MB otherPss=12.7MB
  systemAvail=13.0GB systemThreshold=216.0MB lowMemory=false trimLevel=0 importance=125 fdCount=157
  procStatus VmRSS=3130872 kB VmHWM=3135420 kB VmSize=21987100 kB VmSwap=991708 kB Threads=32 FDSize=512
2026-05-30 17:54:07.174 pid=1540 [generation-start] id=61 config=Qwen3.5 2B model=Qwen3.5-2B-UD-Q8_K_XL.gguf promptLen=1066 mediaCount=0
  javaUsed=3.9MB javaTotal=11.5MB javaMax=256.0MB nativeHeap=4.5GB nativeHeapFree=40.7MB nativeHeapSize=4.6GB
  pssTotal=3.8GB privateDirty=2.8GB sharedDirty=51.8MB nativePss=2.8GB dalvikPss=4.5MB otherPss=12.7MB
  systemAvail=13.0GB systemThreshold=216.0MB lowMemory=false trimLevel=0 importance=125 fdCount=157
  procStatus VmRSS=3130872 kB VmHWM=3135420 kB VmSize=21987100 kB VmSwap=991708 kB Threads=32 FDSize=512
2026-05-30 17:54:07.251 pid=1540 [generation-stage] id=61 stage=native-call-start
2026-05-30 17:54:57.442 pid=1540 [generation-stage] id=61 stage=native-call-end resultLen=149
2026-05-30 17:54:57.443 pid=1540 [generation-end] id=61 resultLen=149
  javaUsed=3.7MB javaTotal=11.5MB javaMax=256.0MB nativeHeap=4.5GB nativeHeapFree=40.5MB nativeHeapSize=4.6GB
  pssTotal=3.8GB privateDirty=2.8GB sharedDirty=51.8MB nativePss=2.8GB dalvikPss=4.4MB otherPss=12.7MB
  systemAvail=13.0GB systemThreshold=216.0MB lowMemory=false trimLevel=0 importance=125 fdCount=157
  procStatus VmRSS=3125404 kB VmHWM=3137248 kB VmSize=21987100 kB VmSwap=991708 kB Threads=32 FDSize=512
2026-05-30 17:54:58.033 pid=1540 [model-load] Loading configuration: Qwen3.5 2B MTP
2026-05-30 17:54:58.269 pid=1540 [runtime-memory] Before model load model=Qwen3.5-2B-Q8_0.gguf
  javaUsed=3.9MB javaTotal=11.5MB javaMax=256.0MB nativeHeap=1.5GB nativeHeapFree=81.8MB nativeHeapSize=1.6GB
  pssTotal=996.8MB privateDirty=21.5MB sharedDirty=51.8MB nativePss=13.2MB dalvikPss=4.4MB otherPss=12.7MB
  systemAvail=15.8GB systemThreshold=216.0MB lowMemory=false trimLevel=0 importance=125 fdCount=157
  procStatus VmRSS=186572 kB VmHWM=3137248 kB VmSize=18960872 kB VmSwap=991708 kB Threads=32 FDSize=512
2026-05-30 17:54:58.297 pid=1540 [runtime-memory] After model load cleanup model=Qwen3.5-2B-Q8_0.gguf
  javaUsed=3.6MB javaTotal=11.5MB javaMax=256.0MB nativeHeap=1.5GB nativeHeapFree=81.8MB nativeHeapSize=1.6GB
  pssTotal=996.8MB privateDirty=21.6MB sharedDirty=51.8MB nativePss=13.3MB dalvikPss=4.4MB otherPss=12.7MB
  systemAvail=15.8GB systemThreshold=216.0MB lowMemory=false trimLevel=0 importance=125 fdCount=157
  procStatus VmRSS=186644 kB VmHWM=3137248 kB VmSize=18960872 kB VmSwap=991708 kB Threads=32 FDSize=512
2026-05-30 17:54:59.614 pid=1540 [model-load-complete] config=Qwen3.5 2B MTP model=Qwen3.5-2B-Q8_0.gguf mmproj=(none)
  javaUsed=3.7MB javaTotal=11.5MB javaMax=256.0MB nativeHeap=3.8GB nativeHeapFree=40.7MB nativeHeapSize=3.8GB
  pssTotal=3.0GB privateDirty=2.1GB sharedDirty=51.8MB nativePss=2.1GB dalvikPss=4.4MB otherPss=12.7MB
  systemAvail=13.8GB systemThreshold=216.0MB lowMemory=false trimLevel=0 importance=125 fdCount=157
  procStatus VmRSS=2333612 kB VmHWM=3137248 kB VmSize=21189796 kB VmSwap=991708 kB Threads=32 FDSize=512
2026-05-30 17:54:59.673 pid=1540 [generation-start] id=62 config=Qwen3.5 2B MTP model=Qwen3.5-2B-Q8_0.gguf promptLen=1042 mediaCount=0
  javaUsed=3.9MB javaTotal=11.5MB javaMax=256.0MB nativeHeap=3.8GB nativeHeapFree=40.7MB nativeHeapSize=3.8GB
  pssTotal=3.0GB privateDirty=2.1GB sharedDirty=51.8MB nativePss=2.1GB dalvikPss=4.5MB otherPss=12.7MB
  systemAvail=13.8GB systemThreshold=216.0MB lowMemory=false trimLevel=0 importance=125 fdCount=157
  procStatus VmRSS=2333612 kB VmHWM=3137248 kB VmSize=21189796 kB VmSwap=991708 kB Threads=32 FDSize=512
2026-05-30 17:54:59.741 pid=1540 [generation-stage] id=62 stage=native-call-start
2026-05-30 17:55:33.469 pid=1540 [generation-stage] id=62 stage=native-call-end resultLen=68
2026-05-30 17:55:33.470 pid=1540 [generation-end] id=62 resultLen=68
  javaUsed=4.1MB javaTotal=11.5MB javaMax=256.0MB nativeHeap=3.8GB nativeHeapFree=40.5MB nativeHeapSize=3.8GB
  pssTotal=3.0GB privateDirty=2.1GB sharedDirty=51.8MB nativePss=2.1GB dalvikPss=4.5MB otherPss=12.7MB
  systemAvail=13.8GB systemThreshold=216.0MB lowMemory=false trimLevel=0 importance=125 fdCount=157
  procStatus VmRSS=2328004 kB VmHWM=3137248 kB VmSize=21189796 kB VmSwap=991708 kB Threads=32 FDSize=512
2026-05-30 17:55:34.590 pid=1540 [model-load] Loading configuration: Qwen3.5 2B
2026-05-30 17:55:34.785 pid=1540 [runtime-memory] Before model load model=Qwen3.5-2B-UD-Q8_K_XL.gguf
  javaUsed=4.3MB javaTotal=11.5MB javaMax=256.0MB nativeHeap=1.5GB nativeHeapFree=81.8MB nativeHeapSize=1.6GB
  pssTotal=996.8MB privateDirty=21.6MB sharedDirty=51.8MB nativePss=13.2MB dalvikPss=4.5MB otherPss=12.7MB
  systemAvail=15.8GB systemThreshold=216.0MB lowMemory=false trimLevel=0 importance=125 fdCount=157
  procStatus VmRSS=186660 kB VmHWM=3137248 kB VmSize=18960872 kB VmSwap=991708 kB Threads=32 FDSize=512
2026-05-30 17:55:34.814 pid=1540 [runtime-memory] After model load cleanup model=Qwen3.5-2B-UD-Q8_K_XL.gguf
  javaUsed=3.6MB javaTotal=11.5MB javaMax=256.0MB nativeHeap=1.5GB nativeHeapFree=81.8MB nativeHeapSize=1.6GB
  pssTotal=996.8MB privateDirty=21.6MB sharedDirty=51.8MB nativePss=13.3MB dalvikPss=4.4MB otherPss=12.7MB
  systemAvail=15.8GB systemThreshold=216.0MB lowMemory=false trimLevel=0 importance=125 fdCount=157
  procStatus VmRSS=186684 kB VmHWM=3137248 kB VmSize=18960872 kB VmSwap=991708 kB Threads=32 FDSize=512
2026-05-30 17:55:36.681 pid=1540 [model-load-complete] config=Qwen3.5 2B model=Qwen3.5-2B-UD-Q8_K_XL.gguf mmproj=(none)
  javaUsed=3.7MB javaTotal=11.5MB javaMax=256.0MB nativeHeap=4.5GB nativeHeapFree=40.7MB nativeHeapSize=4.6GB
  pssTotal=3.8GB privateDirty=2.8GB sharedDirty=51.8MB nativePss=2.8GB dalvikPss=4.4MB otherPss=12.7MB
  systemAvail=13.0GB systemThreshold=216.0MB lowMemory=false trimLevel=0 importance=125 fdCount=157
  procStatus VmRSS=3130956 kB VmHWM=3137248 kB VmSize=21987100 kB VmSwap=991708 kB Threads=32 FDSize=512
2026-05-30 17:55:36.746 pid=1540 [generation-start] id=63 config=Qwen3.5 2B model=Qwen3.5-2B-UD-Q8_K_XL.gguf promptLen=1069 mediaCount=0
  javaUsed=3.9MB javaTotal=11.5MB javaMax=256.0MB nativeHeap=4.5GB nativeHeapFree=40.7MB nativeHeapSize=4.6GB
  pssTotal=3.8GB privateDirty=2.8GB sharedDirty=51.8MB nativePss=2.8GB dalvikPss=4.5MB otherPss=12.7MB
  systemAvail=13.0GB systemThreshold=216.0MB lowMemory=false trimLevel=0 importance=125 fdCount=157
  procStatus VmRSS=3130956 kB VmHWM=3137248 kB VmSize=21987100 kB VmSwap=991708 kB Threads=32 FDSize=512
2026-05-30 17:55:36.823 pid=1540 [generation-stage] id=63 stage=native-call-start
2026-05-30 17:56:15.203 pid=1540 [generation-stage] id=63 stage=native-call-end resultLen=34
2026-05-30 17:56:15.204 pid=1540 [generation-end] id=63 resultLen=34
  javaUsed=4.1MB javaTotal=11.5MB javaMax=256.0MB nativeHeap=4.5GB nativeHeapFree=40.5MB nativeHeapSize=4.6GB
  pssTotal=3.8GB privateDirty=2.8GB sharedDirty=51.8MB nativePss=2.8GB dalvikPss=4.5MB otherPss=12.7MB
  systemAvail=12.8GB systemThreshold=216.0MB lowMemory=false trimLevel=0 importance=125 fdCount=157
  procStatus VmRSS=3125524 kB VmHWM=3137312 kB VmSize=21987100 kB VmSwap=991708 kB Threads=32 FDSize=512
2026-05-30 17:56:15.953 pid=1540 [model-load] Loading configuration: Qwen3.5 2B MTP
2026-05-30 17:56:16.215 pid=1540 [runtime-memory] Before model load model=Qwen3.5-2B-Q8_0.gguf
  javaUsed=3.6MB javaTotal=11.5MB javaMax=256.0MB nativeHeap=1.5GB nativeHeapFree=81.8MB nativeHeapSize=1.6GB
  pssTotal=996.7MB privateDirty=21.4MB sharedDirty=51.8MB nativePss=13.2MB dalvikPss=4.4MB otherPss=12.7MB
  systemAvail=15.6GB systemThreshold=216.0MB lowMemory=false trimLevel=0 importance=125 fdCount=157
  procStatus VmRSS=186676 kB VmHWM=3137312 kB VmSize=18960872 kB VmSwap=991708 kB Threads=32 FDSize=512
2026-05-30 17:56:16.244 pid=1540 [runtime-memory] After model load cleanup model=Qwen3.5-2B-Q8_0.gguf
  javaUsed=3.6MB javaTotal=11.5MB javaMax=256.0MB nativeHeap=1.5GB nativeHeapFree=81.8MB nativeHeapSize=1.6GB
  pssTotal=996.8MB privateDirty=21.5MB sharedDirty=51.8MB nativePss=13.3MB dalvikPss=4.4MB otherPss=12.7MB
  systemAvail=15.6GB systemThreshold=216.0MB lowMemory=false trimLevel=0 importance=125 fdCount=157
  procStatus VmRSS=186840 kB VmHWM=3137312 kB VmSize=18960872 kB VmSwap=991708 kB Threads=32 FDSize=512
2026-05-30 17:56:17.233 pid=1540 [model-load-complete] config=Qwen3.5 2B MTP model=Qwen3.5-2B-Q8_0.gguf mmproj=(none)
  javaUsed=3.7MB javaTotal=11.5MB javaMax=256.0MB nativeHeap=3.8GB nativeHeapFree=40.7MB nativeHeapSize=3.8GB
  pssTotal=3.0GB privateDirty=2.1GB sharedDirty=51.8MB nativePss=2.1GB dalvikPss=4.4MB otherPss=12.7MB
  systemAvail=13.5GB systemThreshold=216.0MB lowMemory=false trimLevel=0 importance=125 fdCount=157
  procStatus VmRSS=2357008 kB VmHWM=3137312 kB VmSize=21189796 kB VmSwap=991708 kB Threads=32 FDSize=512
2026-05-30 17:56:17.262 pid=1540 [generation-start] id=64 config=Qwen3.5 2B MTP model=Qwen3.5-2B-Q8_0.gguf promptLen=1039 mediaCount=0
  javaUsed=3.9MB javaTotal=11.5MB javaMax=256.0MB nativeHeap=3.8GB nativeHeapFree=40.7MB nativeHeapSize=3.8GB
  pssTotal=3.0GB privateDirty=2.1GB sharedDirty=51.8MB nativePss=2.1GB dalvikPss=4.5MB otherPss=12.7MB
  systemAvail=13.5GB systemThreshold=216.0MB lowMemory=false trimLevel=0 importance=125 fdCount=157
  procStatus VmRSS=2357136 kB VmHWM=3137312 kB VmSize=21189796 kB VmSwap=991708 kB Threads=32 FDSize=512
2026-05-30 17:56:17.289 pid=1540 [generation-stage] id=64 stage=native-call-start
2026-05-30 17:56:36.824 pid=1540 [generation-stage] id=64 stage=native-call-end resultLen=65
2026-05-30 17:56:36.825 pid=1540 [generation-end] id=64 resultLen=65
  javaUsed=4.1MB javaTotal=11.5MB javaMax=256.0MB nativeHeap=3.8GB nativeHeapFree=40.5MB nativeHeapSize=3.8GB
  pssTotal=3.0GB privateDirty=2.1GB sharedDirty=51.8MB nativePss=2.1GB dalvikPss=4.5MB otherPss=12.7MB
  systemAvail=13.4GB systemThreshold=216.0MB lowMemory=false trimLevel=0 importance=125 fdCount=157
  procStatus VmRSS=2328168 kB VmHWM=3137312 kB VmSize=21189796 kB VmSwap=991708 kB Threads=32 FDSize=512
2026-05-30 17:56:37.599 pid=1540 [model-load] Loading configuration: Qwen3.5 2B
2026-05-30 17:56:38.020 pid=1540 [runtime-memory] Before model load model=Qwen3.5-2B-UD-Q8_K_XL.gguf
  javaUsed=4.4MB javaTotal=11.5MB javaMax=256.0MB nativeHeap=1.5GB nativeHeapFree=81.8MB nativeHeapSize=1.6GB
  pssTotal=996.8MB privateDirty=21.6MB sharedDirty=51.8MB nativePss=13.3MB dalvikPss=4.5MB otherPss=12.7MB
  systemAvail=15.4GB systemThreshold=216.0MB lowMemory=false trimLevel=0 importance=125 fdCount=157
  procStatus VmRSS=186740 kB VmHWM=3137312 kB VmSize=18960872 kB VmSwap=991708 kB Threads=32 FDSize=512
2026-05-30 17:56:38.095 pid=1540 [runtime-memory] After model load cleanup model=Qwen3.5-2B-UD-Q8_K_XL.gguf
  javaUsed=3.6MB javaTotal=11.5MB javaMax=256.0MB nativeHeap=1.5GB nativeHeapFree=81.8MB nativeHeapSize=1.6GB
  pssTotal=996.8MB privateDirty=21.6MB sharedDirty=51.8MB nativePss=13.3MB dalvikPss=4.4MB otherPss=12.7MB
  systemAvail=15.4GB systemThreshold=216.0MB lowMemory=false trimLevel=0 importance=125 fdCount=157
  procStatus VmRSS=186900 kB VmHWM=3137312 kB VmSize=18960872 kB VmSwap=991708 kB Threads=32 FDSize=512
2026-05-30 17:56:41.228 pid=1540 [model-load-complete] config=Qwen3.5 2B model=Qwen3.5-2B-UD-Q8_K_XL.gguf mmproj=(none)
  javaUsed=3.7MB javaTotal=11.5MB javaMax=256.0MB nativeHeap=4.5GB nativeHeapFree=40.7MB nativeHeapSize=4.6GB
  pssTotal=3.8GB privateDirty=2.8GB sharedDirty=51.8MB nativePss=2.8GB dalvikPss=4.4MB otherPss=12.7MB
  systemAvail=12.5GB systemThreshold=216.0MB lowMemory=false trimLevel=0 importance=125 fdCount=157
  procStatus VmRSS=3130744 kB VmHWM=3137312 kB VmSize=21987100 kB VmSwap=991708 kB Threads=32 FDSize=512
2026-05-30 17:56:41.265 pid=1540 [generation-start] id=65 config=Qwen3.5 2B model=Qwen3.5-2B-UD-Q8_K_XL.gguf promptLen=1063 mediaCount=0
  javaUsed=3.9MB javaTotal=11.5MB javaMax=256.0MB nativeHeap=4.5GB nativeHeapFree=40.7MB nativeHeapSize=4.6GB
  pssTotal=3.8GB privateDirty=2.8GB sharedDirty=51.8MB nativePss=2.8GB dalvikPss=4.5MB otherPss=12.7MB
  systemAvail=12.5GB systemThreshold=216.0MB lowMemory=false trimLevel=0 importance=125 fdCount=157
  procStatus VmRSS=3130744 kB VmHWM=3137312 kB VmSize=21987100 kB VmSwap=991708 kB Threads=32 FDSize=512
2026-05-30 17:56:41.301 pid=1540 [generation-stage] id=65 stage=native-call-start
2026-05-30 17:57:00.918 pid=1540 [generation-stage] id=65 stage=native-call-end resultLen=45
2026-05-30 17:57:00.919 pid=1540 [generation-end] id=65 resultLen=45
  javaUsed=4.1MB javaTotal=11.5MB javaMax=256.0MB nativeHeap=4.5GB nativeHeapFree=40.5MB nativeHeapSize=4.6GB
  pssTotal=3.8GB privateDirty=2.8GB sharedDirty=51.8MB nativePss=2.8GB dalvikPss=4.5MB otherPss=12.6MB
  systemAvail=12.6GB systemThreshold=216.0MB lowMemory=false trimLevel=0 importance=125 fdCount=157
  procStatus VmRSS=3125396 kB VmHWM=3137312 kB VmSize=21987100 kB VmSwap=991708 kB Threads=32 FDSize=512
2026-05-30 17:57:01.623 pid=1540 [model-load] Loading configuration: Qwen3.5 2B MTP
2026-05-30 17:57:02.071 pid=1540 [runtime-memory] Before model load model=Qwen3.5-2B-Q8_0.gguf
  javaUsed=4.4MB javaTotal=11.5MB javaMax=256.0MB nativeHeap=1.5GB nativeHeapFree=81.8MB nativeHeapSize=1.6GB
  pssTotal=996.7MB privateDirty=21.6MB sharedDirty=51.8MB nativePss=13.2MB dalvikPss=4.5MB otherPss=12.6MB
  systemAvail=15.4GB systemThreshold=216.0MB lowMemory=false trimLevel=0 importance=125 fdCount=157
  procStatus VmRSS=186592 kB VmHWM=3137312 kB VmSize=18960872 kB VmSwap=991708 kB Threads=32 FDSize=512
2026-05-30 17:57:02.109 pid=1540 [runtime-memory] After model load cleanup model=Qwen3.5-2B-Q8_0.gguf
  javaUsed=3.6MB javaTotal=11.5MB javaMax=256.0MB nativeHeap=1.5GB nativeHeapFree=81.8MB nativeHeapSize=1.6GB
  pssTotal=996.7MB privateDirty=21.6MB sharedDirty=51.8MB nativePss=13.3MB dalvikPss=4.4MB otherPss=12.6MB
  systemAvail=15.4GB systemThreshold=216.0MB lowMemory=false trimLevel=0 importance=125 fdCount=157
  procStatus VmRSS=186608 kB VmHWM=3137312 kB VmSize=18960872 kB VmSwap=991708 kB Threads=32 FDSize=512
2026-05-30 17:57:03.920 pid=1540 [model-load-complete] config=Qwen3.5 2B MTP model=Qwen3.5-2B-Q8_0.gguf mmproj=(none)
  javaUsed=3.7MB javaTotal=11.5MB javaMax=256.0MB nativeHeap=3.8GB nativeHeapFree=40.7MB nativeHeapSize=3.8GB
  pssTotal=3.0GB privateDirty=2.1GB sharedDirty=51.8MB nativePss=2.1GB dalvikPss=4.4MB otherPss=12.6MB
  systemAvail=13.3GB systemThreshold=216.0MB lowMemory=false trimLevel=0 importance=125 fdCount=157
  procStatus VmRSS=2333448 kB VmHWM=3137312 kB VmSize=21189796 kB VmSwap=991708 kB Threads=32 FDSize=512
2026-05-30 17:57:03.991 pid=1540 [generation-start] id=66 config=Qwen3.5 2B MTP model=Qwen3.5-2B-Q8_0.gguf promptLen=1042 mediaCount=0
  javaUsed=3.7MB javaTotal=11.5MB javaMax=256.0MB nativeHeap=3.8GB nativeHeapFree=40.7MB nativeHeapSize=3.8GB
  pssTotal=3.0GB privateDirty=2.1GB sharedDirty=51.8MB nativePss=2.1GB dalvikPss=2.4MB otherPss=12.7MB
  systemAvail=13.3GB systemThreshold=216.0MB lowMemory=false trimLevel=0 importance=125 fdCount=157
  procStatus VmRSS=2331596 kB VmHWM=3137312 kB VmSize=21189796 kB VmSwap=991708 kB Threads=32 FDSize=512
2026-05-30 17:57:04.069 pid=1540 [generation-stage] id=66 stage=native-call-start
2026-05-30 17:57:32.470 pid=1540 [generation-stage] id=66 stage=native-call-end resultLen=45
2026-05-30 17:57:32.471 pid=1540 [generation-end] id=66 resultLen=45
  javaUsed=3.9MB javaTotal=11.5MB javaMax=256.0MB nativeHeap=3.8GB nativeHeapFree=40.5MB nativeHeapSize=3.8GB
  pssTotal=3.0GB privateDirty=2.1GB sharedDirty=51.8MB nativePss=2.1GB dalvikPss=2.6MB otherPss=12.7MB
  systemAvail=13.4GB systemThreshold=216.0MB lowMemory=false trimLevel=0 importance=125 fdCount=157
  procStatus VmRSS=2326136 kB VmHWM=3137312 kB VmSize=21189796 kB VmSwap=991708 kB Threads=32 FDSize=512
2026-05-30 17:57:33.176 pid=1540 [model-load] Loading configuration: Qwen3.5 2B
2026-05-30 17:57:33.503 pid=1540 [runtime-memory] Before model load model=Qwen3.5-2B-UD-Q8_K_XL.gguf
  javaUsed=4.2MB javaTotal=11.5MB javaMax=256.0MB nativeHeap=1.5GB nativeHeapFree=81.8MB nativeHeapSize=1.6GB
  pssTotal=995.1MB privateDirty=19.9MB sharedDirty=51.8MB nativePss=13.2MB dalvikPss=2.8MB otherPss=12.7MB
  systemAvail=15.4GB systemThreshold=216.0MB lowMemory=false trimLevel=0 importance=125 fdCount=157
  procStatus VmRSS=184668 kB VmHWM=3137312 kB VmSize=18960872 kB VmSwap=991708 kB Threads=32 FDSize=512
2026-05-30 17:57:33.551 pid=1540 [runtime-memory] After model load cleanup model=Qwen3.5-2B-UD-Q8_K_XL.gguf
  javaUsed=3.6MB javaTotal=11.5MB javaMax=256.0MB nativeHeap=1.5GB nativeHeapFree=81.8MB nativeHeapSize=1.6GB
  pssTotal=996.7MB privateDirty=21.6MB sharedDirty=51.8MB nativePss=13.3MB dalvikPss=4.4MB otherPss=12.7MB
  systemAvail=15.4GB systemThreshold=216.0MB lowMemory=false trimLevel=0 importance=125 fdCount=157
  procStatus VmRSS=186572 kB VmHWM=3137312 kB VmSize=18960872 kB VmSwap=991708 kB Threads=32 FDSize=512
2026-05-30 17:57:36.506 pid=1540 [model-load-complete] config=Qwen3.5 2B model=Qwen3.5-2B-UD-Q8_K_XL.gguf mmproj=(none)
  javaUsed=3.7MB javaTotal=11.5MB javaMax=256.0MB nativeHeap=4.5GB nativeHeapFree=40.7MB nativeHeapSize=4.6GB
  pssTotal=3.8GB privateDirty=2.8GB sharedDirty=51.8MB nativePss=2.8GB dalvikPss=4.4MB otherPss=12.7MB
  systemAvail=12.6GB systemThreshold=216.0MB lowMemory=false trimLevel=0 importance=125 fdCount=157
  procStatus VmRSS=3130636 kB VmHWM=3137312 kB VmSize=21987100 kB VmSwap=991708 kB Threads=32 FDSize=512
2026-05-30 17:57:36.566 pid=1540 [generation-start] id=67 config=Qwen3.5 2B model=Qwen3.5-2B-UD-Q8_K_XL.gguf promptLen=1060 mediaCount=0
  javaUsed=3.9MB javaTotal=11.5MB javaMax=256.0MB nativeHeap=4.5GB nativeHeapFree=40.7MB nativeHeapSize=4.6GB
  pssTotal=3.8GB privateDirty=2.8GB sharedDirty=51.8MB nativePss=2.8GB dalvikPss=4.5MB otherPss=12.7MB
  systemAvail=12.6GB systemThreshold=216.0MB lowMemory=false trimLevel=0 importance=125 fdCount=157
  procStatus VmRSS=3130636 kB VmHWM=3137312 kB VmSize=21987100 kB VmSwap=991708 kB Threads=32 FDSize=512
2026-05-30 17:57:36.622 pid=1540 [generation-stage] id=67 stage=native-call-start
2026-05-30 17:58:16.810 pid=1540 [generation-stage] id=67 stage=native-call-end resultLen=44
2026-05-30 17:58:16.811 pid=1540 [generation-end] id=67 resultLen=44
  javaUsed=4.1MB javaTotal=11.5MB javaMax=256.0MB nativeHeap=4.5GB nativeHeapFree=40.5MB nativeHeapSize=4.6GB
  pssTotal=3.8GB privateDirty=2.8GB sharedDirty=51.8MB nativePss=2.8GB dalvikPss=4.5MB otherPss=12.7MB
  systemAvail=12.6GB systemThreshold=216.0MB lowMemory=false trimLevel=0 importance=125 fdCount=157
  procStatus VmRSS=3125560 kB VmHWM=3137312 kB VmSize=21987100 kB VmSwap=991708 kB Threads=32 FDSize=512
2026-05-30 17:58:17.849 pid=1540 [model-load] Loading configuration: Qwen3.5 2B MTP
2026-05-30 17:58:18.343 pid=1540 [runtime-memory] Before model load model=Qwen3.5-2B-Q8_0.gguf
  javaUsed=4.4MB javaTotal=11.5MB javaMax=256.0MB nativeHeap=1.5GB nativeHeapFree=81.8MB nativeHeapSize=1.6GB
  pssTotal=996.8MB privateDirty=21.6MB sharedDirty=51.8MB nativePss=13.3MB dalvikPss=4.5MB otherPss=12.7MB
  systemAvail=15.4GB systemThreshold=216.0MB lowMemory=false trimLevel=0 importance=125 fdCount=157
  procStatus VmRSS=186688 kB VmHWM=3137312 kB VmSize=18961640 kB VmSwap=991708 kB Threads=32 FDSize=512
2026-05-30 17:58:18.431 pid=1540 [runtime-memory] After model load cleanup model=Qwen3.5-2B-Q8_0.gguf
  javaUsed=3.6MB javaTotal=11.5MB javaMax=256.0MB nativeHeap=1.5GB nativeHeapFree=81.8MB nativeHeapSize=1.6GB
  pssTotal=996.8MB privateDirty=21.6MB sharedDirty=51.8MB nativePss=13.3MB dalvikPss=4.4MB otherPss=12.7MB
  systemAvail=15.4GB systemThreshold=216.0MB lowMemory=false trimLevel=0 importance=125 fdCount=157
  procStatus VmRSS=186588 kB VmHWM=3137312 kB VmSize=18961640 kB VmSwap=991708 kB Threads=32 FDSize=512
2026-05-30 17:58:20.992 pid=1540 [model-load-complete] config=Qwen3.5 2B MTP model=Qwen3.5-2B-Q8_0.gguf mmproj=(none)
  javaUsed=3.7MB javaTotal=11.5MB javaMax=256.0MB nativeHeap=3.8GB nativeHeapFree=40.7MB nativeHeapSize=3.8GB
  pssTotal=3.0GB privateDirty=2.1GB sharedDirty=51.8MB nativePss=2.1GB dalvikPss=4.4MB otherPss=12.7MB
  systemAvail=13.3GB systemThreshold=216.0MB lowMemory=false trimLevel=0 importance=125 fdCount=157
  procStatus VmRSS=2333684 kB VmHWM=3137312 kB VmSize=21190564 kB VmSwap=991708 kB Threads=32 FDSize=512
2026-05-30 17:58:21.062 pid=1540 [generation-start] id=68 config=Qwen3.5 2B MTP model=Qwen3.5-2B-Q8_0.gguf promptLen=1042 mediaCount=0
  javaUsed=3.9MB javaTotal=11.5MB javaMax=256.0MB nativeHeap=3.8GB nativeHeapFree=40.7MB nativeHeapSize=3.8GB
  pssTotal=3.0GB privateDirty=2.1GB sharedDirty=51.8MB nativePss=2.1GB dalvikPss=4.5MB otherPss=12.7MB
  systemAvail=13.3GB systemThreshold=216.0MB lowMemory=false trimLevel=0 importance=125 fdCount=157
  procStatus VmRSS=2333684 kB VmHWM=3137312 kB VmSize=21190564 kB VmSwap=991708 kB Threads=32 FDSize=512
2026-05-30 17:58:21.138 pid=1540 [generation-stage] id=68 stage=native-call-start
2026-05-30 17:58:53.022 pid=1540 [generation-stage] id=68 stage=native-call-end resultLen=39
2026-05-30 17:58:53.023 pid=1540 [generation-end] id=68 resultLen=39
  javaUsed=4.1MB javaTotal=11.5MB javaMax=256.0MB nativeHeap=3.8GB nativeHeapFree=40.5MB nativeHeapSize=3.8GB
  pssTotal=3.0GB privateDirty=2.1GB sharedDirty=51.8MB nativePss=2.1GB dalvikPss=4.5MB otherPss=12.7MB
  systemAvail=13.3GB systemThreshold=216.0MB lowMemory=false trimLevel=0 importance=125 fdCount=157
  procStatus VmRSS=2328164 kB VmHWM=3137312 kB VmSize=21190564 kB VmSwap=991708 kB Threads=32 FDSize=512
2026-05-30 17:58:53.624 pid=1540 [model-load] Loading configuration: Qwen3.5 2B
2026-05-30 17:58:54.024 pid=1540 [runtime-memory] Before model load model=Qwen3.5-2B-UD-Q8_K_XL.gguf
  javaUsed=3.8MB javaTotal=11.5MB javaMax=256.0MB nativeHeap=1.5GB nativeHeapFree=81.8MB nativeHeapSize=1.6GB
  pssTotal=994.8MB privateDirty=19.6MB sharedDirty=51.8MB nativePss=13.3MB dalvikPss=2.5MB otherPss=12.7MB
  systemAvail=15.4GB systemThreshold=216.0MB lowMemory=false trimLevel=0 importance=125 fdCount=157
  procStatus VmRSS=184720 kB VmHWM=3137312 kB VmSize=18961640 kB VmSwap=991708 kB Threads=32 FDSize=512
2026-05-30 17:58:54.112 pid=1540 [runtime-memory] After model load cleanup model=Qwen3.5-2B-UD-Q8_K_XL.gguf
  javaUsed=3.6MB javaTotal=11.5MB javaMax=256.0MB nativeHeap=1.5GB nativeHeapFree=81.8MB nativeHeapSize=1.6GB
  pssTotal=996.8MB privateDirty=21.6MB sharedDirty=51.8MB nativePss=13.3MB dalvikPss=4.4MB otherPss=12.7MB
  systemAvail=15.4GB systemThreshold=216.0MB lowMemory=false trimLevel=0 importance=125 fdCount=157
  procStatus VmRSS=186776 kB VmHWM=3137312 kB VmSize=18961640 kB VmSwap=991708 kB Threads=32 FDSize=512
2026-05-30 17:58:57.303 pid=1540 [model-load-complete] config=Qwen3.5 2B model=Qwen3.5-2B-UD-Q8_K_XL.gguf mmproj=(none)
  javaUsed=3.7MB javaTotal=11.5MB javaMax=256.0MB nativeHeap=4.5GB nativeHeapFree=40.7MB nativeHeapSize=4.6GB
  pssTotal=3.8GB privateDirty=2.8GB sharedDirty=51.8MB nativePss=2.8GB dalvikPss=4.4MB otherPss=12.7MB
  systemAvail=12.5GB systemThreshold=216.0MB lowMemory=false trimLevel=0 importance=125 fdCount=157
  procStatus VmRSS=3131168 kB VmHWM=3137312 kB VmSize=21987868 kB VmSwap=991708 kB Threads=32 FDSize=512
2026-05-30 17:58:57.405 pid=1540 [generation-start] id=69 config=Qwen3.5 2B model=Qwen3.5-2B-UD-Q8_K_XL.gguf promptLen=1060 mediaCount=0
  javaUsed=3.7MB javaTotal=11.5MB javaMax=256.0MB nativeHeap=4.5GB nativeHeapFree=40.7MB nativeHeapSize=4.6GB
  pssTotal=3.8GB privateDirty=2.8GB sharedDirty=51.8MB nativePss=2.8GB dalvikPss=2.4MB otherPss=12.7MB
  systemAvail=12.5GB systemThreshold=216.0MB lowMemory=false trimLevel=0 importance=125 fdCount=157
  procStatus VmRSS=3129052 kB VmHWM=3137312 kB VmSize=21987868 kB VmSwap=991708 kB Threads=32 FDSize=512
2026-05-30 17:58:57.497 pid=1540 [generation-stage] id=69 stage=native-call-start
2026-05-30 17:59:35.517 pid=1540 [generation-stage] id=69 stage=native-call-end resultLen=34
2026-05-30 17:59:35.518 pid=1540 [generation-end] id=69 resultLen=34
  javaUsed=3.9MB javaTotal=11.5MB javaMax=256.0MB nativeHeap=4.5GB nativeHeapFree=40.5MB nativeHeapSize=4.6GB
  pssTotal=3.8GB privateDirty=2.8GB sharedDirty=51.8MB nativePss=2.8GB dalvikPss=2.6MB otherPss=12.7MB
  systemAvail=12.5GB systemThreshold=216.0MB lowMemory=false trimLevel=0 importance=125 fdCount=157
  procStatus VmRSS=3123432 kB VmHWM=3137312 kB VmSize=21987868 kB VmSwap=991708 kB Threads=32 FDSize=512
2026-05-30 17:59:35.609 pid=1540 [model-load] Loading configuration: Qwen3.5 2B
2026-05-30 17:59:35.610 pid=1540 [model-load-skip] config=Qwen3.5 2B model already loaded
  javaUsed=4.1MB javaTotal=11.5MB javaMax=256.0MB nativeHeap=4.5GB nativeHeapFree=40.5MB nativeHeapSize=4.6GB
  pssTotal=3.8GB privateDirty=2.8GB sharedDirty=51.8MB nativePss=2.8GB dalvikPss=2.8MB otherPss=12.7MB
  systemAvail=12.5GB systemThreshold=216.0MB lowMemory=false trimLevel=0 importance=125 fdCount=157
  procStatus VmRSS=3123560 kB VmHWM=3137312 kB VmSize=21987868 kB VmSwap=991708 kB Threads=32 FDSize=512
2026-05-30 17:59:35.695 pid=1540 [generation-start] id=70 config=Qwen3.5 2B model=Qwen3.5-2B-UD-Q8_K_XL.gguf promptLen=1060 mediaCount=0
  javaUsed=4.3MB javaTotal=11.5MB javaMax=256.0MB nativeHeap=4.5GB nativeHeapFree=40.5MB nativeHeapSize=4.6GB
  pssTotal=3.8GB privateDirty=2.8GB sharedDirty=51.8MB nativePss=2.8GB dalvikPss=2.9MB otherPss=12.7MB
  systemAvail=12.5GB systemThreshold=216.0MB lowMemory=false trimLevel=0 importance=125 fdCount=157
  procStatus VmRSS=3123688 kB VmHWM=3137312 kB VmSize=21987868 kB VmSwap=991708 kB Threads=32 FDSize=512
2026-05-30 17:59:35.786 pid=1540 [generation-stage] id=70 stage=native-call-start
2026-05-30 18:00:18.477 pid=1540 [generation-stage] id=70 stage=native-call-end resultLen=81
2026-05-30 18:00:18.478 pid=1540 [generation-end] id=70 resultLen=81
  javaUsed=4.5MB javaTotal=11.5MB javaMax=256.0MB nativeHeap=4.5GB nativeHeapFree=40.5MB nativeHeapSize=4.6GB
  pssTotal=3.8GB privateDirty=2.8GB sharedDirty=51.8MB nativePss=2.8GB dalvikPss=3.1MB otherPss=12.7MB
  systemAvail=12.6GB systemThreshold=216.0MB lowMemory=false trimLevel=0 importance=125 fdCount=157
  procStatus VmRSS=3123940 kB VmHWM=3137312 kB VmSize=21987868 kB VmSwap=991708 kB Threads=32 FDSize=512
2026-05-30 18:00:19.091 pid=1540 [model-load] Loading configuration: Qwen3.5 2B MTP
2026-05-30 18:00:19.582 pid=1540 [runtime-memory] Before model load model=Qwen3.5-2B-Q8_0.gguf
  javaUsed=4.7MB javaTotal=11.5MB javaMax=256.0MB nativeHeap=1.5GB nativeHeapFree=81.8MB nativeHeapSize=1.6GB
  pssTotal=995.7MB privateDirty=20.5MB sharedDirty=51.8MB nativePss=13.3MB dalvikPss=3.3MB otherPss=12.7MB
  systemAvail=15.4GB systemThreshold=216.0MB lowMemory=false trimLevel=0 importance=125 fdCount=157
  procStatus VmRSS=185248 kB VmHWM=3137312 kB VmSize=18961640 kB VmSwap=991708 kB Threads=32 FDSize=512
2026-05-30 18:00:19.668 pid=1540 [runtime-memory] After model load cleanup model=Qwen3.5-2B-Q8_0.gguf
  javaUsed=3.6MB javaTotal=11.5MB javaMax=256.0MB nativeHeap=1.5GB nativeHeapFree=81.8MB nativeHeapSize=1.6GB
  pssTotal=996.8MB privateDirty=21.6MB sharedDirty=51.8MB nativePss=13.4MB dalvikPss=4.4MB otherPss=12.7MB
  systemAvail=15.4GB systemThreshold=216.0MB lowMemory=false trimLevel=0 importance=125 fdCount=157
  procStatus VmRSS=186440 kB VmHWM=3137312 kB VmSize=18961640 kB VmSwap=991708 kB Threads=32 FDSize=512
2026-05-30 18:00:22.208 pid=1540 [model-load-complete] config=Qwen3.5 2B MTP model=Qwen3.5-2B-Q8_0.gguf mmproj=(none)
  javaUsed=3.7MB javaTotal=11.5MB javaMax=256.0MB nativeHeap=3.8GB nativeHeapFree=40.7MB nativeHeapSize=3.8GB
  pssTotal=3.0GB privateDirty=2.1GB sharedDirty=51.8MB nativePss=2.1GB dalvikPss=4.4MB otherPss=12.7MB
  systemAvail=13.3GB systemThreshold=216.0MB lowMemory=false trimLevel=0 importance=125 fdCount=157
  procStatus VmRSS=2333476 kB VmHWM=3137312 kB VmSize=21190564 kB VmSwap=991708 kB Threads=32 FDSize=512
2026-05-30 18:00:22.302 pid=1540 [generation-start] id=71 config=Qwen3.5 2B MTP model=Qwen3.5-2B-Q8_0.gguf promptLen=1039 mediaCount=0
  javaUsed=3.7MB javaTotal=11.5MB javaMax=256.0MB nativeHeap=3.8GB nativeHeapFree=40.7MB nativeHeapSize=3.8GB
  pssTotal=3.0GB privateDirty=2.1GB sharedDirty=51.8MB nativePss=2.1GB dalvikPss=2.4MB otherPss=12.7MB
  systemAvail=13.3GB systemThreshold=216.0MB lowMemory=false trimLevel=0 importance=125 fdCount=157
  procStatus VmRSS=2331472 kB VmHWM=3137312 kB VmSize=21190564 kB VmSwap=991708 kB Threads=32 FDSize=512
2026-05-30 18:00:22.388 pid=1540 [generation-stage] id=71 stage=native-call-start
2026-05-30 18:00:55.327 pid=1540 [generation-stage] id=71 stage=native-call-end resultLen=66
2026-05-30 18:00:55.328 pid=1540 [generation-end] id=71 resultLen=66
  javaUsed=3.9MB javaTotal=11.5MB javaMax=256.0MB nativeHeap=3.8GB nativeHeapFree=40.5MB nativeHeapSize=3.8GB
  pssTotal=3.0GB privateDirty=2.1GB sharedDirty=51.8MB nativePss=2.1GB dalvikPss=2.5MB otherPss=12.7MB
  systemAvail=13.3GB systemThreshold=216.0MB lowMemory=false trimLevel=0 importance=125 fdCount=157
  procStatus VmRSS=2326152 kB VmHWM=3137312 kB VmSize=21190564 kB VmSwap=991708 kB Threads=32 FDSize=512
2026-05-30 18:00:55.406 pid=1540 [model-load] Loading configuration: Qwen3.5 2B MTP
2026-05-30 18:00:55.407 pid=1540 [model-load-skip] config=Qwen3.5 2B MTP model already loaded
  javaUsed=4.1MB javaTotal=11.5MB javaMax=256.0MB nativeHeap=3.8GB nativeHeapFree=40.5MB nativeHeapSize=3.8GB
  pssTotal=3.0GB privateDirty=2.1GB sharedDirty=51.8MB nativePss=2.1GB dalvikPss=2.7MB otherPss=12.7MB
  systemAvail=13.3GB systemThreshold=216.0MB lowMemory=false trimLevel=0 importance=125 fdCount=157
  procStatus VmRSS=2326152 kB VmHWM=3137312 kB VmSize=21190564 kB VmSwap=991708 kB Threads=32 FDSize=512
2026-05-30 18:00:55.486 pid=1540 [generation-start] id=72 config=Qwen3.5 2B MTP model=Qwen3.5-2B-Q8_0.gguf promptLen=1039 mediaCount=0
  javaUsed=4.3MB javaTotal=11.5MB javaMax=256.0MB nativeHeap=3.8GB nativeHeapFree=40.5MB nativeHeapSize=3.8GB
  pssTotal=3.0GB privateDirty=2.1GB sharedDirty=51.8MB nativePss=2.1GB dalvikPss=2.9MB otherPss=12.7MB
  systemAvail=13.3GB systemThreshold=216.0MB lowMemory=false trimLevel=0 importance=125 fdCount=157
  procStatus VmRSS=2326280 kB VmHWM=3137312 kB VmSize=21190564 kB VmSwap=991708 kB Threads=32 FDSize=512
2026-05-30 18:00:55.567 pid=1540 [generation-stage] id=72 stage=native-call-start
2026-05-30 18:01:29.501 pid=1540 [generation-stage] id=72 stage=native-call-end resultLen=155
2026-05-30 18:01:29.502 pid=1540 [generation-end] id=72 resultLen=155
  javaUsed=4.4MB javaTotal=11.5MB javaMax=256.0MB nativeHeap=3.8GB nativeHeapFree=40.5MB nativeHeapSize=3.8GB
  pssTotal=3.0GB privateDirty=2.1GB sharedDirty=51.8MB nativePss=2.1GB dalvikPss=3.0MB otherPss=12.7MB
  systemAvail=13.4GB systemThreshold=216.0MB lowMemory=false trimLevel=0 importance=125 fdCount=157
  procStatus VmRSS=2326536 kB VmHWM=3137312 kB VmSize=21190564 kB VmSwap=991708 kB Threads=32 FDSize=512
2026-05-30 18:01:29.578 pid=1540 [model-load] Loading configuration: Qwen3.5 2B MTP
2026-05-30 18:01:29.579 pid=1540 [model-load-skip] config=Qwen3.5 2B MTP model already loaded
  javaUsed=4.7MB javaTotal=11.5MB javaMax=256.0MB nativeHeap=3.8GB nativeHeapFree=40.5MB nativeHeapSize=3.8GB
  pssTotal=3.0GB privateDirty=2.1GB sharedDirty=51.8MB nativePss=2.1GB dalvikPss=3.2MB otherPss=12.7MB
  systemAvail=13.4GB systemThreshold=216.0MB lowMemory=false trimLevel=0 importance=125 fdCount=157
  procStatus VmRSS=2326536 kB VmHWM=3137312 kB VmSize=21190564 kB VmSwap=991708 kB Threads=32 FDSize=512
2026-05-30 18:01:29.649 pid=1540 [generation-start] id=73 config=Qwen3.5 2B MTP model=Qwen3.5-2B-Q8_0.gguf promptLen=1039 mediaCount=0
  javaUsed=4.8MB javaTotal=11.5MB javaMax=256.0MB nativeHeap=3.8GB nativeHeapFree=40.5MB nativeHeapSize=3.8GB
  pssTotal=3.0GB privateDirty=2.1GB sharedDirty=51.8MB nativePss=2.1GB dalvikPss=3.3MB otherPss=12.7MB
  systemAvail=13.4GB systemThreshold=216.0MB lowMemory=false trimLevel=0 importance=125 fdCount=157
  procStatus VmRSS=2326664 kB VmHWM=3137312 kB VmSize=21190564 kB VmSwap=991708 kB Threads=32 FDSize=512
2026-05-30 18:01:29.716 pid=1540 [generation-stage] id=73 stage=native-call-start
2026-05-30 18:02:02.360 pid=1540 [generation-stage] id=73 stage=native-call-end resultLen=45
2026-05-30 18:02:02.361 pid=1540 [generation-end] id=73 resultLen=45
  javaUsed=5.0MB javaTotal=11.5MB javaMax=256.0MB nativeHeap=3.8GB nativeHeapFree=40.5MB nativeHeapSize=3.8GB
  pssTotal=3.0GB privateDirty=2.1GB sharedDirty=51.8MB nativePss=2.1GB dalvikPss=3.5MB otherPss=12.7MB
  systemAvail=13.4GB systemThreshold=216.0MB lowMemory=false trimLevel=0 importance=125 fdCount=157
  procStatus VmRSS=2327168 kB VmHWM=3137312 kB VmSize=21190564 kB VmSwap=991708 kB Threads=32 FDSize=512
2026-05-30 18:02:03.163 pid=1540 [model-load] Loading configuration: Qwen3.5 2B
2026-05-30 18:02:03.366 pid=1540 [runtime-memory] Before model load model=Qwen3.5-2B-UD-Q8_K_XL.gguf
  javaUsed=5.2MB javaTotal=11.5MB javaMax=256.0MB nativeHeap=1.5GB nativeHeapFree=81.8MB nativeHeapSize=1.6GB
  pssTotal=996.1MB privateDirty=20.9MB sharedDirty=51.8MB nativePss=13.4MB dalvikPss=3.7MB otherPss=12.7MB
  systemAvail=15.4GB systemThreshold=216.0MB lowMemory=false trimLevel=0 importance=125 fdCount=157
  procStatus VmRSS=185940 kB VmHWM=3137312 kB VmSize=18961640 kB VmSwap=991708 kB Threads=32 FDSize=512
2026-05-30 18:02:03.395 pid=1540 [runtime-memory] After model load cleanup model=Qwen3.5-2B-UD-Q8_K_XL.gguf
  javaUsed=3.6MB javaTotal=11.5MB javaMax=256.0MB nativeHeap=1.5GB nativeHeapFree=81.8MB nativeHeapSize=1.6GB
  pssTotal=996.9MB privateDirty=21.7MB sharedDirty=51.8MB nativePss=13.4MB dalvikPss=4.4MB otherPss=12.7MB
  systemAvail=15.4GB systemThreshold=216.0MB lowMemory=false trimLevel=0 importance=125 fdCount=157
  procStatus VmRSS=186796 kB VmHWM=3137312 kB VmSize=18961640 kB VmSwap=991708 kB Threads=32 FDSize=512
2026-05-30 18:02:05.283 pid=1540 [model-load-complete] config=Qwen3.5 2B model=Qwen3.5-2B-UD-Q8_K_XL.gguf mmproj=(none)
  javaUsed=3.7MB javaTotal=11.5MB javaMax=256.0MB nativeHeap=4.5GB nativeHeapFree=40.7MB nativeHeapSize=4.6GB
  pssTotal=3.8GB privateDirty=2.8GB sharedDirty=51.8MB nativePss=2.8GB dalvikPss=4.4MB otherPss=12.7MB
  systemAvail=12.6GB systemThreshold=216.0MB lowMemory=false trimLevel=0 importance=125 fdCount=157
  procStatus VmRSS=3130976 kB VmHWM=3137312 kB VmSize=21987868 kB VmSwap=991708 kB Threads=32 FDSize=512
2026-05-30 18:02:05.348 pid=1540 [generation-start] id=74 config=Qwen3.5 2B model=Qwen3.5-2B-UD-Q8_K_XL.gguf promptLen=1054 mediaCount=0
  javaUsed=3.9MB javaTotal=11.5MB javaMax=256.0MB nativeHeap=4.5GB nativeHeapFree=40.7MB nativeHeapSize=4.6GB
  pssTotal=3.8GB privateDirty=2.8GB sharedDirty=51.8MB nativePss=2.8GB dalvikPss=4.5MB otherPss=12.7MB
  systemAvail=12.6GB systemThreshold=216.0MB lowMemory=false trimLevel=0 importance=125 fdCount=157
  procStatus VmRSS=3128952 kB VmHWM=3137312 kB VmSize=21987868 kB VmSwap=991708 kB Threads=32 FDSize=512
2026-05-30 18:02:05.438 pid=1540 [generation-stage] id=74 stage=native-call-start
2026-05-30 18:02:54.898 pid=1540 [generation-stage] id=74 stage=native-call-end resultLen=143
2026-05-30 18:02:54.899 pid=1540 [generation-end] id=74 resultLen=143
  javaUsed=3.8MB javaTotal=11.5MB javaMax=256.0MB nativeHeap=4.5GB nativeHeapFree=40.5MB nativeHeapSize=4.6GB
  pssTotal=3.8GB privateDirty=2.8GB sharedDirty=51.8MB nativePss=2.8GB dalvikPss=2.5MB otherPss=12.7MB
  systemAvail=12.6GB systemThreshold=216.0MB lowMemory=false trimLevel=0 importance=125 fdCount=157
  procStatus VmRSS=3123512 kB VmHWM=3137312 kB VmSize=21987868 kB VmSwap=991708 kB Threads=32 FDSize=512
2026-05-30 18:02:56.135 pid=1540 [model-load] Loading configuration: Qwen3.5 2B MTP
2026-05-30 18:02:56.379 pid=1540 [runtime-memory] Before model load model=Qwen3.5-2B-Q8_0.gguf
  javaUsed=4.1MB javaTotal=11.5MB javaMax=256.0MB nativeHeap=1.5GB nativeHeapFree=81.8MB nativeHeapSize=1.6GB
  pssTotal=995.0MB privateDirty=19.8MB sharedDirty=51.8MB nativePss=13.3MB dalvikPss=2.7MB otherPss=12.7MB
  systemAvail=15.4GB systemThreshold=216.0MB lowMemory=false trimLevel=0 importance=125 fdCount=157
  procStatus VmRSS=184848 kB VmHWM=3137312 kB VmSize=18961640 kB VmSwap=991708 kB Threads=32 FDSize=512
2026-05-30 18:02:56.408 pid=1540 [runtime-memory] After model load cleanup model=Qwen3.5-2B-Q8_0.gguf
  javaUsed=3.6MB javaTotal=11.5MB javaMax=256.0MB nativeHeap=1.5GB nativeHeapFree=81.8MB nativeHeapSize=1.6GB
  pssTotal=996.8MB privateDirty=21.6MB sharedDirty=51.8MB nativePss=13.4MB dalvikPss=4.4MB otherPss=12.7MB
  systemAvail=15.4GB systemThreshold=216.0MB lowMemory=false trimLevel=0 importance=125 fdCount=157
  procStatus VmRSS=186728 kB VmHWM=3137312 kB VmSize=18961640 kB VmSwap=991708 kB Threads=32 FDSize=512
2026-05-30 18:02:57.775 pid=1540 [model-load-complete] config=Qwen3.5 2B MTP model=Qwen3.5-2B-Q8_0.gguf mmproj=(none)
  javaUsed=3.7MB javaTotal=11.5MB javaMax=256.0MB nativeHeap=3.8GB nativeHeapFree=40.7MB nativeHeapSize=3.8GB
  pssTotal=3.0GB privateDirty=2.1GB sharedDirty=51.8MB nativePss=2.1GB dalvikPss=4.4MB otherPss=12.7MB
  systemAvail=13.4GB systemThreshold=216.0MB lowMemory=false trimLevel=0 importance=125 fdCount=157
  procStatus VmRSS=2333668 kB VmHWM=3137312 kB VmSize=21190564 kB VmSwap=991708 kB Threads=32 FDSize=512
2026-05-30 18:02:57.834 pid=1540 [generation-start] id=75 config=Qwen3.5 2B MTP model=Qwen3.5-2B-Q8_0.gguf promptLen=1054 mediaCount=0
  javaUsed=3.9MB javaTotal=11.5MB javaMax=256.0MB nativeHeap=3.8GB nativeHeapFree=40.7MB nativeHeapSize=3.8GB
  pssTotal=3.0GB privateDirty=2.1GB sharedDirty=51.8MB nativePss=2.1GB dalvikPss=4.5MB otherPss=12.7MB
  systemAvail=13.4GB systemThreshold=216.0MB lowMemory=false trimLevel=0 importance=125 fdCount=157
  procStatus VmRSS=2333668 kB VmHWM=3137312 kB VmSize=21190564 kB VmSwap=991708 kB Threads=32 FDSize=512
2026-05-30 18:02:57.904 pid=1540 [generation-stage] id=75 stage=native-call-start
2026-05-30 18:03:30.480 pid=1540 [generation-stage] id=75 stage=native-call-end resultLen=34
2026-05-30 18:03:30.480 pid=1540 [generation-end] id=75 resultLen=34
  javaUsed=4.1MB javaTotal=11.5MB javaMax=256.0MB nativeHeap=3.8GB nativeHeapFree=40.5MB nativeHeapSize=3.8GB
  pssTotal=3.0GB privateDirty=2.1GB sharedDirty=51.8MB nativePss=2.1GB dalvikPss=4.5MB otherPss=12.7MB
  systemAvail=13.4GB systemThreshold=216.0MB lowMemory=false trimLevel=0 importance=125 fdCount=157
  procStatus VmRSS=2327964 kB VmHWM=3137312 kB VmSize=21190564 kB VmSwap=991708 kB Threads=32 FDSize=512
2026-05-30 18:03:31.589 pid=1540 [model-load] Loading configuration: Qwen3.5 2B
2026-05-30 18:03:31.790 pid=1540 [runtime-memory] Before model load model=Qwen3.5-2B-UD-Q8_K_XL.gguf
  javaUsed=4.3MB javaTotal=11.5MB javaMax=256.0MB nativeHeap=1.5GB nativeHeapFree=81.8MB nativeHeapSize=1.6GB
  pssTotal=996.8MB privateDirty=21.6MB sharedDirty=51.8MB nativePss=13.3MB dalvikPss=4.5MB otherPss=12.7MB
  systemAvail=15.4GB systemThreshold=216.0MB lowMemory=false trimLevel=0 importance=125 fdCount=157
  procStatus VmRSS=186580 kB VmHWM=3137312 kB VmSize=18961640 kB VmSwap=991708 kB Threads=32 FDSize=512
2026-05-30 18:03:31.819 pid=1540 [runtime-memory] After model load cleanup model=Qwen3.5-2B-UD-Q8_K_XL.gguf
  javaUsed=3.6MB javaTotal=11.5MB javaMax=256.0MB nativeHeap=1.5GB nativeHeapFree=81.8MB nativeHeapSize=1.6GB
  pssTotal=996.8MB privateDirty=21.6MB sharedDirty=51.8MB nativePss=13.4MB dalvikPss=4.4MB otherPss=12.7MB
  systemAvail=15.4GB systemThreshold=216.0MB lowMemory=false trimLevel=0 importance=125 fdCount=157
  procStatus VmRSS=186604 kB VmHWM=3137312 kB VmSize=18961640 kB VmSwap=991708 kB Threads=32 FDSize=512
2026-05-30 18:03:33.699 pid=1540 [model-load-complete] config=Qwen3.5 2B model=Qwen3.5-2B-UD-Q8_K_XL.gguf mmproj=(none)
  javaUsed=3.7MB javaTotal=11.5MB javaMax=256.0MB nativeHeap=4.5GB nativeHeapFree=40.7MB nativeHeapSize=4.6GB
  pssTotal=3.8GB privateDirty=2.8GB sharedDirty=51.8MB nativePss=2.8GB dalvikPss=4.4MB otherPss=12.7MB
  systemAvail=12.6GB systemThreshold=216.0MB lowMemory=false trimLevel=0 importance=125 fdCount=157
  procStatus VmRSS=3130860 kB VmHWM=3137312 kB VmSize=21987868 kB VmSwap=991708 kB Threads=32 FDSize=512
2026-05-30 18:03:33.765 pid=1540 [generation-start] id=76 config=Qwen3.5 2B model=Qwen3.5-2B-UD-Q8_K_XL.gguf promptLen=1051 mediaCount=0
  javaUsed=3.9MB javaTotal=11.5MB javaMax=256.0MB nativeHeap=4.5GB nativeHeapFree=40.7MB nativeHeapSize=4.6GB
  pssTotal=3.8GB privateDirty=2.8GB sharedDirty=51.8MB nativePss=2.8GB dalvikPss=4.5MB otherPss=12.7MB
  systemAvail=12.6GB systemThreshold=216.0MB lowMemory=false trimLevel=0 importance=125 fdCount=157
  procStatus VmRSS=3130860 kB VmHWM=3137312 kB VmSize=21987868 kB VmSwap=991708 kB Threads=32 FDSize=512
2026-05-30 18:03:33.844 pid=1540 [generation-stage] id=76 stage=native-call-start
2026-05-30 18:04:21.568 pid=1540 [generation-stage] id=76 stage=native-call-end resultLen=118
2026-05-30 18:04:21.568 pid=1540 [generation-end] id=76 resultLen=118
  javaUsed=4.1MB javaTotal=11.5MB javaMax=256.0MB nativeHeap=4.5GB nativeHeapFree=40.5MB nativeHeapSize=4.6GB
  pssTotal=3.8GB privateDirty=2.8GB sharedDirty=51.8MB nativePss=2.8GB dalvikPss=4.5MB otherPss=12.7MB
  systemAvail=12.6GB systemThreshold=216.0MB lowMemory=false trimLevel=0 importance=125 fdCount=157
  procStatus VmRSS=3125472 kB VmHWM=3137312 kB VmSize=21987868 kB VmSwap=991708 kB Threads=32 FDSize=512
2026-05-30 18:04:22.393 pid=1540 [model-load] Loading configuration: Qwen3.5 2B MTP
2026-05-30 18:04:22.635 pid=1540 [runtime-memory] Before model load model=Qwen3.5-2B-Q8_0.gguf
  javaUsed=3.7MB javaTotal=11.5MB javaMax=256.0MB nativeHeap=1.5GB nativeHeapFree=81.8MB nativeHeapSize=1.6GB
  pssTotal=994.8MB privateDirty=19.6MB sharedDirty=51.8MB nativePss=13.3MB dalvikPss=2.4MB otherPss=12.7MB
  systemAvail=15.4GB systemThreshold=216.0MB lowMemory=false trimLevel=0 importance=125 fdCount=157
  procStatus VmRSS=184600 kB VmHWM=3137312 kB VmSize=18961640 kB VmSwap=991708 kB Threads=32 FDSize=512
2026-05-30 18:04:22.664 pid=1540 [runtime-memory] After model load cleanup model=Qwen3.5-2B-Q8_0.gguf
  javaUsed=3.6MB javaTotal=11.5MB javaMax=256.0MB nativeHeap=1.5GB nativeHeapFree=81.8MB nativeHeapSize=1.6GB
  pssTotal=996.8MB privateDirty=21.6MB sharedDirty=51.8MB nativePss=13.4MB dalvikPss=4.4MB otherPss=12.7MB
  systemAvail=15.4GB systemThreshold=216.0MB lowMemory=false trimLevel=0 importance=125 fdCount=157
  procStatus VmRSS=186740 kB VmHWM=3137312 kB VmSize=18961640 kB VmSwap=991708 kB Threads=32 FDSize=512
2026-05-30 18:04:23.999 pid=1540 [model-load-complete] config=Qwen3.5 2B MTP model=Qwen3.5-2B-Q8_0.gguf mmproj=(none)
  javaUsed=3.7MB javaTotal=11.5MB javaMax=256.0MB nativeHeap=3.8GB nativeHeapFree=40.7MB nativeHeapSize=3.8GB
  pssTotal=3.0GB privateDirty=2.1GB sharedDirty=51.8MB nativePss=2.1GB dalvikPss=4.4MB otherPss=12.7MB
  systemAvail=13.3GB systemThreshold=216.0MB lowMemory=false trimLevel=0 importance=125 fdCount=157
  procStatus VmRSS=2333648 kB VmHWM=3137312 kB VmSize=21190564 kB VmSwap=991708 kB Threads=32 FDSize=512
2026-05-30 18:04:24.058 pid=1540 [generation-start] id=77 config=Qwen3.5 2B MTP model=Qwen3.5-2B-Q8_0.gguf promptLen=1036 mediaCount=0
  javaUsed=3.9MB javaTotal=11.5MB javaMax=256.0MB nativeHeap=3.8GB nativeHeapFree=40.7MB nativeHeapSize=3.8GB
  pssTotal=3.0GB privateDirty=2.1GB sharedDirty=51.8MB nativePss=2.1GB dalvikPss=4.5MB otherPss=12.7MB
  systemAvail=13.3GB systemThreshold=216.0MB lowMemory=false trimLevel=0 importance=125 fdCount=157
  procStatus VmRSS=2333648 kB VmHWM=3137312 kB VmSize=21190564 kB VmSwap=991708 kB Threads=32 FDSize=512
2026-05-30 18:04:24.127 pid=1540 [generation-stage] id=77 stage=native-call-start
2026-05-30 18:04:55.639 pid=1540 [generation-stage] id=77 stage=native-call-end resultLen=30
2026-05-30 18:04:55.639 pid=1540 [generation-end] id=77 resultLen=30
  javaUsed=4.1MB javaTotal=11.5MB javaMax=256.0MB nativeHeap=3.8GB nativeHeapFree=40.5MB nativeHeapSize=3.8GB
  pssTotal=3.0GB privateDirty=2.1GB sharedDirty=51.8MB nativePss=2.1GB dalvikPss=4.5MB otherPss=12.7MB
  systemAvail=13.3GB systemThreshold=216.0MB lowMemory=false trimLevel=0 importance=125 fdCount=157
  procStatus VmRSS=2327972 kB VmHWM=3137312 kB VmSize=21190564 kB VmSwap=991708 kB Threads=32 FDSize=512
2026-05-30 18:04:55.713 pid=1540 [model-load] Loading configuration: Qwen3.5 2B MTP
2026-05-30 18:04:55.713 pid=1540 [model-load-skip] config=Qwen3.5 2B MTP model already loaded
  javaUsed=4.3MB javaTotal=11.5MB javaMax=256.0MB nativeHeap=3.8GB nativeHeapFree=40.5MB nativeHeapSize=3.8GB
  pssTotal=3.0GB privateDirty=2.1GB sharedDirty=51.8MB nativePss=2.1GB dalvikPss=4.5MB otherPss=12.7MB
  systemAvail=13.3GB systemThreshold=216.0MB lowMemory=false trimLevel=0 importance=125 fdCount=157
  procStatus VmRSS=2327972 kB VmHWM=3137312 kB VmSize=21190564 kB VmSwap=991708 kB Threads=32 FDSize=512
2026-05-30 18:04:55.786 pid=1540 [generation-start] id=78 config=Qwen3.5 2B MTP model=Qwen3.5-2B-Q8_0.gguf promptLen=1036 mediaCount=0
  javaUsed=4.5MB javaTotal=11.5MB javaMax=256.0MB nativeHeap=3.8GB nativeHeapFree=40.5MB nativeHeapSize=3.8GB
  pssTotal=3.0GB privateDirty=2.1GB sharedDirty=51.8MB nativePss=2.1GB dalvikPss=4.5MB otherPss=12.7MB
  systemAvail=13.3GB systemThreshold=216.0MB lowMemory=false trimLevel=0 importance=125 fdCount=157
  procStatus VmRSS=2327972 kB VmHWM=3137312 kB VmSize=21190564 kB VmSwap=991708 kB Threads=32 FDSize=512
2026-05-30 18:04:55.853 pid=1540 [generation-stage] id=78 stage=native-call-start
2026-05-30 18:05:30.220 pid=1540 [generation-stage] id=78 stage=native-call-end resultLen=87
2026-05-30 18:05:30.221 pid=1540 [generation-end] id=78 resultLen=87
  javaUsed=4.7MB javaTotal=11.5MB javaMax=256.0MB nativeHeap=3.8GB nativeHeapFree=40.5MB nativeHeapSize=3.8GB
  pssTotal=3.0GB privateDirty=2.1GB sharedDirty=51.8MB nativePss=2.1GB dalvikPss=4.5MB otherPss=12.7MB
  systemAvail=13.3GB systemThreshold=216.0MB lowMemory=false trimLevel=0 importance=125 fdCount=157
  procStatus VmRSS=2328092 kB VmHWM=3137312 kB VmSize=21190564 kB VmSwap=991708 kB Threads=32 FDSize=512
2026-05-30 18:05:30.293 pid=1540 [model-load] Loading configuration: Qwen3.5 2B MTP
2026-05-30 18:05:30.293 pid=1540 [model-load-skip] config=Qwen3.5 2B MTP model already loaded
  javaUsed=4.9MB javaTotal=11.5MB javaMax=256.0MB nativeHeap=3.8GB nativeHeapFree=40.5MB nativeHeapSize=3.8GB
  pssTotal=3.0GB privateDirty=2.1GB sharedDirty=51.8MB nativePss=2.1GB dalvikPss=4.5MB otherPss=12.7MB
  systemAvail=13.3GB systemThreshold=216.0MB lowMemory=false trimLevel=0 importance=125 fdCount=157
  procStatus VmRSS=2328092 kB VmHWM=3137312 kB VmSize=21190564 kB VmSwap=991708 kB Threads=32 FDSize=512
2026-05-30 18:05:30.365 pid=1540 [generation-start] id=79 config=Qwen3.5 2B MTP model=Qwen3.5-2B-Q8_0.gguf promptLen=1036 mediaCount=0
  javaUsed=5.1MB javaTotal=11.5MB javaMax=256.0MB nativeHeap=3.8GB nativeHeapFree=40.5MB nativeHeapSize=3.8GB
  pssTotal=3.0GB privateDirty=2.1GB sharedDirty=51.8MB nativePss=2.1GB dalvikPss=4.5MB otherPss=12.7MB
  systemAvail=13.3GB systemThreshold=216.0MB lowMemory=false trimLevel=0 importance=125 fdCount=157
  procStatus VmRSS=2328092 kB VmHWM=3137312 kB VmSize=21190564 kB VmSwap=991708 kB Threads=32 FDSize=512
2026-05-30 18:05:30.432 pid=1540 [generation-stage] id=79 stage=native-call-start
2026-05-30 18:06:03.957 pid=1540 [generation-stage] id=79 stage=native-call-end resultLen=65
2026-05-30 18:06:03.958 pid=1540 [generation-end] id=79 resultLen=65
  javaUsed=5.2MB javaTotal=11.5MB javaMax=256.0MB nativeHeap=3.8GB nativeHeapFree=40.5MB nativeHeapSize=3.8GB
  pssTotal=3.0GB privateDirty=2.1GB sharedDirty=51.8MB nativePss=2.1GB dalvikPss=4.5MB otherPss=12.7MB
  systemAvail=13.3GB systemThreshold=216.0MB lowMemory=false trimLevel=0 importance=125 fdCount=157
  procStatus VmRSS=2328212 kB VmHWM=3137312 kB VmSize=21190564 kB VmSwap=991708 kB Threads=32 FDSize=512
2026-05-30 18:06:04.546 pid=1540 [model-load] Loading configuration: Qwen3.5 2B
2026-05-30 18:06:04.792 pid=1540 [runtime-memory] Before model load model=Qwen3.5-2B-UD-Q8_K_XL.gguf
  javaUsed=3.7MB javaTotal=11.6MB javaMax=256.0MB nativeHeap=1.5GB nativeHeapFree=81.8MB nativeHeapSize=1.6GB
  pssTotal=996.7MB privateDirty=21.6MB sharedDirty=51.8MB nativePss=13.3MB dalvikPss=4.4MB otherPss=12.7MB
  systemAvail=15.4GB systemThreshold=216.0MB lowMemory=false trimLevel=0 importance=125 fdCount=157
  procStatus VmRSS=186860 kB VmHWM=3137312 kB VmSize=18961640 kB VmSwap=991708 kB Threads=32 FDSize=512
2026-05-30 18:06:04.830 pid=1540 [runtime-memory] After model load cleanup model=Qwen3.5-2B-UD-Q8_K_XL.gguf
  javaUsed=3.6MB javaTotal=11.5MB javaMax=256.0MB nativeHeap=1.5GB nativeHeapFree=81.8MB nativeHeapSize=1.6GB
  pssTotal=996.8MB privateDirty=21.6MB sharedDirty=51.8MB nativePss=13.4MB dalvikPss=4.4MB otherPss=12.7MB
  systemAvail=15.4GB systemThreshold=216.0MB lowMemory=false trimLevel=0 importance=125 fdCount=157
  procStatus VmRSS=186972 kB VmHWM=3137312 kB VmSize=18961640 kB VmSwap=991708 kB Threads=32 FDSize=512
2026-05-30 18:06:07.033 pid=1540 [model-load-complete] config=Qwen3.5 2B model=Qwen3.5-2B-UD-Q8_K_XL.gguf mmproj=(none)
  javaUsed=3.7MB javaTotal=11.5MB javaMax=256.0MB nativeHeap=4.5GB nativeHeapFree=40.7MB nativeHeapSize=4.6GB
  pssTotal=3.8GB privateDirty=2.8GB sharedDirty=51.8MB nativePss=2.8GB dalvikPss=4.4MB otherPss=12.7MB
  systemAvail=12.5GB systemThreshold=216.0MB lowMemory=false trimLevel=0 importance=125 fdCount=157
  procStatus VmRSS=3131196 kB VmHWM=3137312 kB VmSize=21987868 kB VmSwap=991708 kB Threads=32 FDSize=512
2026-05-30 18:06:07.098 pid=1540 [generation-start] id=80 config=Qwen3.5 2B model=Qwen3.5-2B-UD-Q8_K_XL.gguf promptLen=1045 mediaCount=0
  javaUsed=3.9MB javaTotal=11.5MB javaMax=256.0MB nativeHeap=4.5GB nativeHeapFree=40.7MB nativeHeapSize=4.6GB
  pssTotal=3.8GB privateDirty=2.8GB sharedDirty=51.8MB nativePss=2.8GB dalvikPss=4.5MB otherPss=12.7MB
  systemAvail=12.5GB systemThreshold=216.0MB lowMemory=false trimLevel=0 importance=125 fdCount=157
  procStatus VmRSS=3131204 kB VmHWM=3137312 kB VmSize=21987868 kB VmSwap=991708 kB Threads=32 FDSize=512
2026-05-30 18:06:07.175 pid=1540 [generation-stage] id=80 stage=native-call-start
2026-05-30 18:06:51.636 pid=1540 [generation-stage] id=80 stage=native-call-end resultLen=90
2026-05-30 18:06:51.637 pid=1540 [generation-end] id=80 resultLen=90
  javaUsed=4.1MB javaTotal=11.5MB javaMax=256.0MB nativeHeap=4.5GB nativeHeapFree=40.5MB nativeHeapSize=4.6GB
  pssTotal=3.8GB privateDirty=2.8GB sharedDirty=51.8MB nativePss=2.8GB dalvikPss=4.5MB otherPss=12.7MB
  systemAvail=12.6GB systemThreshold=216.0MB lowMemory=false trimLevel=0 importance=125 fdCount=157
  procStatus VmRSS=3125708 kB VmHWM=3137312 kB VmSize=21987868 kB VmSwap=991708 kB Threads=32 FDSize=512
2026-05-30 18:06:51.712 pid=1540 [model-load] Loading configuration: Qwen3.5 2B
2026-05-30 18:06:51.712 pid=1540 [model-load-skip] config=Qwen3.5 2B model already loaded
  javaUsed=4.3MB javaTotal=11.5MB javaMax=256.0MB nativeHeap=4.5GB nativeHeapFree=40.5MB nativeHeapSize=4.6GB
  pssTotal=3.8GB privateDirty=2.8GB sharedDirty=51.8MB nativePss=2.8GB dalvikPss=4.5MB otherPss=12.7MB
  systemAvail=12.6GB systemThreshold=216.0MB lowMemory=false trimLevel=0 importance=125 fdCount=157
  procStatus VmRSS=3125708 kB VmHWM=3137312 kB VmSize=21987868 kB VmSwap=991708 kB Threads=32 FDSize=512
2026-05-30 18:06:51.791 pid=1540 [generation-start] id=81 config=Qwen3.5 2B model=Qwen3.5-2B-UD-Q8_K_XL.gguf promptLen=1045 mediaCount=0
  javaUsed=4.5MB javaTotal=11.5MB javaMax=256.0MB nativeHeap=4.5GB nativeHeapFree=40.5MB nativeHeapSize=4.6GB
  pssTotal=3.8GB privateDirty=2.8GB sharedDirty=51.9MB nativePss=2.8GB dalvikPss=4.5MB otherPss=12.7MB
  systemAvail=12.6GB systemThreshold=216.0MB lowMemory=false trimLevel=0 importance=125 fdCount=157
  procStatus VmRSS=3125836 kB VmHWM=3137312 kB VmSize=21987868 kB VmSwap=991708 kB Threads=32 FDSize=512
2026-05-30 18:06:51.870 pid=1540 [generation-stage] id=81 stage=native-call-start
2026-05-30 18:07:34.217 pid=1540 [generation-stage] id=81 stage=native-call-end resultLen=54
2026-05-30 18:07:34.218 pid=1540 [generation-end] id=81 resultLen=54
  javaUsed=4.6MB javaTotal=11.5MB javaMax=256.0MB nativeHeap=4.5GB nativeHeapFree=40.5MB nativeHeapSize=4.6GB
  pssTotal=3.8GB privateDirty=2.8GB sharedDirty=51.9MB nativePss=2.8GB dalvikPss=4.5MB otherPss=12.7MB
  systemAvail=12.6GB systemThreshold=216.0MB lowMemory=false trimLevel=0 importance=125 fdCount=157
  procStatus VmRSS=3125568 kB VmHWM=3137312 kB VmSize=21987868 kB VmSwap=991708 kB Threads=32 FDSize=512
2026-05-30 18:07:34.925 pid=1540 [model-load] Loading configuration: Qwen3.5 2B
2026-05-30 18:07:34.925 pid=1540 [model-load-skip] config=Qwen3.5 2B model already loaded
  javaUsed=4.9MB javaTotal=11.5MB javaMax=256.0MB nativeHeap=4.5GB nativeHeapFree=40.5MB nativeHeapSize=4.6GB
  pssTotal=3.8GB privateDirty=2.8GB sharedDirty=51.9MB nativePss=2.8GB dalvikPss=4.5MB otherPss=12.7MB
  systemAvail=12.6GB systemThreshold=216.0MB lowMemory=false trimLevel=0 importance=125 fdCount=157
  procStatus VmRSS=3125568 kB VmHWM=3137312 kB VmSize=21987868 kB VmSwap=991708 kB Threads=32 FDSize=512
2026-05-30 18:07:34.983 pid=1540 [generation-start] id=82 config=Qwen3.5 2B model=Qwen3.5-2B-UD-Q8_K_XL.gguf promptLen=1042 mediaCount=0
  javaUsed=5.1MB javaTotal=11.5MB javaMax=256.0MB nativeHeap=4.5GB nativeHeapFree=40.5MB nativeHeapSize=4.6GB
  pssTotal=3.8GB privateDirty=2.8GB sharedDirty=51.9MB nativePss=2.8GB dalvikPss=4.5MB otherPss=12.7MB
  systemAvail=12.6GB systemThreshold=216.0MB lowMemory=false trimLevel=0 importance=125 fdCount=157
  procStatus VmRSS=3125568 kB VmHWM=3137312 kB VmSize=21987868 kB VmSwap=991708 kB Threads=32 FDSize=512
2026-05-30 18:07:35.022 pid=1540 [generation-stage] id=82 stage=native-call-start
2026-05-30 18:08:15.704 pid=1540 [generation-stage] id=82 stage=native-call-end resultLen=36
2026-05-30 18:08:15.704 pid=1540 [generation-end] id=82 resultLen=36
  javaUsed=5.2MB javaTotal=11.5MB javaMax=256.0MB nativeHeap=4.5GB nativeHeapFree=40.5MB nativeHeapSize=4.6GB
  pssTotal=3.8GB privateDirty=2.8GB sharedDirty=51.9MB nativePss=2.8GB dalvikPss=4.5MB otherPss=12.7MB
  systemAvail=12.6GB systemThreshold=216.0MB lowMemory=false trimLevel=0 importance=125 fdCount=157
  procStatus VmRSS=3125564 kB VmHWM=3137312 kB VmSize=21987868 kB VmSwap=991708 kB Threads=32 FDSize=512
2026-05-30 18:08:16.736 pid=1540 [model-load] Loading configuration: Qwen3.5 2B MTP
2026-05-30 18:08:17.039 pid=1540 [runtime-memory] Before model load model=Qwen3.5-2B-Q8_0.gguf
  javaUsed=3.6MB javaTotal=11.6MB javaMax=256.0MB nativeHeap=1.5GB nativeHeapFree=81.8MB nativeHeapSize=1.6GB
  pssTotal=994.8MB privateDirty=19.6MB sharedDirty=51.9MB nativePss=13.3MB dalvikPss=2.4MB otherPss=12.7MB
  systemAvail=15.4GB systemThreshold=216.0MB lowMemory=false trimLevel=0 importance=125 fdCount=157
  procStatus VmRSS=184632 kB VmHWM=3137312 kB VmSize=18961640 kB VmSwap=991708 kB Threads=32 FDSize=512
2026-05-30 18:08:17.077 pid=1540 [runtime-memory] After model load cleanup model=Qwen3.5-2B-Q8_0.gguf
  javaUsed=3.6MB javaTotal=11.5MB javaMax=256.0MB nativeHeap=1.5GB nativeHeapFree=81.8MB nativeHeapSize=1.6GB
  pssTotal=996.8MB privateDirty=21.6MB sharedDirty=51.9MB nativePss=13.4MB dalvikPss=4.4MB otherPss=12.7MB
  systemAvail=15.4GB systemThreshold=216.0MB lowMemory=false trimLevel=0 importance=125 fdCount=157
  procStatus VmRSS=186784 kB VmHWM=3137312 kB VmSize=18961640 kB VmSwap=991708 kB Threads=32 FDSize=512
2026-05-30 18:08:18.763 pid=1540 [model-load-complete] config=Qwen3.5 2B MTP model=Qwen3.5-2B-Q8_0.gguf mmproj=(none)
  javaUsed=3.7MB javaTotal=11.5MB javaMax=256.0MB nativeHeap=3.8GB nativeHeapFree=40.7MB nativeHeapSize=3.8GB
  pssTotal=3.0GB privateDirty=2.1GB sharedDirty=51.9MB nativePss=2.1GB dalvikPss=4.4MB otherPss=12.7MB
  systemAvail=13.3GB systemThreshold=216.0MB lowMemory=false trimLevel=0 importance=125 fdCount=157
  procStatus VmRSS=2333680 kB VmHWM=3137312 kB VmSize=21190564 kB VmSwap=991708 kB Threads=32 FDSize=512
2026-05-30 18:08:18.822 pid=1540 [generation-start] id=83 config=Qwen3.5 2B MTP model=Qwen3.5-2B-Q8_0.gguf promptLen=1039 mediaCount=0
  javaUsed=3.9MB javaTotal=11.5MB javaMax=256.0MB nativeHeap=3.8GB nativeHeapFree=40.7MB nativeHeapSize=3.8GB
  pssTotal=3.0GB privateDirty=2.1GB sharedDirty=51.9MB nativePss=2.1GB dalvikPss=4.5MB otherPss=12.7MB
  systemAvail=13.3GB systemThreshold=216.0MB lowMemory=false trimLevel=0 importance=125 fdCount=157
  procStatus VmRSS=2333680 kB VmHWM=3137312 kB VmSize=21190564 kB VmSwap=991708 kB Threads=32 FDSize=512
2026-05-30 18:08:18.889 pid=1540 [generation-stage] id=83 stage=native-call-start
2026-05-30 18:08:51.632 pid=1540 [generation-stage] id=83 stage=native-call-end resultLen=58
2026-05-30 18:08:51.633 pid=1540 [generation-end] id=83 resultLen=58
  javaUsed=4.1MB javaTotal=11.5MB javaMax=256.0MB nativeHeap=3.8GB nativeHeapFree=40.5MB nativeHeapSize=3.8GB
  pssTotal=3.0GB privateDirty=2.1GB sharedDirty=51.9MB nativePss=2.1GB dalvikPss=4.5MB otherPss=12.7MB
  systemAvail=13.3GB systemThreshold=216.0MB lowMemory=false trimLevel=0 importance=125 fdCount=157
  procStatus VmRSS=2328092 kB VmHWM=3137312 kB VmSize=21190564 kB VmSwap=991708 kB Threads=32 FDSize=512
2026-05-30 18:08:51.705 pid=1540 [model-load] Loading configuration: Qwen3.5 2B MTP
2026-05-30 18:08:51.705 pid=1540 [model-load-skip] config=Qwen3.5 2B MTP model already loaded
  javaUsed=4.3MB javaTotal=11.5MB javaMax=256.0MB nativeHeap=3.8GB nativeHeapFree=40.5MB nativeHeapSize=3.8GB
  pssTotal=3.0GB privateDirty=2.1GB sharedDirty=51.9MB nativePss=2.1GB dalvikPss=4.5MB otherPss=12.7MB
  systemAvail=13.3GB systemThreshold=216.0MB lowMemory=false trimLevel=0 importance=125 fdCount=157
  procStatus VmRSS=2328092 kB VmHWM=3137312 kB VmSize=21190564 kB VmSwap=991708 kB Threads=32 FDSize=512
2026-05-30 18:08:51.775 pid=1540 [generation-start] id=84 config=Qwen3.5 2B MTP model=Qwen3.5-2B-Q8_0.gguf promptLen=1039 mediaCount=0
  javaUsed=4.5MB javaTotal=11.5MB javaMax=256.0MB nativeHeap=3.8GB nativeHeapFree=40.5MB nativeHeapSize=3.8GB
  pssTotal=3.0GB privateDirty=2.1GB sharedDirty=51.9MB nativePss=2.1GB dalvikPss=4.5MB otherPss=12.7MB
  systemAvail=13.3GB systemThreshold=216.0MB lowMemory=false trimLevel=0 importance=125 fdCount=157
  procStatus VmRSS=2328092 kB VmHWM=3137312 kB VmSize=21190564 kB VmSwap=991708 kB Threads=32 FDSize=512
2026-05-30 18:08:51.841 pid=1540 [generation-stage] id=84 stage=native-call-start
2026-05-30 18:09:26.789 pid=1540 [generation-stage] id=84 stage=native-call-end resultLen=92
2026-05-30 18:09:26.790 pid=1540 [generation-end] id=84 resultLen=92
  javaUsed=4.6MB javaTotal=11.5MB javaMax=256.0MB nativeHeap=3.8GB nativeHeapFree=40.5MB nativeHeapSize=3.8GB
  pssTotal=3.0GB privateDirty=2.1GB sharedDirty=51.9MB nativePss=2.1GB dalvikPss=4.5MB otherPss=12.7MB
  systemAvail=13.4GB systemThreshold=216.0MB lowMemory=false trimLevel=0 importance=125 fdCount=157
  procStatus VmRSS=2328072 kB VmHWM=3137312 kB VmSize=21190564 kB VmSwap=991708 kB Threads=32 FDSize=512
2026-05-30 18:09:26.864 pid=1540 [model-load] Loading configuration: Qwen3.5 2B MTP
2026-05-30 18:09:26.864 pid=1540 [model-load-skip] config=Qwen3.5 2B MTP model already loaded
  javaUsed=4.9MB javaTotal=11.5MB javaMax=256.0MB nativeHeap=3.8GB nativeHeapFree=40.5MB nativeHeapSize=3.8GB
  pssTotal=3.0GB privateDirty=2.1GB sharedDirty=51.9MB nativePss=2.1GB dalvikPss=4.5MB otherPss=12.7MB
  systemAvail=13.4GB systemThreshold=216.0MB lowMemory=false trimLevel=0 importance=125 fdCount=157
  procStatus VmRSS=2328072 kB VmHWM=3137312 kB VmSize=21190564 kB VmSwap=991708 kB Threads=32 FDSize=512
2026-05-30 18:09:26.932 pid=1540 [generation-start] id=85 config=Qwen3.5 2B MTP model=Qwen3.5-2B-Q8_0.gguf promptLen=1039 mediaCount=0
  javaUsed=5.1MB javaTotal=11.5MB javaMax=256.0MB nativeHeap=3.8GB nativeHeapFree=40.5MB nativeHeapSize=3.8GB
  pssTotal=3.0GB privateDirty=2.1GB sharedDirty=51.9MB nativePss=2.1GB dalvikPss=4.5MB otherPss=12.7MB
  systemAvail=13.4GB systemThreshold=216.0MB lowMemory=false trimLevel=0 importance=125 fdCount=157
  procStatus VmRSS=2328072 kB VmHWM=3137312 kB VmSize=21190564 kB VmSwap=991708 kB Threads=32 FDSize=512
2026-05-30 18:09:26.999 pid=1540 [generation-stage] id=85 stage=native-call-start
2026-05-30 18:09:59.352 pid=1540 [generation-stage] id=85 stage=native-call-end resultLen=46
2026-05-30 18:09:59.352 pid=1540 [generation-end] id=85 resultLen=46
  javaUsed=5.2MB javaTotal=11.5MB javaMax=256.0MB nativeHeap=3.8GB nativeHeapFree=40.5MB nativeHeapSize=3.8GB
  pssTotal=3.0GB privateDirty=2.1GB sharedDirty=51.9MB nativePss=2.1GB dalvikPss=4.5MB otherPss=12.7MB
  systemAvail=13.3GB systemThreshold=216.0MB lowMemory=false trimLevel=0 importance=125 fdCount=157
  procStatus VmRSS=2328200 kB VmHWM=3137312 kB VmSize=21190564 kB VmSwap=991708 kB Threads=32 FDSize=512
2026-05-30 18:10:00.059 pid=1540 [model-load] Loading configuration: Qwen3.5 2B
2026-05-30 18:10:00.308 pid=1540 [runtime-memory] Before model load model=Qwen3.5-2B-UD-Q8_K_XL.gguf
  javaUsed=3.6MB javaTotal=11.6MB javaMax=256.0MB nativeHeap=1.5GB nativeHeapFree=81.8MB nativeHeapSize=1.6GB
  pssTotal=994.7MB privateDirty=19.5MB sharedDirty=51.9MB nativePss=13.3MB dalvikPss=2.4MB otherPss=12.7MB
  systemAvail=15.4GB systemThreshold=216.0MB lowMemory=false trimLevel=0 importance=125 fdCount=157
  procStatus VmRSS=184688 kB VmHWM=3137312 kB VmSize=18961640 kB VmSwap=991708 kB Threads=32 FDSize=512
2026-05-30 18:10:00.346 pid=1540 [runtime-memory] After model load cleanup model=Qwen3.5-2B-UD-Q8_K_XL.gguf
  javaUsed=3.6MB javaTotal=11.5MB javaMax=256.0MB nativeHeap=1.5GB nativeHeapFree=81.8MB nativeHeapSize=1.6GB
  pssTotal=996.8MB privateDirty=21.6MB sharedDirty=51.9MB nativePss=13.4MB dalvikPss=4.4MB otherPss=12.7MB
  systemAvail=15.4GB systemThreshold=216.0MB lowMemory=false trimLevel=0 importance=125 fdCount=157
  procStatus VmRSS=186876 kB VmHWM=3137312 kB VmSize=18961640 kB VmSwap=991708 kB Threads=32 FDSize=512
2026-05-30 18:10:02.577 pid=1540 [model-load-complete] config=Qwen3.5 2B model=Qwen3.5-2B-UD-Q8_K_XL.gguf mmproj=(none)
  javaUsed=3.7MB javaTotal=11.5MB javaMax=256.0MB nativeHeap=4.5GB nativeHeapFree=40.7MB nativeHeapSize=4.6GB
  pssTotal=3.8GB privateDirty=2.8GB sharedDirty=51.9MB nativePss=2.8GB dalvikPss=4.4MB otherPss=12.7MB
  systemAvail=12.6GB systemThreshold=216.0MB lowMemory=false trimLevel=0 importance=125 fdCount=157
  procStatus VmRSS=3131084 kB VmHWM=3137312 kB VmSize=21987868 kB VmSwap=991708 kB Threads=32 FDSize=512
2026-05-30 18:10:02.643 pid=1540 [generation-start] id=86 config=Qwen3.5 2B model=Qwen3.5-2B-UD-Q8_K_XL.gguf promptLen=1036 mediaCount=0
  javaUsed=3.9MB javaTotal=11.5MB javaMax=256.0MB nativeHeap=4.5GB nativeHeapFree=40.7MB nativeHeapSize=4.6GB
  pssTotal=3.8GB privateDirty=2.8GB sharedDirty=51.9MB nativePss=2.8GB dalvikPss=4.5MB otherPss=12.7MB
  systemAvail=12.6GB systemThreshold=216.0MB lowMemory=false trimLevel=0 importance=125 fdCount=157
  procStatus VmRSS=3131084 kB VmHWM=3137312 kB VmSize=21987868 kB VmSwap=991708 kB Threads=32 FDSize=512
2026-05-30 18:10:02.720 pid=1540 [generation-stage] id=86 stage=native-call-start
2026-05-30 18:10:45.913 pid=1540 [generation-stage] id=86 stage=native-call-end resultLen=75
2026-05-30 18:10:45.913 pid=1540 [generation-end] id=86 resultLen=75
  javaUsed=4.1MB javaTotal=11.5MB javaMax=256.0MB nativeHeap=4.5GB nativeHeapFree=40.5MB nativeHeapSize=4.6GB
  pssTotal=3.8GB privateDirty=2.8GB sharedDirty=51.9MB nativePss=2.8GB dalvikPss=4.5MB otherPss=12.7MB
  systemAvail=12.6GB systemThreshold=216.0MB lowMemory=false trimLevel=0 importance=125 fdCount=157
  procStatus VmRSS=3125512 kB VmHWM=3137312 kB VmSize=21987868 kB VmSwap=991708 kB Threads=32 FDSize=512
2026-05-30 18:19:17.355 pid=1540 [model-load] Loading configuration: Gemma−4
2026-05-30 18:19:17.821 pid=1540 [runtime-memory] Before model load model=gemma-4-E4B-it-Q4_K_M.gguf
  javaUsed=6.7MB javaTotal=12.2MB javaMax=256.0MB nativeHeap=1.5GB nativeHeapFree=84.5MB nativeHeapSize=1.6GB
  pssTotal=1002.2MB privateDirty=37.2MB sharedDirty=51.9MB nativePss=26.2MB dalvikPss=6.5MB otherPss=13.4MB
  systemAvail=14.8GB systemThreshold=216.0MB lowMemory=false trimLevel=0 importance=125 fdCount=157
  procStatus VmRSS=203380 kB VmHWM=3155852 kB VmSize=19017344 kB VmSwap=981692 kB Threads=35 FDSize=512
2026-05-30 18:19:17.878 pid=1540 [runtime-memory] After model load cleanup model=gemma-4-E4B-it-Q4_K_M.gguf
  javaUsed=3.7MB javaTotal=11.6MB javaMax=256.0MB nativeHeap=1.5GB nativeHeapFree=84.6MB nativeHeapSize=1.6GB
  pssTotal=1000.2MB privateDirty=35.2MB sharedDirty=51.9MB nativePss=26.3MB dalvikPss=4.5MB otherPss=13.4MB
  systemAvail=14.8GB systemThreshold=216.0MB lowMemory=false trimLevel=0 importance=125 fdCount=157
  procStatus VmRSS=201280 kB VmHWM=3155852 kB VmSize=19017344 kB VmSwap=981692 kB Threads=35 FDSize=512
2026-05-30 18:19:25.125 pid=30062 [app] Application created
2026-05-30 18:19:25.126 pid=30062 [app-start] Application onCreate
  javaUsed=4.2MB javaTotal=256.0MB javaMax=256.0MB nativeHeap=6.6MB nativeHeapFree=1.9MB nativeHeapSize=13.1MB
  pssTotal=10.5MB privateDirty=4.7MB sharedDirty=52.8MB nativePss=2.2MB dalvikPss=855.0KB otherPss=7.4MB
  systemAvail=16.6GB systemThreshold=216.0MB lowMemory=false trimLevel=0 importance=400 fdCount=113
  procStatus VmRSS=120664 kB VmHWM=120664 kB VmSize=16946548 kB VmSwap=3136 kB Threads=13 FDSize=128
2026-05-30 18:19:32.705 pid=30062 [model-load] Loading configuration: Gemma−4:2B
2026-05-30 18:19:32.706 pid=30062 [runtime-memory] Before model load model=gemma-4-E2B-it-Q4_K_M.gguf
  javaUsed=5.2MB javaTotal=64.0MB javaMax=256.0MB nativeHeap=6.7MB nativeHeapFree=1.8MB nativeHeapSize=13.1MB
  pssTotal=11.6MB privateDirty=5.8MB sharedDirty=52.7MB nativePss=2.4MB dalvikPss=1.5MB otherPss=7.8MB
  systemAvail=16.3GB systemThreshold=216.0MB lowMemory=false trimLevel=0 importance=125 fdCount=115
  procStatus VmRSS=125116 kB VmHWM=125116 kB VmSize=17026008 kB VmSwap=3136 kB Threads=17 FDSize=128
2026-05-30 18:19:32.749 pid=30062 [runtime-memory] After model load cleanup model=gemma-4-E2B-it-Q4_K_M.gguf
  javaUsed=2.1MB javaTotal=10.0MB javaMax=256.0MB nativeHeap=6.7MB nativeHeapFree=1.9MB nativeHeapSize=13.1MB
  pssTotal=11.0MB privateDirty=5.2MB sharedDirty=52.6MB nativePss=2.5MB dalvikPss=754.0KB otherPss=7.8MB
  systemAvail=16.3GB systemThreshold=216.0MB lowMemory=false trimLevel=0 importance=125 fdCount=114
  procStatus VmRSS=124700 kB VmHWM=126012 kB VmSize=16756948 kB VmSwap=2708 kB Threads=17 FDSize=128
2026-05-30 18:19:36.553 pid=30062 [model-load-complete] config=Gemma−4:2B model=gemma-4-E2B-it-Q4_K_M.gguf mmproj=(none)
  javaUsed=2.2MB javaTotal=10.0MB javaMax=256.0MB nativeHeap=3.3GB nativeHeapFree=2.6MB nativeHeapSize=3.3GB
  pssTotal=3.2GB privateDirty=3.2GB sharedDirty=52.5MB nativePss=3.2GB dalvikPss=836.0KB otherPss=9.2MB
  systemAvail=13.4GB systemThreshold=216.0MB lowMemory=false trimLevel=0 importance=125 fdCount=114
  procStatus VmRSS=3519100 kB VmHWM=3525004 kB VmSize=20215088 kB VmSwap=2708 kB Threads=16 FDSize=128
2026-05-30 18:19:39.047 pid=30062 [model-load] Loading configuration: Gemma−4
2026-05-30 18:19:39.575 pid=30062 [runtime-memory] Before model load model=gemma-4-E4B-it-Q4_K_M.gguf
  javaUsed=3.5MB javaTotal=10.0MB javaMax=256.0MB nativeHeap=6.7MB nativeHeapFree=70.8MB nativeHeapSize=82.1MB
  pssTotal=17.2MB privateDirty=10.5MB sharedDirty=52.5MB nativePss=6.2MB dalvikPss=1.8MB otherPss=9.2MB
  systemAvail=16.5GB systemThreshold=216.0MB lowMemory=false trimLevel=0 importance=125 fdCount=114
  procStatus VmRSS=130928 kB VmHWM=3525004 kB VmSize=16880324 kB VmSwap=2708 kB Threads=16 FDSize=128
2026-05-30 18:19:39.612 pid=30062 [runtime-memory] After model load cleanup model=gemma-4-E4B-it-Q4_K_M.gguf
  javaUsed=2.1MB javaTotal=10.0MB javaMax=256.0MB nativeHeap=6.7MB nativeHeapFree=70.9MB nativeHeapSize=82.1MB
  pssTotal=16.2MB privateDirty=9.4MB sharedDirty=52.5MB nativePss=6.2MB dalvikPss=761.0KB otherPss=9.2MB
  systemAvail=16.5GB systemThreshold=216.0MB lowMemory=false trimLevel=0 importance=125 fdCount=114
  procStatus VmRSS=129988 kB VmHWM=3525004 kB VmSize=16880324 kB VmSwap=2708 kB Threads=16 FDSize=128
2026-05-30 18:19:42.142 pid=30062 [model-load-complete] config=Gemma−4 model=gemma-4-E4B-it-Q4_K_M.gguf mmproj=mmproj-F16.gguf
  javaUsed=2.2MB javaTotal=10.0MB javaMax=256.0MB nativeHeap=1.8GB nativeHeapFree=6.3MB nativeHeapSize=1.8GB
  pssTotal=5.8GB privateDirty=1.1GB sharedDirty=52.5MB nativePss=1.1GB dalvikPss=837.0KB otherPss=4.6GB
  systemAvail=15.4GB systemThreshold=216.0MB lowMemory=false trimLevel=0 importance=125 fdCount=114
  procStatus VmRSS=6165816 kB VmHWM=6187300 kB VmSize=23552680 kB VmSwap=2708 kB Threads=16 FDSize=128
2026-05-30 18:20:04.644 pid=30062 [model-load] Loading configuration: Gemma−4:2B
2026-05-30 18:20:05.193 pid=30062 [runtime-memory] Before model load model=gemma-4-E2B-it-Q4_K_M.gguf
  javaUsed=3.1MB javaTotal=10.0MB javaMax=256.0MB nativeHeap=6.7MB nativeHeapFree=71.2MB nativeHeapSize=82.3MB
  pssTotal=17.1MB privateDirty=10.3MB sharedDirty=52.5MB nativePss=6.3MB dalvikPss=1.5MB otherPss=9.3MB
  systemAvail=16.2GB systemThreshold=216.0MB lowMemory=false trimLevel=0 importance=125 fdCount=114
  procStatus VmRSS=130676 kB VmHWM=6187300 kB VmSize=16933172 kB VmSwap=2708 kB Threads=16 FDSize=128
2026-05-30 18:20:05.230 pid=30062 [runtime-memory] After model load cleanup model=gemma-4-E2B-it-Q4_K_M.gguf
  javaUsed=2.1MB javaTotal=10.0MB javaMax=256.0MB nativeHeap=6.7MB nativeHeapFree=71.3MB nativeHeapSize=82.3MB
  pssTotal=16.3MB privateDirty=9.6MB sharedDirty=52.5MB nativePss=6.3MB dalvikPss=754.0KB otherPss=9.3MB
  systemAvail=16.2GB systemThreshold=216.0MB lowMemory=false trimLevel=0 importance=125 fdCount=114
  procStatus VmRSS=129908 kB VmHWM=6187300 kB VmSize=16933172 kB VmSwap=2708 kB Threads=16 FDSize=128
2026-05-30 18:20:08.392 pid=30062 [model-load-complete] config=Gemma−4:2B model=gemma-4-E2B-it-Q4_K_M.gguf mmproj=(none)
  javaUsed=2.2MB javaTotal=10.0MB javaMax=256.0MB nativeHeap=3.3GB nativeHeapFree=6.7MB nativeHeapSize=3.3GB
  pssTotal=3.3GB privateDirty=3.2GB sharedDirty=52.5MB nativePss=3.2GB dalvikPss=830.0KB otherPss=9.3MB
  systemAvail=13.1GB systemThreshold=216.0MB lowMemory=false trimLevel=0 importance=125 fdCount=114
  procStatus VmRSS=3522960 kB VmHWM=6187300 kB VmSize=20267936 kB VmSwap=2708 kB Threads=16 FDSize=128
2026-05-30 18:20:39.754 pid=30062 [model-load] Loading configuration: Gemma−4
2026-05-30 18:20:40.312 pid=30062 [runtime-memory] Before model load model=gemma-4-E4B-it-Q4_K_M.gguf
  javaUsed=5.1MB javaTotal=11.9MB javaMax=256.0MB nativeHeap=19.8MB nativeHeapFree=74.4MB nativeHeapSize=97.6MB
  pssTotal=39.8MB privateDirty=31.2MB sharedDirty=51.8MB nativePss=22.9MB dalvikPss=3.4MB otherPss=13.5MB
  systemAvail=16.1GB systemThreshold=216.0MB lowMemory=false trimLevel=0 importance=125 fdCount=157
  procStatus VmRSS=194748 kB VmHWM=6187300 kB VmSize=17247076 kB VmSwap=2708 kB Threads=32 FDSize=512
2026-05-30 18:20:40.368 pid=30062 [runtime-memory] After model load cleanup model=gemma-4-E4B-it-Q4_K_M.gguf
  javaUsed=3.6MB javaTotal=11.5MB javaMax=256.0MB nativeHeap=19.6MB nativeHeapFree=74.6MB nativeHeapSize=97.6MB
  pssTotal=38.8MB privateDirty=30.2MB sharedDirty=51.8MB nativePss=22.9MB dalvikPss=2.4MB otherPss=13.5MB
  systemAvail=16.1GB systemThreshold=216.0MB lowMemory=false trimLevel=0 importance=125 fdCount=157
  procStatus VmRSS=193776 kB VmHWM=6187300 kB VmSize=17247076 kB VmSwap=2708 kB Threads=32 FDSize=512
2026-05-30 18:20:42.798 pid=30062 [model-load-complete] config=Gemma−4 model=gemma-4-E4B-it-Q4_K_M.gguf mmproj=mmproj-F16.gguf
  javaUsed=3.7MB javaTotal=11.5MB javaMax=256.0MB nativeHeap=1.8GB nativeHeapFree=9.9MB nativeHeapSize=1.9GB
  pssTotal=5.8GB privateDirty=1.2GB sharedDirty=51.8MB nativePss=1.2GB dalvikPss=2.4MB otherPss=4.6GB
  systemAvail=15.0GB systemThreshold=216.0MB lowMemory=false trimLevel=0 importance=125 fdCount=157
  procStatus VmRSS=6246356 kB VmHWM=6249320 kB VmSize=23867312 kB VmSwap=2708 kB Threads=32 FDSize=512
2026-05-30 18:20:48.378 pid=30062 [model-load] Loading configuration: Gemma−4:2B
2026-05-30 18:20:48.936 pid=30062 [runtime-memory] Before model load model=gemma-4-E2B-it-Q4_K_M.gguf
  javaUsed=4.0MB javaTotal=11.5MB javaMax=256.0MB nativeHeap=19.6MB nativeHeapFree=74.8MB nativeHeapSize=97.8MB
  pssTotal=39.0MB privateDirty=30.4MB sharedDirty=51.8MB nativePss=22.8MB dalvikPss=2.7MB otherPss=13.5MB
  systemAvail=16.1GB systemThreshold=216.0MB lowMemory=false trimLevel=0 importance=125 fdCount=157
  procStatus VmRSS=193828 kB VmHWM=6249320 kB VmSize=17247804 kB VmSwap=2708 kB Threads=32 FDSize=512
2026-05-30 18:20:48.992 pid=30062 [runtime-memory] After model load cleanup model=gemma-4-E2B-it-Q4_K_M.gguf
  javaUsed=3.6MB javaTotal=11.5MB javaMax=256.0MB nativeHeap=19.6MB nativeHeapFree=74.8MB nativeHeapSize=97.8MB
  pssTotal=38.7MB privateDirty=30.2MB sharedDirty=51.8MB nativePss=22.9MB dalvikPss=2.4MB otherPss=13.5MB
  systemAvail=16.1GB systemThreshold=216.0MB lowMemory=false trimLevel=0 importance=125 fdCount=157
  procStatus VmRSS=193620 kB VmHWM=6249320 kB VmSize=17247804 kB VmSwap=2708 kB Threads=32 FDSize=512
2026-05-30 18:20:51.653 pid=30062 [model-load-complete] config=Gemma−4:2B model=gemma-4-E2B-it-Q4_K_M.gguf mmproj=mmproj-BF16.gguf
  javaUsed=3.7MB javaTotal=11.5MB javaMax=256.0MB nativeHeap=1.8GB nativeHeapFree=10.0MB nativeHeapSize=1.8GB
  pssTotal=4.0GB privateDirty=1.1GB sharedDirty=51.8MB nativePss=1.1GB dalvikPss=2.4MB otherPss=2.9GB
  systemAvail=15.1GB systemThreshold=216.0MB lowMemory=false trimLevel=0 importance=125 fdCount=157
  procStatus VmRSS=4320052 kB VmHWM=6249320 kB VmSize=21905884 kB VmSwap=2708 kB Threads=32 FDSize=512
